system:index,LST,NDBI,NDVI,NDWI,QA_PIXEL,QA_RADSAT,SR_B1,SR_B2,SR_B3,SR_B4,SR_B5,SR_B6,SR_B7,SR_QA_AEROSOL,ST_ATRAN,ST_B10,ST_CDIST,ST_DRAD,ST_EMIS,ST_EMSD,ST_QA,ST_TRAD,ST_URAD,.geo,longitude,latitude
0,49.324769059999994,0.0448342419830009,0.1072858600926434,-0.1294998598486365,21824.0,0.0,9129.0,9589.5,10869.5,11370.5,14103.5,15427.5,13632.5,224.0,6182.0,50753.0,522.0,1518.5,9689.5,92.0,255.0,10817.5,3193.5,"{""type"":""Point"",""coordinates"":[81.55977604105284,21.269196751530252]}",81.55977604105284,21.269196751530252
1,56.79485177000004,0.0459843650038229,0.1089547095206137,-0.1500047023417662,21824.0,0.0,8906.5,9691.0,11297.5,12281.5,15285.0,16758.5,14503.0,224.0,6360.5,52938.5,13969.0,1466.0,9675.0,103.0,237.0,11968.0,3062.5,"{""type"":""Point"",""coordinates"":[81.69618453617969,21.134941687345407]}",81.69618453617969,21.134941687345407
2,50.91927539000005,0.1025445431264643,0.114750769855504,-0.1589297964783901,21824.0,0.0,9655.0,10283.5,11953.5,13080.0,16471.0,20235.0,17653.0,224.0,6199.5,51219.5,5430.0,1508.5,9641.0,267.0,347.0,11242.5,3171.5,"{""type"":""Point"",""coordinates"":[81.75392353985801,21.210472825941075]}",81.75392353985801,21.210472825941075
3,46.13233838000002,-0.0089443928782381,0.0983327975014926,-0.08502722323049,21824.0,0.0,8347.0,8804.0,10083.0,9816.0,11957.0,11745.0,10821.0,224.0,6036.0,49819.0,399.0,1556.0,9560.0,313.0,339.0,10597.0,3291.0,"{""type"":""Point"",""coordinates"":[81.67476210475844,21.35700439104129]}",81.67476210475844,21.35700439104129
4,49.42560064999998,0.0288125159527348,0.1674969316294852,-0.1856441088056309,21824.0,0.0,9012.0,9606.0,11107.0,11531.0,16171.0,17130.5,14153.0,224.0,5891.0,50782.5,5632.0,1598.5,9665.5,120.0,306.0,10956.5,3398.0,"{""type"":""Point"",""coordinates"":[81.62239483710252,21.17955774880615]}",81.62239483710252,21.17955774880615
5,46.33571057000006,0.0351803258680661,0.1298661854822861,-0.1585330109181505,21824.0,0.0,9310.0,9923.0,11483.5,12176.0,15810.5,16963.5,14846.5,224.0,5980.0,49878.5,453.0,1573.0,9646.0,71.0,247.5,10386.5,3333.0,"{""type"":""Point"",""coordinates"":[81.53308889213983,21.188521011583017]}",81.53308889213983,21.188521011583017
6,47.84134838,0.0167092346985875,0.0808050059191611,-0.1177612592916484,21824.0,0.0,9667.0,10739.0,12610.5,13588.0,15977.0,16520.0,15213.0,224.0,5903.0,50319.0,5375.5,1592.0,9649.0,74.0,293.5,10792.5,3385.0,"{""type"":""Point"",""coordinates"":[81.66794781294135,21.2233594351182]}",81.66794781294135,21.2233594351182
7,54.21082865000005,0.0327644096250699,0.1506315842029058,-0.1865517951534289,21824.0,0.0,9254.0,10116.0,11849.5,12759.0,17284.5,18455.5,15381.5,224.0,6364.5,52182.5,13957.5,1464.5,9635.5,80.0,230.0,11658.5,3059.5,"{""type"":""Point"",""coordinates"":[81.69952445805554,21.16333739403464]}",81.69952445805554,21.16333739403464
8,45.084715250000045,0.0033017760738596,0.1603935143013299,-0.1820796911827478,21824.0,0.0,9116.0,9708.5,11018.0,11521.5,15923.5,16029.0,13510.0,224.0,6188.0,49512.5,210.0,1519.0,9584.0,287.0,481.0,10456.5,3193.5,"{""type"":""Point"",""coordinates"":[81.59752024021799,21.354890232804618]}",81.59752024021799,21.354890232804618
9,47.918253830000026,-0.0053506677279561,0.1142423054303077,-0.0932916566482327,21824.0,0.0,8047.5,8382.0,9427.5,9036.5,11367.5,11246.5,9988.0,224.0,6185.0,50341.5,398.0,1518.5,9620.5,234.0,330.5,10737.5,3193.5,"{""type"":""Point"",""coordinates"":[81.5835095054026,21.3171738056189]}",81.5835095054026,21.3171738056189
10,48.54887852000002,0.0042872651664305,0.0667902062058904,-0.1028144042063217,21824.0,0.0,8916.0,9544.0,11006.0,11834.5,13528.5,13645.0,12708.0,224.0,6184.5,50526.0,547.5,1517.5,9643.5,114.0,262.5,10750.0,3191.5,"{""type"":""Point"",""coordinates"":[81.56135068878636,21.27203717983809]}",81.56135068878636,21.27203717983809
11,43.06979246000003,0.0251762979035706,0.1132976203491126,-0.1265995500977246,21824.0,0.0,9628.0,10137.0,11842.0,12166.0,15275.0,16064.0,14915.0,224.0,6001.0,48923.0,141.0,1566.0,9628.0,105.0,362.0,10074.0,3316.0,"{""type"":""Point"",""coordinates"":[81.6173989066717,21.232029709493712]}",81.6173989066717,21.232029709493712
12,45.91016708000001,0.00307649279821,0.1686885245901639,-0.16249490419894,21824.0,0.0,8768.0,9057.0,10272.0,10142.0,14258.0,14346.0,11940.0,224.0,6000.0,49754.0,502.0,1569.0,9651.0,120.0,268.0,10578.0,3321.0,"{""type"":""Point"",""coordinates"":[81.58804792426109,21.28782164167426]}",81.58804792426109,21.28782164167426
13,46.59377108000001,-0.0190024551844751,0.1603094362745098,-0.1604427592018078,21824.0,0.0,9113.0,9517.0,10960.0,10963.0,15149.0,14584.0,12854.0,224.0,6016.0,49954.0,472.0,1565.0,9633.0,149.0,275.0,10440.0,3312.0,"{""type"":""Point"",""coordinates"":[81.62616814042134,21.370805456129016]}",81.62616814042134,21.370805456129016
14,49.03423736000002,0.0391190795510693,0.1612242808885249,-0.1938958077530257,21824.0,0.0,9112.0,9802.0,11489.0,12291.0,17016.0,18401.5,15237.5,224.0,6200.0,50668.0,5398.5,1508.0,9682.0,64.0,300.5,11081.5,3171.5,"{""type"":""Point"",""coordinates"":[81.76231136034916,21.212135304512838]}",81.76231136034916,21.212135304512838
15,49.321351040000025,0.0116550116550116,0.1359788770676399,-0.1529458128078817,21824.0,0.0,8981.0,9463.0,10747.0,11126.0,14628.0,14973.0,13665.0,224.0,5979.0,50752.0,558.0,1575.0,9649.0,85.0,261.0,10732.0,3336.0,"{""type"":""Point"",""coordinates"":[81.51502265401624,21.22260423668957]}",81.51502265401624,21.22260423668957
16,52.39756904000001,0.0986216596343178,0.1021152192605331,-0.1489834701853777,21824.0,0.0,9697.0,10307.0,11867.0,13053.0,16022.0,19528.0,16982.0,224.0,5979.0,51652.0,281.0,1573.0,9564.0,226.0,328.0,10866.0,3333.0,"{""type"":""Point"",""coordinates"":[81.5492523671743,21.16293698579844]}",81.5492523671743,21.16293698579844
17,56.67009403999998,0.0766895141895142,0.0963446848004569,-0.142511717878134,21824.0,0.0,9281.5,10023.5,11525.5,12657.5,15356.5,17907.5,15986.5,209.0,6358.0,52902.0,13987.0,1467.5,9816.0,38.0,225.0,12071.5,3066.5,"{""type"":""Point"",""coordinates"":[81.68389272340634,21.142711467422593]}",81.68389272340634,21.142711467422593
18,48.10111790000002,0.0405931883875832,0.1218015833654782,-0.1586196429587752,21824.0,0.0,9136.5,9635.5,11087.5,11952.5,15268.0,16560.0,14731.5,224.0,6190.5,50395.0,712.5,1515.0,9711.0,153.0,274.0,10622.5,3185.5,"{""type"":""Point"",""coordinates"":[81.50878406667968,21.306218017163733]}",81.50878406667968,21.306218017163733
19,48.964167950000046,0.066017365737125,0.1008429146436113,-0.1329271464130475,21824.0,0.0,9390.5,10080.5,11669.5,12454.0,15247.5,17403.0,16112.5,224.0,6207.0,50647.5,5391.5,1505.5,9714.0,89.0,261.5,11098.0,3165.0,"{""type"":""Point"",""coordinates"":[81.76952276530275,21.228965965768907]}",81.76952276530275,21.228965965768907
20,52.007914760000006,0.0149656526005888,0.0511159107271418,-0.0672987461787249,21824.0,0.0,8774.5,9297.0,10526.0,10873.5,12045.0,12411.0,12056.0,224.0,6191.5,51538.0,4978.0,1516.5,9695.0,168.0,268.0,11385.0,3189.0,"{""type"":""Point"",""coordinates"":[81.62768752199513,21.33224784486423]}",81.62768752199513,21.33224784486423
21,55.289213959999984,0.0706144216548901,0.1124939649160452,-0.1565015335997769,21824.0,0.0,8921.0,9649.5,11344.0,12408.0,15553.5,17917.0,15400.0,224.0,6369.5,52498.0,13961.5,1462.5,9661.5,88.0,232.0,11799.0,3055.5,"{""type"":""Point"",""coordinates"":[81.69483272355065,21.183309663053485]}",81.69483272355065,21.183309663053485
22,39.169831639999984,-0.0157363908144157,0.1546476453672928,-0.1578474328727109,21824.0,0.0,9074.0,9624.0,11244.0,11318.0,15459.0,14980.0,13150.0,224.0,6009.0,47782.0,130.0,1563.0,9680.0,110.0,358.0,9855.0,3309.0,"{""type"":""Point"",""coordinates"":[81.62044986522375,21.243725275051894]}",81.62044986522375,21.243725275051894
23,48.59331278000002,0.0126708313928278,0.0863918290894311,-0.113626895140109,21824.0,0.0,9490.0,10448.0,12233.5,12925.5,15370.0,15764.5,14323.0,224.0,5899.5,50539.0,5443.5,1595.0,9684.0,100.0,276.5,10889.0,3390.0,"{""type"":""Point"",""coordinates"":[81.60657469312986,21.224237379756243]}",81.60657469312986,21.224237379756243
24,55.08242375000003,0.0286787895054686,0.1485654436968389,-0.2057172366689433,21824.0,0.0,9155.0,10090.0,11920.0,13413.5,18094.5,19163.0,15521.5,224.0,6357.5,52437.5,13979.5,1468.0,9712.5,83.0,231.0,11813.0,3067.0,"{""type"":""Point"",""coordinates"":[81.68777790831668,21.148511878534357]}",81.68777790831668,21.148511878534357
25,53.839973480000026,0.0451989503561291,0.1287391978728118,-0.1782315622521808,21824.0,0.0,10111.0,10850.0,12435.0,13762.0,17829.0,19517.0,17150.0,160.0,6371.0,52074.0,9906.0,1466.0,9603.0,150.0,248.0,11605.0,3062.0,"{""type"":""Point"",""coordinates"":[81.64758412435408,21.289080119482048]}",81.64758412435408,21.289080119482048
26,51.54648206000002,0.0070448646644419,0.0420683989796359,-0.054284589475526,21824.0,0.0,8469.0,9226.0,10810.0,11078.0,12051.0,12222.0,10992.0,224.0,6371.0,51403.0,10602.0,1463.0,9647.0,76.0,227.0,11388.0,3056.0,"{""type"":""Point"",""coordinates"":[81.743397380844,21.221942749948493]}",81.743397380844,21.221942749948493
27,50.14851188,0.0318087878515589,0.1506629883420842,-0.1722362241845116,21824.0,0.0,9204.5,9904.0,11413.0,11930.0,16162.5,17224.5,14473.0,224.0,6207.5,50994.0,4935.0,1509.5,9662.0,45.0,243.0,11177.5,3173.0,"{""type"":""Point"",""coordinates"":[81.7270177316661,21.31983587228669]}",81.7270177316661,21.31983587228669
28,44.10203450000006,0.0098835056538209,0.1952276165589327,-0.1994755184431179,21824.0,0.0,9303.0,9993.0,11600.0,11703.0,17381.0,17728.0,14410.0,224.0,5987.0,49225.0,92.0,1573.0,9686.0,100.0,388.0,10194.0,3330.0,"{""type"":""Point"",""coordinates"":[81.60352533135247,21.211424516600932]}",81.60352533135247,21.211424516600932
29,47.882364619999976,0.0124903769108705,0.1131103122177555,-0.1349994582686265,21824.0,0.0,9459.5,10243.0,11975.5,12520.0,15713.5,16111.0,14747.0,224.0,5901.5,50331.0,5414.0,1593.5,9661.0,94.0,307.5,10801.5,3387.5,"{""type"":""Point"",""coordinates"":[81.62474657849702,21.21633222974473]}",81.62474657849702,21.21633222974473
30,42.104201810000006,-0.0402897946419264,0.0169672882910424,-0.0036709242683294,21952.0,0.0,8154.5,8747.0,9906.5,9646.5,9979.5,9206.5,8727.0,224.0,6200.0,48640.5,4967.0,1512.0,9763.5,53.0,241.0,10434.0,3178.5,"{""type"":""Point"",""coordinates"":[81.63471401249488,21.321037353659055]}",81.63471401249488,21.321037353659055
31,46.742454950000024,0.0242181446494221,0.08907575395146,-0.1087217143713472,21824.0,0.0,9418.0,10197.0,11895.0,12376.5,14797.0,15531.5,14436.0,224.0,5913.0,49997.5,5391.0,1588.0,9693.0,56.0,294.0,10709.5,3374.0,"{""type"":""Point"",""coordinates"":[81.63982058366474,21.22183514007991]}",81.63982058366474,21.22183514007991
32,48.63603803000001,0.0144024662417109,0.0915621943629412,-0.1140674059420316,21824.0,0.0,9575.0,10484.5,12203.5,12771.5,15346.0,15794.5,15283.0,224.0,6200.0,50551.5,4954.5,1512.5,9661.0,68.0,244.0,11018.5,3180.0,"{""type"":""Point"",""coordinates"":[81.67958174502482,21.322206302587553]}",81.67958174502482,21.322206302587553
33,51.75498128000004,0.0583877872915727,0.151423306755756,-0.1790784206535348,21824.0,0.0,9414.5,10082.0,11638.0,12319.0,16715.5,18788.5,15705.5,177.0,5889.0,51464.0,5898.0,1599.0,9701.0,74.0,317.0,11215.5,3399.5,"{""type"":""Point"",""coordinates"":[81.57354978624073,21.13065807661928]}",81.57354978624073,21.13065807661928
34,47.070584870000005,-0.0387189375205353,0.1530531933273184,-0.1611668503160702,21824.0,0.0,8901.0,9532.5,10848.0,11030.0,15016.5,13897.0,12152.5,224.0,6193.0,50093.5,4950.0,1514.5,9655.0,99.0,394.0,10859.5,3184.5,"{""type"":""Point"",""coordinates"":[81.645867366018,21.29149315254877]}",81.645867366018,21.29149315254877
35,43.438938620000044,-0.033879781420765,0.1418225709112854,-0.1563466900951144,21824.0,0.0,8857.0,9577.0,11043.0,11376.0,15136.0,14144.0,12594.0,224.0,6016.0,49031.0,135.0,1563.0,9683.0,71.0,349.0,10186.0,3308.0,"{""type"":""Point"",""coordinates"":[81.69673281856093,21.28672049002068]}",81.69673281856093,21.28672049002068
36,40.26018002000001,-0.0404211545443543,0.197770811563915,-0.1961875608737999,21824.0,0.0,9034.0,9338.0,11554.0,11516.0,17194.0,15858.0,12646.0,194.0,5971.0,48101.0,41.0,1577.0,9738.0,84.0,458.0,9897.0,3341.0,"{""type"":""Point"",""coordinates"":[81.57522134223748,21.13299753403238]}",81.57522134223748,21.13299753403238
37,45.67774172000003,0.0309631934961415,0.1470134947186407,-0.1528202803279308,21824.0,0.0,9002.0,9576.0,11212.0,11346.0,15257.0,16232.0,13773.0,224.0,6023.0,49686.0,308.0,1561.0,9726.0,77.0,268.0,10490.0,3303.0,"{""type"":""Point"",""coordinates"":[81.70269550029796,21.301561762814107]}",81.70269550029796,21.301561762814107
38,43.60983962,-0.0269392851568596,0.2158326557764801,-0.2088186661767407,21824.0,0.0,8618.0,9130.0,10766.0,10609.0,16449.0,15586.0,12633.0,224.0,6007.0,49081.0,204.0,1567.0,9677.0,43.0,262.0,10277.0,3315.0,"{""type"":""Point"",""coordinates"":[81.5640580984415,21.35243111145729]}",81.5640580984415,21.35243111145729
39,46.246842050000055,-0.0163667751145342,0.1871570661341295,-0.188562776613091,21824.0,0.0,8755.5,9239.0,10450.5,10481.0,15307.5,14814.5,12198.5,224.0,6190.5,49852.5,4963.0,1516.5,9700.0,70.0,265.0,10808.5,3189.5,"{""type"":""Point"",""coordinates"":[81.67690804636564,21.3053908734753]}",81.67690804636564,21.3053908734753
40,47.75589788000002,0.0243129280181823,0.1566222348269994,-0.1747803543136972,21824.0,0.0,9131.0,9780.0,11459.0,11895.0,16313.0,17126.0,14918.0,224.0,6026.0,50294.0,339.0,1560.0,9613.0,97.0,270.0,10466.0,3300.0,"{""type"":""Point"",""coordinates"":[81.71411670335863,21.30010589776973]}",81.71411670335863,21.30010589776973
41,43.74826943000005,-0.0861272393771807,0.285213048941691,-0.2799076888072679,21824.0,0.0,8861.5,9402.5,11077.0,10950.0,19688.5,16566.0,12971.5,224.0,5888.0,49121.5,5618.5,1600.0,9605.0,177.0,369.0,10391.5,3402.0,"{""type"":""Point"",""coordinates"":[81.60586455443652,21.17589111048258]}",81.60586455443652,21.17589111048258
42,48.84453725000003,0.0488343199590733,0.1401689035287521,-0.1708800403044424,21824.0,0.0,9334.5,10069.5,11520.0,12268.5,16268.5,17939.0,15434.0,209.0,6198.5,50612.5,5184.0,1510.5,9701.0,53.0,351.0,11072.5,3176.5,"{""type"":""Point"",""coordinates"":[81.74319891013381,21.245985274572163]}",81.74319891013381,21.245985274572163
43,50.603108539999994,0.0746770025839793,0.0894018329086968,-0.125481260312721,21824.0,0.0,9186.0,9775.0,11130.0,11973.0,14324.0,16636.0,14885.0,224.0,6035.0,51127.0,270.0,1558.0,9704.0,109.0,288.0,10889.0,3295.0,"{""type"":""Point"",""coordinates"":[81.74234541126138,21.331520629806146]}",81.74234541126138,21.331520629806146
44,47.71146362000002,0.0455609900696605,0.1571192409976281,-0.1757960853052877,21824.0,0.0,9195.0,9763.0,11285.0,11727.0,16099.0,17636.0,14564.0,224.0,5981.0,50281.0,268.0,1574.0,9704.0,97.0,292.0,10521.0,3334.0,"{""type"":""Point"",""coordinates"":[81.5642579364718,21.19199970955608]}",81.5642579364718,21.19199970955608
45,50.56209230000002,0.0925028963861476,0.1479271134967158,-0.1811063675174856,21824.0,0.0,9225.5,9840.5,11269.0,12064.5,16253.5,19567.0,15928.0,209.0,6196.5,51115.0,5522.0,1508.5,9678.0,50.0,327.0,11231.5,3172.5,"{""type"":""Point"",""coordinates"":[81.75065054084376,21.185962328137922]}",81.75065054084376,21.185962328137922
46,45.52393082000003,-0.0185994511637361,0.1793825756089907,-0.1763831285703106,21824.0,0.0,8706.0,9177.0,10525.0,10460.0,15033.0,14484.0,12163.0,224.0,6007.0,49641.0,397.0,1567.0,9640.0,134.0,362.0,10291.0,3317.0,"{""type"":""Point"",""coordinates"":[81.59615969852105,21.340004879846283]}",81.59615969852105,21.340004879846283
47,39.781657220000056,-0.0658608612045876,0.2067960032658139,-0.1895454893845328,21824.0,0.0,8621.0,9031.0,10574.0,10201.0,15520.0,13602.0,11940.0,224.0,5981.0,47961.0,203.0,1575.0,9667.0,75.0,327.0,9819.0,3336.0,"{""type"":""Point"",""coordinates"":[81.59094045771235,21.21537093819606]}",81.59094045771235,21.21537093819606
48,43.53464317999999,-0.0613159645621038,0.1996041955274094,-0.1848782204151843,21824.0,0.0,8593.0,8973.0,10425.0,10111.0,15154.0,13403.0,11049.0,224.0,6010.0,49059.0,578.0,1567.0,9607.0,114.0,262.0,10234.0,3317.0,"{""type"":""Point"",""coordinates"":[81.63791401188605,21.341435690454578]}",81.63791401188605,21.341435690454578
49,52.86925580000002,-0.0309091175307846,0.2228069261362649,-0.2354664935338398,21824.0,0.0,8600.0,9328.5,10892.5,11187.5,17602.0,16546.5,13135.0,224.0,6353.0,51790.0,14054.0,1470.0,9708.0,99.0,233.0,11569.0,3072.5,"{""type"":""Point"",""coordinates"":[81.65051861658611,21.12152675859688]}",81.65051861658611,21.12152675859688
50,46.029797780000024,0.0353951691935204,0.1480223662996123,-0.1708767755930305,21824.0,0.0,9442.0,10141.0,11849.0,12418.0,16733.0,17961.0,15493.0,224.0,6034.0,49789.0,348.0,1557.0,9648.0,83.0,267.0,10360.0,3293.0,"{""type"":""Point"",""coordinates"":[81.72128495532694,21.320603565336867]}",81.72128495532694,21.320603565336867
51,46.22462492,0.0354140969723172,0.173641947611901,-0.2090917785074436,21824.0,0.0,9679.0,10544.5,12405.0,13352.5,18964.0,20356.5,16622.0,177.0,5889.5,49846.0,5851.5,1598.0,9612.5,121.0,451.5,10657.5,3398.5,"{""type"":""Point"",""coordinates"":[81.5974447850707,21.13113947482513]}",81.5974447850707,21.13113947482513
52,49.00005715999998,0.0334259657912247,0.0897817788663092,-0.1057627725786952,21824.0,0.0,8500.5,8934.0,9985.5,10313.0,12347.5,13201.5,12186.5,224.0,6207.0,50658.0,4856.5,1510.0,9624.0,124.0,254.5,11032.0,3173.5,"{""type"":""Point"",""coordinates"":[81.68763534261358,21.34186816042803]}",81.68763534261358,21.34186816042803
53,45.718757960000005,0.021317173705743,0.1333309585722936,-0.1687605613107045,21824.0,0.0,9188.0,9773.0,11314.0,12165.0,15908.0,16601.0,15590.0,224.0,5970.0,49698.0,435.0,1578.0,9630.0,63.0,262.0,10577.0,3343.0,"{""type"":""Point"",""coordinates"":[81.52116410322995,21.183521658633147]}",81.52116410322995,21.183521658633147
54,38.985258560000034,-0.0910046606160423,0.2523732904263878,-0.2246391063210478,21824.0,0.0,8236.0,8665.0,9856.0,9293.0,15567.0,12970.0,10561.0,224.0,6003.0,47728.0,354.0,1569.0,9629.0,301.0,319.0,9835.0,3320.0,"{""type"":""Point"",""coordinates"":[81.58161133023103,21.333441526817097]}",81.58161133023103,21.333441526817097
55,48.557423570000026,-0.0278908440108332,0.1377381975001314,-0.1539624117636599,21824.0,0.0,9254.5,10186.0,11895.5,12296.5,16225.0,15344.5,13536.5,209.0,5901.5,50528.5,5398.0,1593.5,9627.0,135.0,313.0,10839.5,3387.0,"{""type"":""Point"",""coordinates"":[81.63011657304378,21.219776645514816]}",81.63011657304378,21.219776645514816
56,43.445774659999984,0.0106504250398983,0.1317858340474682,-0.1356363092567668,21824.0,0.0,9183.0,9888.0,11560.0,11651.0,15188.0,15515.0,14290.0,224.0,6012.0,49033.0,97.0,1565.0,9699.0,79.0,369.0,10225.0,3313.0,"{""type"":""Point"",""coordinates"":[81.69767749574343,21.283248140760517]}",81.69767749574343,21.283248140760517
57,50.58772744999999,0.0482690906787445,0.1180191241582021,-0.1535124760076775,21824.0,0.0,9060.0,9657.5,11025.5,11852.5,15024.5,16548.5,14386.5,224.0,6184.5,51122.5,736.5,1517.0,9687.5,127.0,251.0,10769.0,3190.5,"{""type"":""Point"",""coordinates"":[81.49733039601486,21.28475190619578]}",81.49733039601486,21.28475190619578
58,46.292985320000014,0.021569899448589,0.0480781758957654,-0.0675986551052911,21824.0,0.0,8735.0,9388.0,10538.0,10959.0,12066.0,12598.0,12074.0,224.0,6026.0,49866.0,483.0,1561.0,9701.0,109.0,266.0,10705.0,3302.0,"{""type"":""Point"",""coordinates"":[81.64803512356744,21.38016305504869]}",81.64803512356744,21.38016305504869
59,41.15911928000003,-0.0081026536943883,0.2088420140143032,-0.2036251168812486,21824.0,0.0,8956.0,9585.0,11072.0,10952.0,16734.0,16465.0,13715.0,224.0,6008.0,48364.0,73.0,1566.0,9687.0,109.0,384.0,10200.0,3315.0,"{""type"":""Point"",""coordinates"":[81.68515484145648,21.271933303889654]}",81.68515484145648,21.271933303889654
60,59.93430314,0.0764336637600477,0.0955341048836778,-0.1454135550232492,21824.0,0.0,9856.0,10467.5,12130.0,13422.5,16258.0,18949.0,17101.5,160.0,6353.5,53857.0,14104.0,1470.5,9644.0,109.0,242.0,12290.5,3072.5,"{""type"":""Point"",""coordinates"":[81.62621028117688,21.120302717922243]}",81.62621028117688,21.120302717922243
61,41.50775732,-0.028910071491283,0.1858624552780889,-0.1819327882433454,21824.0,0.0,8987.0,9625.0,11356.0,11264.0,16407.0,15485.0,13641.0,224.0,5998.0,48466.0,165.0,1568.0,9677.0,71.0,346.0,9999.0,3320.0,"{""type"":""Point"",""coordinates"":[81.61417293749344,21.232302533318705]}",81.61417293749344,21.232302533318705
62,46.37672681000004,0.0221792687721137,0.0898435360487831,-0.1156922846889952,21824.0,0.0,9560.5,10295.0,11828.5,12463.0,14923.5,15600.5,14427.0,224.0,6188.0,49890.5,5260.5,1515.5,9660.0,107.0,267.5,10788.5,3187.0,"{""type"":""Point"",""coordinates"":[81.62019006760495,21.257646709187185]}",81.62019006760495,21.257646709187185
63,55.83780617000002,0.0835869137923503,0.1040712869897735,-0.1492057695818879,21824.0,0.0,9381.5,10020.5,11649.5,12769.0,15735.5,18606.0,16437.0,192.0,6358.5,52658.5,13964.0,1467.0,9681.0,89.0,233.0,11869.0,3065.5,"{""type"":""Point"",""coordinates"":[81.69817344739769,21.14076029082981]}",81.69817344739769,21.14076029082981
64,57.75702439999998,0.0586010692245543,0.0865441847545732,-0.1169260263914666,21824.0,0.0,8720.0,9386.0,10824.5,11510.0,13691.0,15395.5,13388.0,209.0,6364.5,53220.0,13979.5,1465.5,9672.5,74.0,231.0,12077.5,3061.5,"{""type"":""Point"",""coordinates"":[81.68333276220572,21.185855270263307]}",81.68333276220572,21.185855270263307
65,53.610966140000016,-0.0267655022415553,0.1891225003855446,-0.2076010162530887,21824.0,0.0,8982.0,9733.0,11384.0,11830.5,17349.0,16444.5,13640.0,224.0,6356.5,52007.0,14087.5,1469.5,9611.5,149.0,248.0,11576.0,3070.5,"{""type"":""Point"",""coordinates"":[81.63035554462934,21.153057037659295]}",81.63035554462934,21.153057037659295
66,55.62588893000003,0.0756744199552806,0.0987762992112394,-0.147786892634995,21824.0,0.0,9514.0,10276.0,11817.0,13054.0,15915.5,18521.5,16026.0,209.0,6360.5,52596.5,14011.5,1467.0,9720.5,91.0,233.0,11881.0,3065.5,"{""type"":""Point"",""coordinates"":[81.66716431259964,21.16678978255042]}",81.66716431259964,21.16678978255042
67,44.9907197,-0.002308567712567,0.154099588169225,-0.1772388772197823,21824.0,0.0,8802.0,9473.0,10772.0,11297.0,15413.0,15342.0,12802.0,224.0,6005.0,49485.0,234.0,1567.0,9504.0,428.0,390.0,10376.0,3317.0,"{""type"":""Point"",""coordinates"":[81.56518828457801,21.345806608485322]}",81.56518828457801,21.345806608485322
68,45.335939720000056,0.0455839619595526,0.1398324394433343,-0.1708827712860769,21824.0,0.0,9288.0,9903.0,11512.5,12269.0,16258.0,17811.0,15183.5,224.0,5700.5,49586.0,289.5,1651.5,9664.0,98.0,311.5,10287.5,3532.0,"{""type"":""Point"",""coordinates"":[81.5723382606765,21.19523807945445]}",81.5723382606765,21.19523807945445
69,51.49179374000005,0.0061029235402286,0.171441135821083,-0.2140764372680513,21824.0,0.0,9546.0,10377.0,12071.0,13189.0,18647.0,18876.0,15124.0,224.0,6359.0,51387.0,11052.0,1470.0,9683.0,68.0,226.0,11410.0,3071.0,"{""type"":""Point"",""coordinates"":[81.59937252629848,21.190058247699728]}",81.59937252629848,21.190058247699728
70,47.56961579000006,0.0333664914025863,0.15565749235474,-0.1929289209238701,21824.0,0.0,9342.0,10020.5,11505.0,12424.5,17005.5,18179.5,15011.5,224.0,5891.0,50239.5,5681.5,1598.5,9615.0,146.0,321.0,10769.0,3398.0,"{""type"":""Point"",""coordinates"":[81.60129213413985,21.170118975098756]}",81.60129213413985,21.170118975098756
71,49.15899509000002,0.0427989415767146,0.1466089756490239,-0.1756512767603817,21824.0,0.0,9580.0,10174.0,11985.0,12721.5,17092.5,18621.0,15978.0,224.0,5711.5,50704.5,216.0,1645.5,9702.5,133.0,328.0,10647.0,3519.0,"{""type"":""Point"",""coordinates"":[81.56255678994589,21.153633258738388]}",81.56255678994589,21.153633258738388
72,45.05908010000002,0.004699667249837,0.1487508413509126,-0.1470251037754497,21824.0,0.0,8753.0,9216.0,10788.0,10750.0,14507.0,14644.0,12715.0,224.0,6023.0,49505.0,303.0,1561.0,9708.0,108.0,273.0,10551.0,3302.0,"{""type"":""Point"",""coordinates"":[81.70062510405502,21.301409901199197]}",81.70062510405502,21.301409901199197
73,49.42730965999999,0.0415439207284413,0.1048254838025044,-0.1390889198329023,21824.0,0.0,9192.5,9628.5,10819.5,11599.0,14315.5,15556.5,14584.0,224.0,6185.5,50783.0,743.0,1517.5,9646.5,120.0,257.0,10704.5,3190.5,"{""type"":""Point"",""coordinates"":[81.52057685028751,21.29244160353189]}",81.52057685028751,21.29244160353189
74,45.43848032000005,0.0222616166092796,0.1539854343540015,-0.160100315508454,21824.0,0.0,8570.0,9006.0,10382.0,10513.0,14340.0,14993.0,12861.0,224.0,5997.0,49616.0,527.0,1570.0,9749.0,101.0,253.0,10552.0,3324.0,"{""type"":""Point"",""coordinates"":[81.5354926274114,21.321284061528992]}",81.5354926274114,21.321284061528992
75,39.248446100000024,-0.108821026756169,0.2504086999786765,-0.2411457598419641,21824.0,0.0,8749.0,9158.0,10756.0,10546.0,17592.0,14139.0,12058.0,224.0,5975.0,47805.0,468.0,1577.0,9733.0,618.0,497.0,9918.0,3340.0,"{""type"":""Point"",""coordinates"":[81.52270096131718,21.214558807808185]}",81.52270096131718,21.214558807808185
76,49.324769059999994,0.0067280334728033,0.082992700729927,-0.1113025241554939,21824.0,0.0,9489.0,10337.0,11865.0,12563.0,14837.0,15038.0,13778.0,224.0,6372.0,50753.0,10081.0,1465.0,9716.0,75.0,225.0,11211.0,3060.0,"{""type"":""Point"",""coordinates"":[81.67062697267329,21.271402357116948]}",81.67062697267329,21.271402357116948
77,45.47266051999998,0.0375905797101449,0.1298469484637879,-0.1524754009452235,21824.0,0.0,8944.0,9573.0,10939.0,11456.0,14875.0,16037.0,14081.0,224.0,5971.0,49626.0,671.0,1578.0,9711.0,107.0,259.0,10478.0,3342.0,"{""type"":""Point"",""coordinates"":[81.50133075024883,21.207087473731647]}",81.50133075024883,21.207087473731647
78,49.71100532000003,0.0522925727945814,0.1094527363184079,-0.1395265280051099,21824.0,0.0,8898.0,9367.0,10777.0,11456.0,14272.0,15847.0,13820.0,224.0,5972.0,50866.0,369.0,1576.0,9555.0,193.0,304.0,10629.0,3340.0,"{""type"":""Point"",""coordinates"":[81.52404655613084,21.166092554420917]}",81.52404655613084,21.166092554420917
79,46.15284650000001,-0.0076646186309191,0.1348640525616831,-0.1476991588322612,21824.0,0.0,9531.0,10229.0,12057.5,12377.5,16236.5,15989.5,14147.0,224.0,5900.0,49825.0,5427.5,1594.0,9710.0,84.0,315.0,10665.5,3388.5,"{""type"":""Point"",""coordinates"":[81.63313068535989,21.209937270544774]}",81.63313068535989,21.209937270544774
80,45.68799578000005,0.0660109817172509,0.124559555377965,-0.1424037787372227,21824.0,0.0,9376.0,10003.0,11620.0,12050.0,15479.0,17667.0,15345.0,224.0,6035.0,49689.0,306.0,1557.0,9623.0,93.0,271.0,10590.0,3293.0,"{""type"":""Point"",""coordinates"":[81.71139098901959,21.328553039154617]}",81.71139098901959,21.328553039154617
81,41.41888879999999,-0.0157355430811725,0.1574843124911155,-0.1487363456810028,21824.0,0.0,8406.0,8986.0,10559.5,10372.0,14249.5,13808.0,12044.0,224.0,6186.0,48440.0,189.0,1520.0,9692.0,56.0,463.5,10148.5,3196.0,"{""type"":""Point"",""coordinates"":[81.59925555632674,21.359498340135485]}",81.59925555632674,21.359498340135485
82,46.84328654000001,0.0183875058399519,0.1158106365222669,-0.1333294804369184,21824.0,0.0,9036.5,9628.5,11247.0,11654.5,14707.5,15258.5,13409.5,224.0,5896.5,50027.0,5207.5,1595.5,9692.0,68.0,345.5,10732.0,3392.5,"{""type"":""Point"",""coordinates"":[81.71460565127786,21.242742690426272]}",81.71460565127786,21.242742690426272
83,46.59718910000004,-0.0090502632148265,0.1139860279043847,-0.1262475853187379,21824.0,0.0,8817.5,9399.5,10855.5,11129.0,13992.5,13741.5,12191.0,224.0,6191.0,49955.0,354.0,1517.5,9687.0,197.0,403.0,10542.0,3190.5,"{""type"":""Point"",""coordinates"":[81.59976428685722,21.358314776023892]}",81.59976428685722,21.358314776023892
84,45.59229121999999,0.0093069370262577,0.1545285128587402,-0.1626318357542318,21824.0,0.0,9041.0,9632.0,11155.0,11342.0,15488.0,15779.0,13596.0,224.0,6034.0,49661.0,309.0,1557.0,9716.0,36.0,264.0,10420.0,3294.0,"{""type"":""Point"",""coordinates"":[81.74527888977673,21.32168363734033]}",81.74527888977673,21.32168363734033
85,45.115477430000055,0.0009269914333205473,0.1827143208521749,-0.1864631970542459,21824.0,0.0,8916.0,9424.0,10715.5,10799.0,15627.5,15656.5,12867.5,224.0,6189.5,49521.5,199.5,1518.0,9483.0,418.0,532.5,10279.5,3191.5,"{""type"":""Point"",""coordinates"":[81.58931944977763,21.35549518124678]}",81.58931944977763,21.35549518124678
86,56.71623731,0.0613739374485862,0.1006411832573622,-0.137362207802361,21824.0,0.0,8867.0,9515.0,11034.0,11887.5,14548.0,16450.5,14272.0,224.0,6361.5,52915.5,13953.5,1466.0,9664.0,140.0,247.0,11953.0,3062.5,"{""type"":""Point"",""coordinates"":[81.70255937169078,21.159177956211337]}",81.70255937169078,21.159177956211337
87,48.24638375000001,0.0335051933801313,0.1633646347862273,-0.1824049725077695,21793.0,0.0,9266.0,9934.0,11115.0,11560.0,16074.5,17189.0,14059.0,224.0,5895.0,50437.5,5520.5,1595.5,9683.0,51.0,448.0,10892.5,3392.5,"{""type"":""Point"",""coordinates"":[81.64800765209118,21.186100094038196]}",81.64800765209118,21.186100094038196
88,40.24308991999999,0.0578162088843675,0.0504725897920604,-0.0553603646377362,21824.0,0.0,8550.0,8911.0,9948.0,10046.0,11114.0,12478.0,11695.0,224.0,6039.0,48096.0,266.0,1555.0,9665.0,85.0,286.0,10112.0,3289.0,"{""type"":""Point"",""coordinates"":[81.6807097812972,21.37316720126558]}",81.6807097812972,21.37316720126558
89,44.28318955999998,0.0593706130088909,0.1367074291369195,-0.1585734870317003,21824.0,0.0,9614.0,10032.0,11679.0,12213.0,16081.0,18111.0,16179.0,224.0,6034.0,49278.0,344.0,1557.0,9669.0,115.0,272.0,10491.0,3293.0,"{""type"":""Point"",""coordinates"":[81.70499279490541,21.32876016000024]}",81.70499279490541,21.32876016000024
90,51.744727220000016,-0.0241741551702316,0.183949668971067,-0.1994367449788779,21824.0,0.0,8626.0,9343.0,10802.0,11155.0,16184.0,15420.0,12841.0,224.0,6365.0,51461.0,10373.0,1468.0,9699.0,106.0,233.0,11451.0,3066.0,"{""type"":""Point"",""coordinates"":[81.68879740746617,21.243815217249956]}",81.68879740746617,21.243815217249956
91,48.02250344000004,0.007363531249366,0.067565503850601,-0.080411551708911,21824.0,0.0,8610.0,9190.5,10412.5,10685.0,12233.5,12415.0,11586.5,224.0,6210.0,50372.0,4690.0,1509.0,9687.0,122.0,254.0,10984.0,3171.5,"{""type"":""Point"",""coordinates"":[81.66875438803613,21.370503085195256]}",81.66875438803613,21.370503085195256
92,48.39677662999998,0.0297374679977579,0.1548503425892535,-0.1788264742693072,21824.0,0.0,9226.0,9815.0,11154.0,11718.0,16012.0,16993.5,14857.5,224.0,5974.0,50481.5,663.0,1576.0,9680.0,78.0,244.5,10725.0,3339.0,"{""type"":""Point"",""coordinates"":[81.50395358145899,21.21297475866048]}",81.50395358145899,21.21297475866048
93,46.467304340000055,0.0328774506501381,0.1323210412147505,-0.1533362792752982,21824.0,0.0,8840.0,9231.0,10538.0,11000.0,14355.0,15331.0,13656.0,224.0,6378.0,49917.0,651.0,1463.0,9726.0,62.0,227.0,10608.0,3054.0,"{""type"":""Point"",""coordinates"":[81.49671978939621,21.247848016786534]}",81.49671978939621,21.247848016786534
94,46.28102224999998,-0.0018209833309987,0.172736713611602,-0.1874700217688079,21824.0,0.0,8903.5,9519.0,11011.0,11351.5,16092.0,16033.5,13829.0,224.0,6211.0,49862.5,5198.5,1504.5,9721.0,57.0,266.5,10826.5,3163.0,"{""type"":""Point"",""coordinates"":[81.7552442353802,21.259603013619937]}",81.7552442353802,21.259603013619937
95,48.116498990000025,-0.0368432526705908,0.2109264176335794,-0.2137739942031099,21824.0,0.0,8510.5,9151.5,10782.5,10847.0,16646.0,15463.0,12627.5,224.0,6192.0,50399.5,5168.0,1514.0,9719.0,80.0,428.5,11023.0,3183.0,"{""type"":""Point"",""coordinates"":[81.71972977440106,21.24674636473631]}",81.71972977440106,21.24674636473631
96,47.10818309000001,0.0613605731715967,0.1543024635354874,-0.1785243507071858,21921.0,0.0,9282.0,10019.0,11529.0,12118.0,16540.0,18702.5,15976.5,192.0,5895.5,50104.5,5528.5,1595.5,9697.5,86.0,456.5,10829.0,3392.5,"{""type"":""Point"",""coordinates"":[81.65030833258943,21.184602097541404]}",81.65030833258943,21.184602097541404
97,54.02112854000001,0.0119687902431633,0.077221671622068,-0.0933400393981306,21824.0,0.0,8675.0,9305.0,10816.0,11173.0,13043.0,13359.0,12220.0,224.0,6369.0,52127.0,10587.0,1464.0,9621.0,89.0,231.0,11631.0,3058.0,"{""type"":""Point"",""coordinates"":[81.74431895865942,21.22341976896387]}",81.74431895865942,21.22341976896387
98,46.31691146000003,0.0290230671409944,0.0950548253576356,-0.1244500782939378,21824.0,0.0,9314.0,10064.5,11742.0,12462.0,15080.0,15981.5,14312.0,224.0,6190.0,49873.0,4935.5,1517.5,9679.0,104.0,263.5,10800.5,3190.5,"{""type"":""Point"",""coordinates"":[81.6644976517811,21.313694444257212]}",81.6644976517811,21.313694444257212
99,47.38846073000002,0.0393745515426931,0.1626080978398523,-0.1747436155238286,21824.0,0.0,9111.0,9632.0,11286.0,11571.5,16065.5,17382.5,14587.0,209.0,5979.0,50186.5,150.0,1574.0,9608.0,89.0,355.0,10433.5,3334.0,"{""type"":""Point"",""coordinates"":[81.57690394434631,21.16576507105191]}",81.57690394434631,21.16576507105191
100,43.40646743000002,-0.0186565870236154,0.1028307553686739,-0.1309821737958649,21824.0,0.0,8894.5,9621.5,11285.5,11948.5,14687.5,14149.5,12778.5,209.0,5382.0,49021.5,430.5,1785.0,9625.5,108.0,346.0,10187.0,3883.0,"{""type"":""Point"",""coordinates"":[81.61296350046547,21.382647658914863]}",81.61296350046547,21.382647658914863
101,45.421390220000035,-0.0066454577589254,0.1201667781143059,-0.1253457678021022,21824.0,0.0,9008.0,9637.0,11067.0,11184.0,14239.0,14051.0,12787.0,224.0,6012.0,49611.0,608.0,1565.0,9650.0,111.0,261.0,10466.0,3313.0,"{""type"":""Point"",""coordinates"":[81.61591297617272,21.338522784515924]}",81.61591297617272,21.338522784515924
102,51.368745020000006,0.05534676628179,0.1268183782226703,-0.1593161316613258,21824.0,0.0,9207.5,9838.5,11346.5,12125.0,15647.0,17480.5,14934.0,224.0,6202.5,51351.0,5427.5,1506.5,9525.0,428.0,437.5,11197.0,3168.5,"{""type"":""Point"",""coordinates"":[81.75793448415324,21.20582341161421]}",81.75793448415324,21.20582341161421
103,45.69141380000002,0.0448486953501497,0.0362694300518134,-0.0524301569077688,21824.0,0.0,8744.0,9024.0,9904.0,10230.0,11000.0,12033.0,11589.0,224.0,6028.0,49690.0,517.0,1560.0,9686.0,86.0,260.0,10638.0,3301.0,"{""type"":""Point"",""coordinates"":[81.65540963142364,21.380219959952182]}",81.65540963142364,21.380219959952182
104,55.930092710000054,0.0398547914178004,0.1119695281900176,-0.1428096609793928,21824.0,0.0,9130.0,9856.0,11605.5,12356.5,15472.5,16757.0,14782.5,224.0,6358.5,52685.5,13998.5,1468.0,9684.0,109.0,238.0,11883.5,3068.0,"{""type"":""Point"",""coordinates"":[81.67512852817367,21.161281271246228]}",81.67512852817367,21.161281271246228
105,47.667029360000015,0.0782659702242954,0.1261304303313654,-0.1647048442601253,21824.0,0.0,9768.0,10339.5,11833.0,12803.5,16499.5,19301.5,16874.0,224.0,5982.0,50268.0,324.5,1573.0,9647.0,70.0,257.5,10522.0,3331.0,"{""type"":""Point"",""coordinates"":[81.55808729113753,21.1842310167788]}",81.55808729113753,21.1842310167788
106,36.397817420000024,-0.1461776519391585,0.2874523871158611,-0.2753782466937758,21824.0,0.0,8490.0,8926.0,9890.0,9634.0,17407.0,12967.0,11481.0,224.0,5998.0,46971.0,398.0,1570.0,9641.0,187.0,276.0,9632.0,3324.0,"{""type"":""Point"",""coordinates"":[81.56671176259786,21.325153831200787]}",81.56671176259786,21.325153831200787
107,42.387897469999984,-0.0331921074930395,0.0293543018403724,-0.0133206695951561,21824.0,0.0,8208.5,8933.5,10388.5,10060.5,10669.0,9983.5,9276.5,224.0,6192.0,48723.5,5384.0,1512.0,9659.0,136.0,312.0,10392.0,3180.5,"{""type"":""Point"",""coordinates"":[81.7459758681892,21.21426399589138]}",81.7459758681892,21.21426399589138
108,48.418993760000035,0.031010686311621,0.1443603851444291,-0.17155430381975,21824.0,0.0,9391.0,10188.0,11766.0,12441.0,16639.0,17704.0,15644.0,224.0,6037.0,50488.0,238.0,1554.0,9692.0,71.0,297.0,10573.0,3287.0,"{""type"":""Point"",""coordinates"":[81.7349363748244,21.291719909657086]}",81.7349363748244,21.291719909657086
109,46.09132213999999,0.0232278481012658,0.1552079044874434,-0.1765199161425576,21824.0,0.0,8964.0,9506.0,10802.0,11286.0,15433.0,16167.0,13613.0,224.0,5973.0,49807.0,442.0,1577.0,9701.0,64.0,262.0,10478.0,3342.0,"{""type"":""Point"",""coordinates"":[81.52517500559175,21.209104042761464]}",81.52517500559175,21.209104042761464
110,48.651419120000014,0.0206030836403329,0.1271984924623115,-0.1540399078225763,21824.0,0.0,9433.5,10187.5,11839.0,12505.5,16150.5,16830.0,15137.5,224.0,5893.0,50556.0,5736.5,1597.0,9649.0,81.0,307.5,10874.5,3395.0,"{""type"":""Point"",""coordinates"":[81.59737948867088,21.160514128391895]}",81.59737948867088,21.160514128391895
111,44.038801130000024,-0.0071074947306504,0.1876300578034682,-0.1877902607288073,21824.0,0.0,8619.5,9224.0,10537.0,10540.5,15409.5,15192.0,12282.5,224.0,6189.0,49206.5,5045.5,1516.5,9690.0,86.0,304.0,10584.0,3188.5,"{""type"":""Point"",""coordinates"":[81.68094094550878,21.27710598872835]}",81.68094094550878,21.27710598872835
112,44.66258978000002,0.0324699467096294,0.1005462555066079,-0.1376320582877959,21824.0,0.0,9435.0,10219.0,11836.0,12761.0,15614.0,16662.0,14837.0,224.0,6036.0,49389.0,109.0,1557.0,9696.0,127.0,367.0,10548.0,3294.0,"{""type"":""Point"",""coordinates"":[81.72343589398608,21.34254378643197]}",81.72343589398608,21.34254378643197
113,49.04790944000001,0.0274629697960044,0.0807380650200136,-0.1075981029756068,21824.0,0.0,9191.0,9791.5,11149.0,11770.0,13837.5,14619.0,13378.0,224.0,6190.5,50672.0,4980.0,1516.5,9646.0,115.0,254.0,11055.0,3189.0,"{""type"":""Point"",""coordinates"":[81.62783279607442,21.320865567133424]}",81.62783279607442,21.320865567133424
114,46.315202450000015,0.0149373299731294,0.1418677087968426,-0.1541033612952425,21824.0,0.0,8921.0,9478.5,10815.0,11089.0,14755.5,15203.0,12905.5,224.0,6187.0,49872.5,555.0,1517.0,9628.0,110.0,271.5,10582.0,3189.5,"{""type"":""Point"",""coordinates"":[81.57532234774575,21.284567746956213]}",81.57532234774575,21.284567746956213
115,57.45965666000001,0.043892847041711,0.1140404563501404,-0.1687520579519262,21824.0,0.0,9760.5,10775.0,12622.5,14114.0,17747.5,19377.0,16276.5,177.0,6351.0,53133.0,14136.5,1472.0,9529.0,428.0,398.0,11921.0,3076.0,"{""type"":""Point"",""coordinates"":[81.61163769955785,21.11919566547035]}",81.61163769955785,21.11919566547035
116,49.52301422000005,0.036593015961525,0.0904930966469428,-0.1215969489187325,21824.0,0.0,8851.0,9446.0,10825.0,11528.0,13822.0,14872.0,13500.0,224.0,6006.0,50811.0,494.0,1567.0,9517.0,322.0,351.0,10667.0,3317.0,"{""type"":""Point"",""coordinates"":[81.5914254309175,21.32393831087712]}",81.5914254309175,21.32393831087712
117,45.88965896000002,0.0071242397914856,0.0412756264236902,-0.0525927972736483,21824.0,0.0,8478.0,8942.0,10286.0,10522.0,11428.0,11592.0,11090.0,224.0,6028.0,49748.0,489.0,1560.0,9680.0,91.0,262.0,10652.0,3300.0,"{""type"":""Point"",""coordinates"":[81.64838718384604,21.379590010045558]}",81.64838718384604,21.379590010045558
118,44.72582315,-0.0064081389971592,0.1536102381583431,-0.1487388304490442,21824.0,0.0,8330.0,9246.5,11289.0,11177.0,15234.0,15040.0,13363.0,224.0,5900.0,49407.5,5122.5,1594.5,9652.0,110.0,419.0,10499.0,3389.5,"{""type"":""Point"",""coordinates"":[81.66456946390657,21.25809929049744]}",81.66456946390657,21.25809929049744
119,46.37843582000005,0.0591316174023756,0.1216129978095517,-0.1600278278242566,21824.0,0.0,9610.0,10260.5,11772.0,12732.0,16257.5,18301.0,15918.5,224.0,6180.5,49891.0,698.5,1519.0,9663.5,81.0,238.0,10621.0,3194.5,"{""type"":""Point"",""coordinates"":[81.49355761947446,21.270705847822587]}",81.49355761947446,21.270705847822587
120,49.48883402000001,0.0186008499509643,0.0907406398168837,-0.1152345926668895,21824.0,0.0,9600.5,10276.5,11908.5,12513.0,15010.5,15579.5,14361.0,224.0,5900.0,50801.0,5423.5,1594.5,9687.0,69.0,288.0,10977.0,3389.0,"{""type"":""Point"",""coordinates"":[81.61858731818198,21.22106889752263]}",81.61858731818198,21.22106889752263
121,37.888074140000015,-0.0939889424773556,0.2145975596104332,-0.2113881652400446,21824.0,0.0,8566.5,9008.0,10595.0,10524.0,16275.0,13478.5,11626.0,224.0,6171.5,47407.0,339.5,1522.5,9687.5,85.0,273.0,9842.5,3203.0,"{""type"":""Point"",""coordinates"":[81.54361820304239,21.23349833460816]}",81.54361820304239,21.23349833460816
122,47.78836907000005,0.0107473626863454,0.1499577799953941,-0.1626535245154155,21824.0,0.0,8777.5,9384.5,10789.0,11073.5,14980.5,15306.0,13024.5,224.0,6198.0,50303.5,4984.0,1513.5,9651.0,73.0,245.5,10929.5,3182.0,"{""type"":""Point"",""coordinates"":[81.68878392362052,21.314278941449274]}",81.68878392362052,21.314278941449274
123,48.58818574999998,0.0239613859679365,0.0784761904761904,-0.1020495552484574,21824.0,0.0,9531.5,10136.5,11533.5,12095.0,14155.0,14850.0,13916.5,209.0,6195.0,50537.5,5272.5,1512.0,9679.0,123.0,278.0,11028.5,3179.5,"{""type"":""Point"",""coordinates"":[81.62534133929032,21.2521708488926]}",81.62534133929032,21.2521708488926
124,44.01658400000002,0.0176383465733135,0.17993336999062,-0.2078670286735977,21824.0,0.0,9512.0,10295.0,11962.0,12677.0,18240.0,18895.0,15803.0,224.0,5420.0,49200.0,357.0,1729.0,9607.0,89.0,279.0,10136.0,3730.0,"{""type"":""Point"",""coordinates"":[81.57985952004178,21.220634854775078]}",81.57985952004178,21.220634854775078
125,54.60048293,0.0436396516442202,0.1252799761087054,-0.1571148900234156,21824.0,0.0,8735.5,9482.0,10979.0,11716.0,15072.0,16447.5,13931.0,224.0,6360.5,52296.5,13931.5,1466.0,9696.5,90.0,232.0,11747.5,3063.5,"{""type"":""Point"",""coordinates"":[81.7178001419035,21.155281918840355]}",81.7178001419035,21.155281918840355
126,48.015667399999984,0.0359641312643093,0.0994777689127438,-0.1265234839476813,21824.0,0.0,9238.0,10020.0,11753.5,12415.5,15158.5,16289.5,14894.0,209.0,6198.5,50370.0,5277.0,1509.5,9664.0,90.0,309.5,10958.5,3175.0,"{""type"":""Point"",""coordinates"":[81.73368992695323,21.231426009572633]}",81.73368992695323,21.231426009572633
127,46.63136930000002,0.0254657505135652,0.1107074376829145,-0.1196109946898333,21824.0,0.0,9119.0,9635.5,10818.0,11015.0,13757.5,14476.5,13512.5,224.0,5715.0,49965.0,426.5,1647.0,9674.0,97.0,280.0,10533.0,3521.0,"{""type"":""Point"",""coordinates"":[81.59501112330919,21.304091454404034]}",81.59501112330919,21.304091454404034
128,44.43700046000003,0.053400573382612,0.0876726464518177,-0.1092896174863388,21824.0,0.0,9128.5,9629.5,11002.5,11493.5,13702.5,15248.5,13200.0,209.0,6181.0,49323.0,735.0,1518.5,9667.0,71.0,240.0,10291.5,3194.0,"{""type"":""Point"",""coordinates"":[81.5244708913975,21.26721830065789]}",81.5244708913975,21.26721830065789
129,57.070002380000005,0.0745495298809419,0.1248230965185394,-0.1623281661304475,21824.0,0.0,9386.0,9987.0,11456.0,12368.0,15896.0,18457.0,15824.0,224.0,6366.0,53019.0,10918.0,1465.0,9650.0,75.0,231.0,11983.0,3061.0,"{""type"":""Point"",""coordinates"":[81.67752057939742,21.195156607727437]}",81.67752057939742,21.195156607727437
130,43.92771548000002,0.0052605349133396,0.2081511870334252,-0.2249991476013502,21824.0,0.0,9210.0,9765.0,11365.0,11774.0,17964.0,18154.0,14184.0,224.0,6000.0,49174.0,574.0,1568.0,9644.0,142.0,269.0,10277.0,3319.0,"{""type"":""Point"",""coordinates"":[81.58059320222752,21.277765309488366]}",81.58059320222752,21.277765309488366
131,48.17289632000001,0.0078948206156686,0.1658966349301359,-0.1806489496713579,21824.0,0.0,8636.0,9312.0,10814.0,11148.0,15582.5,15830.5,13224.5,209.0,6203.5,50416.0,5197.0,1508.0,9645.0,69.0,299.5,10963.5,3171.5,"{""type"":""Point"",""coordinates"":[81.75134324243119,21.248566003522825]}",81.75134324243119,21.248566003522825
132,53.33068850000001,0.0494008206313232,0.1299035143319952,-0.1676491994177583,21824.0,0.0,9095.0,9861.5,11436.5,12354.5,16043.5,17711.0,15047.0,224.0,6358.5,51925.0,13972.0,1468.0,9726.5,79.0,229.0,11635.0,3066.5,"{""type"":""Point"",""coordinates"":[81.69108359687047,21.158377435315206]}",81.69108359687047,21.158377435315206
133,50.03229920000001,0.0007212518423280755,0.1308019872249822,-0.1581319280392513,21824.0,0.0,8790.0,9729.0,11582.0,12247.0,15933.0,15956.0,14260.0,224.0,6368.0,50960.0,10345.0,1466.0,9667.0,130.0,238.0,11247.0,3062.0,"{""type"":""Point"",""coordinates"":[81.67433114691269,21.247313975410822]}",81.67433114691269,21.247313975410822
134,46.17164561000004,0.0445179113264797,0.1396316102198455,-0.1591458501208702,21793.0,0.0,8959.5,9676.5,11478.5,11946.0,15823.5,17298.0,14747.0,224.0,6195.5,49830.5,5067.0,1513.0,9585.0,452.0,563.5,10740.0,3181.5,"{""type"":""Point"",""coordinates"":[81.7130427483453,21.26469108213077]}",81.7130427483453,21.26469108213077
135,47.104765069999985,0.0056740914419695,0.1408587108576347,-0.1597659027511896,21824.0,0.0,9311.0,10011.5,11521.5,11976.0,15903.0,16084.5,13992.5,224.0,5893.0,50103.5,5281.0,1597.0,9744.0,84.0,424.0,10783.0,3395.5,"{""type"":""Point"",""coordinates"":[81.69520981155179,21.227449267868746]}",81.69520981155179,21.227449267868746
136,49.606755710000016,0.03083591767691,0.087210911247282,-0.1107924711204459,21824.0,0.0,9074.5,9641.0,11007.5,11544.5,13750.5,14625.5,13188.0,224.0,6203.5,50835.5,5365.0,1507.0,9639.0,76.0,269.0,11112.0,3169.5,"{""type"":""Point"",""coordinates"":[81.76582283903055,21.230336616644152]}",81.76582283903055,21.230336616644152
137,43.05953840000001,-0.1430411945426315,0.2573951595319427,-0.2589277592825046,21824.0,0.0,8394.0,8799.5,10184.0,10217.5,17300.5,12970.5,11437.5,224.0,6181.0,48920.0,767.5,1519.0,9802.5,75.0,235.5,10329.5,3194.5,"{""type"":""Point"",""coordinates"":[81.506070374322,21.278379026034624]}",81.506070374322,21.278379026034624
138,45.00097376000002,0.0148219203515177,0.1252562380716759,-0.1533835675988987,21824.0,0.0,9406.0,9993.0,11685.0,12375.0,15919.0,16398.0,15036.0,224.0,5980.0,49488.0,426.0,1575.0,9767.0,76.0,236.0,10449.0,3336.0,"{""type"":""Point"",""coordinates"":[81.52868968276543,21.22536788802956]}",81.52868968276543,21.22536788802956
139,42.198197359999995,0.0087126096939577,0.1336282867522751,-0.153967265936802,21824.0,0.0,9385.0,9984.0,11553.0,12043.0,15758.0,16035.0,14342.0,224.0,6004.0,48668.0,225.0,1566.0,9655.0,118.0,310.0,10272.0,3315.0,"{""type"":""Point"",""coordinates"":[81.61979274581527,21.252368707981823]}",81.61979274581527,21.252368707981823
140,52.64195747000002,0.0580556125398631,0.0814722822944992,-0.1003681836997015,21824.0,0.0,8925.5,9378.5,10323.5,10724.5,12627.0,14183.5,12902.5,209.0,6210.5,51723.5,4772.0,1508.5,9633.0,138.0,262.5,11417.0,3170.5,"{""type"":""Point"",""coordinates"":[81.68863814380373,21.3504518025825]}",81.68863814380373,21.3504518025825
141,49.57770254000002,0.0317690898755763,0.1324936283381967,-0.1609238924649753,21824.0,0.0,9096.0,9699.0,11080.0,11743.0,15330.0,16336.0,14200.0,224.0,5981.0,50827.0,349.0,1574.0,9671.0,72.0,279.0,10672.0,3335.0,"{""type"":""Point"",""coordinates"":[81.55512091919404,21.211342482422506]}",81.55512091919404,21.211342482422506
142,49.60333768999999,0.0492523364485981,0.1163377654223896,-0.1507484634817691,21824.0,0.0,9150.5,9759.5,11261.5,12079.0,15259.5,16840.5,14700.0,224.0,6203.0,50834.5,5158.5,1509.5,9707.0,57.0,283.0,11160.0,3173.5,"{""type"":""Point"",""coordinates"":[81.76905989948423,21.261259350640078]}",81.76905989948423,21.261259350640078
143,55.432770800000014,-0.0614811155521623,0.2127867001898506,-0.2251287190296831,21824.0,0.0,8857.5,9518.0,11212.0,11506.5,17727.0,15673.5,12786.5,224.0,6356.0,52540.0,14085.0,1470.0,9537.0,148.0,250.0,11710.5,3070.5,"{""type"":""Point"",""coordinates"":[81.63260065891636,21.14267538042589]}",81.63260065891636,21.14267538042589
144,41.148865220000005,0.0478735108289064,0.1196126265986545,-0.1284974479341306,21824.0,0.0,9177.0,9667.0,11696.0,11909.0,15145.0,16668.0,14522.0,224.0,6031.0,48361.0,473.0,1558.0,9640.0,111.0,265.0,10176.0,3295.0,"{""type"":""Point"",""coordinates"":[81.68967968044488,21.32789404425969]}",81.68967968044488,21.32789404425969
145,46.889429810000024,0.0162741028186385,0.1711282611420488,-0.1894447778565842,21824.0,0.0,8934.5,9624.5,11142.5,11572.5,16351.0,16892.0,13912.5,224.0,6192.5,50040.5,5207.0,1513.0,9770.0,53.0,383.0,10921.5,3183.0,"{""type"":""Point"",""coordinates"":[81.72363783172632,21.241252689752688]}",81.72363783172632,21.241252689752688
146,45.13769456,-0.0356707098255939,0.2218872781465926,-0.2305357051489775,21824.0,0.0,8959.5,9609.0,11279.0,11486.5,18037.5,16795.0,13578.5,224.0,5888.5,49528.0,5711.0,1599.5,9675.5,97.0,292.0,10554.5,3400.0,"{""type"":""Point"",""coordinates"":[81.61441820130833,21.168958347257256]}",81.61441820130833,21.168958347257256
147,50.26130654000002,0.0492951313826386,0.1303419190182272,-0.1553319026122992,21824.0,0.0,9224.5,9869.5,11414.0,12011.5,15612.0,17231.0,14614.5,224.0,5895.0,51027.0,5150.5,1596.5,9720.0,60.0,309.5,11055.5,3395.0,"{""type"":""Point"",""coordinates"":[81.68881838231178,21.257150623497765]}",81.68881838231178,21.257150623497765
148,43.23727544000002,0.0294311180235688,0.1444997002080908,-0.1695801045233375,21824.0,0.0,9328.0,9891.0,11520.0,12128.0,16225.0,17209.0,15290.0,224.0,6001.0,48972.0,215.0,1567.0,9664.0,115.0,315.0,10295.0,3318.0,"{""type"":""Point"",""coordinates"":[81.61451426555897,21.25112944888208]}",81.61451426555897,21.25112944888208
149,47.667029360000015,0.0409581546650894,0.132490571308842,-0.1564795663647386,21824.0,0.0,9472.0,10053.0,11827.0,12421.0,16215.0,17600.0,15616.0,224.0,6031.0,50268.0,141.0,1558.0,9644.0,67.0,357.0,10476.0,3296.0,"{""type"":""Point"",""coordinates"":[81.76034736393434,21.29449955965585]}",81.76034736393434,21.29449955965585
150,45.416263189999995,-0.0099534897813868,0.187311877749479,-0.199079070436722,21824.0,0.0,8846.5,9545.0,11132.0,11407.5,16666.0,16337.5,13424.0,224.0,6191.0,49609.5,5259.0,1514.0,9681.0,77.0,429.5,10722.5,3183.5,"{""type"":""Point"",""coordinates"":[81.72794941373184,21.230071151788547]}",81.72794941373184,21.230071151788547
151,46.12208432,0.0031141747436929,0.1274238227146814,-0.1385070332480818,21824.0,0.0,8972.0,9562.0,10779.0,11025.0,14245.0,14334.0,12645.0,224.0,6007.0,49816.0,563.0,1568.0,9714.0,79.0,257.0,10506.0,3319.0,"{""type"":""Point"",""coordinates"":[81.63241863402918,21.338974923875345]}",81.63241863402918,21.338974923875345
152,41.42914286000001,-0.0754985754985755,0.2596111997678804,-0.2377490288321037,21824.0,0.0,8448.0,8969.0,10694.0,10207.0,17365.0,14927.0,11766.0,224.0,6020.0,48443.0,387.0,1563.0,9719.0,107.0,268.0,10094.0,3307.0,"{""type"":""Point"",""coordinates"":[81.70549947528411,21.30839104902643]}",81.70549947528411,21.30839104902643
153,46.55788187000002,0.0249229986719036,0.1681646608778076,-0.1903070024146257,21793.0,0.0,9260.5,9690.5,11736.5,12286.0,17253.5,18135.5,15322.5,209.0,6190.5,49943.5,5084.0,1515.0,9734.0,61.0,444.5,10882.0,3186.5,"{""type"":""Point"",""coordinates"":[81.70700847980231,21.261648488360844]}",81.70700847980231,21.261648488360844
154,41.063414720000026,0.0079325233457174,0.1206472834511701,-0.1322484528993811,21824.0,0.0,9244.0,9778.0,11358.0,11629.0,14820.0,15057.0,13369.0,224.0,6007.0,48336.0,181.0,1564.0,9706.0,89.0,331.0,10173.0,3311.0,"{""type"":""Point"",""coordinates"":[81.61010556039322,21.245775683296735]}",81.61010556039322,21.245775683296735
155,46.272477200000026,0.0453521831602652,0.1233300209782488,-0.14122265844083,21824.0,0.0,9142.0,9723.0,11484.0,11910.0,15261.0,16711.0,14481.0,224.0,6016.0,49860.0,63.0,1563.0,9721.0,73.0,388.0,10400.0,3307.0,"{""type"":""Point"",""coordinates"":[81.71578621116456,21.27190302772605]}",81.71578621116456,21.27190302772605
156,55.23110761999999,0.0260889552924951,0.1107251695776124,-0.1538278244885454,21824.0,0.0,9437.5,10258.0,12429.0,13569.0,16948.0,17856.0,15621.0,224.0,6356.5,52481.0,14011.5,1469.0,9693.0,65.0,228.0,11813.5,3069.0,"{""type"":""Point"",""coordinates"":[81.66955833124113,21.14837419278458]}",81.66955833124113,21.14837419278458
157,46.31862047000004,0.0092243319491552,0.1545934764138746,-0.1738681388841943,21824.0,0.0,9009.5,9580.0,10998.5,11443.0,15628.0,15919.0,13597.0,224.0,6174.0,49873.5,373.5,1521.5,9661.5,86.0,288.5,10536.0,3200.5,"{""type"":""Point"",""coordinates"":[81.55793013499373,21.230184290313417]}",81.55793013499373,21.230184290313417
158,45.89820401000003,0.0268639053254437,0.1262647879607594,-0.1526694818734558,21824.0,0.0,9443.5,10262.0,12089.5,12758.5,16446.0,17354.0,15631.5,209.0,6191.5,49750.5,5448.5,1512.0,9708.0,69.0,436.5,10787.0,3179.5,"{""type"":""Point"",""coordinates"":[81.68941754081195,21.196807559123187]}",81.68941754081195,21.196807559123187
159,46.36134572000003,-0.0252536640360766,0.2044577310224778,-0.2042754445705637,21824.0,0.0,8619.0,9142.5,10515.5,10511.5,15914.5,15130.5,12515.0,224.0,6181.5,49886.0,498.0,1518.5,9689.0,68.0,249.5,10490.5,3194.5,"{""type"":""Point"",""coordinates"":[81.56351718021553,21.267698065558555]}",81.56351718021553,21.267698065558555
160,52.028422879999994,-0.00146507601271,0.1013370718336088,-0.1125108325759337,21824.0,0.0,8895.0,9376.0,10497.0,10737.0,13158.5,13120.0,11904.5,209.0,6193.0,51544.0,5080.5,1514.5,9607.0,174.0,274.0,11324.0,3184.5,"{""type"":""Point"",""coordinates"":[81.61016975303211,21.29887199116853]}",81.61016975303211,21.29887199116853
161,47.14236329000005,0.0104975574989977,0.1325198830806879,-0.1542138626208043,21824.0,0.0,9649.0,10471.0,12208.5,12761.5,16660.5,17014.0,15241.5,224.0,5894.5,50114.5,5470.0,1597.0,9657.5,91.0,313.5,10724.5,3395.0,"{""type"":""Point"",""coordinates"":[81.63440317041268,21.203271070488952]}",81.63440317041268,21.203271070488952
162,57.01531406000004,0.0383051168069611,0.1256503930034318,-0.155476429477831,21824.0,0.0,9038.5,9698.0,11147.5,11847.0,15252.0,16467.0,14526.5,224.0,6358.5,53003.0,14004.5,1468.0,9729.5,102.0,236.5,12039.5,3066.5,"{""type"":""Point"",""coordinates"":[81.6731706178904,21.150301356088605]}",81.6731706178904,21.150301356088605
163,49.99299197000005,0.0629028242648889,0.1460031798653631,-0.1729450869053389,21824.0,0.0,9514.0,10119.5,11943.5,12622.5,16938.5,19212.5,16195.5,224.0,6195.0,50948.5,5302.5,1511.0,9677.0,59.0,399.0,11175.0,3178.0,"{""type"":""Point"",""coordinates"":[81.74146898422869,21.22300360480858]}",81.74146898422869,21.22300360480858
164,37.775279479999995,-0.0401082177882989,0.1595973306187083,-0.1791136328783928,21824.0,0.0,8988.0,9560.0,10706.0,11145.0,15378.0,14192.0,11827.0,224.0,5424.0,47374.0,338.0,1727.0,9685.0,84.0,424.0,9824.0,3726.0,"{""type"":""Point"",""coordinates"":[81.6187421310432,21.38122843664082]}",81.6187421310432,21.38122843664082
165,45.10864139,0.0303063014437997,0.0872176583609434,-0.1338771517379573,21824.0,0.0,10264.5,11408.0,13723.5,15083.5,17966.0,19089.0,17748.0,224.0,6198.0,49519.5,5107.5,1511.5,9714.0,107.0,296.5,10704.5,3178.5,"{""type"":""Point"",""coordinates"":[81.7265303135459,21.267482576437725]}",81.7265303135459,21.267482576437725
166,46.82277842000002,-0.0225601339578666,0.0238343377588472,-0.0300419401896425,21824.0,0.0,8184.5,8962.0,10638.5,10771.5,11297.5,10799.0,9796.0,224.0,6366.5,50021.0,13913.0,1463.0,9656.5,85.0,226.0,10899.0,3057.0,"{""type"":""Point"",""coordinates"":[81.72914760613709,21.172041942983313]}",81.72914760613709,21.172041942983313
167,52.780387280000014,-0.0005996402158704777,0.1455579221602211,-0.1767109664587288,21824.0,0.0,8841.5,9600.0,11383.0,12135.0,16269.5,16250.0,13764.5,224.0,6354.5,51764.0,14028.5,1470.0,9738.5,51.0,224.0,11584.5,3072.0,"{""type"":""Point"",""coordinates"":[81.66068951619359,21.144885985061837]}",81.66068951619359,21.144885985061837
168,48.35063336000002,0.0306865189754824,0.1803008231391614,-0.1973649069705332,21824.0,0.0,9122.0,9728.5,11270.0,11676.0,16812.5,17877.0,14625.0,224.0,6192.0,50468.0,5458.5,1512.0,9674.0,145.0,298.0,11001.5,3180.0,"{""type"":""Point"",""coordinates"":[81.74474311611677,21.207476017173395]}",81.74474311611677,21.207476017173395
169,39.58683008000003,-0.1308612090732664,0.184731756372699,-0.1581714432262614,21824.0,0.0,8203.0,8571.5,9847.5,9323.0,13548.0,10412.5,9158.5,224.0,5888.5,47904.0,5470.0,1600.0,9669.0,96.0,311.5,10026.0,3402.0,"{""type"":""Point"",""coordinates"":[81.60044817330517,21.207663996932812]}",81.60044817330517,21.207663996932812
170,44.871088999999984,0.0447957016118955,0.1434447685289058,-0.1694202233440416,21824.0,0.0,8978.0,9617.0,10859.0,11453.0,15289.0,16723.0,14232.0,224.0,6036.0,49450.0,220.0,1555.0,9660.0,78.0,307.0,10290.0,3289.0,"{""type"":""Point"",""coordinates"":[81.73642983618322,21.29781420707574]}",81.73642983618322,21.29781420707574
171,47.35086251000001,0.0384963344252066,0.1203562340966921,-0.1531352888356779,21824.0,0.0,9421.5,9982.0,11317.5,12099.5,15410.5,16644.5,14649.0,224.0,6182.5,50175.5,647.5,1517.5,9633.5,83.0,243.5,10604.5,3192.0,"{""type"":""Point"",""coordinates"":[81.51743134705724,21.254482931345468]}",81.51743134705724,21.254482931345468
172,49.44439976000001,0.0169531538177794,0.1785120458485159,-0.1928813134478005,21824.0,0.0,9190.5,9771.5,11270.0,11610.5,16656.5,17231.0,14125.5,224.0,5890.5,50788.0,5619.0,1598.5,9663.0,83.0,302.0,10953.0,3398.5,"{""type"":""Point"",""coordinates"":[81.61788481077859,21.181411313634822]}",81.61788481077859,21.181411313634822
173,42.43916777000004,-0.0479970551990141,0.2155108405108405,-0.2133711342116478,21824.0,0.0,8653.5,9137.0,10613.0,10565.5,16370.5,14871.0,12430.5,224.0,6172.5,48738.5,394.5,1522.5,9597.5,106.0,266.0,10175.5,3202.5,"{""type"":""Point"",""coordinates"":[81.54220208863137,21.23893546114037]}",81.54220208863137,21.23893546114037
174,46.97317129999999,0.0235138216894203,0.1470045248868778,-0.1745996441281138,21824.0,0.0,9122.0,9693.0,11133.0,11782.0,15843.0,16606.0,14431.0,224.0,6000.0,50065.0,312.0,1570.0,9656.0,66.0,257.0,10428.0,3323.0,"{""type"":""Point"",""coordinates"":[81.56222896113233,21.33709479953671]}",81.56222896113233,21.33709479953671
175,48.61382090000001,0.0785267546907574,0.119743286606992,-0.1669658886894075,21824.0,0.0,9675.0,10182.0,11832.0,13030.0,16575.0,19400.0,17338.0,224.0,6009.0,50545.0,304.0,1566.0,9647.0,179.0,308.0,10569.0,3313.0,"{""type"":""Point"",""coordinates"":[81.54760169696758,21.354684956949672]}",81.54760169696758,21.354684956949672
176,48.02250344000004,0.0387339392040112,0.1461345887979673,-0.1647617239415227,21824.0,0.0,9136.0,9694.0,10998.0,11426.0,15337.0,16573.0,14060.0,224.0,6014.0,50372.0,178.0,1565.0,9719.0,85.0,366.0,10622.0,3312.0,"{""type"":""Point"",""coordinates"":[81.59505626214818,21.37901546079589]}",81.59505626214818,21.37901546079589
177,42.929653640000026,-0.0039187744923405,0.151357575307358,-0.1614087673285875,21824.0,0.0,9193.0,9648.0,11191.0,11424.0,15499.0,15378.0,13639.0,224.0,5437.0,48882.0,337.0,1721.0,9673.0,95.0,279.0,10133.0,3712.0,"{""type"":""Point"",""coordinates"":[81.58824963973701,21.25222454653433]}",81.58824963973701,21.25222454653433
178,49.71784136000002,-0.0092805805596259,0.1706527457407632,-0.1718382889086931,21824.0,0.0,8582.0,9044.0,10222.0,10247.0,14464.0,14198.0,12025.0,224.0,6377.0,50868.0,10087.0,1463.0,9714.0,75.0,225.0,11252.0,3054.0,"{""type"":""Point"",""coordinates"":[81.65946995811102,21.271640276726906]}",81.65946995811102,21.271640276726906
179,49.18463024000005,0.0444507450461519,0.1364556013488198,-0.1555928070710149,21824.0,0.0,9172.0,9721.0,11082.0,11524.0,15166.0,16577.0,14651.0,224.0,6010.0,50712.0,247.0,1565.0,9688.0,236.0,306.0,10615.0,3312.0,"{""type"":""Point"",""coordinates"":[81.55602753687589,21.35383054466221]}",81.55602753687589,21.35383054466221
180,48.49760822000002,-0.0060584269662921,0.161663968115581,-0.160411396342222,21824.0,0.0,8625.0,9041.5,10122.5,10096.5,13990.5,13822.0,11762.5,224.0,6189.0,50511.0,5166.0,1516.0,9664.0,99.0,251.0,11006.0,3188.0,"{""type"":""Point"",""coordinates"":[81.6031834362594,21.28668922134359]}",81.6031834362594,21.28668922134359
181,48.30449009000006,-0.0055601391828389,0.092439594699922,-0.112778373228534,21824.0,0.0,8872.0,9632.0,11175.0,11644.0,14016.0,13861.0,12546.0,224.0,6190.5,50454.5,5106.0,1515.0,9692.0,131.0,292.0,11009.5,3185.5,"{""type"":""Point"",""coordinates"":[81.62047858722008,21.278705420173083]}",81.62047858722008,21.278705420173083
182,44.63182760000001,-0.0107547844169347,0.1797633495145631,-0.1884622731614135,21824.0,0.0,8629.0,9136.0,10621.0,10814.0,15554.0,15223.0,12549.0,224.0,6004.0,49380.0,191.0,1569.0,9573.0,140.0,331.0,10262.0,3320.0,"{""type"":""Point"",""coordinates"":[81.57838714572085,21.34901488181498]}",81.57838714572085,21.34901488181498
183,58.27827245000003,0.0525616614267369,0.1265400680964583,-0.1652536988290823,21824.0,0.0,9272.5,9965.0,11495.5,12442.0,16047.0,17827.5,15099.0,209.0,6357.5,53372.5,14054.0,1469.0,9644.0,86.0,234.0,12109.0,3069.5,"{""type"":""Point"",""coordinates"":[81.64556108209415,21.160304513179764]}",81.64556108209415,21.160304513179764
184,47.60379598999998,0.0341308276111311,0.1623666950818531,-0.1806470993620894,21793.0,0.0,9138.0,9963.0,11592.0,12037.0,16703.5,17884.0,15061.5,224.0,6194.5,50249.5,5077.5,1513.0,9490.0,676.0,680.5,10824.0,3182.5,"{""type"":""Point"",""coordinates"":[81.71221424893918,21.262751322288768]}",81.71221424893918,21.262751322288768
185,57.49041884000002,0.0544742318521238,0.1008729734544806,-0.147824794739384,21824.0,0.0,9240.5,9900.0,11469.0,12617.0,15448.0,17228.0,14978.5,224.0,6358.0,53142.0,14041.5,1469.0,9582.5,208.0,275.0,11971.0,3068.5,"{""type"":""Point"",""coordinates"":[81.65230771369048,21.157885678520902]}",81.65230771369048,21.157885678520902
186,46.12379333000001,0.0093581722809891,0.0705058189898685,-0.0963548698167791,21824.0,0.0,9429.5,10238.0,11713.5,12339.5,14211.5,14480.0,13432.0,224.0,6195.5,49816.5,5149.0,1512.5,9692.0,105.0,292.5,10786.0,3180.0,"{""type"":""Point"",""coordinates"":[81.62500648345586,21.26793237427654]}",81.62500648345586,21.26793237427654
187,48.453173960000015,0.0564133203358385,0.1235631107949226,-0.1483515432157823,21824.0,0.0,9090.5,9663.5,11127.0,11703.5,15003.5,16797.5,14489.5,224.0,5977.0,50498.0,550.5,1574.0,9704.0,58.0,252.5,10593.5,3334.0,"{""type"":""Point"",""coordinates"":[81.55014550728123,21.144747209264594]}",81.55014550728123,21.144747209264594
188,53.62292921000005,0.0269101245095313,0.1162658822278534,-0.1508120649651972,21824.0,0.0,9201.0,10025.5,11620.5,12467.5,15748.0,16619.0,14941.0,224.0,6369.5,52010.5,13910.5,1461.5,9660.5,113.0,236.0,11615.5,3053.0,"{""type"":""Point"",""coordinates"":[81.73157015653523,21.167187705603087]}",81.73157015653523,21.167187705603087
189,49.7075873,0.0062388420709116,0.1083326196797122,-0.1172788880735529,21824.0,0.0,8625.0,9140.0,10225.0,10412.0,12942.0,13104.5,11709.5,224.0,6195.0,50865.0,4711.5,1516.5,9680.0,120.0,253.5,11152.0,3188.0,"{""type"":""Point"",""coordinates"":[81.6332156071009,21.37539996416933]}",81.6332156071009,21.37539996416933
190,50.39460932000003,0.0450262802466925,0.1101106592263312,-0.1367968386796838,21824.0,0.0,8970.0,9603.0,11140.5,11761.0,14671.5,16055.0,14328.5,224.0,6203.0,51066.0,5225.5,1508.5,9684.0,70.0,269.0,11223.5,3172.0,"{""type"":""Point"",""coordinates"":[81.76120190186087,21.254701251188056]}",81.76120190186087,21.254701251188056
191,57.968941640000025,0.0585400649916778,0.0865715331137943,-0.1284604130645437,21824.0,0.0,9112.5,9789.5,11467.5,12482.0,14848.0,16694.5,14796.0,224.0,6352.5,53282.0,14021.0,1471.0,9690.5,66.0,230.0,12110.5,3073.5,"{""type"":""Point"",""coordinates"":[81.66499325192102,21.141230220748938]}",81.66499325192102,21.141230220748938
192,50.57918240000003,0.0204913435291478,0.1063012078722865,-0.1187034229463389,21824.0,0.0,8454.0,8968.5,10318.0,10580.5,13097.5,13645.5,12222.0,209.0,6202.5,51120.0,5273.0,1508.5,9573.0,383.0,384.5,11164.0,3172.0,"{""type"":""Point"",""coordinates"":[81.76756412922076,21.24680564108579]}",81.76756412922076,21.24680564108579
193,47.279084090000026,-0.0591352419689787,0.2485986357803741,-0.2383950699979904,21824.0,0.0,9210.0,9519.0,11370.0,11126.0,18488.0,16423.5,13579.0,224.0,5892.0,50154.5,5602.5,1598.0,9685.5,107.0,387.5,10756.0,3397.0,"{""type"":""Point"",""coordinates"":[81.59844798534263,21.178495765780646]}",81.59844798534263,21.178495765780646
194,45.14965762999998,0.0255050548247489,0.0913409961685823,-0.1054664001707643,21793.0,0.0,9258.5,9841.5,11524.5,11858.0,14242.0,14987.5,13846.0,224.0,5898.0,49531.5,5117.0,1595.0,9664.0,66.0,447.5,10554.5,3391.5,"{""type"":""Point"",""coordinates"":[81.66231654355386,21.258115663171314]}",81.66231654355386,21.258115663171314
195,47.678992429999994,0.0116622468659594,0.1182447407003307,-0.1467282040523767,21824.0,0.0,9459.0,10316.5,12202.0,12930.5,16398.5,16785.5,15327.0,224.0,5900.5,50271.5,5416.0,1594.0,9631.0,110.0,322.5,10761.5,3388.0,"{""type"":""Point"",""coordinates"":[81.63063984686626,21.21112137876321]}",81.63063984686626,21.21112137876321
196,55.70963042000005,0.051518065668361,0.0930968967701076,-0.1378344228973246,21824.0,0.0,9144.0,9950.0,11770.5,12888.0,15534.0,17221.5,15102.5,224.0,6357.0,52621.0,13999.0,1469.0,9676.0,100.0,235.0,11852.5,3069.0,"{""type"":""Point"",""coordinates"":[81.67521902193293,21.15857680353318]}",81.67521902193293,21.15857680353318
197,50.42195348000001,0.1130326862631358,0.129841564422449,-0.168556499484591,21824.0,0.0,9746.5,10260.0,11695.5,12659.5,16437.5,20627.0,17511.5,192.0,6192.5,51074.0,5529.0,1511.0,9647.0,65.0,293.5,11192.5,3178.0,"{""type"":""Point"",""coordinates"":[81.74590178954683,21.190742377567553]}",81.74590178954683,21.190742377567553
198,44.39940224000003,-0.0147917239693163,0.1861258461483505,-0.1968137829119285,21824.0,0.0,8812.5,9460.0,11142.0,11392.0,16602.5,16118.5,13420.0,224.0,6183.0,49312.0,681.0,1518.5,9620.5,203.0,308.0,10287.0,3194.0,"{""type"":""Point"",""coordinates"":[81.54933559695924,21.288011924042404]}",81.54933559695924,21.288011924042404
199,46.198989770000026,-0.0295509061833688,0.1429046932209031,-0.1529894599384385,21824.0,0.0,8980.0,9736.5,11351.0,11587.5,15451.5,14564.5,13033.5,224.0,5914.0,49838.5,5316.0,1587.0,9692.0,125.0,318.0,10661.0,3372.5,"{""type"":""Point"",""coordinates"":[81.64810624394799,21.23023186575063]}",81.64810624394799,21.23023186575063
200,41.74018268000003,-0.1573676914295033,0.2988743479454562,-0.2648201618365237,21824.0,0.0,8524.0,8804.0,10312.0,9576.5,17741.0,12916.5,10379.5,224.0,5981.0,48534.0,371.0,1575.0,9639.0,113.0,283.0,9987.0,3335.0,"{""type"":""Point"",""coordinates"":[81.56817314832806,21.21169453418004]}",81.56817314832806,21.21169453418004
201,46.93557308000004,0.0053861172827038,0.115364288410721,-0.1377411529130887,21824.0,0.0,9011.0,9753.0,11196.0,11717.0,14773.0,14933.0,13361.0,224.0,6012.0,50054.0,654.0,1566.0,9640.0,137.0,264.0,10463.0,3314.0,"{""type"":""Point"",""coordinates"":[81.63337064237803,21.347712056581866]}",81.63337064237803,21.347712056581866
202,50.03742623000005,-0.0090412507063477,0.0687548317913164,-0.0606345592238776,21824.0,0.0,8015.0,8462.5,9489.0,9335.5,10714.0,10522.0,9844.0,224.0,6201.0,50961.5,4825.0,1513.0,9665.0,85.0,244.0,11164.0,3180.5,"{""type"":""Point"",""coordinates"":[81.65474797655438,21.362104827478788]}",81.65474797655438,21.362104827478788
203,46.06910501000005,-0.0127113091337963,0.1824750505788945,-0.2020116482035152,21824.0,0.0,9104.0,9879.5,11543.5,12021.5,17388.0,16951.5,13856.5,224.0,5889.5,49800.5,5835.0,1599.0,9636.5,92.0,390.5,10651.5,3399.0,"{""type"":""Point"",""coordinates"":[81.58030685014089,21.13851332689962]}",81.58030685014089,21.13851332689962
204,46.750999999999976,0.0171570438457787,0.1810207053308236,-0.1970482361411087,21824.0,0.0,9012.0,9690.5,11153.0,11530.0,16627.0,17207.5,13977.0,209.0,6190.5,50000.0,5094.0,1515.0,9633.0,115.0,352.0,10812.0,3186.5,"{""type"":""Point"",""coordinates"":[81.70270016774478,21.26317005440151]}",81.70270016774478,21.26317005440151
205,43.85422805000002,-0.0247969861866889,0.1985665609211608,-0.1931691911807708,21824.0,0.0,8439.0,8993.5,10347.0,10231.5,15301.5,14561.0,11909.0,224.0,6189.0,49152.5,5020.5,1516.5,9692.0,77.0,303.5,10568.0,3189.5,"{""type"":""Point"",""coordinates"":[81.67800950362526,21.281332088065515]}",81.67800950362526,21.281332088065515
206,50.58601844000003,0.0238644707856918,0.1683538145235965,-0.2068607742688541,21824.0,0.0,9497.0,10324.0,12231.0,13247.5,18611.0,19521.0,15816.5,224.0,5889.5,51122.0,5723.0,1599.0,9621.0,99.0,313.5,11042.0,3399.0,"{""type"":""Point"",""coordinates"":[81.59337582634548,21.16251733403007]}",81.59337582634548,21.16251733403007
207,48.81206606000001,0.0209612008017775,0.1490680964365175,-0.1719584100589624,21824.0,0.0,8974.0,9613.5,11129.5,11665.0,15752.0,16426.5,13954.5,224.0,6202.0,50603.0,5178.5,1510.0,9736.0,100.0,265.5,11097.0,3174.5,"{""type"":""Point"",""coordinates"":[81.73982967268617,21.266088574171903]}",81.73982967268617,21.266088574171903
208,50.811607760000015,0.0754832324173265,0.1054875820178568,-0.1517525249777874,21824.0,0.0,9625.5,10205.5,11695.0,12849.0,15879.5,18472.5,16643.0,192.0,6204.5,51188.0,5132.0,1508.5,9717.0,57.0,286.5,11290.5,3172.0,"{""type"":""Point"",""coordinates"":[81.77109744931181,21.264741933074113]}",81.77109744931181,21.264741933074113
209,50.37239219000003,0.0129031093786656,0.1191406649616368,-0.1311522872032426,21824.0,0.0,8787.0,9324.0,10503.5,10763.0,13674.5,14032.0,12137.0,224.0,6194.5,51059.5,4821.5,1516.5,9715.0,119.0,251.5,11244.5,3188.0,"{""type"":""Point"",""coordinates"":[81.63076817870966,21.36487415115744]}",81.63076817870966,21.36487415115744
210,50.59285448000003,0.0882667541395096,0.1290510587944402,-0.1632790464925848,21824.0,0.0,9371.5,9964.5,11495.5,12328.5,15982.0,19076.5,16366.5,224.0,6195.5,51124.0,5459.0,1510.0,9645.0,69.0,288.0,11211.0,3176.0,"{""type"":""Point"",""coordinates"":[81.75174672605802,21.205614528514776]}",81.75174672605802,21.205614528514776
211,49.59821066000001,0.0500783835568716,0.1569140473075699,-0.1852858074331667,21824.0,0.0,9032.5,9739.5,11245.5,11922.5,16360.5,18085.5,15123.0,224.0,6197.0,50833.0,5190.5,1511.5,9666.0,114.0,319.5,11126.5,3178.0,"{""type"":""Point"",""coordinates"":[81.73960661625628,21.246503782336962]}",81.73960661625628,21.246503782336962
212,47.60037797000001,0.0246316282788184,0.1799566449891612,-0.2051775525845184,21824.0,0.0,9303.0,9994.0,11667.0,12294.5,17690.5,18584.0,15179.0,192.0,5891.0,50248.5,5814.0,1598.0,9637.0,88.0,304.5,10768.0,3397.5,"{""type"":""Point"",""coordinates"":[81.60161632697748,21.14709675876762]}",81.60161632697748,21.14709675876762
213,48.62065694,-0.0062543961371024,0.1151561117431424,-0.1224870642124014,21824.0,0.0,8686.0,9199.5,10345.0,10500.0,13233.0,13068.5,11573.0,224.0,6209.5,50547.0,4568.0,1510.0,9725.0,93.0,286.0,11079.5,3173.5,"{""type"":""Point"",""coordinates"":[81.69436934754286,21.369338606779863]}",81.69436934754286,21.369338606779863
214,55.726720520000015,0.0160995129819772,0.1661029411764706,-0.1789763223432331,21824.0,0.0,8637.0,9459.0,11044.0,11341.0,15859.0,16378.0,13999.0,224.0,6368.0,52626.0,10741.0,1465.0,9666.0,91.0,233.0,11851.0,3060.0,"{""type"":""Point"",""coordinates"":[81.68952708412819,21.210599626173394]}",81.68952708412819,21.210599626173394
215,47.79007808000006,-0.0206608714879973,0.1963261735834386,-0.2223233643931745,21824.0,0.0,9290.5,10051.0,11747.0,12403.5,18463.5,17716.0,14410.0,224.0,5888.5,50304.0,5855.0,1599.0,9465.5,318.0,426.0,10685.5,3399.5,"{""type"":""Point"",""coordinates"":[81.60200775543751,21.133133887539643]}",81.60200775543751,21.133133887539643
216,47.57303381000003,-0.0069542907298629,0.0988598058538562,-0.1186408895722777,21824.0,0.0,9055.0,9986.0,11750.5,12230.5,14914.0,14708.0,13212.5,224.0,5897.0,50240.5,5366.5,1595.5,9666.0,76.0,308.5,10780.0,3391.0,"{""type"":""Point"",""coordinates"":[81.67457135571426,21.219859781683283]}",81.67457135571426,21.219859781683283
217,46.06397798,0.0232722025537341,0.1513449367088607,-0.1618002195389681,21824.0,0.0,8886.0,9385.5,10499.5,10727.0,14553.0,15246.5,12828.0,224.0,6185.5,49799.0,498.0,1518.0,9665.0,98.0,282.5,10454.5,3192.0,"{""type"":""Point"",""coordinates"":[81.58315735889802,21.29353611496758]}",81.58315735889802,21.29353611496758
218,42.164017160000014,-0.0202416345119868,0.1601927780175514,-0.1874401825811676,21824.0,0.0,9167.0,9757.0,11037.0,11675.0,16129.0,15489.0,13461.0,224.0,6016.0,48658.0,229.0,1564.0,9646.0,92.0,304.0,10272.0,3309.0,"{""type"":""Point"",""coordinates"":[81.6907206613603,21.295186699855435]}",81.6907206613603,21.295186699855435
219,55.04653454000004,0.0531431782627845,0.1192660550458715,-0.1608662458335661,21824.0,0.0,9135.0,9783.5,11266.0,12264.0,15585.5,17335.0,14865.0,224.0,6369.5,52427.0,13912.0,1462.0,9671.5,59.0,226.0,11779.0,3054.5,"{""type"":""Point"",""coordinates"":[81.72907599305915,21.179595365472277]}",81.72907599305915,21.179595365472277
220,46.05372392000004,0.0456166806832352,0.1325234866994734,-0.1648732833073764,21824.0,0.0,9295.0,10267.0,11797.0,12604.0,16455.0,18028.0,15762.0,224.0,6020.0,49796.0,77.0,1561.0,9657.0,97.0,379.0,10419.0,3303.0,"{""type"":""Point"",""coordinates"":[81.72250014556302,21.268464131662938]}",81.72250014556302,21.268464131662938
221,51.597752360000015,0.0728548462220352,0.122024837718421,-0.1581614459188078,21824.0,0.0,9187.0,9754.5,11213.5,12071.5,15427.0,17851.5,15336.0,224.0,6193.5,51418.0,5522.5,1510.0,9717.0,75.0,295.0,11362.5,3177.0,"{""type"":""Point"",""coordinates"":[81.7502478504452,21.191726949411034]}",81.7502478504452,21.191726949411034
222,44.81127365000003,0.0201961563139723,0.1619051069765756,-0.1848731733451569,21824.0,0.0,9305.5,9800.5,11030.5,11565.5,16034.0,16695.0,14433.5,224.0,6174.0,49432.5,371.5,1522.0,9638.5,106.0,288.5,10409.5,3201.5,"{""type"":""Point"",""coordinates"":[81.56732866563192,21.238877828451464]}",81.56732866563192,21.238877828451464
223,50.823570829999994,0.0852424000842345,0.1179044117647058,-0.1462012552537836,21824.0,0.0,9229.0,9908.0,11325.0,11996.5,15203.5,18037.0,15300.5,224.0,6199.0,51191.5,5298.0,1509.5,9496.0,901.0,729.5,11127.5,3174.5,"{""type"":""Point"",""coordinates"":[81.7498153719021,21.228183030726658]}",81.7498153719021,21.228183030726658
224,51.079922330000045,-0.020638209697472,0.1088199540768087,-0.1052867785656583,21824.0,0.0,8208.5,8765.5,9968.0,9897.0,12314.0,11816.0,10696.0,209.0,6195.5,51266.5,4765.5,1515.5,9699.0,81.0,245.0,11304.5,3187.0,"{""type"":""Point"",""coordinates"":[81.63307423356541,21.370139042176376]}",81.63307423356541,21.370139042176376
225,47.72513570000001,0.0518480638654507,0.1623711340206185,-0.1893163230761007,21824.0,0.0,9247.0,9912.5,11374.5,12025.0,16687.0,18512.0,15337.5,224.0,6192.0,50285.0,5267.0,1513.0,9675.0,71.0,398.0,10937.5,3182.0,"{""type"":""Point"",""coordinates"":[81.72858428764523,21.2295257968317]}",81.72858428764523,21.2295257968317
226,48.14213414000005,0.0391615617388737,0.151113233239606,-0.1771769599421286,21824.0,0.0,9363.5,10037.0,11374.5,12000.5,16273.0,17599.5,14977.5,224.0,6192.5,50407.0,4991.0,1516.0,9686.0,118.0,267.5,10990.0,3187.0,"{""type"":""Point"",""coordinates"":[81.68556027915074,21.302432674235533]}",81.68556027915074,21.302432674235533
227,42.54683540000002,0.0255111382361916,0.1471370069688914,-0.1590447154471544,21824.0,0.0,9292.0,9800.0,11585.0,11871.0,15967.0,16803.0,14232.0,224.0,6034.0,48770.0,320.0,1557.0,9692.0,76.0,267.0,10342.0,3293.0,"{""type"":""Point"",""coordinates"":[81.70168167332186,21.33586184589476]}",81.70168167332186,21.33586184589476
228,48.33012524000003,-0.0289640845351763,0.114110217146812,-0.1168155407163299,21824.0,0.0,8337.0,8868.0,10184.0,10240.0,12878.0,12153.0,10862.0,224.0,6000.0,50462.0,634.0,1569.0,9689.0,90.0,257.0,10582.0,3321.0,"{""type"":""Point"",""coordinates"":[81.57945607857154,21.305163022656917]}",81.57945607857154,21.305163022656917
229,46.02467075000004,0.011625916299628,0.1677975763593902,-0.1884719752970899,21824.0,0.0,9094.5,9595.5,10841.0,11314.0,15876.5,16250.0,14348.0,224.0,6181.5,49787.5,626.0,1520.0,9673.5,58.0,260.0,10460.5,3196.0,"{""type"":""Point"",""coordinates"":[81.53392101225909,21.300533552511677]}",81.53392101225909,21.300533552511677
230,47.718299660000014,0.0297355120771448,0.1417104495037945,-0.173963609078972,21824.0,0.0,9122.0,9673.0,11009.0,11762.0,15646.0,16605.0,14075.0,224.0,6016.0,50283.0,130.0,1563.0,9725.0,87.0,359.0,10599.0,3308.0,"{""type"":""Point"",""coordinates"":[81.57953865853186,21.370848880373746]}",81.57953865853186,21.370848880373746
231,53.06408294000005,0.0423525171212303,0.0966188559832146,-0.1410880458124552,21824.0,0.0,9330.0,10197.0,11999.0,13132.0,15941.0,17351.0,15381.0,224.0,6367.0,51847.0,10689.0,1465.0,9626.0,73.0,227.0,11533.0,3061.0,"{""type"":""Point"",""coordinates"":[81.69288372179325,21.215325638428084]}",81.69288372179325,21.215325638428084
232,38.89297202,-0.1112235433004469,0.1390293443969056,-0.1122552329507089,21824.0,0.0,8713.0,9256.0,10518.0,9961.0,13178.0,10540.0,9181.0,224.0,6001.0,47701.0,306.0,1569.0,9453.0,390.0,361.0,9737.0,3322.0,"{""type"":""Point"",""coordinates"":[81.57163116065671,21.33435828280938]}",81.57163116065671,21.33435828280938
233,42.42549569000005,-0.0154656696125084,0.1223397261303229,-0.1388761817627325,21824.0,0.0,8939.0,9683.0,11294.5,11681.0,14937.5,14482.5,12969.0,224.0,6178.0,48734.5,361.5,1519.5,9681.0,112.0,274.5,10277.0,3197.0,"{""type"":""Point"",""coordinates"":[81.57248960849091,21.247786257106014]}",81.57248960849091,21.247786257106014
234,56.81023286000004,0.0544482113631049,0.1290722225130433,-0.1703443785269859,21824.0,0.0,9346.0,10003.0,11467.5,12478.0,16176.5,18039.5,15501.5,209.0,6361.0,52943.0,14018.5,1468.0,9640.5,119.0,241.0,11946.0,3066.5,"{""type"":""Point"",""coordinates"":[81.6616406008782,21.181904268858545]}",81.6616406008782,21.181904268858545
235,49.584538580000014,0.0072903672903672,0.1566436276726309,-0.1911128849863633,21824.0,0.0,9801.0,10554.0,12160.0,13056.0,17906.0,18169.0,15289.0,130.0,6374.0,50829.0,10114.0,1464.0,9761.0,143.0,240.0,11273.0,3057.0,"{""type"":""Point"",""coordinates"":[81.63916432943272,21.271053631002417]}",81.63916432943272,21.271053631002417
236,46.773217130000035,-0.0336643963653505,0.1704614478455337,-0.1734853937145915,21824.0,0.0,8888.5,9568.0,11197.0,11267.0,15897.5,14862.0,13079.5,224.0,5905.0,50006.5,5229.5,1592.0,9611.0,150.0,374.0,10665.0,3383.5,"{""type"":""Point"",""coordinates"":[81.65761265641054,21.24114511832076]}",81.65761265641054,21.24114511832076
237,46.55617286000006,0.0063250375703928,0.1447433507096381,-0.1645055157731759,21824.0,0.0,9027.0,9546.5,10792.5,11238.5,15042.5,15234.0,13244.0,224.0,6170.5,49943.0,685.0,1521.5,9653.0,99.0,248.0,10614.0,3202.0,"{""type"":""Point"",""coordinates"":[81.49721588706744,21.21006996373508]}",81.49721588706744,21.21006996373508
238,44.68651592000003,-0.039503754489063,0.1741856177012907,-0.1593170968524961,21824.0,0.0,8513.0,8967.0,10390.0,10077.0,14328.0,13239.0,11454.0,224.0,6030.0,49396.0,525.0,1559.0,9685.0,111.0,263.0,10474.0,3297.0,"{""type"":""Point"",""coordinates"":[81.66242814896465,21.354099056143422]}",81.66242814896465,21.354099056143422
239,47.81229521,0.0465387531346591,0.1351304438388502,-0.1700422242897015,21824.0,0.0,9155.0,9876.5,11597.0,12456.5,16349.0,17945.0,15436.5,224.0,6199.0,50310.5,5400.5,1508.5,9663.0,73.0,294.5,10938.0,3172.5,"{""type"":""Point"",""coordinates"":[81.76087006552176,21.21431871603687]}",81.76087006552176,21.21431871603687
240,46.911646940000026,0.0457088366179275,0.1374985791687189,-0.1534501306285538,21824.0,0.0,8976.0,9569.0,11017.0,11382.0,15011.0,16449.0,14249.0,224.0,5973.0,50047.0,526.0,1576.0,9683.0,115.0,266.0,10556.0,3339.0,"{""type"":""Point"",""coordinates"":[81.50969473245448,21.19417176989005]}",81.50969473245448,21.19417176989005
241,35.885114420000036,-0.1355641060876735,0.213347037662433,-0.2341410596273755,21824.0,0.0,8438.0,9092.0,10256.0,10715.0,16527.0,12581.0,11111.0,224.0,5971.0,46821.0,581.0,1577.0,9716.0,80.0,258.0,9805.0,3342.0,"{""type"":""Point"",""coordinates"":[81.50222727630558,21.199151639538975]}",81.50222727630558,21.199151639538975
242,47.22268675999999,0.0649165270278657,0.1303923775226948,-0.1505918289423444,21824.0,0.0,9223.0,9784.0,11123.0,11591.0,15067.0,17159.0,15141.0,224.0,6187.0,50138.0,438.0,1516.0,9650.0,71.0,251.5,10610.5,3188.0,"{""type"":""Point"",""coordinates"":[81.5707375368901,21.26304906825204]}",81.5707375368901,21.26304906825204
243,43.15866098000003,-0.0476033873222066,0.1090608408042475,-0.1025352600155749,21824.0,0.0,8418.0,8894.0,10372.0,10236.0,12742.0,11584.0,10372.0,224.0,5900.0,48949.0,5494.0,1593.0,9654.0,81.0,401.0,10365.5,3386.5,"{""type"":""Point"",""coordinates"":[81.66025700674444,21.191767986419194]}",81.66025700674444,21.191767986419194
244,43.348361090000026,-0.0492556249698877,0.1973390023091302,-0.2068940037684265,21824.0,0.0,8740.0,9335.5,10733.5,10949.5,16333.5,14800.0,12194.0,209.0,6192.0,49004.5,4936.0,1516.5,9719.0,109.0,252.0,10560.5,3189.0,"{""type"":""Point"",""coordinates"":[81.66017642612402,21.3219298897308]}",81.66017642612402,21.3219298897308
245,47.438022020000005,0.0102844287321227,0.0681118577931931,-0.0883548330093656,21824.0,0.0,8592.0,9238.0,10318.0,10747.0,12318.0,12574.0,11700.0,224.0,6028.0,50201.0,469.0,1560.0,9713.0,87.0,262.0,10580.0,3300.0,"{""type"":""Point"",""coordinates"":[81.64971722772606,21.38341594974548]}",81.64971722772606,21.38341594974548
246,46.71340178000003,0.0459870053907077,0.0808855136839088,-0.1085435074119656,21824.0,0.0,9564.0,10359.5,12132.5,12829.0,15087.0,16541.5,15429.0,209.0,6199.0,49989.0,5089.5,1511.5,9728.0,57.0,290.5,10875.5,3178.0,"{""type"":""Point"",""coordinates"":[81.72554634855332,21.270447931990194]}",81.72554634855332,21.270447931990194
247,46.56813593000004,0.0016699362830136,0.1373896338985555,-0.1568782174125427,21824.0,0.0,9103.0,9725.0,11219.0,11675.0,15394.0,15445.5,13478.5,224.0,6190.5,49946.5,4938.0,1516.5,9713.0,101.0,269.5,10849.0,3189.0,"{""type"":""Point"",""coordinates"":[81.656632162031,21.311306848805348]}",81.656632162031,21.311306848805348
248,50.669759930000055,0.0487467747880575,0.1167847676745821,-0.1521419669264681,21824.0,0.0,9254.5,9799.5,11395.0,12246.0,15484.5,17071.5,14935.0,224.0,6185.0,51146.5,731.0,1517.0,9675.0,107.0,243.5,10793.0,3190.0,"{""type"":""Point"",""coordinates"":[81.492965357101,21.278592179583264]}",81.492965357101,21.278592179583264
249,45.556402010000056,0.0330229690636905,0.0919899316278986,-0.1203912302873784,21824.0,0.0,9405.5,10235.5,12006.0,12716.0,15292.5,16337.0,15093.0,224.0,5909.5,49650.5,5324.5,1589.5,9660.0,75.0,323.5,10578.0,3379.0,"{""type"":""Point"",""coordinates"":[81.63491456026775,21.227029557819677]}",81.63491456026775,21.227029557819677
250,42.74508056000002,-0.0441470087998225,0.1622834094744207,-0.1626662275103956,21824.0,0.0,8369.0,9022.0,10169.0,10177.0,14120.0,12926.0,11259.0,224.0,6017.0,48828.0,462.0,1565.0,9690.0,123.0,269.0,10357.0,3311.0,"{""type"":""Point"",""coordinates"":[81.63787056408626,21.376099899796007]}",81.63787056408626,21.376099899796007
251,48.62578397000004,-0.0061336092225835,0.121476081629291,-0.1306496148815579,21824.0,0.0,8632.5,9230.0,10468.5,10665.5,13615.0,13449.0,11910.5,224.0,6192.5,50548.5,4937.5,1516.5,9708.0,102.0,249.5,11051.0,3189.0,"{""type"":""Point"",""coordinates"":[81.65775510869956,21.329009582914395]}",81.65775510869956,21.329009582914395
252,52.11045536000006,0.0196222385370086,0.1245167464114832,-0.1468613366645846,21824.0,0.0,8935.0,9628.0,10927.0,11436.0,14689.0,15277.0,13362.0,224.0,6372.0,51568.0,9915.0,1466.0,9662.0,86.0,229.0,11466.0,3061.0,"{""type"":""Point"",""coordinates"":[81.65099808978667,21.288136026211312]}",81.65099808978667,21.288136026211312
253,47.64139421000005,-0.0007921670521879654,0.1673350211594256,-0.1732976707901482,21824.0,0.0,8770.0,9464.0,11127.0,11264.5,15792.0,15767.0,13208.0,224.0,5900.0,50260.5,5438.0,1594.0,9684.0,121.0,305.5,10793.5,3387.5,"{""type"":""Point"",""coordinates"":[81.65350139263593,21.21175588004186]}",81.65350139263593,21.21175588004186
254,46.193862739999986,0.0710242716894247,0.1088209473644032,-0.1280239195433541,21824.0,0.0,9401.0,9968.0,11228.0,11674.0,14525.0,16746.0,15272.0,224.0,6034.0,49837.0,262.0,1557.0,9702.0,82.0,287.0,10698.0,3294.0,"{""type"":""Point"",""coordinates"":[81.70431641963152,21.342200544335]}",81.70431641963152,21.342200544335
255,48.945368840000015,0.0195261012169328,0.1476445050410821,-0.168352997041312,21824.0,0.0,9261.0,9858.0,11384.0,11878.0,15993.0,16630.0,14082.0,224.0,6364.0,50642.0,417.0,1469.0,9566.0,268.0,334.0,10545.0,3067.0,"{""type"":""Point"",""coordinates"":[81.56206683046848,21.2134162669147]}",81.56206683046848,21.2134162669147
256,45.55127498000002,-0.0073947381659037,0.1706319050681007,-0.1782541332444252,21824.0,0.0,8778.5,9300.0,10475.0,10641.0,15019.5,14799.0,12517.5,224.0,6180.0,49649.0,364.0,1519.0,9719.0,118.0,271.0,10481.5,3195.0,"{""type"":""Point"",""coordinates"":[81.56592706162465,21.25542961155218]}",81.56592706162465,21.25542961155218
257,39.50479760000002,-0.0347234651870413,0.0642488954344624,-0.0480420594633792,21824.0,0.0,8531.0,9207.0,10502.0,10166.0,11562.0,10786.0,9784.0,224.0,6037.0,47880.0,288.0,1556.0,9723.0,55.0,272.0,10064.0,3291.0,"{""type"":""Point"",""coordinates"":[81.72183629393527,21.32640225761185]}",81.72183629393527,21.32640225761185
258,42.73653551000001,-0.0768927703723159,0.236056677720832,-0.2194668550395954,21824.0,0.0,8540.0,8983.0,10497.0,10136.0,16400.0,14058.0,11669.5,224.0,6183.5,48825.5,649.5,1518.5,9650.5,219.0,322.5,10262.5,3193.5,"{""type"":""Point"",""coordinates"":[81.54695461778873,21.291693613201243]}",81.54695461778873,21.291693613201243
259,53.99378438000002,0.0171569543602586,0.1073955525606469,-0.1259367104868753,21824.0,0.0,8601.0,9168.0,10206.0,10597.0,13147.0,13606.0,12173.0,224.0,6362.0,52119.0,11085.0,1469.0,9671.0,58.0,226.0,11666.0,3068.0,"{""type"":""Point"",""coordinates"":[81.59527185271523,21.187457177361093]}",81.59527185271523,21.187457177361093
260,48.871881410000015,0.0058433734939759,0.1796493861577226,-0.1890197773695018,21824.0,0.0,9098.0,9646.0,11256.0,11476.5,16503.0,16697.0,13951.5,224.0,5900.0,50620.5,5390.0,1593.5,9653.0,61.0,316.0,10898.0,3387.5,"{""type"":""Point"",""coordinates"":[81.66427746783178,21.21304995688339]}",81.66427746783178,21.21304995688339
261,52.65392054000006,-0.0173974906221704,0.1707008502483767,-0.1863051921119113,21824.0,0.0,8389.5,9110.5,10790.0,11143.5,15731.0,15193.0,12883.0,224.0,6370.5,51727.0,13916.0,1461.0,9680.5,70.0,226.0,11527.5,3051.5,"{""type"":""Point"",""coordinates"":[81.72713810364776,21.168310612801157]}",81.72713810364776,21.168310612801157
262,47.899454719999994,0.0208443097997892,0.1556324206680787,-0.1723539732292467,21824.0,0.0,8937.0,9370.5,10496.0,10863.0,14867.5,15500.5,13220.0,224.0,6179.5,50336.0,497.5,1519.5,9639.5,105.0,264.5,10596.0,3196.5,"{""type"":""Point"",""coordinates"":[81.5586751762704,21.2663620241313]}",81.5586751762704,21.2663620241313
263,43.27145564,-0.0035387594311277,0.1440968257593057,-0.160304164897518,21824.0,0.0,8754.0,9347.0,10877.0,11244.0,15030.0,14924.0,13106.0,224.0,5972.0,48982.0,539.0,1577.0,9651.0,126.0,268.0,10488.0,3341.0,"{""type"":""Point"",""coordinates"":[81.51141608763675,21.19530513373539]}",81.51141608763675,21.19530513373539
264,56.67522107000002,0.063137339986982,0.126787516091994,-0.167679244262561,21824.0,0.0,9321.5,10030.5,11542.0,12548.5,16192.5,18375.0,15626.0,224.0,6352.5,52903.5,14037.5,1471.0,9624.0,238.0,287.0,11914.5,3074.0,"{""type"":""Point"",""coordinates"":[81.65572773595513,21.145671122461827]}",81.65572773595513,21.145671122461827
265,48.29936306000002,-0.0563394309617874,0.1634063402683827,-0.1776157518783078,21824.0,0.0,8908.0,9662.0,11110.0,11440.0,15909.0,14212.0,12506.0,224.0,6376.0,50453.0,10050.0,1463.0,9699.0,64.0,222.0,11093.0,3056.0,"{""type"":""Point"",""coordinates"":[81.6384310415909,21.27697862351156]}",81.6384310415909,21.27697862351156
266,50.13654881000002,-0.0185831555814103,0.1846492134789227,-0.1967269137302551,21824.0,0.0,8732.5,9154.0,10577.5,10846.0,15758.5,15183.5,12458.5,224.0,6189.0,50990.5,660.5,1516.0,9748.0,71.0,274.5,10745.0,3188.0,"{""type"":""Point"",""coordinates"":[81.51603843638294,21.311641821355416]}",81.51603843638294,21.311641821355416
267,43.996075880000035,0.0328786980299136,0.1293375394321766,-0.1429238855363052,21824.0,0.0,8912.0,9549.0,11007.0,11316.0,14678.0,15676.0,13408.0,224.0,6014.0,49194.0,127.0,1564.0,9578.0,284.0,399.0,10315.0,3309.0,"{""type"":""Point"",""coordinates"":[81.57390944234821,21.37010740328023]}",81.57390944234821,21.37010740328023
268,46.730491880000045,0.0262522347332434,0.1414809912493565,-0.1582599611998209,21824.0,0.0,9175.0,9773.0,11281.0,11675.0,15523.0,16360.0,14017.0,224.0,6013.0,49994.0,535.0,1566.0,9689.0,102.0,262.0,10585.0,3313.0,"{""type"":""Point"",""coordinates"":[81.62080462800239,21.355080980577622]}",81.62080462800239,21.355080980577622
269,54.83632631,0.0235837180025178,0.1389691125361006,-0.1874053787401976,21824.0,0.0,9429.5,10315.0,11942.5,13192.5,17451.0,18294.0,15040.0,224.0,6355.5,52365.5,14071.5,1470.0,9654.5,87.0,232.0,11740.5,3071.5,"{""type"":""Point"",""coordinates"":[81.6394643246013,21.141221476718595]}",81.6394643246013,21.141221476718595
270,45.10693237999999,0.0322475143903715,0.1428240383129924,-0.1538761503665574,21824.0,0.0,8818.0,9398.0,10849.0,11097.0,14795.0,15781.0,13366.0,224.0,5978.0,49519.0,619.0,1575.0,9734.0,67.0,254.0,10380.0,3336.0,"{""type"":""Point"",""coordinates"":[81.50883628639436,21.222013475950245]}",81.50883628639436,21.222013475950245
271,44.81981870000004,0.0116508445321168,0.1374955658034764,-0.1735041171088746,21824.0,0.0,9220.0,9882.0,11292.0,12157.0,16033.0,16411.0,14024.0,224.0,5981.0,49435.0,286.0,1575.0,9640.0,66.0,282.0,10272.0,3335.0,"{""type"":""Point"",""coordinates"":[81.54883881622423,21.226791155516548]}",81.54883881622423,21.226791155516548
272,48.90093458000001,0.0443905061332203,0.1098876149392666,-0.1437986234328387,21824.0,0.0,8645.5,9375.0,10978.0,11761.5,14665.5,16028.0,13755.5,209.0,6367.5,50629.0,13911.0,1462.5,9744.5,114.0,233.0,11178.5,3055.5,"{""type"":""Point"",""coordinates"":[81.73063331816168,21.171402886367915]}",81.73063331816168,21.171402886367915
273,42.65963006000004,-0.0006826748983408032,0.1162836898218661,-0.1461109600217568,21824.0,0.0,9861.0,10627.0,12559.0,13345.0,16857.0,16834.0,15509.0,224.0,6000.0,48803.0,255.0,1567.0,9645.0,99.0,302.0,10172.0,3318.0,"{""type"":""Point"",""coordinates"":[81.60215613555846,21.240665367183468]}",81.60215613555846,21.240665367183468
274,40.35930259999998,-0.0529705606410223,0.0280239639550428,-0.0059593023255813,21888.0,0.0,8306.5,8808.0,10258.5,9815.5,10381.5,9337.0,8786.0,224.0,6193.0,48130.0,4948.0,1515.0,9785.5,114.0,287.5,10275.0,3186.0,"{""type"":""Point"",""coordinates"":[81.65105693871202,21.303553427033382]}",81.65105693871202,21.303553427033382
275,45.506840720000014,0.0252469024959597,0.1002472739065223,-0.1213617302567704,21824.0,0.0,8701.0,9284.5,10633.5,11098.0,13571.0,14274.0,13028.0,224.0,6208.5,49636.0,4673.5,1509.5,9591.0,224.0,298.5,10665.5,3174.0,"{""type"":""Point"",""coordinates"":[81.69222170962848,21.359142219716826]}",81.69222170962848,21.359142219716826
276,54.595355900000015,0.0224209637574658,0.1233201581027668,-0.1573374796386791,21824.0,0.0,9065.0,9788.0,11381.0,12199.0,15631.0,16348.0,14148.0,224.0,6365.0,52295.0,10912.0,1466.0,9660.0,92.0,232.0,11725.0,3063.0,"{""type"":""Point"",""coordinates"":[81.65940494485514,21.197064268395472]}",81.65940494485514,21.197064268395472
277,46.98684337999998,0.018070737183026,0.1292643697621264,-0.1285478617655767,21824.0,0.0,8708.0,9202.0,10301.0,10286.0,13340.0,13831.0,12137.0,224.0,6014.0,50069.0,594.0,1566.0,9672.0,77.0,256.0,10749.0,3313.0,"{""type"":""Point"",""coordinates"":[81.63445212655597,21.361883159447636]}",81.63445212655597,21.361883159447636
278,41.52142939999999,-0.017736158460277,0.0934211136353099,-0.0950965824665676,21824.0,0.0,7999.0,8528.0,9744.0,9777.0,11792.0,11381.0,10542.0,224.0,6039.0,48470.0,354.0,1555.0,9692.0,119.0,272.0,10246.0,3289.0,"{""type"":""Point"",""coordinates"":[81.67635788417417,21.362298353892225]}",81.67635788417417,21.362298353892225
279,48.22758464000003,-0.003080412560727,0.1246627833049813,-0.1440857207781992,21824.0,0.0,9516.0,10592.5,12241.5,12735.5,16363.0,16262.5,15020.5,224.0,6200.0,50432.0,5315.0,1509.0,9697.0,47.0,289.0,11001.5,3173.0,"{""type"":""Point"",""coordinates"":[81.75475204931736,21.23021669624156]}",81.75475204931736,21.23021669624156
280,49.85456216,0.0573248407643312,0.1256447908430287,-0.1487415946205571,21824.0,0.0,8931.0,9722.0,11077.0,11611.0,14948.0,16766.0,14676.0,224.0,6003.0,50908.0,426.0,1567.0,9614.0,245.0,302.0,10658.0,3317.0,"{""type"":""Point"",""coordinates"":[81.5336083974855,21.334120935009317]}",81.5336083974855,21.334120935009317
281,49.46319887000004,-0.003139616838598,0.0916190210570352,-0.0926093935375811,21824.0,0.0,8388.5,8806.5,9751.5,9771.0,11742.0,11668.5,10564.0,224.0,6205.5,50793.5,4821.0,1511.0,9610.0,216.0,285.0,11067.5,3176.0,"{""type"":""Point"",""coordinates"":[81.67701956970508,21.35002034928142]}",81.67701956970508,21.35002034928142
282,45.305177540000045,0.0351377018043684,0.1189838099783398,-0.1564290321356755,21824.0,0.0,9143.0,9718.0,11117.0,11999.0,15240.0,16350.0,14319.0,224.0,5424.0,49577.0,342.0,1728.0,9591.0,96.0,406.0,10528.0,3726.0,"{""type"":""Point"",""coordinates"":[81.61079776258653,21.378442321314637]}",81.61079776258653,21.378442321314637
283,43.18600514000002,-0.0755933470379368,0.0789202361983316,-0.0740878977325744,21824.0,0.0,8431.0,8898.0,9923.0,9827.0,11511.0,9893.0,9117.0,224.0,6013.0,48957.0,595.0,1566.0,9653.0,96.0,257.0,10243.0,3314.0,"{""type"":""Point"",""coordinates"":[81.64366370964986,21.343661849894275]}",81.64366370964986,21.343661849894275
284,48.57964070000003,0.0484915787525448,0.1320879362865636,-0.155107849011384,21824.0,0.0,9168.0,9786.0,11281.0,11824.0,15423.0,16995.0,14856.0,224.0,6017.0,50535.0,157.0,1562.0,9591.0,356.0,436.0,10532.0,3306.0,"{""type"":""Point"",""coordinates"":[81.5677077409707,21.37025753816674]}",81.5677077409707,21.37025753816674
285,56.88713831000001,0.0368958346461654,0.1388811266975912,-0.1657227847377152,21824.0,0.0,8853.5,9545.0,10938.0,11556.0,15283.5,16454.5,13982.0,224.0,6352.0,52965.5,14030.0,1470.5,9737.0,77.0,231.0,12029.0,3073.0,"{""type"":""Point"",""coordinates"":[81.66285873861166,21.121791016740758]}",81.66285873861166,21.121791016740758
286,44.39256620000003,0.027258114162591,0.1170810258827226,-0.1141928154503075,21824.0,0.0,9442.0,9818.0,11306.0,11240.0,14221.0,15018.0,13986.0,224.0,5995.0,49310.0,260.0,1569.0,9710.0,77.0,296.0,10234.0,3321.0,"{""type"":""Point"",""coordinates"":[81.59449268985705,21.22471647983339]}",81.59449268985705,21.22471647983339
287,40.99505432000001,-0.0114697739511393,0.1417287681582472,-0.1619194072624331,21824.0,0.0,9316.0,9987.0,11990.0,12496.0,16623.0,16246.0,14466.0,224.0,5984.0,48316.0,121.0,1574.0,9704.0,104.0,374.0,9940.0,3333.0,"{""type"":""Point"",""coordinates"":[81.60023431824455,21.212209865599963]}",81.60023431824455,21.212209865599963
288,45.84864272000004,-0.0319185401754209,0.1434380445953796,-0.1336611731348573,21824.0,0.0,8071.0,8532.5,9777.5,9584.5,12794.5,12003.0,10514.5,224.0,6207.5,49736.0,5300.5,1505.5,9711.0,60.0,264.0,10773.5,3166.5,"{""type"":""Point"",""coordinates"":[81.77197887456748,21.24264005841164]}",81.77197887456748,21.24264005841164
289,44.24900936000006,-0.0249839413097129,0.1759823125557581,-0.1888479334954121,21824.0,0.0,8755.0,9247.0,10343.0,10622.0,15159.0,14420.0,12458.0,224.0,6000.0,49268.0,343.0,1569.0,9683.0,261.0,304.0,10420.0,3322.0,"{""type"":""Point"",""coordinates"":[81.54616538724547,21.3343100456422]}",81.54616538724547,21.3343100456422
290,50.596272500000055,0.0392707383773928,0.0718411846066227,-0.0938680616099971,21824.0,0.0,9068.0,9676.0,10913.0,11408.0,13174.0,14251.0,13206.0,224.0,6015.0,51125.0,651.0,1565.0,9586.0,249.0,307.0,10972.0,3312.0,"{""type"":""Point"",""coordinates"":[81.63438265432588,21.355911582031293]}",81.63438265432588,21.355911582031293
291,47.06374883000001,0.0150729646697388,0.1151086956521739,-0.1303022512762128,21824.0,0.0,9419.0,10144.5,11840.5,12211.5,15388.5,15859.5,14319.5,224.0,5898.5,50091.5,5252.0,1595.0,9666.0,148.0,311.5,10719.0,3390.5,"{""type"":""Point"",""coordinates"":[81.6700033659207,21.244393733318542]}",81.6700033659207,21.244393733318542
292,50.78426360000003,0.0729573590096286,0.1329724641092021,-0.1664243682935271,21824.0,0.0,9709.0,10272.0,12041.0,12894.0,16849.0,19501.0,16606.0,224.0,5979.0,51180.0,251.0,1574.0,9571.0,328.0,378.0,10653.0,3333.0,"{""type"":""Point"",""coordinates"":[81.56171182108332,21.162458488155437]}",81.56171182108332,21.162458488155437
293,46.07935907000001,-0.0026637893246113,0.1295297424599255,-0.14345042394878,21824.0,0.0,9184.5,9768.0,11137.5,11458.0,14868.0,14789.0,13228.5,224.0,6190.0,49803.5,4937.5,1516.5,9677.0,99.0,290.0,10774.0,3189.0,"{""type"":""Point"",""coordinates"":[81.65738099372203,21.303620450763717]}",81.65738099372203,21.303620450763717
294,43.24752950000004,-0.0446490034419274,0.2193818440034383,-0.2137343526216915,21824.0,0.0,8700.5,9154.5,10568.0,10443.5,16313.5,14919.0,12053.5,224.0,6176.0,48975.0,357.5,1521.0,9660.0,80.0,272.0,10309.0,3199.5,"{""type"":""Point"",""coordinates"":[81.56171338876862,21.247676554353525]}",81.56171338876862,21.247676554353525
295,41.81708813,-0.0619115948622825,0.2195092542352444,-0.2036893781612615,21824.0,0.0,8268.0,8738.0,10036.5,9709.5,15171.0,13402.0,10811.5,224.0,6190.5,48556.5,4962.0,1516.5,9668.0,97.0,278.0,10350.0,3189.0,"{""type"":""Point"",""coordinates"":[81.67563176980266,21.301997183271556]}",81.67563176980266,21.301997183271556
296,42.55708946000004,0.0099772224182733,0.1195762588884051,-0.1379475644382167,21824.0,0.0,9493.0,10061.0,11689.0,12134.0,15430.0,15741.0,14096.0,224.0,6002.0,48773.0,322.0,1567.0,9660.0,140.0,279.0,10270.0,3317.0,"{""type"":""Point"",""coordinates"":[81.60791101720851,21.261586347734593]}",81.60791101720851,21.261586347734593
297,41.59662584,-0.0553128069640619,0.2184591317950723,-0.2060542716680215,21824.0,0.0,8403.0,8847.0,10255.0,9992.0,15578.0,13945.0,11665.0,224.0,6000.0,48492.0,281.0,1569.0,9598.0,305.0,322.0,9958.0,3322.0,"{""type"":""Point"",""coordinates"":[81.5520829347977,21.33791796806769]}",81.5520829347977,21.33791796806769
298,55.436188819999984,0.0377380067470981,0.1651002994271076,-0.1974952858718468,21824.0,0.0,9198.0,9849.5,11278.0,12059.5,16829.0,18149.0,15072.0,224.0,6352.0,52541.0,14100.5,1472.0,9627.5,118.0,240.0,11783.5,3076.0,"{""type"":""Point"",""coordinates"":[81.62507329830686,21.143264856839792]}",81.62507329830686,21.143264856839792
299,47.09109298999999,0.0156585406439803,0.1287423435800561,-0.1554644008203926,21824.0,0.0,9080.0,9478.5,10809.0,11415.0,14788.5,15259.0,13581.0,224.0,6179.0,50099.5,683.0,1519.0,9727.0,32.0,235.5,10601.5,3195.5,"{""type"":""Point"",""coordinates"":[81.50239076262434,21.261129291625167]}",81.50239076262434,21.261129291625167
300,49.21881044000003,0.0364261168384879,0.1612514589059147,-0.1729540614542135,21824.0,0.0,9080.0,9610.0,10874.0,11139.0,15422.0,16588.0,13947.0,224.0,6011.0,50722.0,176.0,1566.0,9633.0,183.0,389.0,10659.0,3314.0,"{""type"":""Point"",""coordinates"":[81.58714547825434,21.368813288057538]}",81.58714547825434,21.368813288057538
301,48.09599087000004,0.0442068766252528,0.1629255945580144,-0.1900992948625701,21824.0,0.0,9151.5,9758.5,11256.0,11905.5,16540.0,18070.0,14950.0,224.0,6206.0,50393.5,5186.0,1507.5,9714.0,68.0,257.0,11017.0,3169.5,"{""type"":""Point"",""coordinates"":[81.74964032421701,21.266345609064338]}",81.74964032421701,21.266345609064338
302,48.14897017999999,0.0441490028847359,0.1300415183867141,-0.1478273966413133,21824.0,0.0,9345.0,9953.0,11316.0,11734.0,15242.0,16650.0,14359.0,224.0,6010.0,50409.0,217.0,1566.0,9707.0,73.0,379.0,10612.0,3315.0,"{""type"":""Point"",""coordinates"":[81.59198777050214,21.36780696276343]}",81.59198777050214,21.36780696276343
303,44.42674640000001,0.0302993613221539,0.1152654482158398,-0.1396655994308075,21824.0,0.0,9445.0,10131.0,12092.0,12707.0,16018.0,17019.0,15471.0,224.0,6033.0,49320.0,138.0,1556.0,9645.0,47.0,344.0,10331.0,3292.0,"{""type"":""Point"",""coordinates"":[81.757717513046,21.283070405562345]}",81.757717513046,21.283070405562345
304,49.67169809000001,0.0275344554396245,0.1402730794173838,-0.164625850340136,21824.0,0.0,9439.0,10096.5,11666.0,12262.5,16264.0,17185.0,14749.5,224.0,5895.5,50854.5,5434.0,1597.0,9638.0,89.0,295.5,10956.0,3394.0,"{""type"":""Point"",""coordinates"":[81.61608665181112,21.217696686040146]}",81.61608665181112,21.217696686040146
305,41.98969814000003,-0.008636633579367,0.1673310684759342,-0.174364850448457,21824.0,0.0,8668.0,9144.0,10448.0,10600.5,14861.0,14606.5,12439.5,224.0,6188.5,48607.0,176.5,1519.0,9698.0,75.0,468.0,10104.5,3193.5,"{""type"":""Point"",""coordinates"":[81.59834676117146,21.360692293806725]}",81.59834676117146,21.360692293806725
306,45.339357740000025,0.0354794212940685,0.133513034627057,-0.1607983939464134,21824.0,0.0,9056.0,9488.0,10868.5,11492.0,15033.5,16139.5,13878.5,224.0,6186.5,49587.0,548.0,1516.5,9603.0,134.0,279.5,10457.0,3189.5,"{""type"":""Point"",""coordinates"":[81.56874307889451,21.273164696735126]}",81.56874307889451,21.273164696735126
307,53.26574612000002,0.0054651733806453,0.1232533590968457,-0.1652190051967335,21824.0,0.0,8887.0,9666.0,11244.5,12251.0,15695.5,15868.0,13768.5,224.0,6363.5,51906.0,13952.5,1465.0,9726.5,86.0,230.0,11629.5,3061.0,"{""type"":""Point"",""coordinates"":[81.70175038803356,21.170827635090525]}",81.70175038803356,21.170827635090525
308,45.61963537999998,-0.0544208191814389,0.2209611378492924,-0.2168745861001235,21824.0,0.0,8584.0,9213.0,10938.5,10845.0,16997.0,15242.5,12757.5,224.0,6191.5,49669.0,5244.0,1513.5,9615.0,117.0,354.0,10698.0,3183.0,"{""type"":""Point"",""coordinates"":[81.71043277007105,21.235973054380906]}",81.71043277007105,21.235973054380906
309,44.28318955999998,0.049394568145923,0.132192387134848,-0.1471280690608767,21824.0,0.0,9172.0,9811.0,11411.0,11764.0,15348.0,16943.0,14712.0,224.0,6038.0,49278.0,159.0,1556.0,9676.0,90.0,337.0,10392.0,3291.0,"{""type"":""Point"",""coordinates"":[81.71736949133579,21.34074458242003]}",81.71736949133579,21.34074458242003
310,52.438585279999984,0.1119270472808258,0.1022169097734531,-0.138711482431937,21824.0,0.0,9163.5,9695.5,11159.5,12017.5,14754.0,18473.0,15623.0,224.0,6197.0,51664.0,5524.5,1509.0,9676.0,74.0,290.0,11423.0,3173.5,"{""type"":""Point"",""coordinates"":[81.74772229209947,21.1933465595472]}",81.74772229209947,21.1933465595472
311,46.21437086000003,-0.0134653648604877,0.1776324043373062,-0.1962422852149216,21824.0,0.0,8686.5,9370.0,11037.0,11471.0,16426.5,15990.0,13373.5,209.0,6192.5,49843.0,5249.0,1513.0,9649.0,154.0,367.5,10772.5,3182.5,"{""type"":""Point"",""coordinates"":[81.71281950321368,21.234831095061445]}",81.71281950321368,21.234831095061445
312,45.66406963999998,-0.032541734109632,0.0037576326914044,0.0029161320424588,21952.0,0.0,8993.0,9458.0,10747.5,10605.0,10685.0,10011.5,9380.5,224.0,5978.0,49682.0,289.0,1575.0,9680.0,75.0,273.5,10327.5,3337.0,"{""type"":""Point"",""coordinates"":[81.54734260381166,21.20634746675833]}",81.54734260381166,21.20634746675833
313,48.26176484000001,-0.0095024457114372,0.1878436835545127,-0.1998518792816145,21824.0,0.0,8866.0,9387.0,10804.0,11077.0,16201.0,15896.0,13112.0,224.0,5982.0,50442.0,325.0,1572.0,9599.0,115.0,275.0,10644.0,3329.0,"{""type"":""Point"",""coordinates"":[81.53879765777181,21.172958266500235]}",81.53879765777181,21.172958266500235
314,45.26757931999998,0.0447771327698,0.0987114408434205,-0.1289520141229337,21824.0,0.0,8965.0,9632.0,10855.0,11541.0,14069.0,15388.0,13405.0,224.0,6024.0,49566.0,511.0,1561.0,9681.0,93.0,261.0,10592.0,3303.0,"{""type"":""Point"",""coordinates"":[81.6825242536519,21.332415128357642]}",81.6825242536519,21.332415128357642
315,46.33400156000005,0.040475767796911,0.1341143556565833,-0.1630742746476347,21824.0,0.0,9461.0,9955.0,11668.0,12380.0,16215.0,17583.0,15583.0,224.0,5984.0,49878.0,315.0,1571.0,9675.0,63.0,276.0,10385.0,3327.0,"{""type"":""Point"",""coordinates"":[81.5531276135871,21.151208667349724]}",81.5531276135871,21.151208667349724
316,49.417055600000026,-0.0379730345860743,0.1591925804691762,-0.1747447569201282,21824.0,0.0,9003.0,9710.0,11195.0,11559.0,15936.0,14770.0,12776.0,224.0,6369.0,50780.0,10020.0,1467.0,9662.0,95.0,229.0,11181.0,3063.0,"{""type"":""Point"",""coordinates"":[81.66400433342746,21.277192540416777]}",81.66400433342746,21.277192540416777
317,46.16651858,0.0272491954666293,0.1394329263295911,-0.1474726635031978,21824.0,0.0,8564.5,9000.0,10330.5,10501.5,13904.5,14683.5,12552.5,224.0,6184.5,49829.0,5327.5,1516.0,9795.0,74.0,411.0,10871.5,3189.0,"{""type"":""Point"",""coordinates"":[81.70275403745289,21.219094486470187]}",81.70275403745289,21.219094486470187
318,44.79247454000006,-0.0211522804552928,0.2011492094490554,-0.2049958556250471,21824.0,0.0,8642.0,9150.5,10550.5,10635.5,15991.5,15329.0,13288.5,224.0,6177.5,49427.0,609.5,1520.5,9714.5,88.0,268.5,10371.5,3198.5,"{""type"":""Point"",""coordinates"":[81.54117128235137,21.267879231963988]}",81.54117128235137,21.267879231963988
319,45.41455417999998,0.0013413342746205,0.1167600852609141,-0.1203421375678137,21824.0,0.0,9099.0,9620.0,11107.0,11188.0,14146.0,14184.0,12786.0,224.0,6012.0,49609.0,608.0,1565.0,9703.0,102.0,259.0,10483.0,3313.0,"{""type"":""Point"",""coordinates"":[81.61539064006448,21.33817476208161]}",81.61539064006448,21.33817476208161
320,48.55913257999998,0.0212375604603324,0.1772179407880439,-0.2041517757904276,21824.0,0.0,9235.5,9851.0,11635.5,12304.5,17605.0,18369.0,15211.0,192.0,5885.0,50529.0,5837.0,1600.5,9526.5,250.0,347.5,10784.0,3403.5,"{""type"":""Point"",""coordinates"":[81.6067525109098,21.143215690326585]}",81.6067525109098,21.143215690326585
321,51.628514540000026,0.0141803054686788,0.1501753640131788,-0.1800668799069497,21824.0,0.0,8913.0,9667.0,11279.0,11994.0,16233.0,16700.0,14428.0,224.0,6369.0,51427.0,10843.0,1463.0,9709.0,62.0,224.0,11443.0,3057.0,"{""type"":""Point"",""coordinates"":[81.70616863519635,21.200776164820386]}",81.70616863519635,21.200776164820386
322,45.19750991000001,0.0029155549272878,0.1198475857826112,-0.127049753330537,21824.0,0.0,8997.5,9646.0,10926.5,11087.5,14107.0,14189.5,13323.5,224.0,6188.5,49545.5,4942.0,1517.0,9700.0,139.0,342.0,10704.5,3190.5,"{""type"":""Point"",""coordinates"":[81.65601291500435,21.294376171592845]}",81.65601291500435,21.294376171592845
323,48.85308229999998,0.0348682286419913,0.1202896910716306,-0.1446851152393432,21824.0,0.0,9212.0,9783.0,11096.0,11661.0,14850.0,15923.0,13972.0,224.0,5424.0,50615.0,525.0,1728.0,9702.0,88.0,317.0,10738.0,3726.0,"{""type"":""Point"",""coordinates"":[81.60984850868053,21.338678009441864]}",81.60984850868053,21.338678009441864
324,47.64310322000006,0.0283162888425614,0.1282139249432977,-0.1536542584291561,21824.0,0.0,9026.0,9607.0,10856.5,11435.0,14798.5,15661.0,14478.0,224.0,6189.0,50261.0,513.0,1516.5,9649.5,126.0,283.5,10561.0,3188.0,"{""type"":""Point"",""coordinates"":[81.53141822782133,21.315767032324906]}",81.53141822782133,21.315767032324906
325,47.49271034000003,-0.0106708353157071,0.0876641187872581,-0.1239182192660897,21824.0,0.0,9195.0,9926.0,11591.0,12473.0,14870.0,14556.0,13078.0,224.0,6375.0,50217.0,675.0,1465.0,9686.0,50.0,226.0,10655.0,3058.0,"{""type"":""Point"",""coordinates"":[81.49004660224607,21.245230611158924]}",81.49004660224607,21.245230611158924
326,46.93728209000005,0.0338248834015063,0.1342204582100395,-0.1639391955778602,21824.0,0.0,9122.0,9824.5,11495.0,12215.5,16003.0,17123.5,14917.5,224.0,6195.0,50054.5,5123.5,1512.5,9738.0,63.0,298.5,10902.0,3181.5,"{""type"":""Point"",""coordinates"":[81.72350395688612,21.261971376223023]}",81.72350395688612,21.261971376223023
327,39.084381140000005,-0.1422225083698171,0.2892700119908433,-0.2713461607366799,21824.0,0.0,8360.0,8666.0,10168.0,9780.0,17741.0,13323.0,10724.0,224.0,5976.0,47757.0,339.0,1575.0,9624.0,95.0,271.0,10032.0,3336.0,"{""type"":""Point"",""coordinates"":[81.53376364687894,21.171548365642266]}",81.53376364687894,21.171548365642266
328,48.43608386000005,0.0522244891744572,0.1224754760530871,-0.1539160255816109,21824.0,0.0,9237.5,9824.5,11410.5,12166.0,15562.0,17277.0,15148.0,224.0,5985.0,50493.0,497.5,1570.0,9657.0,97.0,257.5,10559.0,3325.0,"{""type"":""Point"",""coordinates"":[81.5516831487711,21.154647988660102]}",81.5516831487711,21.154647988660102
329,47.13381823999998,0.0264113685249832,0.132578554434326,-0.1418055498118357,21824.0,0.0,8841.0,9246.0,10376.0,10573.0,13805.0,14554.0,12688.0,224.0,5433.0,50112.0,436.0,1723.0,9680.0,93.0,300.0,10516.0,3717.0,"{""type"":""Point"",""coordinates"":[81.59822053642414,21.301084036580555]}",81.59822053642414,21.301084036580555
330,45.72217598000003,0.0424953410930864,0.1618475682087782,-0.1671694037910103,21824.0,0.0,9420.0,9930.0,11182.0,11305.0,15671.0,17062.0,14907.0,224.0,5993.0,49699.0,598.0,1572.0,9590.0,298.0,319.0,10392.0,3327.0,"{""type"":""Point"",""coordinates"":[81.54797654548412,21.309041983427168]}",81.54797654548412,21.309041983427168
331,46.31178442999999,0.014149713093375,0.1407983098166453,-0.1512440273362395,21824.0,0.0,9120.0,9616.0,11146.5,11387.0,15119.0,15553.0,13953.5,224.0,5983.0,49871.5,272.0,1573.0,9718.0,88.0,269.0,10419.5,3331.0,"{""type"":""Point"",""coordinates"":[81.54305922790039,21.210415442397316]}",81.54305922790039,21.210415442397316
332,49.39312946000001,0.0115131060152036,0.0834601023371594,-0.114398492230006,21824.0,0.0,9680.0,10700.0,12452.0,13255.0,15669.0,16034.0,14805.0,224.0,6369.0,50773.0,10161.0,1467.0,9697.0,57.0,222.0,11204.0,3063.0,"{""type"":""Point"",""coordinates"":[81.66834363823463,21.264350639037243]}",81.66834363823463,21.264350639037243
333,47.63455816999999,0.0505726383008259,0.1707751301013421,-0.1986189733433814,21824.0,0.0,9128.0,9890.5,11431.5,12110.0,17098.0,18919.5,15544.0,224.0,6192.5,50258.5,5319.0,1513.0,9726.0,55.0,313.0,10970.0,3181.5,"{""type"":""Point"",""coordinates"":[81.73807177332581,21.22313469289417]}",81.73807177332581,21.22313469289417
334,44.01316598000005,0.0395177091183119,0.1791873288431648,-0.1816799554978676,21824.0,0.0,8862.0,9481.0,11033.0,11090.0,15932.0,17243.0,13709.0,224.0,6021.0,49199.0,66.0,1560.0,9684.0,68.0,383.0,10253.0,3302.0,"{""type"":""Point"",""coordinates"":[81.72001196956758,21.27066808543197]}",81.72001196956758,21.27066808543197
335,45.110350400000016,-0.0281975951782415,0.2059251891584668,-0.2076411369214898,21824.0,0.0,9032.0,9564.0,11137.0,11177.0,16974.0,16043.0,12975.0,224.0,6004.0,49520.0,240.0,1568.0,9636.0,272.0,315.0,10398.0,3318.0,"{""type"":""Point"",""coordinates"":[81.56423799744587,21.344611723751076]}",81.56423799744587,21.344611723751076
336,45.161620700000014,0.0449457954878406,0.1505824214613484,-0.1742497928599733,21824.0,0.0,9156.0,9742.0,11461.0,12032.0,16298.0,17832.0,14542.0,224.0,5980.0,49535.0,244.0,1573.0,9669.0,70.0,302.0,10469.0,3332.0,"{""type"":""Point"",""coordinates"":[81.5478900902671,21.1683239404916]}",81.5478900902671,21.1683239404916
337,47.672156390000055,0.0216584064626623,0.1673749886969888,-0.1846210313819049,21824.0,0.0,9006.5,9671.0,11107.5,11510.0,16137.5,16852.0,13953.5,224.0,6195.5,50269.5,5134.0,1512.5,9752.0,87.0,298.5,10988.5,3181.0,"{""type"":""Point"",""coordinates"":[81.72625522324225,21.26115281363092]}",81.72625522324225,21.26115281363092
338,49.93488563000005,0.0165213750047584,0.0927355398117796,-0.1067794794902002,21824.0,0.0,8762.0,9299.0,10425.0,10725.0,12917.5,13351.5,12036.5,224.0,6202.5,50931.5,4890.5,1512.0,9652.0,150.0,261.0,11146.5,3178.5,"{""type"":""Point"",""coordinates"":[81.67682614548472,21.342634004315574]}",81.67682614548472,21.342634004315574
339,49.17266717000001,0.0249027237354085,0.1314234115908717,-0.140976821192053,21824.0,0.0,8747.0,9244.5,10377.0,10581.0,13783.0,14487.0,12667.0,224.0,6209.5,50708.5,4814.5,1508.5,9635.0,59.0,245.0,11065.5,3171.5,"{""type"":""Point"",""coordinates"":[81.69726826866868,21.341101745904407]}",81.69726826866868,21.341101745904407
340,48.25834682000004,0.0390578692871626,0.1397121397121397,-0.160822294661868,21824.0,0.0,9195.0,9865.5,11134.0,11625.5,15401.5,16653.5,14248.5,224.0,6195.5,50441.0,4969.5,1514.5,9660.0,103.0,252.0,10981.5,3184.5,"{""type"":""Point"",""coordinates"":[81.68269904431737,21.31289882357964]}",81.68269904431737,21.31289882357964
341,50.543293189999986,0.0126956428838517,0.1128326576486171,-0.128896308813649,21824.0,0.0,8922.5,9488.5,10696.5,11051.0,13862.0,14218.5,12594.0,224.0,6199.0,51109.5,4638.0,1514.5,9651.0,121.0,256.0,11218.0,3183.5,"{""type"":""Point"",""coordinates"":[81.63532698794306,21.382580878092682]}",81.63532698794306,21.382580878092682
342,46.29811235,0.0178662970627883,0.0733509015832174,-0.0877738991462337,21824.0,0.0,8787.0,9442.0,10845.0,11164.5,12932.0,13402.5,12575.0,224.0,6198.5,49867.5,5259.5,1509.5,9716.0,63.0,287.5,10824.0,3175.0,"{""type"":""Point"",""coordinates"":[81.63873675084295,21.24606822930438]}",81.63873675084295,21.24606822930438
343,49.587956599999984,-0.002814308724357,0.1119048553597362,-0.1265186009981508,21824.0,0.0,8958.5,9539.5,10982.5,11313.0,14164.0,14084.5,12436.5,224.0,6190.0,50830.0,4951.0,1517.0,9684.0,84.0,247.0,11136.0,3190.0,"{""type"":""Point"",""coordinates"":[81.64522904544852,21.328368259588217]}",81.64522904544852,21.328368259588217
344,50.45613367999999,0.0722512409564286,0.0927850810149801,-0.129740834386852,21824.0,0.0,9095.0,9660.0,11014.0,11870.0,14298.0,16525.0,14388.0,224.0,5974.0,51084.0,150.0,1576.0,9675.0,110.0,358.0,10747.0,3338.0,"{""type"":""Point"",""coordinates"":[81.56642230570358,21.140502751514152]}",81.56642230570358,21.140502751514152
345,48.59843981000006,0.0714685685656184,0.1148225469728601,-0.1536644757318881,21824.0,0.0,9363.0,10017.0,11556.5,12508.0,15753.0,18178.0,15562.5,209.0,6203.0,50540.5,5361.5,1507.0,9671.0,69.0,272.5,11030.5,3169.5,"{""type"":""Point"",""coordinates"":[81.76410833180306,21.229054490200767]}",81.76410833180306,21.229054490200767
346,47.887491650000015,-0.0037269306575882,0.1415936417362951,-0.1534169291906026,21824.0,0.0,8653.5,9033.0,10279.0,10530.5,14004.5,13900.5,12214.5,224.0,6185.5,50332.5,419.0,1518.5,9689.0,68.0,299.5,10671.5,3193.0,"{""type"":""Point"",""coordinates"":[81.57505611111571,21.31667342242633]}",81.57505611111571,21.31667342242633
347,48.35063336000002,-0.0460811648079306,0.1576601671309192,-0.1517864756544726,21824.0,0.0,8507.0,8885.0,9947.0,9828.0,13507.0,12317.0,10702.0,224.0,6376.0,50468.0,10023.0,1463.0,9608.0,275.0,293.0,11031.0,3055.0,"{""type"":""Point"",""coordinates"":[81.65784268134962,21.277674473434015]}",81.65784268134962,21.277674473434015
348,48.36772345999998,0.0197987454260324,0.1300188323917137,-0.1626203716262037,21824.0,0.0,8926.5,9499.5,10804.5,11549.0,15001.0,15607.0,13914.5,224.0,6181.5,50473.0,750.0,1519.0,9731.0,95.0,241.0,10675.5,3194.0,"{""type"":""Point"",""coordinates"":[81.50208476353482,21.281797076991495]}",81.50208476353482,21.281797076991495
349,49.34869520000001,-0.0057473012011555,0.1124041436835732,-0.1473271585666215,21824.0,0.0,9377.0,10441.0,12290.0,13195.0,16537.0,16348.0,14359.0,224.0,6366.0,50760.0,10374.0,1467.0,9699.0,106.0,231.0,11198.0,3064.0,"{""type"":""Point"",""coordinates"":[81.68757573830041,21.243987717671466]}",81.68757573830041,21.243987717671466
350,60.04709780000002,0.0866496765340129,0.102796469752815,-0.1535237421522681,21824.0,0.0,9633.5,10273.5,11966.0,13266.5,16306.5,19400.5,16898.0,160.0,6353.5,53890.0,14052.0,1470.0,9671.5,59.0,231.0,12325.5,3072.0,"{""type"":""Point"",""coordinates"":[81.65014190848464,21.130397699561787]}",81.65014190848464,21.130397699561787
351,50.77742755999998,0.015245805174658,0.1118134965372845,-0.1279129138328942,21824.0,0.0,8838.0,9409.5,10675.0,11029.5,13806.5,14234.0,12608.5,224.0,6209.5,51178.0,4635.0,1509.5,9660.0,81.0,302.0,11248.0,3173.0,"{""type"":""Point"",""coordinates"":[81.7198724758722,21.35006199679351]}",81.7198724758722,21.35006199679351
352,46.83986851999998,0.0230857426172104,0.136072072072072,-0.1550100751053306,21824.0,0.0,9107.0,9832.0,11532.0,11987.0,15763.0,16508.0,14710.0,224.0,6029.0,50026.0,221.0,1557.0,9691.0,117.0,311.0,10433.0,3295.0,"{""type"":""Point"",""coordinates"":[81.73123952594212,21.2799957623467]}",81.73123952594212,21.2799957623467
353,57.62543062999998,0.0813883386443889,0.0924734119735741,-0.143234842259459,21824.0,0.0,9663.5,10305.0,11990.0,13290.5,15999.0,18834.0,16989.5,177.0,6362.5,53181.5,14000.5,1466.0,9659.0,85.0,233.0,12050.0,3063.5,"{""type"":""Point"",""coordinates"":[81.67338022933144,21.16745241394341]}",81.67338022933144,21.16745241394341
354,50.350175060000026,0.0569264805990469,0.1410872400302011,-0.1739637031283101,21824.0,0.0,9464.0,10100.5,11697.5,12513.5,16624.5,18631.5,15635.5,224.0,5975.0,51053.0,494.5,1576.0,9540.0,330.0,342.5,10726.5,3339.0,"{""type"":""Point"",""coordinates"":[81.52593772241931,21.19225269721324]}",81.52593772241931,21.19225269721324
355,47.878946600000006,0.0196895773135648,0.124889025782255,-0.144442396313364,21824.0,0.0,9188.5,9899.5,11603.5,12075.0,15521.5,16145.0,14576.0,224.0,5903.5,50330.0,5283.0,1592.0,9688.0,76.0,312.5,10813.0,3384.5,"{""type"":""Point"",""coordinates"":[81.66255842444235,21.233875509013995]}",81.66255842444235,21.233875509013995
356,51.02352500000001,0.0870677855144914,0.0995233487438626,-0.137813380804035,21824.0,0.0,9522.0,10121.0,11624.0,12563.0,15340.0,18266.0,16434.0,224.0,6034.0,51250.0,192.0,1556.0,9616.0,62.0,326.0,10757.0,3292.0,"{""type"":""Point"",""coordinates"":[81.74073158032535,21.297890944342658]}",81.74073158032535,21.297890944342658
357,38.78872240999999,-0.0577582109713085,0.0273566569484936,0.001393316802456,21888.0,0.0,8451.0,9015.5,10601.0,10008.5,10571.5,9417.0,8872.5,224.0,5897.0,47670.5,5346.5,1596.0,9770.5,129.0,307.5,10007.5,3393.0,"{""type"":""Point"",""coordinates"":[81.61924953509094,21.231144049047987]}",81.61924953509094,21.231144049047987
358,48.41215771999998,0.0644847513875379,0.1284812092349104,-0.1561715518155782,21824.0,0.0,9402.0,10168.0,11933.0,12627.0,16350.0,18604.0,15724.0,224.0,6033.0,50486.0,226.0,1557.0,9648.0,69.0,313.0,10544.0,3293.0,"{""type"":""Point"",""coordinates"":[81.74650275822977,21.299096887190057]}",81.74650275822977,21.299096887190057
359,50.96029163000003,0.0086882263394348,0.1104687435012269,-0.1237898813031399,21824.0,0.0,8679.5,9182.0,10408.5,10693.5,13349.5,13583.5,12082.5,224.0,6196.0,51231.5,5078.5,1512.5,9598.0,207.0,291.5,11211.0,3181.0,"{""type"":""Point"",""coordinates"":[81.6128781780296,21.29486488241435]}",81.6128781780296,21.29486488241435
360,50.750083399999994,-0.0361525081096328,0.2053376112002333,-0.2202413907651423,21824.0,0.0,8493.0,9070.0,10563.0,10898.0,16530.0,15376.5,12747.5,224.0,6357.5,51170.0,13994.5,1468.5,9749.0,67.0,225.0,11377.0,3068.0,"{""type"":""Point"",""coordinates"":[81.67854666954894,21.153481117855645]}",81.67854666954894,21.153481117855645
361,56.090739650000046,0.0353280667419036,0.1009162346343213,-0.1496867338599836,21824.0,0.0,9839.5,10733.5,12486.0,13787.0,16882.0,18118.5,16013.5,224.0,6359.5,52732.5,14038.0,1468.0,9648.5,106.0,237.0,11873.0,3067.0,"{""type"":""Point"",""coordinates"":[81.65390822477187,21.159556338010454]}",81.65390822477187,21.159556338010454
362,42.25630369999999,-0.0155249942560803,0.1759787153173698,-0.1713041832292258,21824.0,0.0,8739.0,9240.0,10945.0,10840.0,15470.0,14997.0,12955.0,224.0,6000.0,48685.0,343.0,1570.0,9545.0,197.0,284.0,10071.0,3322.0,"{""type"":""Point"",""coordinates"":[81.57236904084743,21.331093935061993]}",81.57236904084743,21.331093935061993
363,45.819589550000046,0.016785810521644,0.1608496303920651,-0.1742990742668913,21824.0,0.0,8919.5,9469.0,10904.0,11210.0,15507.5,16037.0,13171.0,209.0,6188.5,49727.5,4937.5,1517.5,9684.0,130.0,268.5,10759.0,3192.5,"{""type"":""Point"",""coordinates"":[81.66724075633186,21.313156474894313]}",81.66724075633186,21.313156474894313
364,48.065228690000026,-0.0137862578581669,0.0953810953810953,-0.0864477696617261,21824.0,0.0,8145.0,8611.0,9661.5,9489.0,11490.0,11177.5,10250.0,224.0,6203.0,50384.5,4742.0,1512.5,9677.0,111.0,249.0,10982.0,3179.0,"{""type"":""Point"",""coordinates"":[81.65759509096698,21.372165744053365]}",81.65759509096698,21.372165744053365
365,50.66634191000003,0.026698987398353,0.1060014065796671,-0.1442488428966994,21824.0,0.0,9083.5,9469.5,10585.0,11440.5,14153.5,14930.0,13812.5,224.0,6181.5,51145.5,681.0,1518.5,9611.5,98.0,265.5,10822.0,3193.5,"{""type"":""Point"",""coordinates"":[81.53141674003032,21.267445512716822]}",81.53141674003032,21.267445512716822
366,41.91279269000006,-0.0158942364824717,0.0275711817293967,0.0245560653243635,21952.0,0.0,8624.0,9408.5,10775.0,9708.0,10258.5,9937.5,9330.5,224.0,6198.0,48584.5,5356.5,1509.5,9784.5,72.0,305.0,10423.5,3173.5,"{""type"":""Point"",""coordinates"":[81.750820242331,21.217905612990457]}",81.750820242331,21.217905612990457
367,44.87792504000004,-0.0024817365164808,0.153289367862313,-0.1536140943646675,21824.0,0.0,8722.0,9238.0,10521.0,10528.0,14340.0,14269.0,12443.0,224.0,6014.0,49452.0,585.0,1565.0,9668.0,90.0,258.0,10505.0,3312.0,"{""type"":""Point"",""coordinates"":[81.63096305047196,21.36150311965063]}",81.63096305047196,21.36150311965063
368,53.317016420000016,0.0246958024335805,0.1409079423902973,-0.1505499639019832,21824.0,0.0,8519.0,8989.0,10001.0,10200.0,13546.0,14232.0,12170.0,194.0,6366.0,51921.0,10564.0,1466.0,9667.0,118.0,237.0,11593.0,3063.0,"{""type"":""Point"",""coordinates"":[81.7057551033864,21.22611016782198]}",81.7057551033864,21.22611016782198
369,46.59718910000004,0.0093145203022044,0.0937726147400495,-0.1134504284440308,21824.0,0.0,9179.0,9913.5,11432.5,11896.5,14358.5,14628.5,13591.5,224.0,6191.0,49955.0,5232.5,1514.0,9695.0,112.0,268.0,10835.0,3184.0,"{""type"":""Point"",""coordinates"":[81.61598444936122,21.26327053630461]}",81.61598444936122,21.26327053630461
370,45.44873438000002,0.0397639815289892,0.1313711414213926,-0.1516923076923076,21824.0,0.0,8979.0,9509.5,11028.0,11495.0,14972.0,16212.0,14339.5,224.0,5975.0,49619.0,522.5,1576.0,9711.0,73.0,245.0,10491.5,3338.0,"{""type"":""Point"",""coordinates"":[81.523898623606,21.18837120856456]}",81.523898623606,21.18837120856456
371,40.36613864000003,-0.0840495591025784,0.2271701655264535,-0.2168901140207993,21824.0,0.0,8805.5,9217.0,10937.5,10703.5,16996.0,14360.5,12043.5,224.0,6189.5,48132.0,244.5,1517.5,9621.0,200.0,310.0,10028.0,3190.5,"{""type"":""Point"",""coordinates"":[81.58371308113328,21.337251602488482]}",81.58371308113328,21.337251602488482
372,51.083340350000014,0.0682156603826595,0.1329359318154645,-0.1655449928833752,21824.0,0.0,9548.0,10331.5,11872.0,12691.0,16582.5,19010.5,16396.5,224.0,5895.0,51267.5,5142.0,1597.0,9622.0,116.0,324.0,11079.5,3395.0,"{""type"":""Point"",""coordinates"":[81.67331101088895,21.257609129715643]}",81.67331101088895,21.257609129715643
373,51.05086916000005,0.0168944570994684,0.0639740323773522,-0.0806468440271257,21824.0,0.0,8983.0,9622.0,11015.0,11390.5,12947.5,13392.5,12534.5,224.0,6192.5,51258.0,4988.5,1515.5,9633.0,108.0,254.0,11248.5,3187.0,"{""type"":""Point"",""coordinates"":[81.62474744121833,21.319332756374823]}",81.62474744121833,21.319332756374823
374,54.80556412999999,0.0346730691278725,0.1335725531836988,-0.1658444737337601,21824.0,0.0,8870.0,9578.5,11075.5,11831.5,15479.5,16591.5,14412.0,224.0,6370.5,52356.5,13914.5,1461.0,9665.0,131.0,242.0,11746.5,3052.0,"{""type"":""Point"",""coordinates"":[81.72859152755463,21.167114892911098]}",81.72859152755463,21.167114892911098
375,54.513323420000006,0.0749786750071083,0.1342653929293633,-0.1790950111447366,21824.0,0.0,9384.0,9985.5,11325.0,12415.5,16266.5,18903.5,16070.0,224.0,6359.0,52271.0,13950.0,1467.0,9720.5,78.0,229.0,11757.0,3064.5,"{""type"":""Point"",""coordinates"":[81.70623508669271,21.150028202623307]}",81.70623508669271,21.150028202623307
376,46.67409455000001,0.0145313908080504,0.0915632083515295,-0.0904973615323887,21824.0,0.0,9013.5,9527.5,10944.5,10921.0,13122.5,13509.5,12636.0,209.0,5905.5,49977.5,5225.0,1591.0,9611.0,150.0,380.5,10663.5,3382.5,"{""type"":""Point"",""coordinates"":[81.65853606446301,21.24159449913231]}",81.65853606446301,21.24159449913231
377,47.33548142000001,0.0363741254086357,0.12367613067927,-0.1583214793741109,21824.0,0.0,9497.5,10272.5,11834.0,12701.0,16286.0,17515.5,15978.5,224.0,6192.0,50171.0,5259.0,1513.5,9718.0,100.0,280.5,10929.0,3182.5,"{""type"":""Point"",""coordinates"":[81.63697389375761,21.250898514481882]}",81.63697389375761,21.250898514481882
378,42.381061430000045,-0.0575985513302688,0.2068109117641215,-0.2000158052789631,21824.0,0.0,8401.5,8784.0,10123.0,9980.5,15185.0,13531.0,11270.5,224.0,6186.5,48721.5,573.5,1517.0,9688.0,64.0,264.0,10229.5,3189.5,"{""type"":""Point"",""coordinates"":[81.5748579394354,21.277058711447765]}",81.5748579394354,21.277058711447765
379,44.23704629000002,-0.0524243081147481,0.1829996344880802,-0.1716980752599505,21824.0,0.0,8547.5,9074.0,10296.0,10058.5,14564.5,13113.5,11551.0,224.0,6190.0,49264.5,5082.0,1514.5,9647.0,81.0,415.0,10570.0,3186.0,"{""type"":""Point"",""coordinates"":[81.63919061209845,21.267445534257398]}",81.63919061209845,21.267445534257398
380,47.882364619999976,0.005772638745109,0.1230824117017481,-0.1392725737378611,21824.0,0.0,8901.5,9329.0,10702.5,11061.0,14166.0,14330.5,12548.0,224.0,6179.0,50331.0,794.5,1520.5,9564.0,370.0,357.0,10585.0,3197.0,"{""type"":""Point"",""coordinates"":[81.52387699786941,21.276375964814637]}",81.52387699786941,21.276375964814637
381,50.98763579000001,0.0139680173224712,0.0985308366124216,-0.1199225915697381,21824.0,0.0,9055.5,9621.0,10914.5,11397.5,13889.0,14282.5,12991.5,224.0,6190.5,51239.5,4989.0,1516.5,9619.0,204.0,282.5,11233.5,3189.5,"{""type"":""Point"",""coordinates"":[81.62441417008765,21.32075372089037]}",81.62441417008765,21.32075372089037
382,46.79372525000002,0.0380788799948147,0.1402339473330388,-0.1555711282410651,21824.0,0.0,8857.0,9359.0,10845.0,11190.5,14841.0,16016.0,13867.0,224.0,5972.0,50012.5,532.5,1577.0,9639.0,92.0,248.0,10415.5,3341.0,"{""type"":""Point"",""coordinates"":[81.52208630735969,21.19249790867233]}",81.52208630735969,21.19249790867233
383,48.77104982000003,0.0369531452239192,0.1211059630090029,-0.1369522863582534,21824.0,0.0,8979.0,9586.0,11296.0,11666.0,14881.0,16023.0,14287.0,224.0,6037.0,50591.0,317.0,1557.0,9653.0,56.0,265.0,10669.0,3292.0,"{""type"":""Point"",""coordinates"":[81.74905792514046,21.32381382682737]}",81.74905792514046,21.32381382682737
384,50.56721933000006,0.099416477373196,0.0790944798474501,-0.1059145801666972,21824.0,0.0,11441.5,12280.5,13382.0,14126.0,16552.5,20207.0,19413.0,145.0,6193.5,51116.5,4977.5,1514.0,9673.0,115.0,313.0,11221.5,3183.5,"{""type"":""Point"",""coordinates"":[81.63520215451366,21.291374663282596]}",81.63520215451366,21.291374663282596
385,49.71784136000002,0.0904591227171872,0.1105168102250625,-0.1597809133446987,21824.0,0.0,9692.0,10166.0,11582.0,12805.0,15987.0,19167.0,16506.0,224.0,5981.0,50868.0,291.0,1573.0,9666.0,124.0,295.0,10700.0,3332.0,"{""type"":""Point"",""coordinates"":[81.55141634269914,21.179994232815975]}",81.55141634269914,21.179994232815975
386,46.90993793000001,0.0092975527846015,0.1283068314622658,-0.1468888928886409,21824.0,0.0,9410.0,10125.0,11849.5,12307.0,15930.0,16229.0,14431.0,224.0,5897.0,50046.5,5438.5,1595.0,9681.0,101.0,310.5,10717.5,3391.5,"{""type"":""Point"",""coordinates"":[81.63565127756777,21.20995338706188]}",81.63565127756777,21.20995338706188
387,48.051556610000034,0.0385067356983497,0.1081319802932459,-0.1273162939297124,21824.0,0.0,8985.0,9511.5,10926.0,11359.5,14114.0,15244.5,13330.0,224.0,6174.0,50380.5,505.0,1521.5,9713.0,63.0,246.5,10640.5,3201.5,"{""type"":""Point"",""coordinates"":[81.53572929984412,21.2482380425435]}",81.53572929984412,21.2482380425435
388,47.49783737000001,0.0354141656662665,0.164607833448628,-0.1989080489004188,21824.0,0.0,9485.0,10162.0,11811.5,12680.0,17677.0,18975.0,15480.0,192.0,5888.0,50218.5,5827.0,1599.5,9578.5,259.0,364.5,10731.0,3401.0,"{""type"":""Point"",""coordinates"":[81.60212550998459,21.141124701643363]}",81.60212550998459,21.141124701643363
389,47.13723626000001,0.0080005482174367,0.1151683229335182,-0.1242185376460994,21824.0,0.0,9104.0,9797.5,11277.0,11486.0,14476.0,14709.5,13634.5,209.0,5908.5,50113.0,5347.0,1590.5,9641.0,74.0,313.0,10715.0,3380.0,"{""type"":""Point"",""coordinates"":[81.63473076206597,21.22465618017417]}",81.63473076206597,21.22465618017417
390,47.00735150000003,-0.0130003672420124,0.0853860077122845,-0.106724442304606,21824.0,0.0,8737.0,9596.0,11132.0,11622.0,13792.0,13438.0,11949.0,224.0,6002.0,50075.0,221.0,1569.0,9594.0,172.0,336.0,10504.0,3322.0,"{""type"":""Point"",""coordinates"":[81.57771622011225,21.345212916494294]}",81.57771622011225,21.345212916494294
391,47.325227359999985,0.017358198360973,0.1393086937004339,-0.1554746187115866,21824.0,0.0,8851.0,9468.0,11130.0,11504.0,15228.0,15766.0,13441.0,224.0,6037.0,50168.0,268.0,1556.0,9605.0,77.0,283.0,10492.0,3291.0,"{""type"":""Point"",""coordinates"":[81.74439528874102,21.317248162164297]}",81.74439528874102,21.317248162164297
392,46.04517887000003,-0.0283004889613276,0.2245690187567272,-0.2280142973422514,21824.0,0.0,8720.0,9245.5,10907.0,10986.5,17350.0,16395.0,12998.0,224.0,5894.0,49793.5,5656.0,1597.0,9725.5,85.0,315.5,10678.0,3395.5,"{""type"":""Point"",""coordinates"":[81.58870055741903,21.173526171654817]}",81.58870055741903,21.173526171654817
393,46.677512569999976,0.0150054623738834,0.0961132763614259,-0.1185710897447592,21824.0,0.0,9459.0,10326.0,12078.0,12639.5,15327.5,15794.5,14680.0,224.0,5908.0,49978.5,5394.5,1590.0,9652.0,106.0,302.0,10674.5,3380.0,"{""type"":""Point"",""coordinates"":[81.63841356394701,21.2210324550977]}",81.63841356394701,21.2210324550977
394,45.927257180000026,-0.007416719044626,0.1988481244623957,-0.1920716968502473,21824.0,0.0,8848.0,9415.0,10863.0,10711.0,16028.0,15792.0,12838.0,224.0,6003.0,49759.0,308.0,1569.0,9666.0,131.0,351.0,10495.0,3322.0,"{""type"":""Point"",""coordinates"":[81.58796569313168,21.343314030669447]}",81.58796569313168,21.343314030669447
395,42.58443362000003,-0.0572933097138974,-0.0147660719535083,0.0164119466329548,21824.0,0.0,8983.5,9577.5,11256.0,11219.0,10892.5,9712.0,8948.0,224.0,5976.0,48781.0,546.0,1574.0,9808.0,84.0,253.0,10240.0,3335.0,"{""type"":""Point"",""coordinates"":[81.54914135017115,21.147751191675077]}",81.54914135017115,21.147751191675077
396,44.49681581000005,0.0019696895704123,0.1527469634866318,-0.1663210759602031,21824.0,0.0,8936.5,9507.0,10956.0,11265.5,15327.5,15388.0,13389.5,224.0,6175.5,49340.5,409.0,1520.5,9716.0,105.0,255.0,10385.0,3198.5,"{""type"":""Point"",""coordinates"":[81.53431638299075,21.2373600982001]}",81.53431638299075,21.2373600982001
397,47.11331012000005,0.0008534437362677271,0.1243844126121339,-0.1338141355862353,21824.0,0.0,8714.5,9283.5,10509.0,10712.5,13756.0,13779.5,12083.5,209.0,6202.0,50106.0,4879.0,1512.5,9659.0,146.0,258.0,10866.5,3179.5,"{""type"":""Point"",""coordinates"":[81.67854558223362,21.34326275749526]}",81.67854558223362,21.34326275749526
398,44.895015140000055,0.0242960378769,0.0998595505617977,-0.1384749582030966,21824.0,0.0,9534.0,10209.0,11852.0,12818.0,15662.0,16442.0,14554.0,224.0,6035.0,49457.0,108.0,1558.0,9696.0,127.0,367.0,10570.0,3295.0,"{""type"":""Point"",""coordinates"":[81.72374437447654,21.34257721343189]}",81.72374437447654,21.34257721343189
399,44.358386,0.0240977550440466,0.170922977258004,-0.1856787736500483,21824.0,0.0,9499.0,10022.0,11793.0,12158.0,17171.0,18019.0,15604.0,224.0,5991.0,49300.0,331.0,1571.0,9723.0,87.0,278.0,10238.0,3326.0,"{""type"":""Point"",""coordinates"":[81.58791131243902,21.228486021713355]}",81.58791131243902,21.228486021713355
400,50.13313079,0.0511074638022653,0.1072932074183638,-0.1376911836337067,21824.0,0.0,8968.5,9571.5,11064.5,11769.0,14598.0,16170.5,14168.5,224.0,6204.0,50989.5,5221.5,1508.0,9716.0,90.0,272.5,11220.0,3171.0,"{""type"":""Point"",""coordinates"":[81.76340058010106,21.255309162635065]}",81.76340058010106,21.255309162635065
401,53.446901180000054,0.0597540248651686,0.1686488464545318,-0.1970626320452531,21824.0,0.0,9483.5,10187.5,11781.5,12495.0,17564.5,19797.0,16206.0,224.0,5894.5,51959.0,5721.5,1597.0,9392.0,288.0,373.0,11162.5,3394.0,"{""type"":""Point"",""coordinates"":[81.59050035528689,21.164975711546948]}",81.59050035528689,21.164975711546948
402,51.50888384000001,0.0609082356965706,0.0882638599829537,-0.1133778111248555,21824.0,0.0,9038.5,9629.5,10930.5,11499.5,13726.0,15506.5,13968.5,209.0,6204.5,51392.0,4647.0,1512.0,9618.0,98.0,289.5,11285.0,3178.5,"{""type"":""Point"",""coordinates"":[81.71329858921871,21.3536535390684]}",81.71329858921871,21.3536535390684
403,48.39164960000005,0.0272170237020852,0.1388955827015404,-0.1608880491261218,21824.0,0.0,8927.5,9551.5,11102.5,11613.5,15360.0,16219.5,13943.5,209.0,6205.5,50480.0,5205.0,1507.0,9689.0,78.0,294.5,11018.5,3168.5,"{""type"":""Point"",""coordinates"":[81.7534549711481,21.249165593448904]}",81.7534549711481,21.249165593448904
404,41.870067440000014,-0.050279833905037,0.2177720406098454,-0.2162020905923345,21824.0,0.0,8947.5,9488.0,11247.5,11210.5,17452.5,15781.5,12891.0,224.0,5981.0,48572.0,193.0,1575.0,9650.0,73.0,331.5,9984.0,3336.0,"{""type"":""Point"",""coordinates"":[81.58816842936304,21.209885160846056]}",81.58816842936304,21.209885160846056
405,48.49931723000003,0.0640603651720283,0.1450660081679171,-0.1664699394338125,21824.0,0.0,9132.0,9663.0,10769.0,11252.0,15070.5,17133.5,14354.5,209.0,6189.5,50511.5,5162.5,1515.5,9675.0,86.0,392.5,11021.0,3187.0,"{""type"":""Point"",""coordinates"":[81.69985478920881,21.249421124257918]}",81.69985478920881,21.249421124257918
406,44.748040280000055,-0.1429805882171403,0.3004670107798728,-0.2828541738829234,21824.0,0.0,8293.0,8819.0,10352.0,9961.0,18518.0,13885.0,11117.0,224.0,6370.0,49414.0,9992.0,1466.0,9499.0,145.0,240.0,10589.0,3062.0,"{""type"":""Point"",""coordinates"":[81.64895473214192,21.281333433935693]}",81.64895473214192,21.281333433935693
407,37.39075223000003,-0.1461628971107334,0.315748991651815,-0.2775925824726306,21824.0,0.0,8137.5,8418.0,9914.5,9118.5,17534.0,13062.0,10541.0,224.0,6188.0,47261.5,403.5,1518.0,9639.5,114.0,337.0,9789.5,3191.0,"{""type"":""Point"",""coordinates"":[81.56692728641302,21.323618980804067]}",81.56692728641302,21.323618980804067
408,47.78495105000002,0.0908196768734541,0.0932396472859453,-0.1424988185684685,21824.0,0.0,9539.0,10090.0,11794.5,13034.0,15714.5,18854.0,16008.5,192.0,6193.5,50302.5,5300.0,1512.0,9647.0,54.0,434.0,10937.0,3179.5,"{""type"":""Point"",""coordinates"":[81.7461511268695,21.22258019511285]}",81.7461511268695,21.22258019511285
409,47.16799844000002,0.0367229752286839,0.1439105613701237,-0.1568902610159977,21824.0,0.0,8795.0,9181.0,10514.0,10797.0,14427.0,15527.0,13467.0,224.0,5996.0,50122.0,456.0,1571.0,9625.0,90.0,253.0,10498.0,3325.0,"{""type"":""Point"",""coordinates"":[81.54353223456579,21.324197277735973]}",81.54353223456579,21.324197277735973
410,49.18633925000006,0.0512585883338244,0.098556138208462,-0.1395465807268866,21824.0,0.0,9424.5,9930.0,11547.5,12549.0,15293.0,16945.5,14802.5,224.0,6182.5,50712.5,721.5,1518.0,9649.5,94.0,240.0,10718.0,3192.5,"{""type"":""Point"",""coordinates"":[81.48797642652053,21.274992421582002]}",81.48797642652053,21.274992421582002
411,48.18315038000003,-0.0156956768915144,0.041463909164639,-0.0345417925478348,21824.0,0.0,8184.0,8633.0,9587.0,9455.0,10273.0,9955.5,9549.0,224.0,6186.5,50419.0,415.0,1518.0,9742.0,68.0,291.5,10711.0,3193.0,"{""type"":""Point"",""coordinates"":[81.57773128974841,21.315116376775226]}",81.57773128974841,21.315116376775226
412,45.76148321000005,0.0692416529311376,0.1333522787822812,-0.1499162026274531,21824.0,0.0,10038.5,10666.0,11793.0,12198.5,15952.5,18326.0,16497.0,224.0,6188.5,49710.5,5281.5,1514.5,9653.0,145.0,322.5,10727.0,3186.5,"{""type"":""Point"",""coordinates"":[81.70862651614515,21.23057175106968]}",81.70862651614515,21.23057175106968
413,40.71990371000004,-0.1247881288176788,0.2963160901535116,-0.2751663252542465,21824.0,0.0,8303.5,8665.5,9996.0,9546.0,17585.5,13683.5,11082.0,224.0,6173.0,48235.5,471.0,1522.5,9661.5,81.0,250.5,10088.5,3203.0,"{""type"":""Point"",""coordinates"":[81.54764503243354,21.252533306997535]}",81.54764503243354,21.252533306997535
414,46.12208432,0.0314246122211792,0.0460558076663126,-0.041230177799135,21824.0,0.0,8547.0,9022.0,9976.0,9880.0,10834.0,11537.0,11531.0,224.0,6044.0,49816.0,294.0,1552.0,9633.0,236.0,312.0,10646.0,3283.0,"{""type"":""Point"",""coordinates"":[81.68234961214705,21.363484921526446]}",81.68234961214705,21.363484921526446
415,49.08892567999999,-0.0359315954653173,0.1561115082201572,-0.1750090810025426,21824.0,0.0,8705.0,9590.0,11356.0,11806.0,16174.0,15052.0,13199.0,224.0,6366.0,50684.0,10386.0,1467.0,9660.0,114.0,233.0,11143.0,3064.0,"{""type"":""Point"",""coordinates"":[81.68654848133757,21.242807053872127]}",81.68654848133757,21.242807053872127
416,50.755210430000034,0.056017129329453,0.1032319458640256,-0.1446646675930666,21824.0,0.0,9542.0,10190.5,11695.0,12722.0,15651.0,17508.5,15790.5,224.0,5981.0,51171.5,386.5,1573.0,9660.0,125.0,260.5,10784.5,3332.0,"{""type"":""Point"",""coordinates"":[81.53397870145096,21.199372952985513]}",81.53397870145096,21.199372952985513
417,52.91710808000005,0.0023302263648468,0.0475815965395202,-0.066050110046464,21824.0,0.0,8640.0,9264.5,10502.5,10899.0,11988.0,12044.0,11500.5,224.0,6192.0,51804.0,5040.5,1515.0,9654.0,194.0,282.0,11452.5,3186.0,"{""type"":""Point"",""coordinates"":[81.61553086700646,21.3052488027505]}",81.61553086700646,21.3052488027505
418,48.60527585,0.0635097245093239,0.1376718871086921,-0.1656326168845557,21824.0,0.0,9388.0,9974.0,11296.5,11962.0,15781.5,17922.0,15301.5,224.0,5972.0,50542.5,491.5,1578.0,9672.0,91.0,250.0,10601.0,3343.0,"{""type"":""Point"",""coordinates"":[81.5210507962037,21.20839854578044]}",81.5210507962037,21.20839854578044
419,45.339357740000025,-0.0259815835415739,0.1645038464527158,-0.180790292715597,21824.0,0.0,8551.0,8997.0,10397.0,10752.0,14986.0,14227.0,11636.0,224.0,6374.0,49587.0,885.0,1466.0,9655.0,80.0,237.0,10563.0,3060.0,"{""type"":""Point"",""coordinates"":[81.4942491044634,21.272044867968734]}",81.4942491044634,21.272044867968734
420,48.730033580000054,0.0519220374550888,0.1344975839896511,-0.1537241245888953,21824.0,0.0,8937.0,9471.0,10936.0,11374.0,14909.0,16542.0,13969.0,224.0,6034.0,50579.0,216.0,1557.0,9714.0,81.0,320.0,10642.0,3294.0,"{""type"":""Point"",""coordinates"":[81.75418016539922,21.308453906922654]}",81.75418016539922,21.308453906922654
421,49.01372924000003,0.0308089336349444,0.131906976744186,-0.1629774056657873,21824.0,0.0,9028.0,9541.0,10947.0,11665.0,15210.0,16177.0,13988.0,224.0,6016.0,50662.0,263.0,1562.0,9604.0,113.0,312.0,10613.0,3306.0,"{""type"":""Point"",""coordinates"":[81.55943040377016,21.364718157041974]}",81.55943040377016,21.364718157041974
422,46.18360868000002,0.058105293399411,0.1346057344569223,-0.1698692215739799,21824.0,0.0,9475.0,10158.5,11632.0,12503.0,16392.5,18415.0,16230.5,224.0,5976.0,49834.0,430.0,1576.0,9653.0,75.0,250.0,10457.5,3339.0,"{""type"":""Point"",""coordinates"":[81.52676508010846,21.21841418354554]}",81.52676508010846,21.21841418354554
423,42.081984680000005,0.0085290020048251,0.09728855627844,-0.1117546199276052,21824.0,0.0,9243.0,10192.0,11656.0,12002.0,14589.0,14840.0,13902.0,224.0,6013.0,48634.0,95.0,1561.0,9659.0,106.0,372.0,10264.0,3304.0,"{""type"":""Point"",""coordinates"":[81.62973487311031,21.242615438751955]}",81.62973487311031,21.242615438751955
424,53.463991280000016,0.0257619524848199,0.1427978701334624,-0.1762277580071174,21824.0,0.0,9150.0,9930.0,11574.0,12396.0,16526.0,17400.0,14960.0,224.0,6368.0,51964.0,10798.0,1464.0,9645.0,89.0,231.0,11590.0,3059.0,"{""type"":""Point"",""coordinates"":[81.70759180499189,21.204899617764774]}",81.70759180499189,21.204899617764774
425,54.26380796000001,0.0573698483633169,0.0764868814202525,-0.0948736718351411,21824.0,0.0,8607.0,9158.0,10201.0,10586.0,12339.5,13841.5,13145.0,224.0,6358.0,52198.0,13980.0,1468.0,9712.5,83.0,230.0,11724.0,3067.5,"{""type"":""Point"",""coordinates"":[81.68624183325406,21.15649723396876]}",81.68624183325406,21.15649723396876
426,44.242173320000006,-0.0033230477094706,0.1955030757265078,-0.2108711999140616,21824.0,0.0,8964.0,9504.0,11019.0,11378.0,16908.0,16796.0,13866.0,224.0,5972.0,49266.0,423.0,1577.0,9616.0,93.0,266.0,10448.0,3340.0,"{""type"":""Point"",""coordinates"":[81.50715431781549,21.184725154001708]}",81.50715431781549,21.184725154001708
427,47.511509450000005,0.0122433423848315,0.1460102805976749,-0.1676521935011544,21824.0,0.0,8995.0,9504.0,11085.0,11588.0,15550.5,15936.0,13715.0,209.0,6200.5,50222.5,5302.0,1508.5,9657.0,63.0,300.5,10907.0,3172.5,"{""type"":""Point"",""coordinates"":[81.75099838300171,21.228905221860003]}",81.75099838300171,21.228905221860003
428,48.17802334999999,0.0532554795927349,0.0966064540248441,-0.1372079089275015,21824.0,0.0,9578.0,10441.0,12240.0,13290.5,16133.0,17948.0,15666.0,224.0,6192.0,50417.5,5051.5,1515.0,9722.0,51.0,302.0,11016.5,3186.0,"{""type"":""Point"",""coordinates"":[81.70637755572795,21.2737158266257]}",81.70637755572795,21.2737158266257
429,39.13906946000003,-0.0809888644188715,0.232755571276972,-0.2251713833714185,21824.0,0.0,8713.0,9210.0,11020.0,10845.0,17425.0,14814.0,11914.0,224.0,5982.0,47773.0,422.0,1574.0,9636.0,114.0,284.0,9784.0,3335.0,"{""type"":""Point"",""coordinates"":[81.56902928909793,21.220448861367906]}",81.56902928909793,21.220448861367906
430,42.42549569000005,0.0195324901000852,0.1122272977122386,-0.1242886977180848,21824.0,0.0,9287.5,9837.0,11426.5,11709.5,14670.0,15254.5,13422.0,224.0,5717.0,48734.5,302.5,1647.0,9617.5,183.0,384.5,10138.5,3521.0,"{""type"":""Point"",""coordinates"":[81.60822271055537,21.348666551578667]}",81.60822271055537,21.348666551578667
431,45.819589550000046,-0.016866648818361,0.022440838900717,-0.0202686202686202,21952.0,0.0,8111.0,8699.0,10030.0,9986.5,10445.0,10098.5,9357.0,224.0,6369.5,49727.5,13916.5,1461.5,9652.0,72.0,223.0,10793.5,3053.0,"{""type"":""Point"",""coordinates"":[81.72643247014368,21.17133531858361]}",81.72643247014368,21.17133531858361
432,47.60379598999998,0.0065851364063969,0.0778652668416448,-0.0930291508238276,21824.0,0.0,8816.5,9421.0,10734.0,11067.0,12936.0,13107.5,12066.5,224.0,6209.5,50249.5,4661.5,1509.5,9659.0,84.0,247.0,10922.0,3173.0,"{""type"":""Point"",""coordinates"":[81.67157720807002,21.372719924436286]}",81.67157720807002,21.372719924436286
433,43.84226497999998,-0.0615762405596997,0.0515397677727293,-0.0430190740656439,21824.0,0.0,8536.0,9097.0,10511.0,10333.0,11456.0,10127.0,9139.0,224.0,5977.0,49149.0,320.0,1574.0,9658.0,103.0,281.0,10234.0,3334.0,"{""type"":""Point"",""coordinates"":[81.54778642488553,21.14389837509454]}",81.54778642488553,21.14389837509454
434,47.231231810000054,0.0540995829996409,0.1260252806680145,-0.1715492620525712,21824.0,0.0,9798.5,10409.0,12110.5,13292.5,17126.0,19085.0,16402.5,224.0,5981.0,50140.5,379.0,1573.0,9685.0,97.0,254.5,10559.0,3332.0,"{""type"":""Point"",""coordinates"":[81.5369008127461,21.195594214021007]}",81.5369008127461,21.195594214021007
435,49.97590187000003,-0.0661908633721805,0.2656847674543309,-0.2613784135240572,21824.0,0.0,8399.0,8929.0,10366.0,10270.5,17702.5,15504.5,12121.0,209.0,6354.0,50943.5,14009.0,1470.0,9651.0,80.0,227.0,11220.5,3071.5,"{""type"":""Point"",""coordinates"":[81.67183075144874,21.14104953947954]}",81.67183075144874,21.14104953947954
436,48.48564514999998,-0.0059458640030992,0.1597405623737766,-0.1611836988645201,21824.0,0.0,8827.0,9305.0,10785.5,10817.5,14930.5,14754.0,12358.5,224.0,5893.5,50507.5,5502.0,1597.0,9568.0,143.0,320.0,10804.0,3395.5,"{""type"":""Point"",""coordinates"":[81.64555566518948,21.1980028580711]}",81.64555566518948,21.1980028580711
437,42.62032283000002,-0.0758323313570214,0.1527065147375669,-0.1317166782972784,21824.0,0.0,8403.0,8737.5,9954.0,9536.5,12974.0,11145.0,9684.0,224.0,5884.5,48791.5,5690.5,1601.0,9656.0,79.0,305.5,10304.0,3404.5,"{""type"":""Point"",""coordinates"":[81.62026030987396,21.166842589358364]}",81.62026030987396,21.166842589358364
438,53.619511190000026,-0.0040874779962407,0.1936370568727943,-0.2188841201716738,21824.0,0.0,8619.0,9252.0,10783.5,11367.5,16827.0,16690.0,13843.0,224.0,6354.0,52009.5,14051.5,1470.0,9719.5,58.0,226.0,11658.5,3071.5,"{""type"":""Point"",""coordinates"":[81.65134249672404,21.12339500373407]}",81.65134249672404,21.12339500373407
439,50.73982934000003,0.0294235121821328,0.0589553632571748,-0.0788811602782299,21824.0,0.0,9033.0,9626.0,10892.0,11337.0,12757.5,13531.0,12903.0,224.0,6201.5,51167.0,4962.0,1511.0,9643.0,72.0,247.5,11218.5,3176.5,"{""type"":""Point"",""coordinates"":[81.63763980666914,21.315949168978165]}",81.63763980666914,21.315949168978165
440,48.10453591999999,0.0338943174867073,0.1431646932185145,-0.1600218459858001,21824.0,0.0,9165.0,9761.0,11150.5,11542.0,15399.0,16479.5,14278.0,224.0,6195.5,50396.0,158.0,1515.5,9721.0,53.0,373.0,10627.0,3186.5,"{""type"":""Point"",""coordinates"":[81.59894548606856,21.378430829364955]}",81.59894548606856,21.378430829364955
441,58.62007445,0.0596594427244582,0.1077153120954065,-0.1435832752875619,21824.0,0.0,9280.5,9888.5,11373.0,12233.0,15186.5,17113.5,14994.0,224.0,6359.5,53472.5,14069.0,1468.0,9634.0,166.0,259.0,12138.5,3067.5,"{""type"":""Point"",""coordinates"":[81.6391327982069,21.15091841536459]}",81.6391327982069,21.15091841536459
442,56.097575689999985,0.0427382426633643,0.1467457866864466,-0.1809283569893237,21824.0,0.0,9424.5,10070.0,11527.0,12366.0,16619.5,18103.5,15318.5,224.0,6360.0,52734.5,14072.5,1468.0,9627.5,111.0,238.0,11858.0,3067.5,"{""type"":""Point"",""coordinates"":[81.63552586750005,21.16994622636021]}",81.63552586750005,21.16994622636021
443,47.61746807000003,-0.0230719445853522,0.1275882012724118,-0.1385190376080355,21824.0,0.0,8816.0,9414.0,11064.0,11313.0,14622.0,13962.5,12460.5,224.0,5888.5,50253.5,5731.5,1599.5,9658.0,81.0,300.0,10788.5,3400.5,"{""type"":""Point"",""coordinates"":[81.61983676377201,21.161611110074215]}",81.61983676377201,21.161611110074215
444,42.406696580000016,0.0047718914318713,0.1441749947585435,-0.1605174552542973,21824.0,0.0,9321.0,10069.0,11843.0,12246.0,16372.0,16529.0,14716.0,224.0,5984.0,48729.0,166.0,1574.0,9710.0,122.0,351.0,10063.0,3334.0,"{""type"":""Point"",""coordinates"":[81.59646967446861,21.215854437395965]}",81.59646967446861,21.215854437395965
445,48.383104549999985,-0.0003014237841096473,0.1462240191795851,-0.1501029498705481,21824.0,0.0,8420.0,9059.0,10422.5,10505.5,14104.0,14095.5,12162.5,224.0,6211.0,50477.5,4813.5,1507.5,9594.0,113.0,261.5,10950.0,3169.0,"{""type"":""Point"",""coordinates"":[81.70843645529399,21.334884759813367]}",81.70843645529399,21.334884759813367
446,47.19363358999999,0.0583540515289236,0.1167787251624535,-0.1473334876900517,21824.0,0.0,9243.5,9654.0,11048.0,11757.0,14866.0,16708.5,14556.5,224.0,6182.5,50129.5,717.5,1518.0,9677.0,37.0,237.0,10532.5,3192.5,"{""type"":""Point"",""coordinates"":[81.52596571313529,21.26687733750225]}",81.52596571313529,21.26687733750225
447,49.30084292000003,0.0411477270857669,0.1095879978676414,-0.1455753430042851,21824.0,0.0,9218.5,9654.0,10867.0,11692.0,14570.0,15820.5,14331.5,224.0,6181.5,50746.0,794.5,1518.5,9615.5,140.0,253.5,10684.5,3194.5,"{""type"":""Point"",""coordinates"":[81.5255968645118,21.278124269418292]}",81.5255968645118,21.278124269418292
448,44.59764740000003,0.0031653583185616,0.1307313920505547,-0.1469152888047199,21824.0,0.0,9303.0,9963.0,11712.0,12105.0,15746.0,15846.0,14212.0,224.0,5997.0,49370.0,299.0,1568.0,9689.0,76.0,276.0,10240.0,3320.0,"{""type"":""Point"",""coordinates"":[81.59471988325359,21.228786111865418]}",81.59471988325359,21.228786111865418
449,55.21572652999998,0.0660197286940303,0.1233592120712921,-0.1652850494473531,21824.0,0.0,9363.0,9951.0,11479.0,12505.5,16025.0,18290.5,15727.0,224.0,6372.5,52476.5,13936.0,1461.0,9665.0,54.0,226.0,11794.0,3051.5,"{""type"":""Point"",""coordinates"":[81.71113298566061,21.18653220865533]}",81.71113298566061,21.18653220865533
450,41.27874998000004,-0.0403967142881238,0.2147386663515695,-0.2050089864812065,21824.0,0.0,8514.0,8919.5,10173.5,9968.5,15420.5,14223.0,11576.0,224.0,6172.5,48399.0,371.5,1522.5,9658.0,44.0,269.0,10126.5,3203.0,"{""type"":""Point"",""coordinates"":[81.55684472792652,21.243032917940358]}",81.55684472792652,21.243032917940358
451,46.292985320000014,-0.0274730872414847,0.1320811195090922,-0.1484532169292085,21824.0,0.0,9123.0,9778.0,11217.0,11598.0,15128.0,14319.0,12804.0,224.0,6375.0,49866.0,10092.0,1463.0,9733.0,104.0,228.0,10909.0,3056.0,"{""type"":""Point"",""coordinates"":[81.63774444625942,21.27325558523738]}",81.63774444625942,21.27325558523738
452,58.00824886999999,0.0696801488715346,0.0924303830566087,-0.1310451513100647,21824.0,0.0,9168.0,9783.0,11234.5,12148.5,14623.0,16813.5,14953.0,209.0,6363.5,53293.5,13994.5,1466.0,9696.5,70.0,231.0,12125.0,3062.5,"{""type"":""Point"",""coordinates"":[81.67616344974964,21.174977238181576]}",81.67616344974964,21.174977238181576
453,54.73207669999999,0.0346616972477064,0.1277044678143211,-0.1704934559296403,21824.0,0.0,9234.0,10106.0,11931.0,13022.5,16835.5,18044.5,15528.5,224.0,6358.5,52335.0,14037.0,1468.5,9580.0,174.0,258.0,11671.0,3068.5,"{""type"":""Point"",""coordinates"":[81.65438202297555,21.16134574112355]}",81.65438202297555,21.16134574112355
454,47.097929030000046,0.0288511076764554,0.1717064609309298,-0.1879518072289156,21824.0,0.0,8816.5,9504.5,10952.5,11326.5,16022.5,16974.5,13894.0,224.0,6203.0,50101.5,5187.5,1508.5,9707.0,117.0,296.5,10901.5,3171.5,"{""type"":""Point"",""coordinates"":[81.74917706758102,21.254145570693268]}",81.74917706758102,21.254145570693268
455,44.08836242000001,-0.1150950443278095,0.1747675357756746,-0.1699459637833601,21824.0,0.0,7923.5,8618.5,10061.5,9962.0,14181.5,11254.0,9760.5,224.0,6351.0,49221.0,14104.5,1473.0,9659.0,74.0,223.0,10627.0,3078.5,"{""type"":""Point"",""coordinates"":[81.6211821217514,21.16477009440411]}",81.6211821217514,21.16477009440411
456,50.707358150000005,0.0991283142219685,0.1461530844638082,-0.1888459036598308,21824.0,0.0,9741.0,10352.0,11846.5,12934.5,17362.5,21183.5,18147.5,192.0,6196.0,51157.5,5522.0,1509.0,9661.0,52.0,289.5,11228.5,3174.5,"{""type"":""Point"",""coordinates"":[81.75266582100063,21.192828660429104]}",81.75266582100063,21.192828660429104
457,46.699729700000034,0.0089252042740414,0.1773314417979541,-0.1899030298456778,21824.0,0.0,8784.0,9325.0,10735.0,11018.0,15768.0,16052.0,12970.0,224.0,6004.0,49985.0,210.0,1568.0,9548.0,439.0,396.0,10494.0,3319.0,"{""type"":""Point"",""coordinates"":[81.55375951854286,21.34852151995139]}",81.55375951854286,21.34852151995139
458,48.31987118000001,0.0398327931420955,0.1506879151994772,-0.1716133801515431,21824.0,0.0,9126.0,9713.0,11206.0,11698.0,15849.0,17164.0,14327.0,224.0,5979.0,50459.0,358.0,1575.0,9708.0,118.0,286.0,10518.0,3336.0,"{""type"":""Point"",""coordinates"":[81.55476675333648,21.19872127209633]}",81.55476675333648,21.19872127209633
459,47.318391320000046,0.0586375218739446,0.1111795615147671,-0.1322698570953805,21824.0,0.0,9006.5,9778.0,11749.5,12263.5,15331.5,17241.5,14553.0,224.0,5980.0,50166.0,120.0,1574.0,9677.5,141.0,378.0,10468.5,3335.0,"{""type"":""Point"",""coordinates"":[81.57687621525415,21.1818723462049]}",81.57687621525415,21.1818723462049
460,47.17312547000006,-0.0036761409486236,0.0664507216691278,-0.0668318600938743,21824.0,0.0,8132.0,8690.5,9791.5,9799.0,11194.0,11112.0,10348.0,224.0,6201.5,50123.5,4771.0,1513.0,9660.0,117.0,249.5,10874.0,3181.0,"{""type"":""Point"",""coordinates"":[81.64711753079625,21.372209524777407]}",81.64711753079625,21.372209524777407
461,51.31405670000004,-0.0309513714490721,0.1781587774878867,-0.180578898225957,21824.0,0.0,9244.0,10075.0,10970.0,11025.0,15805.0,14856.0,13060.0,224.0,6366.0,51335.0,10332.0,1467.0,9595.0,224.0,274.0,11326.0,3065.0,"{""type"":""Point"",""coordinates"":[81.68712552745608,21.247692841432333]}",81.68712552745608,21.247692841432333
462,48.78301289000001,0.0369756905539046,0.1215250198570293,-0.1440256182723099,21824.0,0.0,9174.0,9708.5,11093.0,11613.0,14826.0,15964.5,13909.5,224.0,6185.5,50594.5,590.0,1517.5,9666.0,98.0,279.5,10752.5,3191.0,"{""type"":""Point"",""coordinates"":[81.56189245421899,21.282690131562035]}",81.56189245421899,21.282690131562035
463,42.11958290000001,0.0347192456065152,0.0766962827204271,-0.0863046187241226,21824.0,0.0,9315.0,9757.0,11365.0,11587.0,13512.0,14484.0,13426.0,224.0,6016.0,48645.0,69.0,1560.0,9696.0,111.0,386.0,10290.0,3301.0,"{""type"":""Point"",""coordinates"":[81.63173103082549,21.240548215142617]}",81.63173103082549,21.240548215142617
464,42.198197359999995,0.0043238848442292,0.1301174496644295,-0.1260082751703096,21824.0,0.0,8566.0,9054.0,10456.0,10369.0,13471.0,13588.0,11650.0,224.0,6012.0,48668.0,508.0,1566.0,9742.0,71.0,258.0,10335.0,3314.0,"{""type"":""Point"",""coordinates"":[81.64931977817464,21.3361583640536]}",81.64931977817464,21.3361583640536
465,43.476536839999994,-0.0209825513520335,0.1595771367138505,-0.1835405998536942,21824.0,0.0,8824.0,9272.0,11161.0,11726.0,16179.0,15514.0,13283.0,224.0,6021.0,49042.0,185.0,1561.0,9655.0,88.0,325.0,10249.0,3304.0,"{""type"":""Point"",""coordinates"":[81.70051488627212,21.290747736549616]}",81.70051488627212,21.290747736549616
466,46.50661157000002,0.0165998855180309,0.1197184409973743,-0.1394515927308559,21824.0,0.0,9186.5,9879.5,11353.0,11818.0,15032.5,15540.0,13978.0,224.0,6193.5,49928.5,4954.5,1514.0,9639.0,114.0,360.5,10788.0,3183.5,"{""type"":""Point"",""coordinates"":[81.64393548006356,21.29217102262316]}",81.64393548006356,21.29217102262316
467,40.665215390000014,-0.0095270605759682,0.1971589968167516,-0.1969827982706282,21824.0,0.0,8514.5,9138.0,10912.0,10908.0,16265.5,15958.5,13316.5,224.0,6188.0,48219.5,293.0,1517.5,9519.0,259.0,323.0,9974.5,3191.5,"{""type"":""Point"",""coordinates"":[81.57472190269303,21.333343671205842]}",81.57472190269303,21.333343671205842
468,46.651877420000005,0.028123828173826,0.0718683944490396,-0.0724104638867178,21824.0,0.0,8480.0,8985.0,10088.0,10099.0,11663.0,12338.0,11303.0,224.0,6045.0,49971.0,235.0,1552.0,9585.0,238.0,338.0,10666.0,3282.0,"{""type"":""Point"",""coordinates"":[81.68702228347567,21.366365306700498]}",81.68702228347567,21.366365306700498
469,55.497713180000005,0.0693063499046781,0.0967217930772288,-0.1407002660148105,21824.0,0.0,9515.5,10352.5,11952.0,13067.5,15866.0,18229.0,15944.5,224.0,6361.5,52559.0,14000.5,1467.0,9694.0,101.0,235.0,11846.0,3065.0,"{""type"":""Point"",""coordinates"":[81.67298507443607,21.171916196899545]}",81.67298507443607,21.171916196899545
470,57.92279837000001,0.0397186781479644,0.095021849027504,-0.1275011469103998,21824.0,0.0,10034.5,10796.5,12362.0,13202.5,15975.0,17296.5,15261.0,224.0,6357.5,53268.5,14113.0,1469.0,9667.5,66.0,230.0,12088.0,3069.0,"{""type"":""Point"",""coordinates"":[81.62063871870497,21.133074354362122]}",81.62063871870497,21.133074354362122
471,46.77834416000002,0.0430022963918336,0.1215897360271346,-0.1429537513619115,21824.0,0.0,9235.0,9911.0,11406.0,11913.0,15211.0,16578.0,14458.0,224.0,6031.0,50008.0,341.0,1558.0,9660.0,96.0,270.0,10726.0,3296.0,"{""type"":""Point"",""coordinates"":[81.7018688799329,21.332124563427854]}",81.7018688799329,21.332124563427854
472,45.05224406000002,0.0101095482823911,0.1709863210943124,-0.1740385772145807,21824.0,0.0,8710.0,9198.0,10298.5,10363.5,14638.5,14937.5,12405.0,224.0,6188.5,49503.0,4950.5,1517.0,9764.0,66.0,298.0,10735.0,3190.5,"{""type"":""Point"",""coordinates"":[81.66751268484822,21.296199206413434]}",81.66751268484822,21.296199206413434
473,44.180648959999985,-0.0131160066216732,0.1734513274336283,-0.180327868852459,21824.0,0.0,9111.0,9491.0,11050.0,11208.0,15912.0,15500.0,13685.0,224.0,6033.0,49248.0,169.0,1556.0,9687.0,67.0,331.0,10266.0,3292.0,"{""type"":""Point"",""coordinates"":[81.74991679392073,21.282133549550785]}",81.74991679392073,21.282133549550785
474,43.295381780000014,-0.0123646058990168,0.1723658818988807,-0.1689821050606119,21824.0,0.0,8708.0,9197.0,10797.0,10722.0,15188.0,14817.0,12594.0,224.0,6012.0,48989.0,572.0,1566.0,9742.0,110.0,261.0,10207.0,3315.0,"{""type"":""Point"",""coordinates"":[81.625625978271,21.356176407186716]}",81.625625978271,21.356176407186716
475,51.29696660000002,0.0106978843141939,0.1440324165029469,-0.1984050421248955,21824.0,0.0,9654.0,10608.0,12464.0,13942.0,18634.0,19037.0,15458.0,224.0,6366.0,51330.0,11020.0,1466.0,9646.0,114.0,235.0,11360.0,3062.0,"{""type"":""Point"",""coordinates"":[81.6447286690808,21.188272709679786]}",81.6447286690808,21.188272709679786
476,51.36361799000002,-0.0051764579008384,0.1620614957844375,-0.2133233532934131,21824.0,0.0,9091.0,10063.0,12086.5,13442.0,18641.5,18449.5,14907.5,224.0,6358.5,51349.5,14005.0,1468.0,9602.0,137.0,242.0,11330.0,3067.5,"{""type"":""Point"",""coordinates"":[81.67195565731514,21.1569392089546]}",81.67195565731514,21.1569392089546
477,43.71408923000001,-0.0291033198883028,0.0773961626748668,-0.0805316653635652,21824.0,0.0,8567.5,9151.0,10584.0,10651.0,12438.0,11734.5,10565.0,224.0,6207.0,49111.5,4762.5,1510.5,9695.0,72.0,258.0,10552.5,3175.0,"{""type"":""Point"",""coordinates"":[81.70635272324134,21.341908203273732]}",81.70635272324134,21.341908203273732
478,57.570742310000014,0.0386400971359188,0.1612858695839732,-0.1931566350500842,21824.0,0.0,9264.5,9914.5,11377.5,12151.5,16825.0,18177.5,14977.0,177.0,6358.5,53165.5,14059.0,1468.5,9603.0,99.0,237.0,11996.5,3068.0,"{""type"":""Point"",""coordinates"":[81.64413945356232,21.15204363644053]}",81.64413945356232,21.15204363644053
479,48.19511345000001,0.017822265625,0.1209919789821467,-0.1349521410579345,21824.0,0.0,8883.5,9488.0,10732.0,11041.0,14080.5,14591.5,12823.0,209.0,6191.0,50422.5,4938.0,1516.5,9667.0,99.0,251.0,10987.5,3189.5,"{""type"":""Point"",""coordinates"":[81.657106726206,21.322686141618252]}",81.657106726206,21.322686141618252
480,44.58910235000002,-0.0234787653039416,0.1825798599474362,-0.1925717741648582,21824.0,0.0,9143.0,9709.5,11348.0,11585.5,16761.0,15992.0,13559.0,224.0,5979.0,49367.5,242.0,1576.0,9690.0,81.0,306.5,10238.0,3338.0,"{""type"":""Point"",""coordinates"":[81.58404979210796,21.211780698054433]}",81.58404979210796,21.211780698054433
481,54.95595701000002,0.0737255354771664,0.1176204242276479,-0.1631565592489215,21824.0,0.0,9192.0,9940.0,11543.0,12667.0,16044.0,18598.0,15903.0,209.0,6369.5,52400.5,13906.0,1461.0,9646.5,159.0,252.0,11747.5,3052.5,"{""type"":""Point"",""coordinates"":[81.73485596071806,21.168099390341997]}",81.73485596071806,21.168099390341997
482,52.69151876000001,-0.0009171120457923532,0.1107211791542375,-0.1386120804403353,21824.0,0.0,9348.0,10235.0,11972.0,12670.0,15825.0,15796.0,14302.0,224.0,6373.0,51738.0,10245.0,1464.0,9626.0,127.0,239.0,11498.0,3058.0,"{""type"":""Point"",""coordinates"":[81.65593641577554,21.257618523226622]}",81.65593641577554,21.257618523226622
483,46.07081402000006,-0.0336752406501499,0.1909385113268608,-0.201202963397638,21824.0,0.0,8726.0,9395.0,10890.0,11125.0,16376.0,15309.0,12906.0,224.0,6373.0,49801.0,10091.0,1465.0,9733.0,104.0,228.0,10886.0,3059.0,"{""type"":""Point"",""coordinates"":[81.63885932503813,21.273335355373145]}",81.63885932503813,21.273335355373145
484,49.44952679000005,0.0246733928340447,0.1345332806710677,-0.1480938695494947,21824.0,0.0,9720.0,10213.5,11190.0,11504.0,15080.5,15843.5,13956.0,224.0,6192.5,50789.5,4967.0,1516.0,9670.0,169.0,267.5,11112.0,3187.5,"{""type"":""Point"",""coordinates"":[81.63348065672085,21.32989111980619]}",81.63348065672085,21.32989111980619
485,44.84887187000004,-0.0573018638136494,0.2083582931040558,-0.2195963368009247,21824.0,0.0,8758.0,9434.5,10971.5,11233.0,17146.0,15287.5,12369.0,224.0,6190.0,49443.5,4935.5,1517.0,9687.0,89.0,279.0,10670.5,3190.0,"{""type"":""Point"",""coordinates"":[81.66246920223256,21.30723664923612]}",81.66246920223256,21.30723664923612
486,47.48587429999998,0.00014983268683303643,0.1558506543494996,-0.1651340550188181,21824.0,0.0,8747.0,9334.0,10758.5,10965.5,15014.5,15019.0,12779.0,209.0,6201.0,50215.0,5020.0,1512.0,9697.0,50.0,240.5,10933.5,3179.0,"{""type"":""Point"",""coordinates"":[81.7066738526719,21.313674811929015]}",81.7066738526719,21.313674811929015
487,50.45442466999998,0.0482597417405433,0.1497839075709833,-0.1789756175073712,21824.0,0.0,9392.5,10034.0,11625.5,12344.5,16694.0,18387.0,15349.0,224.0,5893.0,51083.5,5571.5,1597.5,9698.0,76.0,301.0,11074.0,3396.0,"{""type"":""Point"",""coordinates"":[81.63233958007473,21.188479928732654]}",81.63233958007473,21.188479928732654
488,47.76273392000002,0.0383292086678336,0.143308216720488,-0.1631319583865668,21824.0,0.0,9225.0,9767.0,11463.0,11938.0,15932.0,17202.0,14534.0,224.0,6035.0,50296.0,232.0,1557.0,9595.0,173.0,319.0,10489.0,3293.0,"{""type"":""Point"",""coordinates"":[81.74450784364576,21.313511137356613]}",81.74450784364576,21.313511137356613
489,48.80864803999998,0.0276955938172004,0.1408975444538526,-0.1662973478290977,21824.0,0.0,8977.0,9821.5,12039.5,12682.5,16842.5,17802.0,15025.0,224.0,6189.0,50602.0,5344.0,1514.0,9696.0,36.0,392.5,11069.5,3184.5,"{""type"":""Point"",""coordinates"":[81.73147892967316,21.215888903074852]}",81.73147892967316,21.215888903074852
490,43.965313700000024,-0.063393619786831,0.206810806254478,-0.1849859294818738,21824.0,0.0,8296.0,8598.0,9847.0,9410.0,14317.0,12610.0,10423.0,224.0,5999.0,49185.0,530.0,1569.0,9637.0,100.0,263.0,10358.0,3321.0,"{""type"":""Point"",""coordinates"":[81.58574464734939,21.290396637070234]}",81.58574464734939,21.290396637070234
491,56.38981640000003,0.0913416602939927,0.1041437224669603,-0.1525776899586851,21824.0,0.0,9635.0,10183.0,11794.0,13015.0,16041.0,19266.0,17161.0,224.0,6370.0,52820.0,11028.0,1462.0,9710.0,106.0,236.0,11958.0,3053.0,"{""type"":""Point"",""coordinates"":[81.72627270546194,21.1835553093625]}",81.72627270546194,21.1835553093625
492,55.34732029999998,0.0488391199829595,0.1022639114182946,-0.1425542802836464,21824.0,0.0,9323.5,10001.5,11729.0,12729.0,15629.0,17234.0,14840.5,224.0,6358.5,52515.0,14024.5,1468.5,9661.5,117.0,239.0,11802.5,3068.5,"{""type"":""Point"",""coordinates"":[81.66074191202073,21.163608461005275]}",81.66074191202073,21.163608461005275
493,43.29196376000005,-0.0202442031579366,0.0955838387289655,-0.1080298907174636,21824.0,0.0,8474.0,9122.0,10325.0,10588.0,12826.0,12317.0,11240.0,224.0,6033.0,48988.0,456.0,1557.0,9658.0,84.0,262.0,10278.0,3294.0,"{""type"":""Point"",""coordinates"":[81.66842301105201,21.356922992820795]}",81.66842301105201,21.356922992820795
494,47.697791540000026,0.0271354412458706,0.1753973344736654,-0.2022598870056497,21824.0,0.0,8920.0,9485.0,10943.0,11570.0,16492.0,17412.0,14198.0,224.0,5972.0,50277.0,364.0,1576.0,9622.0,138.0,283.0,10587.0,3339.0,"{""type"":""Point"",""coordinates"":[81.52518236796212,21.166729301247738]}",81.52518236796212,21.166729301247738
495,47.63797619000002,-0.0084490324998828,0.1625796694393432,-0.1841337954557957,21824.0,0.0,8918.5,9474.0,11122.5,11628.0,16143.0,15872.5,13496.5,224.0,6186.0,50259.5,491.0,1518.0,9693.0,112.0,302.0,10740.5,3192.0,"{""type"":""Point"",""coordinates"":[81.56111536011939,21.31231590941716]}",81.56111536011939,21.31231590941716
496,45.195800899999995,-0.0757151741293532,0.2528519175750552,-0.2429936763437769,21824.0,0.0,8240.0,8928.0,10534.5,10315.5,17297.5,14862.5,11661.0,209.0,6196.0,49545.0,5516.0,1509.0,9704.0,78.0,306.0,10709.0,3174.0,"{""type"":""Point"",""coordinates"":[81.7343873741305,21.189040514442247]}",81.7343873741305,21.189040514442247
497,48.730033580000054,0.0641991924629878,0.0946589522572519,-0.1105254751637118,21824.0,0.0,10981.0,11029.0,11138.0,11501.0,13906.0,15814.0,15605.0,96.0,6037.0,50579.0,350.0,1556.0,9554.0,306.0,341.0,10845.0,3291.0,"{""type"":""Point"",""coordinates"":[81.67964959007243,21.358783440910216]}",81.67964959007243,21.358783440910216
498,55.022608400000024,0.0134995404411764,0.165970737006484,-0.196141255136867,21824.0,0.0,9242.0,9997.0,11541.0,12284.0,17173.0,17643.0,14511.0,224.0,6361.0,52420.0,11012.0,1469.0,9654.0,115.0,238.0,11766.0,3069.0,"{""type"":""Point"",""coordinates"":[81.5959028040417,21.19425335502825]}",81.5959028040417,21.19425335502825
499,43.403049409999994,-0.0023235182290566,0.0802467730552962,-0.076961485213681,21824.0,0.0,8466.5,8958.5,10167.5,10100.5,11863.0,11808.0,10559.5,224.0,6203.5,49020.5,4871.5,1511.5,9650.0,117.0,251.5,10493.0,3177.5,"{""type"":""Point"",""coordinates"":[81.69622397571217,21.33450352132693]}",81.69622397571217,21.33450352132693
500,51.38412611000001,0.0709276757591965,0.0907536934642689,-0.1266372398882983,21824.0,0.0,9731.5,10431.5,12119.0,13032.0,15633.5,18020.5,15657.0,224.0,5901.0,51355.5,5463.5,1593.0,9641.0,77.0,292.5,11134.5,3387.0,"{""type"":""Point"",""coordinates"":[81.65059708001127,21.209749400132047]}",81.65059708001127,21.209749400132047
501,44.30027966,-0.0009367539963134198,0.1830422515089824,-0.1974982827808105,21824.0,0.0,8898.0,9561.0,11099.0,11437.0,16562.0,16531.0,14160.0,224.0,6029.0,49283.0,287.0,1558.0,9704.0,58.0,272.0,10220.0,3296.0,"{""type"":""Point"",""coordinates"":[81.72200647899454,21.29220702869841]}",81.72200647899454,21.29220702869841
502,54.504778370000054,0.0501693019788139,0.1110061407652338,-0.141044539398802,21824.0,0.0,8991.5,9818.0,11508.5,12233.0,15288.0,16903.0,14787.5,224.0,6369.0,52268.5,13952.5,1463.0,9706.5,90.0,231.0,11750.0,3056.5,"{""type"":""Point"",""coordinates"":[81.69955924974244,21.189839909383505]}",81.69955924974244,21.189839909383505
503,48.138716120000026,0.0522966008617533,0.1506530807631813,-0.1694467611898804,21824.0,0.0,9514.0,10233.0,11950.0,12420.0,16826.0,18683.0,15823.0,224.0,6032.0,50406.0,183.0,1558.0,9598.0,92.0,338.0,10549.0,3295.0,"{""type"":""Point"",""coordinates"":[81.7634489215383,21.298185550325964]}",81.7634489215383,21.298185550325964
504,41.01898046000002,-0.0659789801479174,0.2341144659756647,-0.2181487934166141,21824.0,0.0,8484.0,9022.0,10546.0,10197.0,16431.0,14397.0,11472.0,224.0,5986.0,48323.0,443.0,1574.0,9721.0,92.0,281.0,10162.0,3332.0,"{""type"":""Point"",""coordinates"":[81.57209556138635,21.243670169836292]}",81.57209556138635,21.243670169836292
505,56.32145600000001,0.0940436012040499,0.0884781179221158,-0.1333586915176873,21824.0,0.0,9326.0,9967.0,11392.0,12476.0,14898.0,17991.0,15501.0,224.0,6368.0,52800.0,10860.0,1464.0,9702.0,88.0,232.0,11945.0,3059.0,"{""type"":""Point"",""coordinates"":[81.70057276506795,21.199373437341006]}",81.70057276506795,21.199373437341006
506,50.45955170000002,0.0708272693547926,0.1226769644519532,-0.1624776865405212,21824.0,0.0,9478.0,10139.5,11729.5,12722.5,16280.5,18762.5,16221.5,209.0,6204.0,51085.0,5075.0,1509.5,9611.0,87.0,279.0,11180.0,3173.5,"{""type"":""Point"",""coordinates"":[81.75466603889332,21.2794519350135]}",81.75466603889332,21.2794519350135
507,59.91721303999998,0.0692560658366191,0.0926342072409488,-0.1314015234382768,21824.0,0.0,8980.0,9574.5,10918.5,11810.5,14222.0,16338.5,14500.0,224.0,6354.5,53852.0,14077.0,1469.5,9632.5,103.0,240.0,12278.5,3070.5,"{""type"":""Point"",""coordinates"":[81.63902159755072,21.121921091075023]}",81.63902159755072,21.121921091075023
508,50.893640240000025,0.0656772547176146,0.1031994608095785,-0.1236472298497819,21824.0,0.0,8896.0,9395.0,10851.0,11310.0,13913.0,15869.0,13690.0,224.0,5997.0,51212.0,675.0,1569.0,9734.0,69.0,248.0,10827.0,3322.0,"{""type"":""Point"",""coordinates"":[81.51423789756176,21.32027133367166]}",81.51423789756176,21.32027133367166
509,47.40896885000001,-0.0012173720573587,0.1728058966238865,-0.1834576068471902,21824.0,0.0,8712.5,9356.5,10923.5,11166.5,15832.0,15793.5,13136.5,224.0,6190.5,50192.5,5122.0,1515.0,9674.0,55.0,332.5,10907.0,3186.5,"{""type"":""Point"",""coordinates"":[81.72176372945904,21.25823083751059]}",81.72176372945904,21.25823083751059
510,54.49794233,0.0247714808043875,0.1673717995477423,-0.1911797543729065,21824.0,0.0,8953.5,9529.5,10866.5,11414.5,16003.5,16816.5,13852.5,224.0,6362.5,52266.5,14055.5,1467.5,9660.5,150.0,248.0,11712.5,3065.5,"{""type"":""Point"",""coordinates"":[81.64245999682664,21.18316336773374]}",81.64245999682664,21.18316336773374
511,57.13152674000003,0.0670068683152601,0.1017026345291479,-0.1478264043508413,21824.0,0.0,9297.5,9967.0,11673.5,12820.5,15723.5,17982.0,15586.0,224.0,6355.5,53037.0,14115.5,1470.0,9719.5,90.0,234.0,12044.5,3071.0,"{""type"":""Point"",""coordinates"":[81.6191325768991,21.135204103189828]}",81.6191325768991,21.135204103189828
512,56.42912363000005,0.0467891179504549,0.1221430772298044,-0.1561963098528423,21824.0,0.0,9218.5,9876.5,11296.0,12108.5,15478.0,16997.5,14547.5,224.0,6359.0,52831.5,14075.0,1469.0,9674.0,93.0,234.0,11931.5,3068.5,"{""type"":""Point"",""coordinates"":[81.63459402285227,21.166169921917742]}",81.63459402285227,21.166169921917742
513,50.690268049999986,0.0832063395306309,0.1243522435734067,-0.158908619663059,21824.0,0.0,9858.0,10459.5,12007.0,12884.5,16544.0,19547.0,16922.5,224.0,5705.5,51152.5,289.5,1648.5,9625.5,107.0,313.5,10736.5,3526.0,"{""type"":""Point"",""coordinates"":[81.56830875685367,21.176783008037898]}",81.56830875685367,21.176783008037898
514,50.36384714000002,0.0250407752086731,0.0882649017969971,-0.1043731524952182,21824.0,0.0,8436.5,8953.5,10301.5,10642.0,12702.5,13355.0,12013.5,224.0,6203.5,51057.0,5242.5,1508.0,9615.0,107.0,284.5,11168.5,3171.0,"{""type"":""Point"",""coordinates"":[81.77088086066799,21.24879091697702]}",81.77088086066799,21.24879091697702
515,51.35165491999999,-0.00030039050765995795,0.1548179341094872,-0.198991838694191,21824.0,0.0,9035.5,9917.5,11679.5,12795.0,17482.5,17472.0,14508.5,224.0,6362.0,51346.0,13953.0,1466.0,9709.5,104.0,232.0,11411.0,3063.0,"{""type"":""Point"",""coordinates"":[81.70171497467352,21.169119795253664]}",81.70171497467352,21.169119795253664
516,41.48724920000001,-0.1037286722034958,0.2265214704973741,-0.2101423046882441,21824.0,0.0,8450.0,8962.5,10365.5,10015.0,15881.0,12896.0,10486.5,224.0,5719.0,48460.0,536.0,1644.5,9632.5,125.0,284.5,10232.5,3515.5,"{""type"":""Point"",""coordinates"":[81.59092052632298,21.27672730031956]}",81.59092052632298,21.27672730031956
517,47.82767630000001,0.0292882425220532,0.0927822280948055,-0.1111810891380106,21824.0,0.0,8834.0,9365.0,10584.5,10985.5,13232.5,14031.0,12789.5,224.0,6190.5,50315.0,392.0,1516.5,9609.5,184.0,293.5,10628.5,3188.5,"{""type"":""Point"",""coordinates"":[81.58580239220282,21.32065865853884]}",81.58580239220282,21.32065865853884
518,45.80762648000001,-0.0652857472775399,0.1984571108801663,-0.1909358118843342,21824.0,0.0,8454.0,8931.5,10184.5,10026.5,14991.5,13154.0,11020.5,224.0,6192.0,49724.0,4935.5,1516.5,9686.0,117.0,251.5,10754.5,3189.0,"{""type"":""Point"",""coordinates"":[81.66356944445289,21.32883988684394]}",81.66356944445289,21.32883988684394
519,54.598773919999985,0.0347490347490347,0.0846913327183902,-0.1245307076574343,21824.0,0.0,9400.0,10447.0,12359.0,13396.0,15875.0,17018.0,15613.0,194.0,6368.0,52296.0,10632.0,1464.0,9688.0,42.0,224.0,11747.0,3059.0,"{""type"":""Point"",""coordinates"":[81.72846835123613,21.21927212726069]}",81.72846835123613,21.21927212726069
520,50.39119130000006,0.044431542638571,0.1169883630411784,-0.1369131061945104,21824.0,0.0,8851.0,9273.0,10620.5,11059.5,13990.0,15291.0,13561.5,224.0,6186.0,51065.0,672.0,1517.5,9720.5,135.0,274.5,10853.5,3191.5,"{""type"":""Point"",""coordinates"":[81.51811954905078,21.30761970721837]}",81.51811954905078,21.30761970721837
521,46.86721268000002,-0.01422445181649,0.175056714850854,-0.1856153758843781,21824.0,0.0,8781.0,9389.0,10762.5,11000.0,15668.5,15229.0,12813.0,224.0,6194.5,50034.0,5006.0,1515.0,9681.0,112.0,253.5,10869.0,3185.5,"{""type"":""Point"",""coordinates"":[81.6917857847173,21.306110241810508]}",81.6917857847173,21.306110241810508
522,48.11478998000001,0.0135050382573065,0.0636072668259477,-0.0780407566480855,21824.0,0.0,8592.0,9017.0,10089.0,10386.0,11797.0,12120.0,11345.5,224.0,6207.0,50399.0,4843.5,1509.5,9531.0,273.0,307.0,10873.5,3173.5,"{""type"":""Point"",""coordinates"":[81.6667600308387,21.352505982512817]}",81.6667600308387,21.352505982512817
523,46.93899110000001,0.0350803043110735,0.1243536074858409,-0.1334243514955939,21824.0,0.0,8753.0,9237.0,10473.0,10668.0,13698.0,14694.0,12872.0,224.0,5995.0,50055.0,686.0,1571.0,9649.0,187.0,304.0,10532.0,3325.0,"{""type"":""Point"",""coordinates"":[81.55529804655534,21.29938560534804]}",81.55529804655534,21.29938560534804
524,42.64253996000002,0.0316650270536153,0.1279902592751755,-0.1650392069832815,21824.0,0.0,9370.0,9980.0,11287.0,12175.0,15749.0,16779.0,14850.0,224.0,5421.0,48798.0,348.0,1729.0,9710.0,87.0,424.0,10359.0,3729.0,"{""type"":""Point"",""coordinates"":[81.62128652068192,21.381009990026286]}",81.62128652068192,21.381009990026286
525,53.84680952000002,0.032334581772784,0.1016985288892047,-0.1363019974344878,21824.0,0.0,9156.0,10033.0,11783.0,12640.0,15502.0,16538.0,14742.0,224.0,6368.0,52076.0,10617.0,1465.0,9668.0,78.0,229.0,11650.0,3060.0,"{""type"":""Point"",""coordinates"":[81.72847635896659,21.220766921747792]}",81.72847635896659,21.220766921747792
526,45.905040050000025,0.0265544968094543,0.1649744019998972,-0.1792498613422074,21793.0,0.0,9355.0,9845.0,11838.5,12192.0,17009.5,17937.5,14969.5,224.0,6191.0,49752.5,5094.0,1515.0,9675.0,89.0,448.5,10777.0,3185.5,"{""type"":""Point"",""coordinates"":[81.71099938653668,21.25979888110391]}",81.71099938653668,21.25979888110391
527,59.601046190000034,0.0623356293049467,0.0938276113951789,-0.1317310962475909,21824.0,0.0,9212.5,9923.0,11488.5,12405.5,14974.5,16965.5,15095.0,224.0,6355.5,53759.5,14045.0,1470.5,9615.0,106.0,241.0,12230.5,3072.0,"{""type"":""Point"",""coordinates"":[81.64935149545852,21.167591208264714]}",81.64935149545852,21.167591208264714
528,47.67044738000004,0.0396324871146396,0.1139828069589112,-0.1431674415059827,21824.0,0.0,9281.0,9875.5,11242.5,11930.0,14999.5,16237.5,14190.0,224.0,6188.0,50269.0,470.5,1517.0,9643.0,85.0,282.5,10605.5,3189.5,"{""type"":""Point"",""coordinates"":[81.56816435966749,21.308427546838537]}",81.56816435966749,21.308427546838537
529,49.55206739000005,-0.0882725221506796,0.2743060589950542,-0.2743060589950542,21824.0,0.0,8792.5,9401.0,11261.5,11261.5,19775.0,16567.0,12938.0,224.0,5893.0,50819.5,5723.0,1597.0,9641.0,119.0,305.5,10948.5,3395.5,"{""type"":""Point"",""coordinates"":[81.58834053596343,21.166997061350248]}",81.58834053596343,21.166997061350248
530,43.37057822000003,0.0061276932200039,0.1048930559624963,-0.1292532285233015,21824.0,0.0,9211.0,9932.0,11631.0,12220.0,15084.0,15270.0,13883.0,224.0,6000.0,49011.0,454.0,1567.0,9648.0,85.0,263.0,10297.0,3318.0,"{""type"":""Point"",""coordinates"":[81.57841080470475,21.26231491987575]}",81.57841080470475,21.26231491987575
531,50.35359308,0.0203965576070061,0.0971275714922616,-0.1123834944141894,21824.0,0.0,8414.0,8955.5,10309.0,10632.0,12919.5,13457.5,12068.5,224.0,6203.5,51054.0,5242.0,1508.0,9645.0,200.0,310.5,11189.0,3170.5,"{""type"":""Point"",""coordinates"":[81.77117630129526,21.248637521560283]}",81.77117630129526,21.248637521560283
532,41.66840425999999,0.0032868181293968,0.190426997245179,-0.200680744651292,21824.0,0.0,8757.5,9478.5,11507.0,11755.0,17285.0,17399.0,14160.5,224.0,5902.0,48513.0,5319.5,1593.0,9687.0,101.0,373.0,10229.5,3387.0,"{""type"":""Point"",""coordinates"":[81.63129297591803,21.226745599857114]}",81.63129297591803,21.226745599857114
533,56.95549871000003,0.065055709915523,0.1270764962614609,-0.1696158977599887,21824.0,0.0,9472.0,10246.0,11825.5,12900.5,16656.5,18974.5,16453.5,224.0,6356.0,52985.5,14065.0,1469.5,9649.0,124.0,243.0,11966.0,3070.5,"{""type"":""Point"",""coordinates"":[81.64239876455666,21.142726386607137]}",81.64239876455666,21.142726386607137
534,50.03742623000005,0.072841701238958,0.1514291221982721,-0.1841972460529161,21824.0,0.0,9164.0,9821.0,11316.0,12105.5,16426.0,19007.0,15359.5,209.0,6189.0,50961.5,5483.0,1513.0,9673.0,61.0,293.5,11169.0,3182.5,"{""type"":""Point"",""coordinates"":[81.73884247925659,21.199000040014287]}",81.73884247925659,21.199000040014287
535,45.99219956000002,0.0151093203768442,0.1031324661534377,-0.1088725817211474,21824.0,0.0,8314.5,8756.5,10018.5,10135.5,12466.5,12849.0,11410.0,224.0,6209.0,49778.0,4720.0,1509.5,9687.0,153.0,265.5,10770.5,3173.0,"{""type"":""Point"",""coordinates"":[81.6927419021462,21.354385973559534]}",81.6927419021462,21.354385973559534
536,46.88259377000003,-0.0116833758230758,0.1628793326621602,-0.1693753954623519,21824.0,0.0,9129.0,9820.0,11486.5,11641.0,16171.0,15797.5,13570.5,209.0,5900.0,50038.5,5224.5,1594.5,9633.0,167.0,322.5,10689.0,3389.0,"{""type"":""Point"",""coordinates"":[81.66855252538983,21.247295695497048]}",81.66855252538983,21.247295695497048
537,47.17996151,0.0363083957524892,0.1784873454973513,-0.1900445765230312,21824.0,0.0,9002.5,9531.5,10902.0,11166.0,16018.0,17225.0,14049.0,224.0,5890.5,50125.5,5545.5,1598.5,9641.5,141.0,317.0,10717.0,3398.5,"{""type"":""Point"",""coordinates"":[81.6251026703777,21.192314686836188]}",81.6251026703777,21.192314686836188
538,40.94378402000001,-0.0459171183773386,0.1607995342518921,-0.1644603644292166,21824.0,0.0,8542.0,9221.0,10730.0,10811.0,14954.0,13641.0,11388.0,224.0,5990.0,48301.0,441.0,1572.0,9640.0,80.0,273.0,10062.0,3328.0,"{""type"":""Point"",""coordinates"":[81.57537265770694,21.24675409156112]}",81.57537265770694,21.24675409156112
539,50.93123846000003,0.0316596896698668,0.1486767766874814,-0.2073006844391661,21824.0,0.0,9777.0,10801.0,12682.0,14315.0,19315.0,20578.0,16716.0,224.0,6360.0,51223.0,11055.0,1469.0,9645.0,91.0,230.0,11322.0,3069.0,"{""type"":""Point"",""coordinates"":[81.59953950413333,21.189765467248762]}",81.59953950413333,21.189765467248762
540,47.79349610000003,0.0324445106509757,0.1528576499822506,-0.1749425661619724,21824.0,0.0,9330.5,9834.5,11402.5,11932.0,16238.0,17327.0,14725.5,224.0,5981.0,50305.0,292.5,1574.0,9662.0,79.0,274.5,10495.5,3334.0,"{""type"":""Point"",""coordinates"":[81.56165409861774,21.19148486161543]}",81.56165409861774,21.19148486161543
541,42.234086570000045,-0.024778541782816,0.213319153617661,-0.211098502873458,21824.0,0.0,8773.5,9342.5,10776.0,10726.0,16543.0,15743.0,12830.5,224.0,6176.5,48678.5,356.0,1520.5,9621.5,76.0,279.0,10205.5,3198.5,"{""type"":""Point"",""coordinates"":[81.56830108024747,21.241971396731007]}",81.56830108024747,21.241971396731007
542,52.872673820000045,-0.0645962548153436,0.2422722460384956,-0.2466862905613711,21824.0,0.0,8569.5,9205.5,10812.5,10914.5,17894.0,15722.5,12753.5,224.0,6351.5,51791.0,14128.5,1472.0,9647.5,91.0,232.0,11523.5,3075.5,"{""type"":""Point"",""coordinates"":[81.61560853939875,21.119059132681535]}",81.61560853939875,21.119059132681535
543,42.85787521999998,0.0308792121499762,0.149982400563182,-0.167801547727557,21824.0,0.0,9394.5,10000.0,11641.0,12074.5,16335.5,17376.5,14989.0,224.0,5982.0,48861.0,151.0,1575.0,9719.0,68.0,353.0,10111.5,3335.0,"{""type"":""Point"",""coordinates"":[81.59091844707353,21.20669430438556]}",81.59091844707353,21.20669430438556
544,49.74689453000002,0.0686041183166048,0.1279425717405703,-0.1680477541108206,21824.0,0.0,9307.0,9883.0,11219.5,12178.5,15752.0,18072.5,15362.5,209.0,6204.0,50876.5,5195.0,1508.0,9703.0,52.0,282.0,11176.0,3171.0,"{""type"":""Point"",""coordinates"":[81.75274110536714,21.255108027350225]}",81.75274110536714,21.255108027350225
545,41.43768791000002,-0.0152139270573378,0.2011312297677066,-0.2110180585693022,21824.0,0.0,8771.5,9388.5,10999.0,11228.5,16882.5,16376.5,13425.0,224.0,5886.0,48445.5,5773.5,1600.5,9596.5,87.0,296.5,10149.5,3403.5,"{""type"":""Point"",""coordinates"":[81.60341460633951,21.156787291361407]}",81.60341460633951,21.156787291361407
546,39.48087146,-0.0342159559834938,0.1064612554610255,-0.1043789589644725,21824.0,0.0,8333.0,8700.0,9756.0,9715.0,12030.0,11234.0,10077.0,224.0,6036.0,47873.0,425.0,1556.0,9691.0,87.0,263.0,9983.0,3291.0,"{""type"":""Point"",""coordinates"":[81.67116949764959,21.357477705508195]}",81.67116949764959,21.357477705508195
547,54.267225980000035,0.0600347089449069,0.1289080439467269,-0.1672998246639392,21824.0,0.0,9306.0,9987.0,11398.0,12329.0,15978.0,18019.0,15291.0,224.0,6370.0,52199.0,10331.0,1465.0,9684.0,68.0,227.0,11710.0,3060.0,"{""type"":""Point"",""coordinates"":[81.71393928936688,21.246690282949636]}",81.71393928936688,21.246690282949636
548,49.010311220000006,0.0035687784883926,0.0814956855225311,-0.1054488435907487,21824.0,0.0,8740.0,9624.0,11410.0,11975.0,14100.0,14201.0,13021.0,224.0,6369.0,50661.0,10113.0,1467.0,9615.0,115.0,234.0,11103.0,3063.0,"{""type"":""Point"",""coordinates"":[81.67244033229969,21.268267204722054]}",81.67244033229969,21.268267204722054
549,42.45113084000002,0.0049636002647253,0.1173039051759372,-0.1328787250875937,21824.0,0.0,9254.0,9852.0,11508.0,11878.0,15035.0,15185.0,13827.0,224.0,5992.0,48742.0,448.0,1570.0,9739.0,58.0,275.0,10250.0,3325.0,"{""type"":""Point"",""coordinates"":[81.57502565627965,21.245801766002167]}",81.57502565627965,21.245801766002167
550,45.404300120000016,0.0277816713857194,0.1351139041633935,-0.1721760292030014,21824.0,0.0,9283.5,10173.5,12246.0,13212.0,17340.0,18331.0,15983.0,224.0,6198.0,49606.0,5352.0,1509.5,9667.0,80.0,301.5,10700.5,3175.0,"{""type"":""Point"",""coordinates"":[81.75373488508761,21.2205374311484]}",81.75373488508761,21.2205374311484
551,45.29834149999999,0.0130111226694406,0.1496747012657756,-0.1628766451710223,21824.0,0.0,8815.5,9351.5,11099.0,11403.5,15418.0,15824.5,13694.5,224.0,6189.5,49575.0,229.5,1518.0,9648.0,137.0,387.5,10527.0,3191.0,"{""type"":""Point"",""coordinates"":[81.58982610106969,21.349750078269746]}",81.58982610106969,21.349750078269746
552,52.71544490000002,0.0188422247446084,0.0905093176657174,-0.122764046611742,21824.0,0.0,9221.0,10145.0,11819.0,12616.0,15127.0,15708.0,14443.0,224.0,6372.0,51745.0,10815.0,1462.0,9623.0,95.0,231.0,11494.0,3055.0,"{""type"":""Point"",""coordinates"":[81.67593230562687,21.204864628229927]}",81.67593230562687,21.204864628229927
553,59.92234007000002,0.090665398417571,0.0945045795170691,-0.1435821220139921,21824.0,0.0,9565.5,10211.5,11813.0,13050.0,15774.0,18919.5,16672.5,160.0,6354.5,53853.5,14054.0,1470.0,9680.5,102.0,240.0,12320.5,3071.5,"{""type"":""Point"",""coordinates"":[81.64924987070792,21.13097816365515]}",81.64924987070792,21.13097816365515
554,48.159224240000015,0.0111111111111111,0.0789085958335664,-0.1072617999464073,21824.0,0.0,9173.0,9998.0,11660.5,12347.0,14462.5,14787.5,13430.5,224.0,6196.0,50412.0,5206.5,1511.5,9659.0,131.0,306.0,10973.5,3179.0,"{""type"":""Point"",""coordinates"":[81.64782687487852,21.252374208549845]}",81.64782687487852,21.252374208549845
555,46.798852280000006,-0.0457615127347568,0.1999630996309963,-0.2006941495744641,21824.0,0.0,8808.5,9381.5,10824.0,10840.5,16259.5,14836.5,12215.0,224.0,6190.0,50014.0,4935.0,1517.5,9682.0,84.0,254.0,10847.5,3190.5,"{""type"":""Point"",""coordinates"":[81.66337252019696,21.315696071631443]}",81.66337252019696,21.315696071631443
556,52.71544490000002,0.0188422247446084,0.0905093176657174,-0.122764046611742,21824.0,0.0,9221.0,10145.0,11819.0,12616.0,15127.0,15708.0,14443.0,224.0,6372.0,51745.0,10815.0,1462.0,9623.0,95.0,231.0,11494.0,3055.0,"{""type"":""Point"",""coordinates"":[81.6758280262896,21.20472143010097]}",81.6758280262896,21.20472143010097
557,48.00541334000002,0.0780285035629453,0.1162957903440342,-0.1566283011137184,21824.0,0.0,9321.0,9832.0,11321.0,12291.0,15526.0,18154.0,15228.0,224.0,5982.0,50367.0,323.0,1573.0,9687.0,69.0,267.0,10590.0,3331.0,"{""type"":""Point"",""coordinates"":[81.54468204078817,21.182174757471863]}",81.54468204078817,21.182174757471863
558,40.130295260000025,-0.0498903872982129,0.1947384336256425,-0.1914957780458383,21824.0,0.0,8714.0,9230.0,10724.0,10652.0,15804.0,14302.0,12192.0,224.0,6009.0,48063.0,34.0,1566.0,9644.0,120.0,497.0,9990.0,3315.0,"{""type"":""Point"",""coordinates"":[81.668778149442,21.287586959706072]}",81.668778149442,21.287586959706072
559,50.48689586,0.0780050022068559,0.1005198089350941,-0.14462100456621,21824.0,0.0,9697.0,10167.0,11708.0,12805.0,15667.0,18318.0,16261.0,224.0,5981.0,51093.0,270.0,1573.0,9638.0,58.0,287.0,10729.0,3332.0,"{""type"":""Point"",""coordinates"":[81.55111990881225,21.18821541275451]}",81.55111990881225,21.18821541275451
560,48.35576039,0.0685589640224204,0.1219796118603761,-0.1452918908825476,21824.0,0.0,10598.0,11595.0,12587.5,13199.5,16867.0,19350.0,18340.5,224.0,6185.5,50469.5,5414.5,1515.0,9633.0,125.0,402.5,10975.5,3187.0,"{""type"":""Point"",""coordinates"":[81.68826562807047,21.204160596072565]}",81.68826562807047,21.204160596072565
561,43.69529011999998,-0.0233990954971488,0.1907721639656816,-0.1895927774180031,21824.0,0.0,8696.0,9228.0,10637.0,10611.0,15614.0,14900.0,12635.0,224.0,5975.0,49106.0,444.0,1575.0,9518.0,139.0,275.0,10347.0,3337.0,"{""type"":""Point"",""coordinates"":[81.51562744186182,21.18591012907878]}",81.51562744186182,21.18591012907878
562,44.58226631000002,-0.0385102533172497,0.1773132083212252,-0.1943606284465716,21824.0,0.0,9035.5,9811.5,11614.5,12032.0,17218.5,15941.5,13700.5,224.0,5976.0,49365.5,454.0,1575.0,9642.0,107.0,253.5,10289.0,3337.0,"{""type"":""Point"",""coordinates"":[81.53037518613282,21.19245633575303]}",81.53037518613282,21.19245633575303
563,48.14726116999998,0.0296648813570563,0.0955349620893007,-0.122195374525371,21824.0,0.0,8665.5,9580.5,11443.5,12078.0,14629.5,15524.0,13546.0,224.0,6184.0,50408.5,5440.0,1516.0,9623.0,95.0,398.0,10951.0,3188.5,"{""type"":""Point"",""coordinates"":[81.69597258302794,21.199336880744802]}",81.69597258302794,21.199336880744802
564,57.02556812,0.0581147650113167,0.0964392266263706,-0.1282869161300612,21824.0,0.0,8740.5,9446.5,10931.5,11660.0,14149.0,15895.0,14091.0,209.0,6365.5,53006.0,13926.0,1464.0,9701.5,73.0,230.0,12018.5,3058.5,"{""type"":""Point"",""coordinates"":[81.71971260857843,21.170291558828787]}",81.71971260857843,21.170291558828787
565,56.66154899000003,0.0505421476040573,0.0988580970533169,-0.1483061303627454,21824.0,0.0,9720.0,10478.5,12080.0,13356.5,16287.0,18021.0,16074.5,160.0,6353.5,52899.5,14181.5,1472.0,9574.5,125.0,243.5,11874.0,3074.5,"{""type"":""Point"",""coordinates"":[81.59015127489903,21.140740799589633]}",81.59015127489903,21.140740799589633
566,56.931572570000014,0.0708588388054164,0.0908694942015571,-0.1316790300109199,21824.0,0.0,8999.5,9690.0,11530.0,12523.5,15027.0,17319.0,15355.0,224.0,6355.0,52978.5,13957.5,1469.0,9680.0,72.0,231.0,11987.0,3070.0,"{""type"":""Point"",""coordinates"":[81.7012816435371,21.14985099725255]}",81.7012816435371,21.14985099725255
567,60.412825940000005,0.0818901847136446,0.0985759014240985,-0.1526315789473684,21824.0,0.0,9707.0,10291.0,11994.5,13387.5,16315.5,19226.0,17051.5,160.0,6352.5,53997.0,14114.0,1471.0,9667.0,106.0,241.0,12363.0,3074.0,"{""type"":""Point"",""coordinates"":[81.6216390188332,21.11843213755277]}",81.6216390188332,21.11843213755277
568,44.02000201999999,0.0238042550501059,0.1267194512350859,-0.1534438966083968,21824.0,0.0,9302.0,9806.0,11332.0,11967.0,15440.0,16193.0,14478.0,224.0,5979.0,49201.0,456.0,1575.0,9695.0,85.0,237.0,10315.0,3336.0,"{""type"":""Point"",""coordinates"":[81.5260028027115,21.225795153279762]}",81.5260028027115,21.225795153279762
569,46.05885095000002,-0.0249242398447342,0.1753152942095193,-0.1763947239863214,21824.0,0.0,8604.0,9201.0,10537.0,10560.5,15050.5,14318.5,11999.5,224.0,6191.0,49797.5,4941.0,1516.0,9632.0,100.0,300.0,10745.5,3188.0,"{""type"":""Point"",""coordinates"":[81.65528587826141,21.29995510759104]}",81.65528587826141,21.29995510759104
570,44.60619244999998,-0.0542305838554737,0.1795377205868679,-0.1873315363881401,21824.0,0.0,8542.0,9247.5,10854.0,11030.5,15858.0,14226.5,11860.5,209.0,6198.0,49372.5,5015.5,1512.5,9673.0,113.0,261.0,10624.5,3181.0,"{""type"":""Point"",""coordinates"":[81.69781438560899,21.298264580783407]}",81.69781438560899,21.298264580783407
571,46.470722360000025,0.0443627450980392,0.1187145828850154,-0.1417694644752736,21824.0,0.0,9457.0,10077.0,11723.0,12286.0,15596.0,17044.0,15447.0,224.0,5983.0,49918.0,276.0,1571.0,9759.0,74.0,288.0,10445.0,3328.0,"{""type"":""Point"",""coordinates"":[81.556892240741,21.1495937762423]}",81.556892240741,21.1495937762423
572,52.70348182999999,-0.0315349767606048,0.2012400870116301,-0.2275647196793334,21824.0,0.0,8897.0,9550.5,11032.5,11658.5,17533.0,16461.0,13213.5,224.0,6360.0,51741.5,14074.0,1469.0,9663.5,83.0,229.0,11522.5,3068.5,"{""type"":""Point"",""coordinates"":[81.63340194674697,21.1826769571455]}",81.63340194674697,21.1826769571455
573,53.25549206000005,0.0267284390591589,0.1547975615772226,-0.1831046931407942,21824.0,0.0,9047.0,9714.0,11314.0,11993.0,16386.0,17286.0,14491.0,224.0,6364.0,51903.0,11002.0,1467.0,9653.0,116.0,237.0,11573.0,3064.0,"{""type"":""Point"",""coordinates"":[81.6409847353906,21.190202732892136]}",81.6409847353906,21.190202732892136
574,59.315641519999986,0.035106179452841,0.1195545607576906,-0.1533711933528986,21824.0,0.0,8920.5,9596.5,11106.5,11899.0,15130.5,16231.5,14049.5,224.0,6354.5,53676.0,14078.5,1470.0,9632.5,103.0,240.0,12211.5,3071.5,"{""type"":""Point"",""coordinates"":[81.63801505224089,21.12249127311743]}",81.63801505224089,21.12249127311743
575,45.749520140000016,-0.0215750071074327,0.1305320562119835,-0.1530233884768967,21824.0,0.0,9615.0,10353.0,11878.0,12436.0,16170.0,15487.0,13388.0,224.0,5979.0,49707.0,332.0,1576.0,9678.0,111.0,271.0,10588.0,3337.0,"{""type"":""Point"",""coordinates"":[81.5411900786194,21.22949273485309]}",81.5411900786194,21.22949273485309
576,45.53589389000001,-0.0157389167563615,0.131634915607041,-0.1277564825253664,21824.0,0.0,8329.5,8686.5,9671.0,9595.0,12504.0,12116.5,10640.5,224.0,6210.5,49644.5,4784.5,1508.0,9668.0,199.0,275.5,10718.5,3170.0,"{""type"":""Point"",""coordinates"":[81.68155359220998,21.351961359868167]}",81.68155359220998,21.351961359868167
577,39.77823920000003,-0.0151370875061566,0.1512195121951219,-0.1795497901564288,21824.0,0.0,9080.0,9577.0,10752.0,11397.0,15458.0,14997.0,13214.0,224.0,5426.0,47960.0,413.0,1727.0,9605.0,306.0,457.0,9786.0,3725.0,"{""type"":""Point"",""coordinates"":[81.60452677861403,21.354090919737803]}",81.60452677861403,21.354090919737803
578,50.958582620000016,-0.0112582184995046,0.1385114581220847,-0.1727187271524562,21824.0,0.0,9351.0,10323.0,11881.0,12744.0,16842.0,16467.0,14356.0,224.0,6364.0,51231.0,10562.0,1467.0,9744.0,84.0,228.0,11400.0,3065.0,"{""type"":""Point"",""coordinates"":[81.69562910309733,21.226514004379826]}",81.69562910309733,21.226514004379826
579,47.26199399000001,0.0303226223572767,0.0820872639382406,-0.1159433769229338,21824.0,0.0,9738.5,10479.0,11881.5,12722.5,14998.0,15936.0,14769.5,224.0,6196.5,50149.5,5262.0,1511.5,9729.0,54.0,270.5,10929.0,3177.5,"{""type"":""Point"",""coordinates"":[81.63182771040528,21.25192462053951]}",81.63182771040528,21.25192462053951
580,52.95128828000003,-0.0260301473340365,0.159724625975924,-0.1752279990646192,21824.0,0.0,8531.0,9203.0,10581.0,10924.0,15077.0,14312.0,12129.0,224.0,6373.0,51814.0,10804.0,1462.0,9641.0,99.0,232.0,11534.0,3054.0,"{""type"":""Point"",""coordinates"":[81.6682408392356,21.206159407572517]}",81.6682408392356,21.206159407572517
581,43.90037131999998,-0.0595738906228796,0.2237764977861369,-0.2101673899566026,21824.0,0.0,8362.0,8788.0,10192.0,9905.0,15616.0,13860.0,11133.0,224.0,5972.0,49166.0,614.0,1577.0,9438.0,455.0,405.0,10120.0,3341.0,"{""type"":""Point"",""coordinates"":[81.50896091226679,21.204744107207794]}",81.50896091226679,21.204744107207794
582,47.35769855000001,0.0115899072807417,0.0612403100775193,-0.0791154995021573,21824.0,0.0,8862.5,9645.0,11098.5,11504.5,13005.5,13310.5,12521.5,224.0,6193.5,50177.5,5165.5,1513.0,9710.0,70.0,306.0,10929.5,3181.0,"{""type"":""Point"",""coordinates"":[81.6493422510316,21.256037656349804]}",81.6493422510316,21.256037656349804
583,51.05428718000002,-0.0194967939328841,0.1282328362509905,-0.1561346522958807,21824.0,0.0,8998.0,9834.0,11431.0,12101.0,15661.0,15062.0,13409.0,224.0,6369.0,51259.0,10376.0,1465.0,9598.0,158.0,248.0,11302.0,3061.0,"{""type"":""Point"",""coordinates"":[81.67826383648399,21.244005543183892]}",81.67826383648399,21.244005543183892
584,50.01862712000002,0.0497538553208393,0.1504835191260585,-0.1775461050262829,21824.0,0.0,9501.5,10188.5,11695.5,12364.5,16745.0,18498.5,15472.5,224.0,5893.0,50956.0,5554.0,1597.0,9703.5,94.0,297.5,11035.5,3396.0,"{""type"":""Point"",""coordinates"":[81.63305256808039,21.19369006343548]}",81.63305256808039,21.19369006343548
585,55.533602390000055,0.0575125491292891,0.1242296008849712,-0.1655501347120075,21824.0,0.0,9080.0,9828.0,11459.5,12469.0,16006.5,17960.0,15342.0,224.0,6360.5,52569.5,13938.5,1466.0,9755.0,66.0,228.0,11896.5,3063.5,"{""type"":""Point"",""coordinates"":[81.71346199886418,21.152241081509526]}",81.71346199886418,21.152241081509526
586,55.09438682000001,0.0269781931464174,0.1354927836550696,-0.1671026081757716,21824.0,0.0,8977.0,9697.0,11145.0,11890.0,15617.0,16483.0,13951.0,224.0,6365.0,52441.0,10916.0,1466.0,9670.0,106.0,236.0,11786.0,3063.0,"{""type"":""Point"",""coordinates"":[81.65837729391653,21.196736680740145]}",81.65837729391653,21.196736680740145
587,46.09132213999999,-0.0265462212031209,0.2033843267426757,-0.2089676671016384,21824.0,0.0,8982.5,9454.5,10911.5,11039.5,16676.5,15814.0,12816.5,224.0,6195.0,49807.0,5495.5,1510.0,9718.0,78.0,276.5,10813.0,3176.5,"{""type"":""Point"",""coordinates"":[81.7451457325219,21.20375494023821]}",81.7451457325219,21.20375494023821
588,50.15876594000002,0.0052741151977793,0.1504936190705514,-0.1634268089769084,21824.0,0.0,8695.0,9178.0,10307.0,10584.0,14334.0,14486.0,12400.0,224.0,6371.0,50997.0,9925.0,1466.0,9659.0,97.0,230.0,11257.0,3063.0,"{""type"":""Point"",""coordinates"":[81.65298917332402,21.28692062197745]}",81.65298917332402,21.28692062197745
589,49.12994192000002,0.0563317733064598,0.0698268850935285,-0.0914694377494172,21824.0,0.0,9496.0,10216.5,11497.0,12009.0,13812.0,15461.0,15111.5,224.0,6188.0,50696.0,5159.0,1516.0,9669.0,130.0,266.0,11074.5,3188.5,"{""type"":""Point"",""coordinates"":[81.6101530612416,21.28027068659812]}",81.6101530612416,21.28027068659812
590,50.34846605000001,0.0116285281809277,0.0984839488580136,-0.1163585896172335,21824.0,0.0,9138.5,9700.5,10983.0,11387.5,13875.5,14202.0,12904.5,224.0,6199.0,51052.5,4964.0,1512.0,9661.0,56.0,249.0,11195.5,3179.0,"{""type"":""Point"",""coordinates"":[81.63656995216225,21.314257198003936]}",81.63656995216225,21.314257198003936
591,46.284440270000005,-0.0112366449711408,0.205813442670962,-0.2099105552188366,21824.0,0.0,8682.0,9305.5,10754.5,10847.0,16469.0,16103.0,13242.0,224.0,6196.5,49863.5,5519.0,1509.0,9707.0,85.0,309.0,10818.5,3173.0,"{""type"":""Point"",""coordinates"":[81.73516804527496,21.18781620785288]}",81.73516804527496,21.18781620785288
592,48.31645316000004,0.0353712211263533,0.1282879903802795,-0.1604699698539074,21824.0,0.0,9017.0,9467.0,10861.0,11599.0,15013.0,16114.0,14060.0,224.0,5988.0,50458.0,725.0,1571.0,9701.0,92.0,234.0,10615.0,3326.0,"{""type"":""Point"",""coordinates"":[81.50280366737069,21.23749515949783]}",81.50280366737069,21.23749515949783
593,46.79543425999998,0.0248168139191267,0.1705092475297694,-0.183834834175269,21824.0,0.0,9016.0,9628.0,11148.0,11459.0,16170.0,16993.0,14302.0,224.0,5973.0,50013.0,198.0,1576.0,9662.0,113.0,386.0,10416.0,3339.0,"{""type"":""Point"",""coordinates"":[81.56050733204705,21.136811971663178]}",81.56050733204705,21.136811971663178
594,43.83884696000001,-0.0224535142088644,0.1989440844732421,-0.2082642343836373,21824.0,0.0,8974.0,9687.0,11458.0,11683.0,17486.0,16718.0,14375.0,224.0,6025.0,49148.0,253.0,1559.0,9668.0,90.0,292.0,10167.0,3299.0,"{""type"":""Point"",""coordinates"":[81.73184761147687,21.28358569343097]}",81.73184761147687,21.28358569343097
595,43.81492082,-0.0281876391982182,0.2048281205399013,-0.1821237096903256,21824.0,0.0,8487.0,8881.0,10221.0,9750.0,14773.0,13963.0,11287.0,224.0,6003.0,49141.0,442.0,1569.0,9707.0,107.0,346.0,10268.0,3321.0,"{""type"":""Point"",""coordinates"":[81.59748701260422,21.33530625068183]}",81.59748701260422,21.33530625068183
596,43.685036060000016,-0.0031325690295494,0.113014189479719,-0.1357221206581352,21824.0,0.0,9057.0,9913.0,11819.0,12377.0,15531.0,15434.0,14052.0,224.0,5996.0,49103.0,274.0,1568.0,9696.0,87.0,291.0,10164.0,3321.0,"{""type"":""Point"",""coordinates"":[81.60376257994557,21.22934145243357]}",81.60376257994557,21.22934145243357
597,47.41580489,0.0160864938229714,0.1132167661326911,-0.1361758210443827,21824.0,0.0,9462.5,10337.0,12125.5,12704.5,15948.5,16470.0,14848.0,209.0,5903.0,50194.5,5381.0,1592.0,9690.0,66.0,291.5,10775.5,3384.5,"{""type"":""Point"",""coordinates"":[81.66387108360956,21.222716580789207]}",81.66387108360956,21.222716580789207
598,36.43712464999999,-0.202189698023099,0.3526336952151186,-0.3050715948367073,21824.0,0.0,8265.5,8466.0,9852.0,8855.0,18502.0,12278.5,9844.0,224.0,6182.5,46982.5,634.5,1519.0,9539.0,349.0,374.0,9712.0,3195.0,"{""type"":""Point"",""coordinates"":[81.5457444015592,21.29378703454387]}",81.5457444015592,21.29378703454387
599,49.14532301000003,-0.0109963476416761,0.0952137843012125,-0.100292778834441,21824.0,0.0,8703.0,9288.5,10525.0,10633.5,12871.5,12591.5,11468.5,224.0,6193.5,50700.5,5046.0,1513.5,9698.0,95.0,277.0,11093.5,3183.0,"{""type"":""Point"",""coordinates"":[81.62020779071648,21.29239387815391]}",81.62020779071648,21.29239387815391
600,46.033215799999994,0.0129013293268445,0.1037580804207297,-0.1376195136640819,21824.0,0.0,9391.0,10005.0,11455.0,12270.0,15111.0,15506.0,14014.0,224.0,6015.0,49790.0,342.0,1565.0,9659.0,82.0,417.0,10649.0,3312.0,"{""type"":""Point"",""coordinates"":[81.61257464578756,21.380124223563705]}",81.61257464578756,21.380124223563705
601,51.40634324000001,0.0269679300291545,0.1456098607481374,-0.1646904865765158,21824.0,0.0,8957.0,9446.0,10532.0,10952.0,14685.0,15499.0,13216.0,224.0,6371.0,51362.0,9959.0,1466.0,9652.0,90.0,229.0,11384.0,3062.0,"{""type"":""Point"",""coordinates"":[81.65543590333748,21.28364442140041]}",81.65543590333748,21.28364442140041
602,45.32226764000001,0.0023903588858271,0.1788775770415269,-0.1830314960629921,21824.0,0.0,8731.5,9218.5,10375.5,10465.0,15024.5,15096.5,12452.0,224.0,6191.0,49582.0,4939.5,1516.5,9712.0,92.0,274.5,10727.0,3189.0,"{""type"":""Point"",""coordinates"":[81.66751658457858,21.307615126079057]}",81.66751658457858,21.307615126079057
603,50.25276149000001,0.042214554384656,0.1153706921517521,-0.1594197444919001,21824.0,0.0,8873.5,9478.5,11169.0,12218.5,15405.5,16763.5,14241.0,224.0,6207.5,51024.5,5158.5,1507.5,9651.0,53.0,252.0,11187.0,3169.5,"{""type"":""Point"",""coordinates"":[81.74741088886508,21.27266624392394]}",81.74741088886508,21.27266624392394
604,42.26997577999998,0.0241132051526112,0.1099563350294107,-0.1301855594341356,21824.0,0.0,9650.0,10264.0,11836.0,12332.0,15379.0,16139.0,14515.0,224.0,6001.0,48689.0,307.0,1567.0,9711.0,112.0,273.0,10268.0,3318.0,"{""type"":""Point"",""coordinates"":[81.6083799186138,21.264068331334016]}",81.6083799186138,21.264068331334016
605,48.21733058000001,0.0648806753971947,0.0931768728629157,-0.1143502198280983,21824.0,0.0,9142.0,9812.0,11180.0,11669.0,14067.0,16019.0,14212.0,224.0,6031.0,50429.0,359.0,1557.0,9699.0,108.0,271.0,10660.0,3295.0,"{""type"":""Point"",""coordinates"":[81.7245491275622,21.305885939543384]}",81.7245491275622,21.305885939543384
606,39.750895040000046,-0.0964787237269115,0.1717499108676627,-0.2128287707997853,21824.0,0.0,9293.0,9777.0,11732.0,12777.0,18076.0,14895.0,12200.0,224.0,6008.0,47952.0,265.0,1567.0,9606.0,220.0,420.0,9950.0,3317.0,"{""type"":""Point"",""coordinates"":[81.59192641024995,21.362337299535]}",81.59192641024995,21.362337299535
607,46.176772640000024,-0.0124025513819985,0.203961230509903,-0.2041918920990114,21824.0,0.0,8736.5,9139.0,10384.5,10389.5,15713.5,15328.5,12550.5,224.0,6179.5,49832.0,486.5,1521.0,9551.0,435.0,397.5,10438.5,3199.0,"{""type"":""Point"",""coordinates"":[81.5529226199839,21.30546153879744]}",81.5529226199839,21.30546153879744
608,48.254928800000016,-0.0620152435953396,0.168236380424746,-0.1783332712438997,21824.0,0.0,8700.0,9461.0,11028.0,11260.0,15815.0,13968.0,12060.0,224.0,6375.0,50440.0,10017.0,1464.0,9708.0,55.0,221.0,11095.0,3057.0,"{""type"":""Point"",""coordinates"":[81.63811028159408,21.279874597832627]}",81.63811028159408,21.279874597832627
609,56.970879800000034,0.080648769574944,0.1003413883124707,-0.1563027574563871,21824.0,0.0,9552.0,10250.0,11994.0,13440.0,16438.0,19322.0,17068.0,224.0,6369.0,52990.0,10788.0,1464.0,9686.0,55.0,227.0,12004.0,3058.0,"{""type"":""Point"",""coordinates"":[81.68613938129316,21.20658455900253]}",81.68613938129316,21.20658455900253
610,50.08869652999999,0.07451784270701,0.150553651226647,-0.1795334118339711,21824.0,0.0,9184.5,9763.5,11148.5,11833.0,16027.5,18608.5,15619.0,224.0,6189.5,50976.5,5469.0,1512.5,9707.0,56.0,307.0,11199.5,3182.0,"{""type"":""Point"",""coordinates"":[81.73314613926046,21.196403784946842]}",81.73314613926046,21.196403784946842
611,43.589331500000014,-0.0073691503432638,0.1293602598503036,-0.1440629470672389,21824.0,0.0,9293.0,10144.0,11966.0,12330.0,15994.0,15760.0,14000.0,224.0,5998.0,49075.0,247.0,1568.0,9634.0,105.0,307.0,10133.0,3319.0,"{""type"":""Point"",""coordinates"":[81.60519504111123,21.231977305614148]}",81.60519504111123,21.231977305614148
612,47.740516790000015,-0.0143032031116827,0.148618057383522,-0.1638335704125177,21824.0,0.0,9243.5,9978.0,11756.5,12129.0,16363.5,15902.0,14105.0,224.0,5899.0,50289.5,5394.0,1595.0,9744.0,108.0,307.0,10838.5,3390.5,"{""type"":""Point"",""coordinates"":[81.63146270734165,21.2201831273633]}",81.63146270734165,21.2201831273633
613,43.00143206000001,-0.1494489785741593,0.2839689554012403,-0.2700558330884514,21824.0,0.0,8200.0,8580.0,9936.0,9641.0,17288.0,12792.5,10534.0,224.0,6180.5,48903.0,768.5,1519.5,9807.0,120.0,244.0,10371.0,3195.5,"{""type"":""Point"",""coordinates"":[81.50648468274777,21.277680713413467]}",81.50648468274777,21.277680713413467
614,47.07571189999999,0.034984956148774,0.1084598698481561,-0.1248997257616178,21824.0,0.0,9758.5,10490.0,11727.0,12124.5,15074.5,16167.5,15621.5,224.0,6186.0,50095.0,521.0,1517.5,9663.0,71.0,278.5,10610.5,3191.0,"{""type"":""Point"",""coordinates"":[81.57869856809052,21.293464204081516]}",81.57869856809052,21.293464204081516
615,44.24559134000003,-0.1021292697189639,0.2353961827646038,-0.2228074192809709,21824.0,0.0,8412.0,8897.0,10182.0,9915.0,16020.0,13051.0,10893.0,224.0,6374.0,49267.0,10072.0,1464.0,9707.0,68.0,221.0,10682.0,3058.0,"{""type"":""Point"",""coordinates"":[81.64001428653103,21.274875106792518]}",81.64001428653103,21.274875106792518
616,50.31257684000002,0.0804103537225368,0.1328232006866702,-0.1631351959497468,21824.0,0.0,8993.5,9642.5,11157.5,11871.0,15507.5,18219.5,15403.0,224.0,6190.5,51042.0,5452.5,1512.5,9717.0,62.0,375.5,11231.0,3181.0,"{""type"":""Point"",""coordinates"":[81.73077964693334,21.19698208294498]}",81.73077964693334,21.19698208294498
617,45.81275350999999,-0.0155606168611019,0.1715202567188126,-0.1767123287671232,21824.0,0.0,8672.5,8977.5,10217.0,10327.0,14603.0,14155.5,11989.0,224.0,6181.0,49725.5,757.0,1519.5,9797.5,60.0,234.5,10474.0,3195.5,"{""type"":""Point"",""coordinates"":[81.51310059418694,21.284019497426808]}",81.51310059418694,21.284019497426808
618,52.358261810000045,0.030700095323115,0.1350661776431191,-0.1707450794056909,21824.0,0.0,8843.5,9658.5,11344.0,12204.0,16015.5,17030.0,14358.5,224.0,6371.5,51640.5,13932.5,1461.0,9645.5,99.0,232.0,11470.5,3052.5,"{""type"":""Point"",""coordinates"":[81.71308761396494,21.187454836285145]}",81.71308761396494,21.187454836285145
619,48.35917841000003,0.0322040126405526,0.1426687260295368,-0.1712054643447944,21824.0,0.0,9548.0,10118.5,11648.5,12350.5,16461.0,17556.5,15161.0,224.0,6186.0,50470.5,557.5,1517.0,9635.0,84.0,277.5,10658.5,3190.0,"{""type"":""Point"",""coordinates"":[81.56639262078936,21.279384265587723]}",81.56639262078936,21.279384265587723
620,45.23339912000006,-0.0086401655600586,0.1353198097641463,-0.1572448999782346,21824.0,0.0,8943.5,9324.0,10648.0,11136.0,14621.5,14371.0,12799.0,224.0,6181.5,49556.0,647.5,1517.5,9622.5,84.0,242.0,10428.5,3192.0,"{""type"":""Point"",""coordinates"":[81.50781949108499,21.239855170215787]}",81.50781949108499,21.239855170215787
621,50.49373190000006,0.0515823573386493,0.1421359223300971,-0.172435037871924,21824.0,0.0,9266.0,9914.5,11417.5,12149.5,16175.5,17935.0,15186.0,224.0,6202.5,51095.0,5184.0,1509.0,9680.0,90.0,260.0,11232.5,3173.5,"{""type"":""Point"",""coordinates"":[81.7434693031744,21.266991266523984]}",81.7434693031744,21.266991266523984
622,44.77538444000004,0.0590045049994506,0.1504567436861902,-0.1853697359770234,21824.0,0.0,9265.0,9959.0,11771.0,12648.0,17128.0,19276.0,16442.0,224.0,5973.0,49422.0,434.0,1576.0,9627.0,122.0,271.0,10267.0,3340.0,"{""type"":""Point"",""coordinates"":[81.5107300224191,21.18561891703496]}",81.5107300224191,21.18561891703496
623,47.791787090000014,0.0112363683174871,0.0873020687981556,-0.1024852362204724,21824.0,0.0,8940.0,9571.0,10942.5,11283.0,13441.5,13747.0,12708.5,224.0,6197.0,50304.5,4970.0,1513.0,9642.0,111.0,271.5,10920.0,3181.5,"{""type"":""Point"",""coordinates"":[81.63361123528148,21.307824639743643]}",81.63361123528148,21.307824639743643
624,54.79189205,0.0210373094307821,0.1457365731193401,-0.1702260156049672,21824.0,0.0,8883.5,9698.5,11326.0,11909.5,15973.0,16659.5,14299.5,209.0,6366.5,52352.5,13920.0,1463.5,9684.0,85.0,231.0,11761.0,3058.0,"{""type"":""Point"",""coordinates"":[81.7233585982454,21.17994921304707]}",81.7233585982454,21.17994921304707
625,46.57497196999998,0.0181197610801586,0.1337003767024051,-0.145696269254046,21824.0,0.0,9093.0,9608.5,10940.0,11211.0,14671.5,15213.0,13127.0,224.0,6196.5,49948.5,154.0,1515.0,9711.0,59.0,376.5,10572.5,3184.5,"{""type"":""Point"",""coordinates"":[81.5968182240109,21.378720658443733]}",81.5968182240109,21.378720658443733
626,43.832010920000016,-0.0221390510022836,0.1619672604023941,-0.1762601744716574,21824.0,0.0,8986.0,9703.0,11284.0,11621.0,16113.0,15415.0,13211.0,224.0,5421.0,49146.0,368.0,1729.0,9593.0,59.0,494.0,10103.0,3730.0,"{""type"":""Point"",""coordinates"":[81.61118203695774,21.370318270569207]}",81.61118203695774,21.370318270569207
627,60.89989379000002,0.0695827516674422,0.114654179209871,-0.1507942598419154,21824.0,0.0,9245.5,9781.0,11066.0,11911.0,14996.0,17239.0,15188.0,224.0,6355.0,54139.5,14086.0,1470.0,9653.0,134.0,250.0,12406.0,3070.5,"{""type"":""Point"",""coordinates"":[81.63410029539247,21.12773112384728]}",81.63410029539247,21.12773112384728
628,56.81706889999998,0.0692247245985736,0.1136379763002909,-0.1544530057558984,21824.0,0.0,9272.0,9918.5,11495.0,12491.5,15694.5,18029.0,15878.5,224.0,6365.5,52945.0,13944.0,1464.0,9683.0,65.0,229.0,11980.5,3059.0,"{""type"":""Point"",""coordinates"":[81.70732857886746,21.170815396513614]}",81.70732857886746,21.170815396513614
629,59.33956766000006,0.0830965297511409,0.0879367890470676,-0.1469400211837782,21824.0,0.0,9551.5,10224.5,11879.5,13390.0,15972.0,18867.0,16660.5,160.0,6358.5,53683.0,13994.5,1467.0,9558.0,479.0,435.0,12150.0,3065.5,"{""type"":""Point"",""coordinates"":[81.68103937508734,21.130560879793983]}",81.68103937508734,21.130560879793983
630,47.20730566999998,-0.0006526350138684941,0.1421069293655375,-0.1647295654816165,21824.0,0.0,8825.0,9417.0,10995.5,11517.0,15332.5,15312.5,13381.0,209.0,6206.0,50133.5,5398.0,1505.5,9657.0,68.0,259.0,10879.5,3166.0,"{""type"":""Point"",""coordinates"":[81.76980637078228,21.227432093889117]}",81.76980637078228,21.227432093889117
631,48.376268510000045,0.0159259919316948,0.1587401514717945,-0.173719806763285,21824.0,0.0,8604.5,9407.0,10690.0,11024.5,15185.0,15676.5,13061.5,224.0,5890.0,50475.5,5876.0,1598.5,9705.5,126.0,449.0,10904.0,3398.5,"{""type"":""Point"",""coordinates"":[81.57902833479545,21.12904119328857]}",81.57902833479545,21.12904119328857
632,46.85695862,-0.033576731538908,0.1720685294576195,-0.1825363534675615,21824.0,0.0,9163.5,9889.0,11693.0,11948.5,16915.0,15816.0,13672.5,209.0,5909.5,50031.0,5376.5,1589.5,9661.0,66.0,293.5,10699.0,3378.5,"{""type"":""Point"",""coordinates"":[81.65181156949012,21.22351125570441]}",81.65181156949012,21.22351125570441
633,41.408634740000025,-0.097770556607092,0.2504626891301444,-0.2288912639927997,21824.0,0.0,8204.5,8749.5,10281.0,9821.0,16384.5,13466.0,10729.5,224.0,6185.5,48437.0,5044.0,1518.5,9717.0,88.0,293.0,10340.0,3193.5,"{""type"":""Point"",""coordinates"":[81.68230812189927,21.280710494314626]}",81.68230812189927,21.280710494314626
634,49.386293420000015,0.0546035824730717,0.1391489055299539,-0.1717586934785024,21824.0,0.0,9312.5,9881.5,11182.5,11955.5,15820.5,17648.0,14862.0,224.0,5985.0,50771.0,723.0,1571.0,9722.0,86.0,242.5,10703.0,3328.0,"{""type"":""Point"",""coordinates"":[81.49564933392874,21.229121736326853]}",81.49564933392874,21.229121736326853
635,43.39279535000003,0.0228717035581616,0.1621996640619294,-0.1772016126049487,21921.0,0.0,9247.5,9828.0,11123.0,11472.0,15914.0,16659.0,14016.5,224.0,5900.0,49017.5,4962.0,1595.0,9692.0,104.0,456.5,10434.0,3390.5,"{""type"":""Point"",""coordinates"":[81.64745398176713,21.28755401183582]}",81.64745398176713,21.28755401183582
636,40.73186678000002,-0.057853305010621,0.2225270758122743,-0.2190503617840815,21824.0,0.0,8618.0,9110.0,10847.0,10768.0,16932.0,15080.0,12087.0,224.0,5973.0,48239.0,447.0,1576.0,9551.0,270.0,313.0,10078.0,3339.0,"{""type"":""Point"",""coordinates"":[81.50770539492085,21.187069202727397]}",81.50770539492085,21.187069202727397
637,45.927257180000026,0.0337855352976756,0.1542908265088431,-0.1742098078336658,21824.0,0.0,9556.0,10094.0,11796.0,12289.0,16773.0,17946.0,15408.0,224.0,5993.0,49759.0,348.0,1570.0,9696.0,71.0,277.0,10394.0,3324.0,"{""type"":""Point"",""coordinates"":[81.59019043941547,21.23152896093917]}",81.59019043941547,21.23152896093917
638,50.35359308,-0.030628694250403,0.1814624248133922,-0.1978692138133725,21824.0,0.0,8561.0,9395.0,10917.0,11295.0,16303.0,15334.0,12904.0,224.0,6368.0,51054.0,10822.0,1464.0,9633.0,79.0,227.0,11251.0,3059.0,"{""type"":""Point"",""coordinates"":[81.70745093347233,21.20274588718609]}",81.70745093347233,21.20274588718609
639,46.53224671999999,-0.1145112900678983,0.2828892362499545,-0.2555946917138079,21824.0,0.0,8592.0,8979.5,10461.5,9863.5,17645.5,14019.5,10986.0,224.0,5891.5,49936.0,5500.5,1598.5,9618.0,122.0,312.0,10655.5,3398.5,"{""type"":""Point"",""coordinates"":[81.5953113015272,21.204788840470254]}",81.5953113015272,21.204788840470254
640,50.45955170000002,-0.0404393759182816,0.2035935413378657,-0.1910616314925313,21824.0,0.0,8573.0,8899.0,10100.0,9840.0,14871.0,13715.0,11477.0,194.0,6375.0,51085.0,10089.0,1464.0,9718.0,67.0,224.0,11333.0,3057.0,"{""type"":""Point"",""coordinates"":[81.65754560119225,21.271575204008393]}",81.65754560119225,21.271575204008393
641,47.70120956000005,0.0496161643016184,0.1104294478527607,-0.1249754140277723,21824.0,0.0,9190.0,9702.0,11122.0,11455.0,14299.0,15792.0,13991.0,224.0,6009.0,50278.0,593.0,1567.0,9652.0,84.0,258.0,10733.0,3316.0,"{""type"":""Point"",""coordinates"":[81.61597131661253,21.342103706633775]}",81.61597131661253,21.342103706633775
642,43.85081003000005,-0.0286559607143401,0.2057777221616403,-0.2096701877723775,21824.0,0.0,8833.5,9454.5,11017.0,11107.0,16862.5,15923.0,13140.5,224.0,6186.5,49151.5,5036.0,1517.5,9660.0,96.0,307.0,10542.5,3192.0,"{""type"":""Point"",""coordinates"":[81.67825198123806,21.278459674752597]}",81.67825198123806,21.278459674752597
643,55.20034543999998,0.0466845751449172,0.1436421920317508,-0.180214240705734,21824.0,0.0,9263.0,10014.5,11709.0,12622.5,16857.0,18508.0,15814.5,224.0,6364.5,52472.0,13945.5,1464.5,9693.0,59.0,227.0,11811.5,3060.0,"{""type"":""Point"",""coordinates"":[81.70686893744231,21.168605130340655]}",81.70686893744231,21.168605130340655
644,48.27714593000002,0.0318851162224656,0.1653756706769946,-0.1850803523211858,21824.0,0.0,8914.0,9542.5,10940.5,11394.5,15910.0,16958.0,13967.0,224.0,6202.0,50446.5,5185.5,1509.0,9686.0,91.0,291.5,11005.5,3173.5,"{""type"":""Point"",""coordinates"":[81.74785085246005,21.254851139319744]}",81.74785085246005,21.254851139319744
645,36.35338316000002,-0.0791388418219874,0.0465925567907201,-0.027961072869689,21824.0,0.0,8262.0,8821.0,10238.0,9863.0,10827.0,9239.0,8610.0,224.0,6004.0,46958.0,309.0,1568.0,9904.0,576.0,455.0,9738.0,3318.0,"{""type"":""Point"",""coordinates"":[81.57277029613414,21.33429494762154]}",81.57277029613414,21.33429494762154
646,46.64845939999998,-0.0039804138366766,0.18013367991088,-0.1871649763732466,21824.0,0.0,8697.0,9300.0,10880.0,11039.5,15890.5,15764.5,13025.5,224.0,6185.5,49970.0,5382.5,1515.5,9719.0,99.0,333.5,10858.5,3188.0,"{""type"":""Point"",""coordinates"":[81.70646593357824,21.21164785856673]}",81.70646593357824,21.21164785856673
647,52.00107872000001,0.0582625281775619,0.0936367297623842,-0.1354798243780054,21824.0,0.0,9776.0,10499.0,12405.0,13503.0,16293.0,18309.0,15792.0,194.0,6368.0,51536.0,10325.0,1466.0,9652.0,110.0,234.0,11443.0,3062.0,"{""type"":""Point"",""coordinates"":[81.67915056186901,21.24903821566659]}",81.67915056186901,21.24903821566659
648,47.46707519000006,-0.0559928962961698,0.2063281509080623,-0.2002173744274512,21824.0,0.0,8484.5,8961.0,10302.0,10171.5,15460.0,13820.5,11802.0,224.0,6192.5,50209.5,5169.5,1513.5,9670.0,68.0,307.5,10928.0,3183.5,"{""type"":""Point"",""coordinates"":[81.72616519504317,21.251525012291097]}",81.72616519504317,21.251525012291097
649,55.436188819999984,0.0013682678311499,0.1456291224847624,-0.1730930355829899,21824.0,0.0,9384.0,10123.5,12090.0,12791.0,17151.5,17198.5,14490.0,224.0,6357.5,52541.0,14093.5,1470.0,9620.5,103.0,236.0,11780.0,3070.5,"{""type"":""Point"",""coordinates"":[81.62602863546094,21.165417438910623]}",81.62602863546094,21.165417438910623
650,57.03069515000004,0.0526060292237738,0.1028273276950027,-0.1383353100149709,21824.0,0.0,8920.5,9627.5,11079.5,11907.5,14637.0,16262.5,14229.0,224.0,6363.0,53007.5,13968.0,1466.0,9760.5,97.0,235.0,12068.5,3062.5,"{""type"":""Point"",""coordinates"":[81.69235583504435,21.170987343843944]}",81.69235583504435,21.170987343843944
651,50.29206872000003,0.0498096104336565,0.1158462624689972,-0.1559423116595713,21824.0,0.0,9382.0,9859.5,11251.5,12209.5,15409.0,17024.5,14991.0,224.0,6183.5,51036.0,743.0,1517.5,9661.5,111.0,244.5,10823.5,3192.0,"{""type"":""Point"",""coordinates"":[81.49724243494941,21.27827033906715]}",81.49724243494941,21.27827033906715
652,48.043011560000025,-0.0311240622481244,0.2005775130842808,-0.2012929555591671,21824.0,0.0,8722.0,9429.5,11057.5,11074.0,16631.0,15627.0,12964.5,224.0,5900.0,50378.0,5303.0,1593.5,9658.0,107.0,307.5,10815.0,3388.5,"{""type"":""Point"",""coordinates"":[81.66709845348687,21.233503471081566]}",81.66709845348687,21.233503471081566
653,47.35086251000001,0.0010334027568005,0.1074217028851407,-0.1297827963176064,21824.0,0.0,9489.5,10324.5,12099.5,12661.0,15708.5,15741.0,14342.5,224.0,5892.0,50175.5,5441.5,1598.5,9675.0,91.0,293.0,10762.5,3398.0,"{""type"":""Point"",""coordinates"":[81.60807014645066,21.21795003099166]}",81.60807014645066,21.21795003099166
654,53.25378305000004,0.0482513997596224,0.1351502543572889,-0.1722419800335782,21824.0,0.0,9131.5,9893.0,11463.0,12368.0,16233.5,17879.5,15047.0,224.0,6357.0,51902.5,14070.5,1469.0,9671.5,144.0,246.0,11584.0,3069.5,"{""type"":""Point"",""coordinates"":[81.63917942433997,21.145554634223288]}",81.63917942433997,21.145554634223288
655,45.339357740000025,-0.0251957780047667,0.118956482961091,-0.1346421976862493,21824.0,0.0,9114.0,9914.0,11482.0,11854.0,15055.0,14315.0,12518.0,224.0,6195.5,49587.0,5254.0,1511.5,9704.0,70.0,280.5,10721.5,3178.5,"{""type"":""Point"",""coordinates"":[81.64355665938189,21.249239864636994]}",81.64355665938189,21.249239864636994
656,44.79760156999998,-0.0102664177838113,0.2148347163651204,-0.2315250555929048,21824.0,0.0,8933.0,9521.5,11145.0,11543.5,17860.5,17497.5,14213.0,224.0,5889.0,49428.5,5793.5,1599.0,9525.0,223.0,314.5,10416.0,3400.0,"{""type"":""Point"",""coordinates"":[81.60951242932671,21.1585150827774]}",81.60951242932671,21.1585150827774
657,41.162537300000054,-0.0790231507622812,0.2668301899300606,-0.2632292183110229,21793.0,0.0,8892.5,9426.5,11145.5,11059.5,19109.5,16310.5,12802.0,224.0,5889.0,48365.0,5558.5,1599.5,9732.5,68.0,453.0,10237.5,3401.0,"{""type"":""Point"",""coordinates"":[81.60466372335354,21.183581724694754]}",81.60466372335354,21.183581724694754
658,42.98775998000002,0.0217207163601161,0.1555063245908668,-0.1646198725105341,21824.0,0.0,9290.0,10066.0,11598.0,11817.0,16169.0,16887.0,14288.0,224.0,6032.0,48899.0,328.0,1558.0,9645.0,57.0,265.0,10353.0,3295.0,"{""type"":""Point"",""coordinates"":[81.70821140039081,21.32824567320744]}",81.70821140039081,21.32824567320744
659,41.25482384000003,0.0036245016310257,0.1499686258104998,-0.1561755222206645,21824.0,0.0,9438.0,9967.0,12038.0,12192.0,16494.0,16614.0,14451.0,224.0,6008.0,48392.0,64.0,1566.0,9653.0,75.0,387.0,10020.0,3315.0,"{""type"":""Point"",""coordinates"":[81.68637644708734,21.26964535224662]}",81.68637644708734,21.26964535224662
660,47.75931590000005,0.0337054886616005,0.1269094561023309,-0.1611567997385763,21824.0,0.0,9072.0,9793.0,11551.5,12388.5,15990.0,17105.5,15228.5,224.0,6206.5,50295.0,5396.5,1505.0,9670.0,66.0,286.5,10939.0,3164.5,"{""type"":""Point"",""coordinates"":[81.76312997889366,21.217239331801444]}",81.76312997889366,21.217239331801444
661,46.915064959999995,0.064062455962346,0.1234480192158056,-0.1553823672674135,21824.0,0.0,9714.0,10441.0,12138.0,12955.0,16604.0,18877.0,16814.0,224.0,6037.0,50048.0,394.0,1555.0,9675.0,80.0,264.0,10431.0,3290.0,"{""type"":""Point"",""coordinates"":[81.71998536005627,21.316598001822854]}",81.71998536005627,21.316598001822854
662,46.85354060000003,0.0596331489372965,0.1541435207744534,-0.1926950449845575,21824.0,0.0,9627.0,10318.0,12024.0,13019.0,17764.0,20017.0,16659.0,224.0,5976.0,50030.0,436.0,1575.0,9631.0,117.0,270.0,10441.0,3337.0,"{""type"":""Point"",""coordinates"":[81.53087424832549,21.182525415576517]}",81.53087424832549,21.182525415576517
663,44.22166520000002,0.0459639687252265,0.146657699062138,-0.1734475374732334,21824.0,0.0,9099.5,9605.0,10808.0,11419.0,15344.0,16822.5,14256.5,224.0,6175.5,49260.0,507.5,1521.5,9752.5,89.0,249.5,10442.5,3200.0,"{""type"":""Point"",""coordinates"":[81.54520765722017,21.256014632940737]}",81.54520765722017,21.256014632940737
664,48.36259643000005,0.0400654338185489,0.140601035639986,-0.1920647516267259,21824.0,0.0,9932.0,10793.0,12727.0,14148.5,18778.0,20345.5,16542.0,192.0,5888.5,50471.5,5860.5,1599.0,9629.5,110.0,363.0,10849.5,3399.5,"{""type"":""Point"",""coordinates"":[81.60166905955927,21.131927580900907]}",81.60166905955927,21.131927580900907
665,48.60185783000003,0.0562561032564853,0.1293950274371655,-0.1657022987501092,21793.0,0.0,10089.5,11255.5,11931.5,12851.0,16671.0,18658.5,16501.0,224.0,6190.0,50541.5,5410.0,1513.0,9687.0,53.0,442.0,11050.0,3181.5,"{""type"":""Point"",""coordinates"":[81.68239577842583,21.203980739602578]}",81.68239577842583,21.203980739602578
666,46.11866630000003,0.0723093564088696,0.1485102109139605,-0.1823132065067549,21824.0,0.0,9773.0,10465.0,11863.0,12717.0,17153.0,19827.0,17223.0,224.0,6011.0,49815.0,16.0,1564.0,9714.0,87.0,573.0,10577.0,3311.0,"{""type"":""Point"",""coordinates"":[81.70824267671817,21.252235423779187]}",81.70824267671817,21.252235423779187
667,55.80704399000001,0.0486097733256276,0.1336057169964345,-0.1917631917631917,21824.0,0.0,9804.0,10779.5,12560.0,14154.5,18520.0,20412.5,16837.5,160.0,6354.0,52649.5,14184.0,1471.0,9599.0,161.0,254.0,11802.0,3074.0,"{""type"":""Point"",""coordinates"":[81.58904647474355,21.1399499489854]}",81.58904647474355,21.1399499489854
668,44.963375540000015,0.0157083580320094,0.14189111747851,-0.1589825119236884,21824.0,0.0,8928.5,9492.0,10844.5,11230.5,14944.5,15421.5,13224.0,224.0,6173.0,49477.0,346.0,1522.0,9686.0,111.0,291.0,10402.0,3201.5,"{""type"":""Point"",""coordinates"":[81.55358404376459,21.230961112456402]}",81.55358404376459,21.230961112456402
669,47.36282558000005,0.0407631719333479,0.1424727164000598,-0.170066985645933,21824.0,0.0,9090.0,9638.0,10841.0,11472.0,15284.0,16583.0,13899.0,224.0,5974.0,50179.0,439.0,1577.0,9672.0,29.0,259.0,10514.0,3341.0,"{""type"":""Point"",""coordinates"":[81.52554041434063,21.20891582071538]}",81.52554041434063,21.20891582071538
670,42.52632728000003,-0.0464200904329722,0.168004066664246,-0.1987553336190352,21824.0,0.0,8759.5,9407.0,10750.5,11457.0,16084.0,14657.0,13387.0,224.0,5977.0,48764.0,612.0,1576.0,9749.0,85.0,244.5,10173.5,3337.0,"{""type"":""Point"",""coordinates"":[81.50865581159108,21.215641137663926]}",81.50865581159108,21.215641137663926
671,38.97500450000001,-0.0984063338883414,0.2590558541715354,-0.2364686531767586,21824.0,0.0,8133.0,8594.5,9980.5,9511.5,16162.5,13266.5,10583.5,224.0,6190.5,47725.0,4946.5,1517.0,9692.0,112.0,265.5,10093.5,3190.0,"{""type"":""Point"",""coordinates"":[81.67207120019307,21.31035089078939]}",81.67207120019307,21.31035089078939
672,46.96633526000005,0.0292106083219891,0.1306590257879656,-0.1546339465111288,21824.0,0.0,8876.5,9461.5,10834.0,11377.5,14797.5,15688.0,13814.0,224.0,6192.5,50063.0,541.0,1515.0,9666.0,174.0,300.5,10517.0,3185.5,"{""type"":""Point"",""coordinates"":[81.5177932608997,21.331533961122602]}",81.5177932608997,21.331533961122602
673,46.57326296000002,0.0300049188391539,0.1481697124504629,-0.1682464454976303,21824.0,0.0,8767.5,9321.5,10881.0,11338.5,15283.0,16228.5,13968.0,224.0,5974.0,49948.0,505.5,1577.0,9685.0,90.0,248.5,10494.5,3340.0,"{""type"":""Point"",""coordinates"":[81.5231191149478,21.19689746555177]}",81.5231191149478,21.19689746555177
674,49.123105880000026,0.0302437048538445,0.1211269804105205,-0.1416196455535246,21824.0,0.0,8902.0,9481.0,10801.0,11261.0,14365.0,15261.0,13744.0,224.0,5997.0,50694.0,583.0,1570.0,9689.0,115.0,257.0,10639.0,3323.0,"{""type"":""Point"",""coordinates"":[81.52714399333229,21.320558705436085]}",81.52714399333229,21.320558705436085
675,50.66805092000004,0.0462668052435712,0.1035164963050604,-0.1283119149611296,21824.0,0.0,9152.5,9727.5,10988.5,11555.0,14223.5,15603.5,13802.5,224.0,6207.0,51146.0,4876.0,1509.5,9673.0,123.0,256.5,11236.5,3173.5,"{""type"":""Point"",""coordinates"":[81.69850057080832,21.332721057257825]}",81.69850057080832,21.332721057257825
676,45.605963299999985,0.0018010058447736,0.1725142697481339,-0.1746710920942136,21824.0,0.0,8712.0,9186.5,10319.5,10365.5,14687.5,14740.5,12216.5,224.0,6189.5,49665.0,4936.0,1517.0,9710.0,125.0,289.5,10755.0,3190.5,"{""type"":""Point"",""coordinates"":[81.6642457746878,21.305568944880005]}",81.6642457746878,21.305568944880005
677,48.01908542000001,0.0084706280970733,0.0797186671278681,-0.0809899801449877,21824.0,0.0,8312.5,8847.5,9951.5,9977.0,11705.5,11905.5,10839.0,224.0,6198.5,50371.0,4807.0,1514.0,9609.0,179.0,267.5,10924.5,3183.5,"{""type"":""Point"",""coordinates"":[81.64134267195102,21.367496560332523]}",81.64134267195102,21.367496560332523
678,46.70656574000003,0.0112418644402077,0.1551015706002073,-0.172024157412819,21824.0,0.0,8684.0,9231.0,10625.0,11001.0,15040.0,15382.0,12566.0,224.0,6017.0,49987.0,175.0,1563.0,9657.0,166.0,368.0,10407.0,3306.0,"{""type"":""Point"",""coordinates"":[81.56539129762473,21.370573960205693]}",81.56539129762473,21.370573960205693
679,42.98434196000005,-0.014542008431097,0.2079215625243171,-0.1934343046052125,21824.0,0.0,8534.0,8931.0,10491.0,10179.0,15523.0,15078.0,12185.0,224.0,6005.0,48898.0,198.0,1568.0,9686.0,140.0,326.0,10305.0,3319.0,"{""type"":""Point"",""coordinates"":[81.57681335226091,21.350223895798678]}",81.57681335226091,21.350223895798678
680,45.0932603,0.0261100457294586,0.1837056693082798,-0.1934201012292118,21824.0,0.0,8850.0,9446.0,11155.0,11382.0,16505.0,17390.0,14218.0,224.0,6007.0,49515.0,219.0,1566.0,9689.0,64.0,261.0,10456.0,3315.0,"{""type"":""Point"",""coordinates"":[81.5550131111544,21.350283425681667]}",81.5550131111544,21.350283425681667
681,49.14532301000003,0.0710465116279069,0.1306255307104444,-0.1687086274366382,21824.0,0.0,9237.0,9862.5,11365.0,12286.0,15978.0,18422.0,15751.5,224.0,5980.0,50700.5,164.0,1574.0,9571.5,107.0,350.0,10565.5,3333.0,"{""type"":""Point"",""coordinates"":[81.57585386841333,21.16640102806744]}",81.57585386841333,21.16640102806744
682,48.45488297000003,0.0277590557845734,0.1473705628826696,-0.1712899144589006,21824.0,0.0,9207.5,9686.0,10971.5,11523.5,15507.0,16392.5,13758.0,224.0,6182.5,50498.5,714.5,1517.5,9629.5,84.0,242.0,10611.0,3192.0,"{""type"":""Point"",""coordinates"":[81.51416468669368,21.260503661822955]}",81.51416468669368,21.260503661822955
683,51.77890742,0.1224155702419208,0.0814405260011954,-0.135304729782728,21824.0,0.0,9438.0,9854.0,11024.0,12294.0,14474.0,18512.0,15922.0,194.0,5986.0,51471.0,381.0,1570.0,9681.0,61.0,264.0,10896.0,3326.0,"{""type"":""Point"",""coordinates"":[81.53888878928657,21.18128017686918]}",81.53888878928657,21.18128017686918
684,43.519262089999984,-0.015021388069105,0.1806908256349925,-0.1857906562330518,21824.0,0.0,8730.0,9110.0,10509.0,10620.5,15305.0,14852.0,12516.0,224.0,6178.0,49054.5,717.0,1520.0,9758.0,62.0,235.0,10353.5,3197.5,"{""type"":""Point"",""coordinates"":[81.503913996357,21.268989480066548]}",81.503913996357,21.268989480066548
685,47.83793036000003,0.0290918215229295,0.1549063328475868,-0.1783462310117512,21824.0,0.0,9282.0,9931.5,11467.0,12033.5,16445.0,17430.5,14623.0,224.0,5893.0,50318.0,5546.0,1597.0,9713.5,85.0,301.0,10829.5,3396.0,"{""type"":""Point"",""coordinates"":[81.63559634957137,21.193094192368676]}",81.63559634957137,21.193094192368676
686,58.99776566000003,0.0621778256691033,0.1117171856659531,-0.1540280963302752,21824.0,0.0,9495.0,10247.0,11803.0,12865.0,16101.0,18236.0,15727.0,224.0,6360.0,53583.0,11132.0,1469.0,9668.0,113.0,241.0,12214.0,3069.0,"{""type"":""Point"",""coordinates"":[81.58899706900077,21.184133244956424]}",81.58899706900077,21.184133244956424
687,47.76956996000001,0.0398123153892901,0.1065507019772631,-0.1512717536813922,21824.0,0.0,9911.0,10731.5,12521.5,13714.0,16985.0,18393.5,16333.5,224.0,6195.0,50298.0,5053.5,1513.0,9674.0,83.0,347.0,10944.5,3182.0,"{""type"":""Point"",""coordinates"":[81.71324786258153,21.27020829733349]}",81.71324786258153,21.27020829733349
688,47.64652124000003,0.0664114094059332,0.1119595573938558,-0.1504754937820044,21824.0,0.0,9153.5,9816.5,11613.0,12560.0,15727.0,17964.5,15133.5,224.0,5894.5,50262.0,5281.5,1596.0,9719.0,44.0,314.0,10817.5,3394.0,"{""type"":""Point"",""coordinates"":[81.69448446427,21.23121033019344]}",81.69448446427,21.23121033019344
689,46.41774305000001,0.0282397049041543,0.0932716511327301,-0.1303766749903281,21824.0,0.0,9741.0,10693.0,12363.0,13328.0,16070.0,17004.0,15387.5,224.0,6192.0,49902.5,5048.0,1515.0,9716.0,68.0,316.5,10837.5,3185.0,"{""type"":""Point"",""coordinates"":[81.70493839456897,21.272787247032074]}",81.70493839456897,21.272787247032074
690,49.92121355,0.0676856829167439,0.118359388362467,-0.1558014565509439,21824.0,0.0,9701.0,10314.0,11939.5,12886.5,16346.5,18720.0,16477.5,177.0,6207.0,50927.5,4976.5,1509.5,9701.0,44.0,242.0,11189.5,3173.0,"{""type"":""Point"",""coordinates"":[81.726600596795,21.316051313242742]}",81.726600596795,21.316051313242742
691,50.681723000000034,0.055468896237599,0.1092141417842095,-0.1382596762975355,21824.0,0.0,9354.5,9991.5,11460.5,12157.0,15138.0,16916.0,14660.5,224.0,6194.5,51150.0,5294.0,1511.5,9531.0,752.0,665.5,11136.5,3179.0,"{""type"":""Point"",""coordinates"":[81.74746594594373,21.226180525133504]}",81.74746594594373,21.226180525133504
692,51.662694740000006,0.0493286445012787,0.1161071180588135,-0.1495003768917064,21824.0,0.0,9349.0,9871.0,11001.0,11775.0,14868.5,16411.5,14580.0,224.0,6176.5,51437.0,772.0,1521.5,9600.0,205.0,282.0,10883.0,3200.5,"{""type"":""Point"",""coordinates"":[81.53085617985043,21.280574296627613]}",81.53085617985043,21.280574296627613
693,42.83736710000005,-0.0114514161810543,0.141906364749082,-0.1402490260484302,21824.0,0.0,9011.0,9736.0,11255.0,11217.0,14927.0,14589.0,12902.0,224.0,6017.0,48855.0,99.0,1563.0,9669.0,95.0,370.0,10157.0,3307.0,"{""type"":""Point"",""coordinates"":[81.71178938347806,21.27627217941972]}",81.71178938347806,21.27627217941972
694,49.13848697000003,0.0609255579887749,0.1435635695742013,-0.1691674340501598,21824.0,0.0,9275.5,9966.0,11503.5,12123.5,16188.0,18288.5,15424.5,224.0,6196.0,50698.5,5290.0,1511.0,9674.0,67.0,306.5,11091.0,3177.5,"{""type"":""Point"",""coordinates"":[81.73960554075998,21.229591078764006]}",81.73960554075998,21.229591078764006
695,44.24900936000006,0.0390410643939974,0.1457918303938591,-0.1534229941309587,21793.0,0.0,9017.0,9640.0,11503.5,11684.5,15673.0,16946.5,14391.0,224.0,6191.0,49268.0,5117.5,1515.0,9698.0,116.0,454.5,10635.0,3185.5,"{""type"":""Point"",""coordinates"":[81.71407907033061,21.255510766633314]}",81.71407907033061,21.255510766633314
696,49.041073400000016,0.0363656802405643,0.1667488983786174,-0.1964687614494827,21824.0,0.0,9374.0,9990.0,11514.0,12244.0,17144.5,18438.5,15341.5,224.0,5982.0,50670.0,385.0,1572.0,9690.0,94.0,254.0,10607.5,3331.0,"{""type"":""Point"",""coordinates"":[81.54071104634609,21.187470843307693]}",81.54071104634609,21.187470843307693
697,44.941158410000014,-0.0210026351916431,0.1578476459746255,-0.1763721978801156,21824.0,0.0,9021.0,9672.5,11325.5,11765.5,16176.0,15510.5,13426.0,224.0,6187.0,49470.5,5038.5,1517.5,9687.0,87.0,305.5,10669.0,3191.5,"{""type"":""Point"",""coordinates"":[81.67909678513563,21.277444436448604]}",81.67909678513563,21.277444436448604
698,56.598315619999994,0.0699387200887208,0.1123505705103134,-0.1582824258521469,21824.0,0.0,9382.0,10247.0,11884.0,13050.0,16353.5,18813.0,16210.0,224.0,6366.0,52881.0,13966.0,1464.5,9752.0,77.0,230.0,12015.0,3059.5,"{""type"":""Point"",""coordinates"":[81.69288175120298,21.17663914614472]}",81.69288175120298,21.17663914614472
699,44.50706987000001,0.0062366623103773,0.1592435353145503,-0.1681932209322676,21824.0,0.0,8909.5,9434.0,10693.5,10892.0,15018.0,15206.5,12441.5,224.0,5717.0,49343.5,532.5,1645.5,9621.5,214.0,306.5,10458.0,3518.0,"{""type"":""Point"",""coordinates"":[81.58650758267068,21.28011222688772]}",81.58650758267068,21.28011222688772
700,49.519596200000024,-0.0070772825905524,0.1211997324016947,-0.1425379211089439,21824.0,0.0,9209.0,9845.0,11320.0,11822.5,15083.5,14871.5,13404.0,209.0,6201.5,50810.0,5319.0,1508.0,9598.0,70.0,293.5,11064.5,3172.0,"{""type"":""Point"",""coordinates"":[81.75544225071454,21.229059576091217]}",81.75544225071454,21.229059576091217
701,39.96623030000001,0.0425415792950909,0.1140374331550802,-0.1666374995624934,21824.0,0.0,9568.0,10353.0,11905.0,13254.0,16666.0,18147.0,15355.0,224.0,5421.0,48015.0,344.0,1729.0,9722.0,74.0,504.0,10114.0,3729.0,"{""type"":""Point"",""coordinates"":[81.60697317669592,21.366825284006328]}",81.60697317669592,21.366825284006328
702,53.99378438000002,0.0171569543602586,0.1073955525606469,-0.1259367104868753,21824.0,0.0,8601.0,9168.0,10206.0,10597.0,13147.0,13606.0,12173.0,224.0,6362.0,52119.0,11085.0,1469.0,9671.0,58.0,226.0,11666.0,3068.0,"{""type"":""Point"",""coordinates"":[81.59541237509995,21.187620291036158]}",81.59541237509995,21.187620291036158
703,47.56619777000003,0.0048578535298732,0.1312433581296493,-0.1439866433821413,21824.0,0.0,9138.5,9754.5,11151.5,11445.0,14903.0,15048.5,12908.5,224.0,6209.0,50238.5,4972.0,1508.5,9606.0,89.0,248.0,10884.5,3170.5,"{""type"":""Point"",""coordinates"":[81.71822710463165,21.31724222798583]}",81.71822710463165,21.31724222798583
704,44.71386008000002,-0.0803635838984273,0.2708541945995485,-0.2545025046490978,21824.0,0.0,8743.5,9241.0,11124.5,10740.5,18720.0,15935.0,12952.0,209.0,6190.0,49404.0,5300.0,1514.0,9685.0,97.0,412.5,10645.5,3184.0,"{""type"":""Point"",""coordinates"":[81.73010231421733,21.223359755698613]}",81.73010231421733,21.223359755698613
705,42.72457244000003,0.0015944811428199,0.1070139991340741,-0.1233067291498865,21824.0,0.0,9482.0,10175.0,11973.0,12375.0,15341.0,15390.0,14012.0,224.0,6001.0,48822.0,198.0,1566.0,9705.0,76.0,328.0,10088.0,3316.0,"{""type"":""Point"",""coordinates"":[81.61131946840453,21.2304402260349]}",81.61131946840453,21.2304402260349
706,45.35473883000003,0.0513546171457644,0.0993072444542707,-0.1253064765569009,21824.0,0.0,8866.0,9660.5,11594.5,12221.5,14916.5,16531.5,14279.5,209.0,6199.5,49591.5,5351.5,1508.5,9535.0,359.0,387.0,10601.0,3172.5,"{""type"":""Point"",""coordinates"":[81.75606733887054,21.222499344008547]}",81.75606733887054,21.222499344008547
707,45.559820030000026,0.0312294495024039,0.1576759862389326,-0.1787130385306093,21824.0,0.0,8939.5,10040.0,11547.5,12058.5,16573.0,17641.5,14880.5,209.0,6188.5,49651.5,5264.0,1515.0,9683.0,83.0,437.0,10730.5,3186.5,"{""type"":""Point"",""coordinates"":[81.72340394232437,21.229049719328003]}",81.72340394232437,21.229049719328003
708,51.76523534,0.0798607046704904,0.100328947368421,-0.1537233749793604,21824.0,0.0,9528.0,10015.5,11532.0,12854.5,15721.5,18450.5,16164.5,224.0,6185.0,51467.0,739.5,1517.0,9640.5,83.0,244.5,10855.5,3190.5,"{""type"":""Point"",""coordinates"":[81.49139369007344,21.281036911815203]}",81.49139369007344,21.281036911815203
709,46.846704560000035,-0.0739607050769764,0.2488427549445925,-0.2417231820638435,21824.0,0.0,8578.0,9183.5,10873.5,10710.0,17806.0,15353.5,12101.0,224.0,6201.5,50028.0,5250.5,1508.5,9539.0,358.0,419.5,10758.5,3172.0,"{""type"":""Point"",""coordinates"":[81.74982288617568,21.235020761585783]}",81.74982288617568,21.235020761585783
710,41.82221516000004,-0.0459427882259827,0.1702791599898794,-0.1654627918696455,21824.0,0.0,8269.0,8773.0,9936.0,9838.0,13876.0,12657.0,10648.0,224.0,6032.0,48558.0,509.0,1558.0,9640.0,120.0,265.0,10150.0,3295.0,"{""type"":""Point"",""coordinates"":[81.66318101857065,21.355526602504053]}",81.66318101857065,21.355526602504053
711,48.93511478000005,0.0223646483386743,0.0857121450513224,-0.1131082690018051,21824.0,0.0,9240.0,10080.0,11546.0,12203.0,14491.0,15154.0,14229.0,224.0,6373.0,50639.0,10382.0,1464.0,9683.0,94.0,228.0,11145.0,3057.0,"{""type"":""Point"",""coordinates"":[81.65376451142431,21.245532102734657]}",81.65376451142431,21.245532102734657
712,48.94878686000004,0.0366978116547823,0.1274506277204216,-0.1331983512907658,21824.0,0.0,9942.0,10314.0,11987.0,12128.0,15671.0,16865.0,15022.0,224.0,6009.0,50643.0,581.0,1567.0,9617.0,169.0,277.0,10666.0,3317.0,"{""type"":""Point"",""coordinates"":[81.61849731655403,21.345703826348423]}",81.61849731655403,21.345703826348423
713,50.73299330000003,0.0335284725918041,0.149263176927945,-0.206568165279843,21824.0,0.0,9923.0,10865.0,12539.0,14115.0,19068.0,20391.0,16283.0,160.0,6359.0,51165.0,11062.0,1470.0,9667.0,135.0,240.0,11317.0,3071.0,"{""type"":""Point"",""coordinates"":[81.5966769811161,21.189548006729698]}",81.5966769811161,21.189548006729698
714,47.37649766000004,-0.0039213550460214,0.1834422098454328,-0.2115018074268813,21824.0,0.0,9325.5,10140.0,11997.0,12718.5,18433.0,18289.0,14596.5,224.0,5891.5,50183.0,5724.5,1598.0,9662.0,135.0,309.0,10774.5,3397.5,"{""type"":""Point"",""coordinates"":[81.5954052433475,21.16594157494666]}",81.5954052433475,21.16594157494666
715,38.37001496000005,-0.1263839430236322,0.2804622235307106,-0.25293482175009,21824.0,0.0,8465.0,8829.0,10373.0,9776.0,17397.0,13493.0,10963.0,224.0,5986.0,47548.0,496.0,1573.0,9697.0,123.0,287.0,9957.0,3331.0,"{""type"":""Point"",""coordinates"":[81.5721867270224,21.23760593880488]}",81.5721867270224,21.23760593880488
716,47.81742224000004,0.028778531770512,0.1463991844462244,-0.1803715019399824,21824.0,0.0,9070.0,9615.5,10932.0,11722.5,15743.5,16676.5,14244.0,209.0,6179.0,50312.0,665.0,1519.0,9630.5,61.0,240.0,10671.5,3195.0,"{""type"":""Point"",""coordinates"":[81.5156803606064,21.25514283245666]}",81.5156803606064,21.25514283245666
717,54.46547113999998,0.0376502847500527,0.1317829457364341,-0.1907480507617525,21824.0,0.0,9397.0,10488.0,12403.0,14000.0,18250.0,19678.0,15960.5,209.0,6359.5,52257.0,13971.0,1467.0,9722.5,51.0,225.0,11754.0,3064.5,"{""type"":""Point"",""coordinates"":[81.69295960828197,21.150750285529053]}",81.69295960828197,21.150750285529053
718,53.523806630000024,0.0488908698186306,0.1090189493883425,-0.1178449821691213,21824.0,0.0,9216.5,9997.5,10946.0,11143.5,13870.5,15296.5,14790.5,224.0,6193.5,51981.5,4956.0,1515.0,9662.0,105.0,286.5,11522.5,3184.5,"{""type"":""Point"",""coordinates"":[81.64158659648082,21.30398922134803]}",81.64158659648082,21.30398922134803
719,44.61302849000003,-0.021651350598719,0.17536342156902,-0.1785018771707924,21824.0,0.0,8440.0,8894.5,10229.5,10296.0,14675.0,14053.0,11877.5,224.0,6180.5,49374.5,761.0,1519.0,9768.0,114.0,243.0,10379.0,3195.0,"{""type"":""Point"",""coordinates"":[81.50507306790476,21.277287109596053]}",81.50507306790476,21.277287109596053
720,40.85833352000003,-0.1477117774134734,0.3012889552861064,-0.2806441686326802,21793.0,0.0,8305.5,8883.0,10519.5,10055.5,18727.5,13907.0,10997.0,224.0,6190.5,48276.0,5018.5,1515.5,9711.0,89.0,450.0,10298.5,3187.0,"{""type"":""Point"",""coordinates"":[81.67057214676858,21.27535565127945]}",81.67057214676858,21.27535565127945
721,46.48097642000005,0.0040468733504592,0.157782777664144,-0.1600131158291663,21824.0,0.0,8740.0,9092.0,10247.0,10294.0,14151.0,14266.0,12000.0,224.0,6005.0,49921.0,415.0,1566.0,9726.0,90.0,268.0,10565.0,3316.0,"{""type"":""Point"",""coordinates"":[81.60207726372805,21.287320576567904]}",81.60207726372805,21.287320576567904
722,46.17848164999998,0.0135234203178861,0.1543825064797576,-0.1768296086786625,21824.0,0.0,9033.5,9636.0,11059.5,11582.0,15811.0,16244.5,14268.0,224.0,6174.0,49832.5,399.5,1522.0,9642.5,90.0,277.5,10538.0,3201.0,"{""type"":""Point"",""coordinates"":[81.55773856875113,21.23843346175112]}",81.55773856875113,21.23843346175112
723,45.10351436000002,-0.02321447616339,0.1417350946090682,-0.15001498351813,21824.0,0.0,8812.5,9355.5,10636.5,10818.0,14391.0,13738.0,12283.5,224.0,6193.5,49518.0,4990.5,1514.5,9708.0,69.0,264.0,10692.5,3184.5,"{""type"":""Point"",""coordinates"":[81.6272495705538,21.304546761606634]}",81.6272495705538,21.304546761606634
724,47.72513570000001,0.0197385969591891,0.1455289304500292,-0.1631127111603434,21824.0,0.0,8874.0,9310.0,10577.0,10965.0,14700.0,15292.0,13796.0,224.0,5989.0,50285.0,660.0,1570.0,9649.0,91.0,234.0,10678.0,3325.0,"{""type"":""Point"",""coordinates"":[81.49643917212514,21.245315243082345]}",81.49643917212514,21.245315243082345
725,39.56973998000001,-0.0205207562403283,0.1679146855569885,-0.1711836923789668,21824.0,0.0,8883.0,9339.0,10734.0,10806.5,15168.0,14558.0,12113.0,224.0,5716.5,47899.0,385.0,1648.0,9731.0,61.0,341.0,10198.0,3522.5,"{""type"":""Point"",""coordinates"":[81.6070862546316,21.371685229747307]}",81.6070862546316,21.371685229747307
726,39.59537512999998,-0.0692429046719045,0.2713866498272724,-0.2581836895987648,21824.0,0.0,8332.0,8716.0,10090.0,9807.5,17113.5,14897.0,11751.5,224.0,6184.5,47906.5,679.5,1518.0,9762.0,500.0,422.5,10058.5,3192.0,"{""type"":""Point"",""coordinates"":[81.54769429774629,21.283084469688013]}",81.54769429774629,21.283084469688013
727,44.36009501000001,0.0465897618377716,0.1096214966772609,-0.1420018634894831,21824.0,0.0,8958.5,9335.0,10820.0,11556.0,14401.5,15809.0,13200.0,224.0,6174.5,49300.5,359.5,1522.0,9636.0,118.0,278.5,10430.0,3201.0,"{""type"":""Point"",""coordinates"":[81.5601974306667,21.246259975047664]}",81.5601974306667,21.246259975047664
728,44.85399890000002,0.0009441720220509852,0.1585490763960018,-0.1727984554328006,21824.0,0.0,9200.0,9823.0,11568.0,11912.0,16401.0,16432.0,13896.0,224.0,5423.0,49445.0,412.0,1728.0,9644.0,93.0,280.0,10247.0,3727.0,"{""type"":""Point"",""coordinates"":[81.57705016633162,21.21647444832546]}",81.57705016633162,21.21647444832546
729,54.29115211999999,0.0278610581145331,0.1497492836676217,-0.1746345390343414,21824.0,0.0,8938.0,9623.5,11278.0,11869.5,16050.5,16970.5,14881.5,224.0,6370.0,52206.0,13964.5,1462.5,9744.0,74.0,228.0,11756.5,3055.0,"{""type"":""Point"",""coordinates"":[81.69264794958264,21.185582180392032]}",81.69264794958264,21.185582180392032
730,47.28592013000002,-0.0035211833748693,0.1451479735060455,-0.1616229294621254,21824.0,0.0,9083.0,9764.0,11261.5,11648.0,15603.5,15494.0,13603.0,224.0,6191.5,50156.5,4940.0,1516.0,9684.0,94.0,272.0,10901.5,3188.0,"{""type"":""Point"",""coordinates"":[81.65515514529277,21.309490135841397]}",81.65515514529277,21.309490135841397
731,55.95401885000001,0.0639741963098277,0.1034184491737696,-0.1426438754945136,21824.0,0.0,9181.5,9880.5,11486.0,12438.5,15308.0,17400.5,15070.0,209.0,6358.5,52692.5,13998.0,1468.0,9684.0,109.0,238.0,11886.0,3068.0,"{""type"":""Point"",""coordinates"":[81.67526281159503,21.16175140279018]}",81.67526281159503,21.16175140279018
732,47.468784200000016,-0.0090182009676463,0.135907221460595,-0.1587919564560024,21824.0,0.0,8975.5,9632.0,11127.5,11660.5,15328.5,15054.5,13229.0,224.0,6185.0,50210.0,622.5,1518.0,9661.5,105.0,278.5,10646.5,3192.0,"{""type"":""Point"",""coordinates"":[81.56435140860603,21.289670940296666]}",81.56435140860603,21.289670940296666
733,48.60185783000003,0.0542905231531067,0.1593540576027829,-0.1889963449397527,21824.0,0.0,9500.0,10090.5,11593.5,12324.5,16997.0,18948.5,16050.5,209.0,6195.0,50541.5,5110.5,1512.5,9730.0,36.0,301.5,11070.0,3181.5,"{""type"":""Point"",""coordinates"":[81.72086643925851,21.26246059507919]}",81.72086643925851,21.26246059507919
734,49.575993530000005,-0.0174893120870579,0.0514801426985139,-0.0508346516185394,21824.0,0.0,8669.5,9076.0,10050.0,10037.0,11126.5,10744.0,10172.5,224.0,6191.5,50826.5,4944.0,1516.5,9705.0,75.0,247.0,11147.0,3189.0,"{""type"":""Point"",""coordinates"":[81.6516242452572,21.323444176594297]}",81.6516242452572,21.323444176594297
735,48.456591979999985,-0.0399577007326837,0.1640667934897484,-0.1605833263086908,21824.0,0.0,8316.0,8781.0,9958.0,9887.0,13768.0,12710.0,10811.0,224.0,6371.0,50499.0,9951.0,1466.0,9591.0,184.0,255.0,11030.0,3062.0,"{""type"":""Point"",""coordinates"":[81.65095518024022,21.28494365319066]}",81.65095518024022,21.28494365319066
736,55.61221684999998,0.054899235580264,0.0980316168515558,-0.1473694867208855,21824.0,0.0,9911.0,10872.0,12633.0,13964.5,17000.0,18975.0,17362.5,209.0,6365.5,52592.5,13931.5,1464.5,9691.5,82.0,231.0,11856.5,3059.5,"{""type"":""Point"",""coordinates"":[81.71499176130106,21.177881572078846]}",81.71499176130106,21.177881572078846
737,56.171063119999985,0.0633883779264214,0.1346902598841442,-0.1840914346117002,21824.0,0.0,9796.0,10787.5,12350.0,13668.0,17923.0,20349.0,17202.5,224.0,6360.0,52756.0,13965.0,1467.0,9724.0,58.0,227.0,11942.0,3064.5,"{""type"":""Point"",""coordinates"":[81.69529836091185,21.158302805007686]}",81.69529836091185,21.158302805007686
738,50.21858129000003,0.0885904658243487,0.1411838373420752,-0.165832549388523,21824.0,0.0,9305.0,9830.5,11084.0,11658.0,15491.0,18502.5,15799.5,224.0,6190.0,51014.5,5330.0,1513.5,9588.0,112.0,414.5,11126.5,3183.5,"{""type"":""Point"",""coordinates"":[81.72158764219378,21.217979774624027]}",81.72158764219378,21.217979774624027
739,46.81765139000004,-0.0027352015275842,0.0872363046276089,-0.11166205778583,21824.0,0.0,9035.5,9924.5,11645.0,12234.0,14572.5,14493.0,13156.5,224.0,6189.0,50019.5,212.5,1517.5,9579.0,239.0,365.5,10503.5,3190.5,"{""type"":""Point"",""coordinates"":[81.57239178482894,21.344809301318023]}",81.57239178482894,21.344809301318023
740,50.71419419000006,0.0731185832139903,0.0666666666666666,-0.0656030424599401,21824.0,0.0,8489.0,8974.5,10073.5,10052.0,11488.0,13300.5,11326.0,209.0,6191.0,51159.5,5139.5,1515.0,9709.0,120.0,261.5,11261.0,3185.5,"{""type"":""Point"",""coordinates"":[81.60907342016331,21.284932010470992]}",81.60907342016331,21.284932010470992
741,46.029797780000024,-0.0362266292524513,0.1998393691588785,-0.2024292979182673,21824.0,0.0,8649.5,9322.5,10900.0,10959.0,16433.0,15284.0,12748.0,224.0,5895.5,49789.0,5298.5,1596.0,9718.0,120.0,317.5,10659.5,3393.0,"{""type"":""Point"",""coordinates"":[81.68670388297289,21.230725823500084]}",81.68670388297289,21.230725823500084
742,44.17210391000003,-0.0343876958792803,0.1904980586982841,-0.1778360628652857,21824.0,0.0,8416.0,8802.5,9952.5,9695.0,14258.0,13310.0,11049.0,224.0,6191.0,49245.5,4963.5,1516.5,9693.0,75.0,257.0,10597.0,3189.0,"{""type"":""Point"",""coordinates"":[81.67796192504703,21.307966814556043]}",81.67796192504703,21.307966814556043
743,45.819589550000046,0.0188909583209428,0.1744229616306954,-0.192088998763906,21824.0,0.0,8963.5,9435.0,10621.0,11016.5,15671.5,16275.0,13578.5,224.0,6178.0,49727.5,581.5,1519.5,9642.5,89.0,282.5,10490.5,3197.0,"{""type"":""Point"",""coordinates"":[81.5289971138857,21.253628811512627]}",81.5289971138857,21.253628811512627
744,49.85798018000003,0.0317085873594559,0.1488286716464024,-0.1714169230199028,21824.0,0.0,9193.5,9702.5,11178.0,11708.5,15803.0,16838.0,14580.0,224.0,6195.5,50909.0,165.5,1515.0,9589.0,166.0,351.5,10722.0,3185.0,"{""type"":""Point"",""coordinates"":[81.57891782141525,21.36276377810755]}",81.57891782141525,21.36276377810755
745,41.73334664000003,-0.0685505138491537,0.2590820919414678,-0.2375240633792388,21824.0,0.0,8495.5,8829.0,10298.0,9835.5,16714.0,14569.5,11633.0,224.0,6180.5,48532.0,655.0,1520.0,9810.5,151.0,278.5,10271.5,3197.0,"{""type"":""Point"",""coordinates"":[81.53248549993499,21.297937471154615]}",81.53248549993499,21.297937471154615
746,47.83451234000006,0.0931179239282534,0.1045007359206754,-0.1195037688442211,21824.0,0.0,9241.0,9642.0,11214.0,11560.0,14258.0,17186.0,14209.0,224.0,6034.0,50317.0,325.0,1558.0,9681.0,55.0,265.0,10845.0,3295.0,"{""type"":""Point"",""coordinates"":[81.74149605665244,21.325283390889886]}",81.74149605665244,21.325283390889886
747,49.33502312000002,0.0745278280852877,0.1157388719680011,-0.1524466512527006,21824.0,0.0,9497.5,10017.5,11180.5,12048.5,15202.5,17651.0,15367.0,224.0,6176.0,50756.0,484.5,1520.5,9488.5,306.0,334.0,10704.0,3198.5,"{""type"":""Point"",""coordinates"":[81.525817220794,21.240989480486803]}",81.525817220794,21.240989480486803
748,46.80568832000006,0.0473100838064341,0.1243618831537152,-0.1562944328994859,21824.0,0.0,9334.0,10074.0,11571.0,12350.0,15858.0,17433.0,15272.0,224.0,6034.0,50016.0,245.0,1556.0,9666.0,53.0,292.0,10415.0,3292.0,"{""type"":""Point"",""coordinates"":[81.7347106178434,21.300523897318726]}",81.7347106178434,21.300523897318726
749,45.72901202000003,0.0319765590164978,0.1474196836422666,-0.1780163559551955,21824.0,0.0,8834.0,9208.0,10604.0,11292.0,15197.0,16201.0,13437.0,224.0,6006.0,49701.0,405.0,1566.0,9639.0,134.0,266.0,10422.0,3315.0,"{""type"":""Point"",""coordinates"":[81.53178489820924,21.348861494815345]}",81.53178489820924,21.348861494815345
750,47.36111657000003,0.0072810366606582,0.1543057068356603,-0.174187483212463,21824.0,0.0,9138.5,9839.0,12298.0,12811.0,17486.0,17742.5,14970.0,224.0,6186.0,50178.5,5364.0,1515.5,9709.0,71.0,395.5,10937.0,3188.0,"{""type"":""Point"",""coordinates"":[81.72560109946976,21.212213910129687]}",81.72560109946976,21.212213910129687
751,50.36555615000003,0.0556666154082731,0.1291508844187842,-0.1555831545670091,21824.0,0.0,9108.5,9739.0,11218.5,11840.5,15352.5,17162.5,14444.5,224.0,6187.5,51057.5,5379.0,1514.5,9672.0,70.0,353.5,11206.5,3185.0,"{""type"":""Point"",""coordinates"":[81.72632047684337,21.210923696269973]}",81.72632047684337,21.210923696269973
752,48.87359042000003,-0.0124494896409968,0.0143923615173995,-0.0068523379247868,21824.0,0.0,8390.0,9029.5,10689.0,10529.0,10836.5,10570.0,9715.5,224.0,6370.5,50621.0,13925.5,1461.5,9702.5,69.0,224.0,11146.5,3053.5,"{""type"":""Point"",""coordinates"":[81.71842074178467,21.182634983149015]}",81.71842074178467,21.182634983149015
753,55.19863643000002,0.0015709330720296,0.1514879724469478,-0.1797397632875101,21824.0,0.0,9101.0,9727.5,11158.0,11825.5,16048.0,16098.5,13567.0,224.0,6356.5,52471.5,14073.5,1469.5,9647.5,184.0,262.0,11775.5,3070.5,"{""type"":""Point"",""coordinates"":[81.63668797945469,21.15590819828751]}",81.63668797945469,21.15590819828751
754,45.339357740000025,-0.0217032059050347,0.1858766363505586,-0.2142716857610474,21824.0,0.0,9254.5,10164.0,12002.0,12733.5,18548.0,17760.0,14189.5,192.0,5889.0,49587.0,5780.5,1599.0,9654.0,116.0,359.0,10590.5,3399.5,"{""type"":""Point"",""coordinates"":[81.59418930273254,21.14795117975557]}",81.59418930273254,21.14795117975557
755,43.39450436000004,0.0124782356355194,0.1046459728139582,-0.1040635899099683,21824.0,0.0,8894.0,9565.0,11046.0,11033.0,13612.0,13956.0,12915.0,224.0,6016.0,49018.0,82.0,1560.0,9684.0,117.0,395.0,10134.0,3301.0,"{""type"":""Point"",""coordinates"":[81.63894438998459,21.2345257007351]}",81.63894438998459,21.2345257007351
756,48.55571456000001,0.0282682890636592,0.0841438682173751,-0.0958915571918667,21824.0,0.0,8981.0,9595.0,10805.0,11064.0,13097.0,13859.0,12759.0,224.0,6015.0,50528.0,692.0,1565.0,9666.0,101.0,256.0,10797.0,3312.0,"{""type"":""Point"",""coordinates"":[81.63907221460121,21.35377580950292]}",81.63907221460121,21.35377580950292
757,45.0932603,0.025372701806356,0.1230914791384524,-0.1390885485267,21824.0,0.0,9418.5,10115.5,11438.5,11817.0,15134.5,15922.5,14426.0,224.0,6179.0,49515.0,420.0,1520.0,9628.0,121.0,258.0,10442.5,3196.5,"{""type"":""Point"",""coordinates"":[81.55619098037548,21.254889780499354]}",81.55619098037548,21.254889780499354
758,55.93180172000001,-0.0076444334625422,0.1405995979372432,-0.1717549026650384,21824.0,0.0,9016.0,9812.0,11530.0,12290.5,16312.0,16064.5,13763.5,224.0,6357.5,52686.0,13955.5,1467.0,9685.0,77.0,231.0,11882.5,3066.0,"{""type"":""Point"",""coordinates"":[81.70321539478637,21.14503438164855]}",81.70321539478637,21.14503438164855
759,48.012249380000014,0.0215691878351798,0.1170396529883689,-0.1370963015063595,21824.0,0.0,9155.5,9722.0,11041.5,11501.0,14550.0,15191.5,13346.0,224.0,6191.0,50369.0,4936.0,1516.5,9623.0,150.0,270.0,10930.5,3189.5,"{""type"":""Point"",""coordinates"":[81.66045075092873,21.315866701365458]}",81.66045075092873,21.315866701365458
760,47.62943114000001,0.0715769344894662,0.0700307785841851,-0.114806017418844,21824.0,0.0,9409.0,9811.0,11180.0,12237.0,14080.0,16251.0,14266.0,224.0,5981.0,50257.0,305.0,1574.0,9704.0,90.0,280.0,10546.0,3334.0,"{""type"":""Point"",""coordinates"":[81.5473717644412,21.199766357395692]}",81.5473717644412,21.199766357395692
761,45.47949656000003,0.0367485520271619,0.130390625,-0.1475591862632351,21824.0,0.0,8798.0,9388.0,10748.0,11131.0,14469.0,15573.0,13837.0,224.0,5972.0,49628.0,525.0,1577.0,9680.0,135.0,270.0,10483.0,3341.0,"{""type"":""Point"",""coordinates"":[81.51235789706685,21.19412352307578]}",81.51235789706685,21.19412352307578
762,44.28831659000002,0.0095899881233049,0.1198588952136615,-0.1264516129032258,21824.0,0.0,8755.0,9304.5,10832.0,10978.0,13968.0,14238.5,12346.5,224.0,5728.0,49279.5,251.0,1642.5,9713.0,59.0,344.0,10316.0,3509.0,"{""type"":""Point"",""coordinates"":[81.59351954164362,21.374657577807458]}",81.59351954164362,21.374657577807458
763,43.490208919999986,0.006403375652367,0.1284681351942155,-0.1239793995729179,21824.0,0.0,8618.0,9080.0,10461.0,10366.0,13422.0,13595.0,12433.0,224.0,6014.0,49046.0,484.0,1565.0,9660.0,77.0,260.0,10406.0,3312.0,"{""type"":""Point"",""coordinates"":[81.65319537889462,21.33454303114903]}",81.65319537889462,21.33454303114903
764,48.26518285999998,0.0861762756792577,0.1533237429326553,-0.1971801639116544,21824.0,0.0,9477.0,10108.0,11559.0,12654.0,17237.0,20488.0,16409.0,224.0,5982.0,50443.0,295.0,1572.0,9662.0,60.0,279.0,10663.0,3329.0,"{""type"":""Point"",""coordinates"":[81.54245553627267,21.155033398795684]}",81.54245553627267,21.155033398795684
765,48.06010165999999,0.0306635027273567,0.1571628283422853,-0.1718639394955478,21824.0,0.0,8972.0,9555.0,11114.0,11455.0,15727.0,16722.0,13924.0,224.0,5977.0,50383.0,355.0,1576.0,9633.0,75.0,279.0,10484.0,3339.0,"{""type"":""Point"",""coordinates"":[81.55942785513409,21.20070213114799]}",81.55942785513409,21.20070213114799
766,45.29492348000002,0.0584280239359913,0.152573620187322,-0.1885120684387412,21824.0,0.0,9884.0,10488.5,11952.0,12870.5,17505.0,19677.5,17042.5,224.0,5704.5,49574.0,369.0,1650.0,9664.0,82.0,285.0,10485.0,3529.5,"{""type"":""Point"",""coordinates"":[81.57426073770162,21.22896377607101]}",81.57426073770162,21.22896377607101
767,45.60425429000003,0.0035866261398176,0.1711203200914547,-0.1915527769700494,21824.0,0.0,9029.0,9631.5,11121.0,11601.0,16391.0,16509.0,14123.0,224.0,5706.0,49664.5,288.5,1648.5,9725.5,77.0,340.0,10347.5,3526.0,"{""type"":""Point"",""coordinates"":[81.57173077183155,21.17876906335199]}",81.57173077183155,21.17876906335199
768,38.71523497999999,-0.1110943339247291,0.2054962832510802,-0.1734407080351625,21824.0,0.0,8294.0,8734.0,10366.5,9699.5,14717.0,11774.0,10057.5,224.0,5701.0,47649.0,205.5,1652.0,9667.0,75.0,325.5,9731.0,3532.5,"{""type"":""Point"",""coordinates"":[81.59088713988639,21.215125741321767]}",81.59088713988639,21.215125741321767
769,51.92759129000001,0.1061120423715682,0.1312191382783393,-0.1704446944685246,21824.0,0.0,9450.5,9970.5,11244.0,12184.0,15864.5,19631.0,16526.5,224.0,6197.0,51514.5,5526.5,1508.5,9678.0,74.0,299.5,11366.0,3173.5,"{""type"":""Point"",""coordinates"":[81.74766990185915,21.18932925341261]}",81.74766990185915,21.18932925341261
770,47.88578264,0.0346325832322537,0.1058023308863174,-0.1185366979212552,21824.0,0.0,8790.5,9199.5,10505.5,10780.0,13331.0,14287.5,12676.5,224.0,6187.0,50332.0,450.0,1517.5,9732.0,64.0,272.5,10756.5,3191.5,"{""type"":""Point"",""coordinates"":[81.58387931419726,21.30422724921868]}",81.58387931419726,21.30422724921868
771,48.68389031000004,0.0380127126305687,0.1458581842279655,-0.1794880540254779,21824.0,0.0,9618.0,10367.0,12028.5,12889.0,17291.0,18657.5,16234.0,224.0,5892.5,50565.5,5747.5,1597.5,9675.5,86.0,297.5,10897.0,3396.5,"{""type"":""Point"",""coordinates"":[81.6012006900479,21.161584557847565]}",81.6012006900479,21.161584557847565
772,58.81490158999998,0.0501144299043483,0.1212357351897068,-0.1609409739654307,21824.0,0.0,9449.0,10138.0,11699.0,12686.5,16187.0,17895.0,15474.0,192.0,6353.0,53529.5,14128.0,1471.0,9654.0,61.0,231.0,12174.5,3073.5,"{""type"":""Point"",""coordinates"":[81.61477125877926,21.127564816279804]}",81.61477125877926,21.127564816279804
773,54.08265290000003,0.0027452852709477,0.1265801449519636,-0.155122355868934,21824.0,0.0,9553.0,10483.0,12222.0,12955.0,16710.0,16802.0,14668.0,224.0,6370.0,52145.0,10843.0,1464.0,9589.0,103.0,234.0,11613.0,3057.0,"{""type"":""Point"",""coordinates"":[81.67255084125006,21.202431191807037]}",81.67255084125006,21.202431191807037
774,56.37956234000001,0.0496834835986955,0.087596048298573,-0.1234833881392448,21824.0,0.0,9428.0,10180.0,11595.0,12468.0,14862.0,16416.0,15132.0,224.0,6369.0,52817.0,10937.0,1463.0,9698.0,51.0,226.0,11949.0,3057.0,"{""type"":""Point"",""coordinates"":[81.69510139320339,21.192618310026877]}",81.69510139320339,21.192618310026877
775,47.07229388000002,0.0604570990806945,0.1227922944878886,-0.1412950756107018,21824.0,0.0,9246.0,9780.0,11073.0,11498.0,14717.0,16611.0,14485.0,224.0,6034.0,50094.0,220.0,1558.0,9654.0,76.0,306.0,10752.0,3295.0,"{""type"":""Point"",""coordinates"":[81.70768710290776,21.344141012207388]}",81.70768710290776,21.344141012207388
776,46.14259244000005,-0.055170627468756,0.2217203051489194,-0.2216287133352075,21824.0,0.0,8154.0,8495.5,10382.5,10380.5,16295.0,14591.0,12471.0,224.0,5911.0,49822.0,5212.5,1589.0,9644.0,131.0,416.0,10627.5,3377.0,"{""type"":""Point"",""coordinates"":[81.6557000803021,21.24283317690231]}",81.6557000803021,21.24283317690231
777,44.00291192000003,0.0016906950293566,0.1722918095513121,-0.180730776222505,21824.0,0.0,8853.0,9433.0,11267.0,11465.0,16238.0,16293.0,14018.0,224.0,6029.0,49196.0,311.0,1558.0,9722.0,75.0,267.0,10254.0,3296.0,"{""type"":""Point"",""coordinates"":[81.72118485575045,21.294472272094897]}",81.72118485575045,21.294472272094897
778,37.271121530000016,-0.2385444173009305,0.4094488188976378,-0.3734302088879145,21824.0,0.0,8161.0,8520.5,10003.5,9187.5,21927.5,13481.0,10210.0,224.0,6170.5,47226.5,377.0,1523.5,9645.5,63.0,278.0,9793.5,3205.0,"{""type"":""Point"",""coordinates"":[81.5647200546024,21.238944340097728]}",81.5647200546024,21.238944340097728
779,46.07935907000001,0.0184786006943873,0.1090452728455889,-0.1353902963625635,21824.0,0.0,9219.0,9898.0,11356.0,11980.0,14912.5,15474.0,14066.5,224.0,6174.5,49803.5,555.0,1522.0,9683.5,61.0,283.0,10455.5,3201.5,"{""type"":""Point"",""coordinates"":[81.54105419481745,21.259220172065007]}",81.54105419481745,21.259220172065007
780,49.417055600000026,-0.0521991300144997,0.1763933920024702,-0.1714873253512194,21824.0,0.0,8342.5,9019.0,10777.5,10669.0,15239.0,13727.0,11291.5,224.0,6358.5,50780.0,14008.5,1467.5,9611.5,86.0,228.0,11133.0,3066.5,"{""type"":""Point"",""coordinates"":[81.6720032740743,21.138991130628064]}",81.6720032740743,21.138991130628064
781,56.35392719000003,0.047045184123013,0.1291459557162223,-0.1630331577085621,21824.0,0.0,9019.0,9714.0,11239.0,12045.0,15617.5,17159.5,14626.5,209.0,6353.5,52809.5,14043.5,1470.5,9676.5,133.0,245.0,11922.0,3072.5,"{""type"":""Point"",""coordinates"":[81.65361445450189,21.14090857179752]}",81.65361445450189,21.14090857179752
782,55.69595834,0.0428750916134436,0.1256965181787396,-0.1816830403309203,21824.0,0.0,9781.0,10848.0,12661.0,14200.0,18283.0,19921.0,16364.0,160.0,6355.0,52617.0,11572.0,1470.0,9511.0,417.0,388.0,11717.0,3072.0,"{""type"":""Point"",""coordinates"":[81.61829759660331,21.140621270318686]}",81.61829759660331,21.140621270318686
783,50.25276149000001,0.0123151370160939,0.1149950896145347,-0.1389920840191237,21824.0,0.0,12537.5,13335.0,13732.0,14418.5,18165.5,18618.5,16150.5,224.0,5892.5,51024.5,5597.0,1598.0,9692.0,101.0,433.5,11055.0,3397.0,"{""type"":""Point"",""coordinates"":[81.59133858746382,21.178617222055724]}",81.59133858746382,21.178617222055724
784,51.54990008000004,0.032620080802035,0.0683301660745269,-0.0867144327947387,21824.0,0.0,9204.0,9726.5,10866.5,11276.0,12930.0,13802.0,13951.0,224.0,6192.0,51404.0,4949.0,1516.0,9652.0,107.0,254.5,11311.0,3188.0,"{""type"":""Point"",""coordinates"":[81.64842520854444,21.318485675141773]}",81.64842520854444,21.318485675141773
785,48.046429579999995,0.0237353069220722,0.1343072191647782,-0.1457124172320771,21824.0,0.0,8640.0,9128.0,10450.5,10696.5,14015.5,14697.0,12598.0,224.0,6181.0,50379.0,648.5,1520.0,9682.5,57.0,261.5,10635.0,3196.0,"{""type"":""Point"",""coordinates"":[81.53183507228304,21.29904654840251]}",81.53183507228304,21.29904654840251
786,41.11810304000005,0.016607092019106,0.120086470906143,-0.1369637567201843,21824.0,0.0,9404.0,10133.0,11799.0,12211.0,15544.0,16069.0,14422.0,224.0,6008.0,48352.0,147.0,1563.0,9704.0,108.0,347.0,10176.0,3309.0,"{""type"":""Point"",""coordinates"":[81.61885907381334,21.24546066099765]}",81.61885907381334,21.24546066099765
787,45.85889678000001,0.0089918946301925,0.160763953272761,-0.1748367239696719,21824.0,0.0,9049.0,9607.0,10992.0,11315.0,15650.0,15934.0,13521.0,224.0,5998.0,49739.0,463.0,1570.0,9686.0,109.0,284.0,10470.0,3324.0,"{""type"":""Point"",""coordinates"":[81.56909881623157,21.319630327436716]}",81.56909881623157,21.319630327436716
788,58.49189869999998,0.063708153674725,0.0903654110168694,-0.1275598514167914,21824.0,0.0,8954.0,9686.5,11215.0,12092.0,14494.5,16467.0,14503.5,224.0,6360.5,53435.0,13977.0,1467.0,9719.5,82.0,233.0,12196.0,3065.5,"{""type"":""Point"",""coordinates"":[81.68686634992955,21.16752334493645]}",81.68686634992955,21.16752334493645
789,47.65164827000001,0.0193059142989601,0.1181378841652193,-0.1387975620541808,21824.0,0.0,9179.0,9824.5,11198.0,11678.5,14807.5,15390.5,13895.0,224.0,6190.5,50263.5,4951.0,1517.0,9645.0,90.0,274.5,10911.0,3189.5,"{""type"":""Point"",""coordinates"":[81.64508555073965,21.307668220318483]}",81.64508555073965,21.307668220318483
790,48.76421377999998,0.0629848255400686,0.1290520788724002,-0.1517626500531834,21824.0,0.0,9117.0,9716.0,11164.5,11694.0,15159.5,17197.5,14771.5,224.0,5976.0,50589.0,558.5,1574.0,9695.0,50.0,251.5,10592.0,3336.0,"{""type"":""Point"",""coordinates"":[81.54918970367352,21.144107829826662]}",81.54918970367352,21.144107829826662
791,50.862878060000014,0.1299393038523473,0.0801168691373212,-0.1282627901373383,21824.0,0.0,9256.0,9627.0,10854.0,11964.0,14048.0,18244.0,15303.0,224.0,5985.0,51203.0,371.0,1571.0,9691.0,77.0,266.0,10798.0,3327.0,"{""type"":""Point"",""coordinates"":[81.53885806740642,21.17936747672383]}",81.53885806740642,21.17936747672383
792,47.896036700000025,0.0221305930483522,0.1498484848484848,-0.1612853863810252,21824.0,0.0,8990.0,9544.0,10962.0,11222.0,15178.0,15865.0,13366.0,224.0,6006.0,50335.0,445.0,1568.0,9615.0,204.0,353.0,10519.0,3318.0,"{""type"":""Point"",""coordinates"":[81.59592145395709,21.332859327576383]}",81.59592145395709,21.332859327576383
793,51.54306403999999,0.0070986947561254,0.0888609865470852,-0.1193391355657176,21824.0,0.0,9335.0,10232.0,11940.0,12699.0,15176.0,15393.0,14003.0,224.0,6374.0,51402.0,10169.0,1464.0,9666.0,85.0,228.0,11407.0,3057.0,"{""type"":""Point"",""coordinates"":[81.65819692031796,21.264324372945563]}",81.65819692031796,21.264324372945563
794,46.668967520000024,0.0190181735917351,0.1755860398705922,-0.1901921317474839,21824.0,0.0,8779.5,9472.0,11064.0,11403.5,16261.0,16891.5,13746.0,209.0,6185.5,49976.0,5381.0,1515.5,9680.0,53.0,343.5,10832.5,3188.0,"{""type"":""Point"",""coordinates"":[81.70602954686821,21.21118533337951]}",81.70602954686821,21.21118533337951
795,44.55492215000004,-0.0575447793796417,0.1865576534713644,-0.1839114189017352,21824.0,0.0,8523.0,9057.0,10429.0,10372.0,15129.5,13483.0,11490.0,224.0,6185.5,49357.5,583.5,1517.0,9643.0,216.0,296.5,10425.5,3190.5,"{""type"":""Point"",""coordinates"":[81.5535471950948,21.276535636405512]}",81.5535471950948,21.276535636405512
796,49.68366116000004,0.0031333930170098,0.0897080411025933,-0.1037957952996571,21824.0,0.0,8887.5,9508.5,10849.0,11162.0,13362.0,13446.0,12461.0,209.0,6197.0,50858.0,4956.0,1513.5,9711.0,64.0,246.0,11163.0,3182.0,"{""type"":""Point"",""coordinates"":[81.64044457607766,21.317541211705073]}",81.64044457607766,21.317541211705073
797,45.14794862000002,0.0562311419950626,0.1205761019034522,-0.1392935982339956,21824.0,0.0,9311.0,10000.0,11697.0,12151.0,15483.0,17328.0,14944.0,224.0,6033.0,49531.0,339.0,1557.0,9723.0,55.0,264.0,10530.0,3294.0,"{""type"":""Point"",""coordinates"":[81.70874901181301,21.326680652838327]}",81.70874901181301,21.326680652838327
798,47.42776795999998,0.0324334458192725,0.1003286843741671,-0.1265279394644936,21824.0,0.0,9651.5,10317.0,12005.0,12659.5,15483.0,16521.0,15023.0,209.0,5901.5,50198.0,5414.0,1593.0,9657.0,78.0,308.5,10757.0,3386.5,"{""type"":""Point"",""coordinates"":[81.65793423394334,21.212306577015774]}",81.65793423394334,21.212306577015774
799,57.92450738000002,0.0672968192757111,0.101568385727005,-0.1518808300359873,21824.0,0.0,9474.5,10219.5,11842.5,13118.0,16084.0,18405.0,16275.0,192.0,6355.5,53269.0,14014.5,1468.5,9718.0,68.0,231.0,12128.0,3068.5,"{""type"":""Point"",""coordinates"":[81.67117144293975,21.123115125357884]}",81.67117144293975,21.123115125357884
800,58.48506266000004,0.0240801499882821,0.1469393376024237,-0.1763833468695928,21824.0,0.0,9257.0,10019.0,11662.0,12389.0,16657.0,17479.0,14905.0,224.0,6361.0,53433.0,11107.0,1469.0,9700.0,81.0,233.0,12184.0,3069.0,"{""type"":""Point"",""coordinates"":[81.58570341064551,21.18698322456959]}",81.58570341064551,21.18698322456959
801,43.40475842000001,0.0139176971673765,0.1452582798506776,-0.1550502615082162,21824.0,0.0,9246.5,9718.5,11389.5,11620.0,15569.5,16009.0,13619.5,224.0,5981.0,49021.0,136.0,1575.0,9691.5,107.0,365.0,10137.5,3336.0,"{""type"":""Point"",""coordinates"":[81.59003038977745,21.20252759449477]}",81.59003038977745,21.20252759449477
802,46.72365583999999,0.0369173160935174,0.1378658398245481,-0.163762931451223,21824.0,0.0,9114.0,9612.0,10811.5,11400.0,15046.0,16199.5,14151.5,224.0,6176.0,49992.0,648.0,1520.5,9698.5,89.0,239.5,10628.5,3198.5,"{""type"":""Point"",""coordinates"":[81.49252814233853,21.25530066657008]}",81.49252814233853,21.25530066657008
803,45.90333104000001,-0.0029590754285076,0.111817131539858,-0.1224226267338692,21824.0,0.0,8783.0,9326.0,10534.0,10763.0,13473.0,13393.5,11833.0,224.0,6204.0,49752.0,4885.5,1511.0,9675.0,119.0,252.5,10753.5,3177.0,"{""type"":""Point"",""coordinates"":[81.69590639013414,21.33298133289318]}",81.69590639013414,21.33298133289318
804,38.96987747000003,-0.0213375556058207,0.1682218810907773,-0.1936274077859824,21824.0,0.0,9221.0,9848.0,11439.0,12056.0,16932.5,16225.0,12979.0,224.0,5715.5,47723.5,351.5,1648.0,9693.0,62.0,350.5,9981.5,3523.0,"{""type"":""Point"",""coordinates"":[81.60256627879498,21.365241564746313]}",81.60256627879498,21.365241564746313
805,47.00393348,-0.0279902064504428,0.2084354901751767,-0.2161273019846236,21824.0,0.0,8680.5,9309.5,10960.5,11138.5,17004.5,16078.5,12790.5,224.0,6184.0,50074.0,722.0,1518.0,9695.5,104.0,246.5,10491.0,3192.5,"{""type"":""Point"",""coordinates"":[81.50493876016094,21.294463358136476]}",81.50493876016094,21.294463358136476
806,43.63205675000006,-0.083591062808914,0.262404660481875,-0.2623621516962707,21824.0,0.0,8680.0,9205.5,10953.0,10952.0,18744.5,15852.5,12277.0,224.0,5706.0,49087.5,286.0,1648.5,9696.5,83.0,332.5,10160.0,3526.0,"{""type"":""Point"",""coordinates"":[81.5758304268684,21.18043033387955]}",81.5758304268684,21.18043033387955
807,48.43608386000005,-0.02913438277881,0.1831042682681068,-0.1823418052926249,21824.0,0.0,8627.0,9044.0,10150.0,10134.0,14677.0,13846.0,11772.0,224.0,6371.0,50493.0,9949.0,1466.0,9660.0,122.0,235.0,11079.0,3062.0,"{""type"":""Point"",""coordinates"":[81.65231747417356,21.284805345532433]}",81.65231747417356,21.284805345532433
808,42.14009102,-0.0633708171007638,0.2056321728228373,-0.1959895145705374,21824.0,0.0,8592.5,9043.0,10505.0,10296.0,15626.5,13764.0,11273.5,224.0,6174.5,48651.0,514.0,1522.0,9776.5,123.0,255.0,10272.5,3201.5,"{""type"":""Point"",""coordinates"":[81.54477752833554,21.256729450537886]}",81.54477752833554,21.256729450537886
809,51.25595036000004,0.0210265395957092,0.053922245226593,-0.062797225508618,21824.0,0.0,8582.5,9075.5,10100.0,10281.5,11453.5,11945.5,11573.0,224.0,6193.0,51318.0,5050.5,1514.5,9648.0,131.0,273.5,11273.5,3184.0,"{""type"":""Point"",""coordinates"":[81.61715932744245,21.29651366854551]}",81.61715932744245,21.29651366854551
810,44.42332838000005,-0.0215473495198688,0.1536257438836235,-0.1431441925479404,21824.0,0.0,8355.0,8759.0,9808.0,9600.0,13085.0,12533.0,10708.0,224.0,6026.0,49319.0,536.0,1560.0,9624.0,219.0,293.0,10474.0,3301.0,"{""type"":""Point"",""coordinates"":[81.66408588308455,21.349765586414666]}",81.66408588308455,21.349765586414666
811,52.976923430000056,0.0147446457990115,0.0511468494595307,-0.0707188255303911,21824.0,0.0,8740.5,9240.5,10381.0,10797.0,11961.0,12319.0,12059.0,209.0,6193.0,51821.5,5011.5,1515.5,9606.0,222.0,290.0,11415.0,3186.5,"{""type"":""Point"",""coordinates"":[81.61625641475182,21.325557282517906]}",81.61625641475182,21.325557282517906
812,57.99115877000003,0.0685093839339939,0.1035184697727472,-0.1522069736335819,21824.0,0.0,9348.5,9970.0,11567.5,12771.5,15721.0,18033.5,16018.0,192.0,6359.5,53288.5,14004.5,1466.5,9715.5,57.0,229.0,12135.0,3064.0,"{""type"":""Point"",""coordinates"":[81.67520524658227,21.132468350465317]}",81.67520524658227,21.132468350465317
813,57.26141150000001,0.0486540880503144,0.08756255152712,-0.1241824884061992,21824.0,0.0,9235.0,9853.0,11048.0,11897.5,14181.0,15631.5,14392.5,160.0,6355.0,53075.0,14191.5,1470.5,9668.0,138.0,247.0,12016.0,3072.0,"{""type"":""Point"",""coordinates"":[81.58779030439723,21.124066009299575]}",81.58779030439723,21.124066009299575
814,48.16606028000001,0.0443603074141048,0.1694414190135366,-0.1948703455097859,21824.0,0.0,9201.0,9773.5,11395.0,12010.5,16911.0,18481.0,15087.5,224.0,5980.0,50414.0,360.0,1573.0,9713.0,101.0,261.5,10588.5,3333.0,"{""type"":""Point"",""coordinates"":[81.55788373333394,21.179462591280817]}",81.55788373333394,21.179462591280817
815,45.51367676000001,0.0313148210103713,0.092026853737648,-0.1241215980121908,21824.0,0.0,9244.0,9908.0,11280.0,12037.0,14477.0,15413.0,13986.0,224.0,6039.0,49638.0,218.0,1555.0,9701.0,88.0,308.0,10633.0,3290.0,"{""type"":""Point"",""coordinates"":[81.70667359688363,21.348081212824855]}",81.70667359688363,21.348081212824855
816,47.59525094000003,-0.0175985254103396,0.0942167480710695,-0.0875703564727955,21824.0,0.0,8135.0,8634.0,9726.5,9597.0,11593.5,11192.5,10199.0,224.0,6201.0,50247.0,4733.5,1513.5,9636.0,116.0,250.0,10898.5,3182.0,"{""type"":""Point"",""coordinates"":[81.64733962179528,21.375861448637252]}",81.64733962179528,21.375861448637252
817,48.90435260000004,0.0615118194489419,0.1530531049991351,-0.1820261379958505,21824.0,0.0,9320.5,9914.5,11532.0,12240.5,16664.5,18849.0,15744.5,224.0,5981.0,50630.0,353.5,1573.0,9749.0,76.0,257.5,10666.0,3332.0,"{""type"":""Point"",""coordinates"":[81.55686107623522,21.180004814495]}",81.55686107623522,21.180004814495
818,49.905832460000056,0.0819698908338551,0.1363774220724515,-0.1735105790645879,21824.0,0.0,9649.0,10239.0,11875.0,12814.0,16861.0,19872.0,16941.0,224.0,5976.0,50923.0,261.0,1575.0,9462.0,433.0,421.0,10717.0,3336.0,"{""type"":""Point"",""coordinates"":[81.53572037514552,21.16403931918548]}",81.53572037514552,21.16403931918548
819,51.05599619000003,0.0559995063404399,0.1288578965816223,-0.1529996985227615,21824.0,0.0,9023.0,9719.0,11238.0,11805.5,15298.0,17113.0,14612.0,209.0,6191.5,51259.5,5379.5,1512.0,9672.0,56.0,299.5,11275.0,3181.0,"{""type"":""Point"",""coordinates"":[81.73795409157621,21.2153835738205]}",81.73795409157621,21.2153835738205
820,42.86129324000001,-0.0015966592974699,0.1778724633494619,-0.1818412376363175,21824.0,0.0,9162.0,9816.0,11291.0,11384.0,16310.0,16258.0,13793.0,224.0,6009.0,48862.0,60.0,1566.0,9669.0,122.0,395.0,10077.0,3316.0,"{""type"":""Point"",""coordinates"":[81.67437012019245,21.28706193342093]}",81.67437012019245,21.28706193342093
821,50.30744980999998,-0.0004585376177207153,0.1169567614397101,-0.1330190940321163,21824.0,0.0,9002.0,9555.5,10852.0,11212.0,14182.0,14169.0,12712.0,224.0,6200.0,51040.5,4969.5,1512.0,9607.0,59.0,246.0,11152.0,3178.0,"{""type"":""Point"",""coordinates"":[81.63266572109482,21.316871018653092]}",81.63266572109482,21.316871018653092
822,49.00518419000002,0.0324486289211718,0.1690201259372372,-0.191945698191106,21824.0,0.0,8918.0,9641.5,11547.5,12108.0,17033.5,18176.0,15171.5,224.0,5893.5,50659.5,5124.0,1597.5,9688.0,76.0,391.0,10926.0,3396.0,"{""type"":""Point"",""coordinates"":[81.68200016305335,21.257663035279315]}",81.68200016305335,21.257663035279315
823,47.171416460000046,0.0371165644171779,0.1515885244698804,-0.179055703714833,21824.0,0.0,8920.0,9539.0,10928.0,11563.0,15695.0,16905.0,13740.0,224.0,6003.0,50123.0,246.0,1569.0,9756.0,48.0,258.0,10542.0,3320.0,"{""type"":""Point"",""coordinates"":[81.55117492786603,21.35023336656191]}",81.55117492786603,21.35023336656191
824,44.394275210000046,-0.0016543103976472,0.1884052703316674,-0.2056491758545669,21824.0,0.0,9031.0,9530.0,10771.0,11164.5,16348.0,16294.0,13414.5,224.0,6176.5,49310.5,357.0,1520.5,9635.5,91.0,275.0,10395.0,3198.5,"{""type"":""Point"",""coordinates"":[81.56830150756686,21.24778885855756]}",81.56830150756686,21.24778885855756
825,48.27885494000003,0.0311080461148673,0.1044689395881398,-0.1474123391034176,21824.0,0.0,9379.5,10136.5,12005.5,13100.5,16157.0,17194.5,15467.0,224.0,6203.5,50447.0,5397.5,1506.5,9670.0,66.0,286.5,10990.0,3168.0,"{""type"":""Point"",""coordinates"":[81.76207699138159,21.217080909385256]}",81.76207699138159,21.217080909385256
826,49.31622401000004,0.0091222058286929,0.1596576245381459,-0.1741770533716842,21824.0,0.0,8841.5,9491.0,10982.0,11315.0,15614.5,15902.0,13380.5,224.0,6188.5,50750.5,5113.5,1516.0,9653.0,108.0,397.5,11099.0,3188.5,"{""type"":""Point"",""coordinates"":[81.70594683713539,21.258195787653992]}",81.70594683713539,21.258195787653992
827,47.92167185000005,-0.0236223164228086,0.1593681031478685,-0.1665270662485147,21824.0,0.0,8834.0,9433.5,10697.0,10855.5,14971.5,14280.5,12136.5,224.0,6195.0,50342.5,4796.0,1516.0,9645.0,119.0,252.0,10954.0,3187.0,"{""type"":""Point"",""coordinates"":[81.62602181533286,21.36679482864736]}",81.62602181533286,21.36679482864736
828,49.48883402000001,0.0486409730873822,0.1651845775225594,-0.2025331459437492,21824.0,0.0,9360.5,10040.0,11774.0,12720.5,17754.5,19570.0,16114.0,224.0,6196.5,50801.0,5523.0,1508.5,9667.0,32.0,410.0,11118.5,3172.5,"{""type"":""Point"",""coordinates"":[81.75078880834194,21.18282135438451]}",81.75078880834194,21.18282135438451
829,47.689246490000016,0.0117070429570429,0.1089819939746374,-0.1347408416373933,21824.0,0.0,9526.5,10304.0,12069.5,12717.5,15828.5,16203.5,14709.5,209.0,5903.5,50274.5,5207.0,1592.5,9659.0,139.0,323.0,10782.0,3385.5,"{""type"":""Point"",""coordinates"":[81.66583085274593,21.248105895132486]}",81.66583085274593,21.248105895132486
830,47.731971740000006,0.0213999594756776,0.1499478012417809,-0.1761422175598973,21824.0,0.0,9124.0,9690.0,10995.0,11603.0,15696.5,16383.0,14204.5,224.0,6180.0,50287.0,680.0,1519.0,9628.5,136.0,255.5,10657.0,3195.0,"{""type"":""Point"",""coordinates"":[81.51497276494437,21.256389203848453]}",81.51497276494437,21.256389203848453
831,43.72947032000002,-0.0485252140818268,0.1942682828931524,-0.1807611413151315,21824.0,0.0,8576.0,9052.0,10322.0,10037.0,14877.0,13500.0,11435.0,224.0,6011.0,49116.0,582.0,1567.0,9708.0,72.0,255.0,10174.0,3316.0,"{""type"":""Point"",""coordinates"":[81.6293460109263,21.360269265950354]}",81.6293460109263,21.360269265950354
832,44.65917176000005,-0.0369750399880965,0.1449635486189547,-0.1436952552872879,21824.0,0.0,8428.0,9033.5,10436.0,10409.0,13938.5,12944.5,11210.5,224.0,6196.0,49388.0,4695.0,1515.5,9704.0,95.0,246.0,10659.5,3187.0,"{""type"":""Point"",""coordinates"":[81.63563894805982,21.37738615875263]}",81.63563894805982,21.37738615875263
833,55.67203219999999,0.0438079576081494,0.1244091104426299,-0.1596461745858802,21824.0,0.0,9302.5,9992.5,11376.5,12225.0,15699.0,17137.5,14719.5,224.0,6363.0,52610.0,14016.0,1467.0,9657.5,69.0,229.0,11836.5,3064.0,"{""type"":""Point"",""coordinates"":[81.66260205058887,21.183516980830355]}",81.66260205058887,21.183516980830355
834,46.45021424000004,-0.1149132187217241,0.2280733545955349,-0.2224687483088911,21824.0,0.0,8367.0,9023.0,10776.0,10649.5,16942.5,13450.0,10922.5,224.0,5893.5,49912.0,5500.5,1597.0,9656.5,108.0,316.5,10666.5,3395.5,"{""type"":""Point"",""coordinates"":[81.6466236085851,21.196666775264923]}",81.6466236085851,21.196666775264923
835,53.42297503999998,-0.0325046650213688,0.1734966135321885,-0.1984210158597079,21824.0,0.0,8765.0,9674.0,11473.0,12081.0,17153.0,16073.0,13442.0,224.0,6365.0,51952.0,10903.0,1466.0,9677.0,83.0,229.0,11610.0,3063.0,"{""type"":""Point"",""coordinates"":[81.67359144385408,21.19680643744796]}",81.67359144385408,21.19680643744796
836,47.99515928000005,-0.0171719313122747,0.0831514786665663,-0.1276145710928319,21824.0,0.0,8904.0,9647.0,11136.0,12184.0,14394.0,13908.0,13041.0,224.0,6373.0,50364.0,688.0,1466.0,9605.0,111.0,239.0,10696.0,3060.0,"{""type"":""Point"",""coordinates"":[81.4887604738235,21.245337007109747]}",81.4887604738235,21.245337007109747
837,52.70860886000003,0.025408888154634,0.137567974083073,-0.1608485182415679,21824.0,0.0,8593.0,9237.0,10661.0,11181.0,14748.0,15517.0,13134.0,224.0,6365.0,51743.0,10552.0,1467.0,9747.0,104.0,233.0,11590.0,3064.0,"{""type"":""Point"",""coordinates"":[81.70603022729433,21.22725015542464]}",81.70603022729433,21.22725015542464
838,45.62647142000003,0.0332357723577235,0.1229554640577191,-0.1331859419074483,21824.0,0.0,9166.0,9748.0,11370.0,11609.0,14864.0,15886.0,14284.0,224.0,6019.0,49671.0,471.0,1563.0,9623.0,58.0,259.0,10587.0,3308.0,"{""type"":""Point"",""coordinates"":[81.69938263005162,21.31756529144241]}",81.69938263005162,21.31756529144241
839,52.647084500000005,-0.0108542201856094,0.0484397503600576,-0.0505327464704043,21824.0,0.0,8280.0,8774.5,9869.0,9910.5,10919.5,10685.0,10207.0,224.0,6198.5,51725.0,4773.0,1514.5,9680.0,96.0,248.5,11449.0,3184.0,"{""type"":""Point"",""coordinates"":[81.6398929790997,21.370387290522658]}",81.6398929790997,21.370387290522658
840,49.85114414000003,0.0416011542516786,0.0874365109348108,-0.1071886486024446,21824.0,0.0,8804.5,9266.0,10445.0,10870.0,12953.0,14077.5,12557.5,224.0,6210.0,50907.0,4574.5,1509.0,9662.0,65.0,288.5,11162.0,3173.0,"{""type"":""Point"",""coordinates"":[81.70252458668921,21.365639412861285]}",81.70252458668921,21.365639412861285
841,60.16501949000002,0.0553538461538461,0.1152847152847152,-0.1510788669553643,21824.0,0.0,9159.0,9834.0,11321.0,12177.0,15350.5,17149.5,14909.5,224.0,6355.5,53924.5,14077.0,1469.5,9658.0,147.0,253.0,12328.5,3070.5,"{""type"":""Point"",""coordinates"":[81.63848467610391,21.12701128658562]}",81.63848467610391,21.12701128658562
842,48.65312813000003,0.0347796747418854,0.1614401481072478,-0.2017004402325503,21824.0,0.0,9604.0,10289.5,11877.5,12909.0,17879.5,19168.0,15436.0,192.0,5888.5,50556.5,5830.5,1599.0,9561.0,425.0,431.5,10826.0,3400.0,"{""type"":""Point"",""coordinates"":[81.61219815650638,21.14194771303063]}",81.61219815650638,21.14194771303063
843,48.297654050000006,-0.0182354984369572,0.0719934177446633,-0.0714791547687036,21824.0,0.0,8478.5,8985.5,10161.5,10151.0,11726.0,11306.0,10478.0,224.0,6192.5,50452.5,5037.0,1514.5,9661.0,103.0,294.5,10983.0,3184.5,"{""type"":""Point"",""coordinates"":[81.62516411283505,21.2873303372341]}",81.62516411283505,21.2873303372341
844,46.49635751000005,0.0287790238508924,0.1306266548984995,-0.1609833465503568,21824.0,0.0,9138.0,9725.5,11109.0,11820.0,15372.0,16283.0,14011.0,224.0,5379.5,49925.5,674.5,1783.0,9650.5,137.0,288.5,10472.5,3878.0,"{""type"":""Point"",""coordinates"":[81.59406504492041,21.283381337568887]}",81.59406504492041,21.283381337568887
845,46.56813593000004,-0.0307115408454196,0.1953349626221966,-0.2005342285270814,21824.0,0.0,8812.0,9464.5,11074.0,11194.5,16629.5,15638.5,13014.0,224.0,6197.5,49946.5,5187.0,1511.5,9697.0,72.0,298.5,10838.0,3177.5,"{""type"":""Point"",""coordinates"":[81.74003504002752,21.25076057588498]}",81.74003504002752,21.25076057588498
846,57.00676901000003,0.0520255505126912,0.1280692103815572,-0.1690909719103064,21824.0,0.0,9607.5,10368.0,12024.5,13077.0,16918.5,18775.5,16217.0,224.0,6360.0,53000.5,14063.5,1468.0,9644.5,157.0,253.0,11971.0,3067.5,"{""type"":""Point"",""coordinates"":[81.63988300644496,21.171816466670705]}",81.63988300644496,21.171816466670705
847,49.38287539999999,-0.0039772413412141,0.1692990639173931,-0.2101338304813902,21824.0,0.0,9308.0,10184.0,11863.0,12912.0,18175.0,18031.0,14744.0,224.0,6362.0,50770.0,10859.0,1468.0,9659.0,78.0,226.0,11171.0,3067.0,"{""type"":""Point"",""coordinates"":[81.618614739188,21.205213953713976]}",81.618614739188,21.205213953713976
848,48.57280466000003,0.0139372822299651,0.1487416610779711,-0.1762261014131338,21824.0,0.0,9169.5,9784.5,11396.5,12058.5,16272.5,16732.5,14299.5,224.0,6205.5,50533.0,5111.0,1508.5,9668.0,65.0,264.5,11026.0,3171.5,"{""type"":""Point"",""coordinates"":[81.74972055629372,21.276816736669478]}",81.74972055629372,21.276816736669478
849,41.50092128000006,-0.0870120423502788,0.2542290691385195,-0.2361764705882353,21824.0,0.0,8506.0,8910.5,10388.0,9996.5,16812.0,14120.5,11284.5,224.0,6180.5,48464.0,501.5,1520.5,9500.0,457.0,401.0,10015.0,3198.0,"{""type"":""Point"",""coordinates"":[81.55094244053207,21.304629977948558]}",81.55094244053207,21.304629977948558
850,47.80716818000002,0.0397306397306397,0.130930064888248,-0.1700731015963001,21824.0,0.0,9017.0,9582.0,11126.0,12054.0,15686.0,16984.0,14378.0,224.0,5983.0,50309.0,668.0,1572.0,9664.0,99.0,236.0,10699.0,3330.0,"{""type"":""Point"",""coordinates"":[81.48680459336236,21.232852776960282]}",81.48680459336236,21.232852776960282
851,47.02273259000003,0.0092394883358943,0.1119372900335946,-0.1147585153916967,21824.0,0.0,8510.5,8886.5,9856.5,9913.0,12412.0,12643.5,11388.5,209.0,6205.0,50079.5,4844.0,1511.0,9691.0,79.0,244.5,10878.5,3175.5,"{""type"":""Point"",""coordinates"":[81.68636074126776,21.343950673729896]}",81.68636074126776,21.343950673729896
852,44.79247454000006,-0.0052447009899761,0.1791343598704088,-0.193691037735849,21824.0,0.0,8946.0,9595.0,10940.0,11275.0,16196.0,16027.0,13396.0,224.0,6002.0,49427.0,288.0,1569.0,9573.0,203.0,290.0,10349.0,3321.0,"{""type"":""Point"",""coordinates"":[81.57354136267345,21.336595934042276]}",81.57354136267345,21.336595934042276
853,54.072398840000005,0.0028905531467612,0.1058652094717668,-0.1373548145372798,21824.0,0.0,9295.0,10037.0,11512.0,12272.0,15178.0,15266.0,13538.0,224.0,6367.0,52142.0,10264.0,1467.0,9629.0,192.0,263.0,11646.0,3064.0,"{""type"":""Point"",""coordinates"":[81.68491514820829,21.254005296745053]}",81.68491514820829,21.254005296745053
854,38.306781590000014,-0.1440271478448135,0.271892911557716,-0.2554292364157193,21824.0,0.0,8237.5,8777.0,10397.0,10035.5,17530.5,13116.5,10619.0,224.0,6186.5,47529.5,511.5,1517.5,9582.0,345.0,341.5,9916.5,3191.0,"{""type"":""Point"",""coordinates"":[81.53715191000967,21.31132090459884]}",81.53715191000967,21.31132090459884
855,50.155347920000054,0.0188414477624711,0.0835727245237375,-0.1011158270756112,21824.0,0.0,10030.0,10651.0,11701.0,12122.5,14333.5,14884.0,13854.0,224.0,6193.0,50996.0,5001.5,1514.5,9638.0,118.0,310.5,11154.5,3184.5,"{""type"":""Point"",""coordinates"":[81.63082664135746,21.288590907110272]}",81.63082664135746,21.288590907110272
856,52.87096481000003,-0.0086696986924388,0.167634622661687,-0.2062342783329934,21824.0,0.0,9145.0,9977.5,11675.5,12648.0,17742.5,17437.5,14230.0,224.0,6359.0,51790.5,14093.0,1469.0,9647.0,97.0,232.0,11526.5,3069.0,"{""type"":""Point"",""coordinates"":[81.62592936409122,21.16779647611895]}",81.62592936409122,21.16779647611895
857,44.85570790999998,0.011046382071117,0.1587035172130841,-0.1674777804919295,21824.0,0.0,9092.5,9608.0,11076.5,11278.0,15533.0,15880.0,13420.0,224.0,6169.5,49445.5,287.5,1523.5,9748.0,101.0,267.0,10414.5,3204.5,"{""type"":""Point"",""coordinates"":[81.53976184904246,21.223838739695044]}",81.53976184904246,21.223838739695044
858,42.76217066000004,-0.033347885952245,0.1764031197430799,-0.1742033962984163,21824.0,0.0,8737.0,9427.0,10820.0,10771.0,15385.0,14392.0,12320.0,224.0,6010.0,48833.0,36.0,1565.0,9690.0,91.0,466.0,10353.0,3313.0,"{""type"":""Point"",""coordinates"":[81.65441665598715,21.29243297247215]}",81.65441665598715,21.29243297247215
859,39.836345540000025,0.0178898436399492,0.0950642007303569,-0.1152077418322869,21824.0,0.0,9042.0,9612.0,11063.0,11523.0,13944.0,14452.0,12896.0,224.0,6045.0,47977.0,80.0,1553.0,9680.0,81.0,378.0,10083.0,3284.0,"{""type"":""Point"",""coordinates"":[81.72410369738508,21.34520814622118]}",81.72410369738508,21.34520814622118
860,45.079588220000005,-0.0220864661654135,0.0299514620575352,-0.0285146829337494,21824.0,0.0,8507.0,9026.5,10272.0,10242.5,10875.0,10405.0,9488.5,208.0,6206.0,49511.0,5188.5,1507.5,9680.0,85.0,278.0,10677.5,3169.0,"{""type"":""Point"",""coordinates"":[81.75060087804754,21.25830361138033]}",81.75060087804754,21.25830361138033
861,46.30323938000003,0.0169689323450559,0.1584307457860209,-0.1736109803626231,21824.0,0.0,8974.5,9581.0,10973.0,11321.0,15583.5,16121.5,13407.5,224.0,6188.0,49869.0,219.0,1518.5,9617.0,173.0,364.5,10464.5,3193.0,"{""type"":""Point"",""coordinates"":[81.58487291104721,21.350958727441785]}",81.58487291104721,21.350958727441785
862,49.72467740000002,0.0479845307154544,0.1334159730830529,-0.1599130119608554,21824.0,0.0,9195.0,9891.0,11589.0,12234.0,16001.0,17614.0,14964.0,224.0,5974.0,50870.0,281.0,1575.0,9521.0,411.0,403.0,10621.0,3337.0,"{""type"":""Point"",""coordinates"":[81.52940919101283,21.159137883235854]}",81.52940919101283,21.159137883235854
863,45.05566208000005,0.0221138541772494,0.117622014939815,-0.1408027812895069,21824.0,0.0,8952.0,9636.0,10874.0,11399.0,14438.0,15091.0,13451.0,224.0,6008.0,49504.0,547.0,1567.0,9716.0,85.0,259.0,10500.0,3317.0,"{""type"":""Point"",""coordinates"":[81.62593713069644,21.335916194730398]}",81.62593713069644,21.335916194730398
864,43.50388099999998,0.0275970383666143,0.1097779566155759,-0.1456083377388414,21824.0,0.0,8904.0,9715.0,11313.0,12168.0,15169.0,16030.0,14082.0,224.0,6032.0,49050.0,224.0,1558.0,9718.0,69.0,303.0,10443.0,3297.0,"{""type"":""Point"",""coordinates"":[81.72483862882446,21.33183282000464]}",81.72483862882446,21.33183282000464
865,43.96873172000005,-0.0638626526573235,0.2224153231770448,-0.2104424875967998,21824.0,0.0,8698.0,9194.5,10782.0,10514.5,16529.5,14545.0,11886.5,224.0,5699.0,49186.0,310.0,1653.5,9608.0,72.0,258.0,10275.0,3535.0,"{""type"":""Point"",""coordinates"":[81.5378927294846,21.22563636984539]}",81.5378927294846,21.22563636984539
866,40.410572900000034,-0.1678574924146031,0.3231070616718106,-0.2848758951165671,21824.0,0.0,8127.0,8481.5,9961.5,9156.5,17898.0,12753.0,10105.0,224.0,6189.5,48145.0,5117.0,1515.5,9829.5,104.0,311.5,10313.0,3186.0,"{""type"":""Point"",""coordinates"":[81.63508781902691,21.265688915962745]}",81.63508781902691,21.265688915962745
867,49.41534659000001,0.0289026157248531,0.159512665950356,-0.1784630191752424,21824.0,0.0,8908.5,9583.5,11096.5,11538.0,15917.5,16865.0,13939.0,209.0,6192.5,50779.5,5126.5,1514.0,9654.0,102.0,427.5,11098.0,3183.5,"{""type"":""Point"",""coordinates"":[81.72060072334038,21.254265917101613]}",81.72060072334038,21.254265917101613
868,40.68401449999999,-0.0386263448318382,0.2079882399340289,-0.20509335431719,21824.0,0.0,8918.0,9515.0,11112.0,11045.0,16846.0,15593.0,13153.0,224.0,5984.0,48225.0,32.0,1574.0,9691.0,104.0,503.0,9905.0,3333.0,"{""type"":""Point"",""coordinates"":[81.60712287776497,21.207242080088918]}",81.60712287776497,21.207242080088918
869,52.10532833000002,-0.012069717680786,0.0863641431597725,-0.0936559960490279,21824.0,0.0,8471.5,8967.5,10093.5,10243.0,12179.5,11889.0,10876.0,224.0,6191.0,51566.5,4995.0,1516.5,9675.0,129.0,257.5,11389.0,3188.5,"{""type"":""Point"",""coordinates"":[81.62128461488054,21.326087775377832]}",81.62128461488054,21.326087775377832
870,48.29936306000002,0.0049814296527081,0.1111154791154791,-0.1281682832395322,21824.0,0.0,8922.5,9507.0,10921.0,11305.5,14132.0,14273.5,12872.5,224.0,6190.0,50453.0,4985.0,1516.5,9635.0,216.0,285.0,10969.0,3189.5,"{""type"":""Point"",""coordinates"":[81.62601565482974,21.319098310124875]}",81.62601565482974,21.319098310124875
871,50.69881310000005,0.0183987060250707,0.102260902469019,-0.12055700877058,21824.0,0.0,9277.5,10071.5,11431.0,11862.5,14565.0,15111.0,14109.5,224.0,6192.0,51155.0,5011.0,1514.5,9618.0,236.0,320.0,11198.0,3185.5,"{""type"":""Point"",""coordinates"":[81.62516900017356,21.29785475671015]}",81.62516900017356,21.29785475671015
872,46.535664740000016,0.011955557433146,0.1679789589332978,-0.1971948743324176,21824.0,0.0,9342.0,10066.5,11762.5,12495.5,17541.0,17965.5,14426.0,192.0,5890.5,49937.0,5821.0,1598.5,9537.5,311.0,426.0,10638.0,3398.0,"{""type"":""Point"",""coordinates"":[81.58252618010494,21.141687283115377]}",81.58252618010494,21.141687283115377
873,56.91790049000002,0.0308443025392331,0.0988917160470636,-0.1341805171228651,21824.0,0.0,9602.0,10521.0,12281.0,13192.0,16087.5,17111.5,15075.0,224.0,6352.5,52974.5,14097.0,1471.5,9632.5,67.0,230.0,11948.0,3075.0,"{""type"":""Point"",""coordinates"":[81.62754028973934,21.137567480254667]}",81.62754028973934,21.137567480254667
874,45.718757960000005,-0.0927349802660429,0.2720620767110234,-0.2699874282219428,21824.0,0.0,8551.5,9145.0,10742.5,10694.5,18688.5,15516.5,11988.5,224.0,6194.0,49698.0,5182.0,1512.5,9579.0,192.0,333.0,10671.0,3181.5,"{""type"":""Point"",""coordinates"":[81.7264195606278,21.249037385365277]}",81.7264195606278,21.249037385365277
875,52.00449674000003,0.0679579116681187,0.0977838296528723,-0.1284256648477595,21824.0,0.0,9038.0,9551.5,10741.5,11429.5,13907.0,15935.0,14149.5,224.0,6183.5,51537.0,640.0,1516.5,9597.5,126.0,255.5,10880.5,3189.5,"{""type"":""Point"",""coordinates"":[81.50987420825282,21.24315507413943]}",81.50987420825282,21.24315507413943
876,57.295591700000045,0.0782903463522476,0.0974466964990787,-0.1438343636829205,21824.0,0.0,9363.5,10039.0,11702.5,12858.0,15634.5,18290.5,16383.5,192.0,6356.0,53085.0,14013.0,1468.0,9718.0,68.0,230.0,12058.5,3068.0,"{""type"":""Point"",""coordinates"":[81.671782426989,21.12374486982149]}",81.671782426989,21.12374486982149
877,47.64652124000003,0.0129273394369577,0.1012241775057383,-0.117078660405914,21824.0,0.0,9238.0,9832.0,11376.0,11747.0,14393.0,14770.0,13454.0,224.0,5429.0,50262.0,559.0,1725.0,9662.0,114.0,314.0,10514.0,3721.0,"{""type"":""Point"",""coordinates"":[81.60535529587858,21.32731859698023]}",81.60535529587858,21.32731859698023
878,45.21801803000005,-0.0202728089520542,0.1917719345113155,-0.1943472357676935,21824.0,0.0,8673.0,9280.5,10532.5,10589.0,15614.0,14993.5,12248.0,224.0,6190.5,49551.5,4965.0,1516.5,9677.0,93.0,288.0,10689.5,3188.0,"{""type"":""Point"",""coordinates"":[81.67557982633484,21.29787336492877]}",81.67557982633484,21.29787336492877
879,44.86425296000005,0.0116959064327485,0.1602901278998948,-0.1749490720840263,21824.0,0.0,8800.5,9500.5,11036.5,11374.5,15717.0,16089.0,13573.0,224.0,6191.0,49448.0,194.0,1516.5,9638.0,260.0,367.0,10403.0,3189.0,"{""type"":""Point"",""coordinates"":[81.57080355127012,21.348037346292813]}",81.57080355127012,21.348037346292813
880,44.146468760000005,-0.0053785807678592,0.1814642152497686,-0.1961252231708826,21824.0,0.0,9296.0,9839.0,11369.0,11720.0,16916.5,16735.5,14284.0,224.0,6178.0,49238.0,535.5,1519.5,9667.5,91.0,247.0,10386.0,3196.5,"{""type"":""Point"",""coordinates"":[81.52247977829408,21.244692422961624]}",81.52247977829408,21.244692422961624
881,37.412969360000034,-0.1378695760806196,0.2492593540836107,-0.2350750316398481,21824.0,0.0,8359.5,8880.0,10577.0,10263.0,17078.0,12939.5,11187.0,224.0,6185.0,47268.0,517.0,1518.5,9657.0,126.0,270.0,9867.0,3193.0,"{""type"":""Point"",""coordinates"":[81.53856501148262,21.30943195113155]}",81.53856501148262,21.30943195113155
882,51.532809980000025,0.0224667583677212,0.0971593248250308,-0.1344045972118761,21824.0,0.0,9627.0,10457.0,12201.0,13158.0,15990.0,16725.0,15076.0,224.0,6366.0,51399.0,10273.0,1468.0,9670.0,94.0,230.0,11408.0,3065.0,"{""type"":""Point"",""coordinates"":[81.68076346997405,21.253612765909484]}",81.68076346997405,21.253612765909484
883,46.27589522000005,0.0074599404542869,0.0785561089098113,-0.1058104431441243,21824.0,0.0,9460.0,10270.0,11996.0,12674.0,14835.0,15058.0,13586.0,224.0,6010.0,49861.0,322.0,1567.0,9703.0,70.0,417.0,10471.0,3316.0,"{""type"":""Point"",""coordinates"":[81.606288176414,21.370031127411437]}",81.606288176414,21.370031127411437
884,43.95505964000006,0.0008605178753031369,0.1472405863753952,-0.1662222871543884,21824.0,0.0,9151.0,9867.5,11414.0,11867.0,15965.0,15992.5,13214.5,224.0,5716.5,49182.0,325.0,1647.5,9655.0,202.0,378.5,10299.0,3521.0,"{""type"":""Point"",""coordinates"":[81.60089988108163,21.34129786670485]}",81.60089988108163,21.34129786670485
885,49.53668630000004,0.0486744193537995,0.119866520040954,-0.1482561530386096,21824.0,0.0,9015.0,9633.0,10953.0,11605.0,14766.0,16277.0,14488.0,224.0,5977.0,50815.0,241.0,1574.0,9732.0,61.0,305.0,10753.0,3334.0,"{""type"":""Point"",""coordinates"":[81.53433612641687,21.15630968118087]}",81.53433612641687,21.15630968118087
886,47.027859620000015,0.0198994974874371,0.0829648474569426,-0.1028498581239462,21824.0,0.0,8968.5,9604.0,10908.0,11354.5,13409.0,13953.5,12622.5,224.0,5721.5,50081.0,392.5,1644.0,9742.0,69.0,278.5,10575.5,3513.5,"{""type"":""Point"",""coordinates"":[81.60697350291477,21.30835744241499]}",81.60697350291477,21.30835744241499
887,50.09382356000003,0.0554728338349437,0.1190181285891228,-0.1444913627639155,21824.0,0.0,9045.5,9651.5,11143.0,11736.0,14907.0,16658.0,14423.0,224.0,6203.5,50978.0,5226.5,1508.5,9613.0,63.0,270.5,11140.5,3172.0,"{""type"":""Point"",""coordinates"":[81.7609456006692,21.253847478816237]}",81.7609456006692,21.253847478816237
888,50.953455589999976,0.0414494399421875,0.0943055255455813,-0.1175078231565433,21824.0,0.0,9200.5,9756.0,10998.5,11527.0,13927.5,15132.0,13562.5,224.0,6196.5,51229.5,4975.0,1513.0,9616.0,105.0,254.5,11225.5,3182.0,"{""type"":""Point"",""coordinates"":[81.63030302506556,21.315542491865404]}",81.63030302506556,21.315542491865404
889,48.627492980000056,0.0310951991481612,0.1193197012104897,-0.152925190054721,21824.0,0.0,9370.0,10009.5,11532.5,12350.0,15696.5,16704.0,15028.5,224.0,6180.0,50549.0,763.5,1520.0,9637.5,144.0,258.0,10655.5,3196.5,"{""type"":""Point"",""coordinates"":[81.53235483941786,21.282268666987928]}",81.53235483941786,21.282268666987928
890,46.168227590000015,-0.0117353308364544,0.1397229449405808,-0.1542720814713265,21824.0,0.0,9348.5,10125.0,11875.5,12234.0,16208.0,15832.0,14041.0,224.0,5902.5,49829.5,5416.0,1593.0,9705.0,80.0,294.0,10661.5,3386.0,"{""type"":""Point"",""coordinates"":[81.63686999906857,21.21827668267962]}",81.63686999906857,21.21827668267962
891,48.193404439999995,0.0260988563422501,0.1451668518447569,-0.1541877437541028,21824.0,0.0,8913.0,9378.0,10952.0,11156.0,14945.0,15746.0,13239.0,224.0,5979.0,50422.0,313.0,1574.0,9696.0,112.0,303.0,10558.0,3335.0,"{""type"":""Point"",""coordinates"":[81.56843794435376,21.18404394163489]}",81.56843794435376,21.18404394163489
892,46.41090701000002,-0.0343716283436322,0.2069980379332897,-0.2269184104243189,21824.0,0.0,9008.0,9818.0,11628.5,12125.0,18455.0,17228.5,13811.0,224.0,5889.0,49900.5,5750.0,1599.0,9649.5,134.0,301.5,10669.0,3400.0,"{""type"":""Point"",""coordinates"":[81.60254627808733,21.162680410597552]}",81.60254627808733,21.162680410597552
893,51.55673611999998,-0.0151710461080813,0.1288176706236906,-0.1439532198592126,21824.0,0.0,9265.0,10003.0,11492.0,11852.0,15357.0,14898.0,13307.0,224.0,6366.0,51406.0,10574.0,1467.0,9666.0,78.0,227.0,11405.0,3064.0,"{""type"":""Point"",""coordinates"":[81.68804543176499,21.225782458121515]}",81.68804543176499,21.225782458121515
894,47.98832324,0.0475142542762828,0.1166881669989445,-0.1305208168434383,21824.0,0.0,9023.0,9481.0,10985.0,11298.0,14283.0,15708.0,13788.0,224.0,5974.0,50362.0,455.0,1577.0,9728.0,242.0,305.0,10551.0,3341.0,"{""type"":""Point"",""coordinates"":[81.52408813370178,21.217170035347856]}",81.52408813370178,21.217170035347856
895,56.07535856000004,0.0779388678548342,0.1081516009100493,-0.1451125807561451,21824.0,0.0,9061.0,9695.0,11181.5,12054.0,14977.5,17509.5,14900.0,224.0,6364.5,52728.0,13934.5,1465.0,9704.5,83.0,231.0,11917.0,3060.5,"{""type"":""Point"",""coordinates"":[81.71282627571355,21.1782994523331]}",81.71282627571355,21.1782994523331
896,45.127440500000034,-0.0247954223835599,0.1880806747864543,-0.2251563074659801,21824.0,0.0,8737.0,9351.0,10534.0,11382.5,16656.0,15850.0,13574.0,224.0,6193.0,49525.0,5466.5,1510.5,9724.0,89.0,430.5,10718.5,3177.0,"{""type"":""Point"",""coordinates"":[81.71778955975826,21.193042618485986]}",81.71778955975826,21.193042618485986
897,45.54785695999999,0.0384007085468463,0.1485133552457591,-0.1576101443204752,21824.0,0.0,8951.0,9586.0,11061.0,11269.0,15200.0,16414.0,13897.0,224.0,6027.0,49648.0,413.0,1559.0,9598.0,403.0,380.0,10564.0,3299.0,"{""type"":""Point"",""coordinates"":[81.72010240539532,21.308142407095918]}",81.72010240539532,21.308142407095918
898,59.85397967000006,0.0847480813691021,0.0965172498565926,-0.1474437031574253,21824.0,0.0,9995.5,10703.5,12427.5,13781.5,16726.0,19823.5,17921.0,160.0,6355.0,53833.5,14093.5,1469.5,9633.0,162.0,259.0,12272.0,3070.5,"{""type"":""Point"",""coordinates"":[81.63107481467628,21.120654282879073]}",81.63107481467628,21.120654282879073
899,46.566426920000026,0.0037398643058083,0.1744372049471343,-0.1793374992654116,21824.0,0.0,8750.5,9263.0,10473.5,10580.0,15051.0,15164.0,12524.5,224.0,6190.0,49946.0,4937.0,1516.5,9617.0,198.0,316.0,10788.0,3189.5,"{""type"":""Point"",""coordinates"":[81.66462454447903,21.303258528661978]}",81.66462454447903,21.303258528661978
900,58.10395343000005,0.0698019801980198,0.0906452549095482,-0.1271745650869826,21824.0,0.0,8810.5,9495.0,10912.5,11750.0,14092.5,16207.5,14388.0,224.0,6357.5,53321.5,13946.0,1467.0,9755.0,75.0,232.0,12179.5,3066.0,"{""type"":""Point"",""coordinates"":[81.70915473889407,21.14616332612751]}",81.70915473889407,21.14616332612751
901,45.94434727999999,-0.0144419196925563,0.1498902314646752,-0.1650961572144183,21824.0,0.0,9295.0,10058.0,11917.0,12294.5,16630.0,16156.5,14049.0,224.0,5904.5,49764.0,5396.0,1592.0,9678.0,96.0,292.5,10625.0,3383.5,"{""type"":""Point"",""coordinates"":[81.65771013047286,21.221551888340816]}",81.65771013047286,21.221551888340816
902,48.34721534000005,0.0236419676103262,0.0694742593965887,-0.0925002990311391,21824.0,0.0,9291.0,9992.5,11380.5,11920.5,13700.5,14364.0,13450.0,209.0,6193.5,50467.0,4982.5,1514.5,9600.0,220.0,316.0,10945.0,3185.0,"{""type"":""Point"",""coordinates"":[81.6306122944987,21.30111747999151]}",81.6306122944987,21.30111747999151
903,44.47801670000001,0.0759084527735153,0.142672587807832,-0.1430879205201728,21824.0,0.0,8944.0,9433.0,10609.0,10618.0,14152.0,16477.0,13229.0,224.0,6028.0,49335.0,276.0,1557.0,9682.0,42.0,276.0,10514.0,3295.0,"{""type"":""Point"",""coordinates"":[81.74416238516673,21.268084344256966]}",81.74416238516673,21.268084344256966
904,50.01520909999999,0.0502788453203109,0.1469700406553715,-0.1759843998783476,21824.0,0.0,9243.0,9968.5,11515.0,12222.0,16433.5,18173.5,15367.5,209.0,6202.0,50955.0,5345.5,1508.0,9618.0,98.0,289.5,11134.0,3171.0,"{""type"":""Point"",""coordinates"":[81.75927255406778,21.22739269316449]}",81.75927255406778,21.22739269316449
905,53.35461464000002,0.0214358193810248,0.1478519620606286,-0.1745898831500019,21824.0,0.0,8803.0,9452.0,10843.0,11455.0,15430.0,16106.0,13688.0,224.0,6370.0,51932.0,10820.0,1463.0,9664.0,91.0,231.0,11595.0,3057.0,"{""type"":""Point"",""coordinates"":[81.66771713981507,21.204653581706445]}",81.66771713981507,21.204653581706445
906,56.892265339999994,0.0471609160500535,0.0647736405036163,-0.1038249342762987,21824.0,0.0,9700.0,10416.0,12101.5,13092.0,14905.5,16381.0,15144.0,224.0,6366.5,52967.0,13959.0,1464.5,9648.0,77.0,231.0,11962.0,3059.5,"{""type"":""Point"",""coordinates"":[81.69533511323422,21.193171583992303]}",81.69533511323422,21.193171583992303
907,45.35986586000001,-0.00023870146403564608,0.0905226631967035,-0.0951302378255945,21824.0,0.0,8610.0,9128.0,10387.0,10484.0,12571.0,12565.0,11636.0,224.0,6030.0,49593.0,498.0,1558.0,9531.0,273.0,316.0,10425.0,3297.0,"{""type"":""Point"",""coordinates"":[81.66623668203391,21.352935646641463]}",81.66623668203391,21.352935646641463
908,46.457050279999976,0.0034761055527007,0.183175423485501,-0.1911480444404299,21824.0,0.0,9056.0,9523.5,11193.5,11380.0,16484.0,16599.0,13499.0,224.0,5980.0,49914.0,327.0,1574.0,9727.0,76.0,253.0,10468.0,3334.0,"{""type"":""Point"",""coordinates"":[81.54371714555984,21.19406588911148]}",81.54371714555984,21.19406588911148
909,48.777885860000026,0.052947452654041,0.1203849794887977,-0.1440539724096264,21824.0,0.0,8944.5,9419.5,10625.5,11150.0,14202.0,15790.0,13704.0,224.0,6186.5,50593.0,395.5,1518.0,9527.5,386.0,380.0,10576.0,3192.0,"{""type"":""Point"",""coordinates"":[81.54401161159967,21.323186363000524]}",81.54401161159967,21.323186363000524
910,47.37991568000001,0.0335519195263258,0.1199232727138588,-0.1488685385605085,21824.0,0.0,9285.0,9887.0,11246.0,11929.0,15180.0,16234.0,14436.0,224.0,5977.0,50184.0,444.0,1576.0,9675.0,75.0,237.0,10666.0,3339.0,"{""type"":""Point"",""coordinates"":[81.52829898681838,21.22844177096568]}",81.52829898681838,21.22844177096568
911,45.26416130000001,-0.0647782453868565,0.2357372306651889,-0.2238967031331398,21824.0,0.0,8404.5,8922.5,10428.5,10171.0,16445.5,14444.5,11671.0,224.0,6183.0,49565.0,552.0,1519.5,9704.0,84.0,278.5,10453.5,3194.5,"{""type"":""Point"",""coordinates"":[81.55658541061949,21.298601416729458]}",81.55658541061949,21.298601416729458
912,47.97123313999998,0.0109624343344236,0.0623003875143721,-0.0793527172031844,21824.0,0.0,8834.5,9355.5,10639.0,11010.0,12473.0,12749.5,12077.5,224.0,6178.0,50357.0,605.0,1520.5,9705.0,85.0,266.0,10690.0,3198.5,"{""type"":""Point"",""coordinates"":[81.54310346524385,21.26896898568558]}",81.54310346524385,21.26896898568558
913,57.62713964,0.0806526211703162,0.0827197595792637,-0.1246951397966948,21824.0,0.0,9097.0,9706.5,11215.5,12209.0,14411.0,16939.5,15215.5,224.0,6359.5,53182.0,13942.0,1466.0,9735.5,89.0,234.0,12110.5,3063.5,"{""type"":""Point"",""coordinates"":[81.711664643646,21.147279763377952]}",81.711664643646,21.147279763377952
914,45.94434727999999,0.019581487704292,0.1762075789782305,-0.1803604266274365,21824.0,0.0,8847.0,9430.0,11143.0,11239.0,16047.0,16688.0,13745.0,224.0,6030.0,49764.0,335.0,1558.0,9660.0,79.0,267.0,10336.0,3295.0,"{""type"":""Point"",""coordinates"":[81.72470346073428,21.295754059645784]}",81.72470346073428,21.295754059645784
915,51.026943019999976,0.0460963223394162,0.1454131206861891,-0.1840127454715478,21824.0,0.0,9587.0,10465.0,11780.0,12753.0,17093.0,18745.0,15741.0,224.0,5972.0,51251.0,166.0,1576.0,9689.0,107.0,364.0,10638.0,3340.0,"{""type"":""Point"",""coordinates"":[81.56533569363614,21.136212869684915]}",81.56533569363614,21.136212869684915
916,58.00141283000005,0.0710886536199337,0.1091071599578638,-0.1612827754474506,21824.0,0.0,9831.5,10726.0,12547.0,13954.5,17372.5,20031.5,17327.0,224.0,6353.5,53291.5,14028.5,1470.5,9642.0,112.0,241.0,12074.0,3072.5,"{""type"":""Point"",""coordinates"":[81.66090945151002,21.13998370575383]}",81.66090945151002,21.13998370575383
917,48.92827874,0.0017481940825279,0.1138755980861244,-0.1228851291184327,21824.0,0.0,9307.0,10088.0,11820.0,12038.0,15132.0,15185.0,13993.0,224.0,6023.0,50637.0,177.0,1560.0,9593.0,110.0,332.0,10556.0,3301.0,"{""type"":""Point"",""coordinates"":[81.72010280670126,21.282267242873388]}",81.72010280670126,21.282267242873388
918,54.79531007000003,-0.0128251121076233,0.182987935820661,-0.2059802438373231,21824.0,0.0,8692.5,9514.5,11153.0,11699.0,16939.5,16510.5,13527.0,224.0,6358.5,52353.5,13968.0,1467.5,9393.0,952.0,760.5,11525.5,3066.5,"{""type"":""Point"",""coordinates"":[81.694713580616,21.150888213363793]}",81.694713580616,21.150888213363793
919,49.734931459999984,0.0274406520269067,0.1038132169978995,-0.1181766101972338,21824.0,0.0,8981.0,9460.0,10775.0,11093.0,13663.0,14434.0,12920.0,224.0,6018.0,50873.0,648.0,1564.0,9715.0,65.0,253.0,10949.0,3309.0,"{""type"":""Point"",""coordinates"":[81.63711022469309,21.357336333819976]}",81.63711022469309,21.357336333819976
920,50.803062710000006,0.0370426322627428,0.1372549019607843,-0.1730217151269782,21824.0,0.0,9377.0,9913.0,11234.5,12089.0,15935.5,17161.5,15212.5,224.0,6185.0,51185.5,737.0,1517.5,9639.5,163.0,263.5,10806.5,3191.5,"{""type"":""Point"",""coordinates"":[81.51711929442622,21.29298336383117]}",81.51711929442622,21.29298336383117
921,43.41159446000006,-0.0485369049352161,0.2378660800219992,-0.2332454368001096,21824.0,0.0,8801.0,9504.0,11195.0,11086.0,18006.0,16339.0,13380.0,224.0,6010.0,49023.0,108.0,1566.0,9691.0,94.0,379.0,10135.0,3314.0,"{""type"":""Point"",""coordinates"":[81.70158437243768,21.266007042345745]}",81.70158437243768,21.266007042345745
922,45.33252170000003,0.0347742091282299,0.1289764502347915,-0.1492236917768832,21824.0,0.0,9568.0,10218.0,11836.0,12335.0,15988.0,17140.0,15051.0,224.0,5992.0,49585.0,300.0,1570.0,9689.0,89.0,278.0,10302.0,3325.0,"{""type"":""Point"",""coordinates"":[81.59691517007249,21.229490569522305]}",81.59691517007249,21.229490569522305
923,50.29548674,0.0379958246346555,0.1249215317011927,-0.1539576066541454,21824.0,0.0,9521.0,10142.0,11824.5,12546.0,16128.0,17402.0,15014.0,224.0,5896.0,51037.0,5437.0,1596.5,9639.0,116.0,306.0,11023.0,3393.5,"{""type"":""Point"",""coordinates"":[81.61147749584809,21.215938418293614]}",81.61147749584809,21.215938418293614
924,44.28318955999998,0.0319002319405694,0.1205789657989961,-0.119664100769769,21824.0,0.0,9347.0,9834.0,11322.0,11301.0,14400.0,15349.0,14111.0,224.0,5995.0,49278.0,260.0,1569.0,9705.0,77.0,296.0,10222.0,3322.0,"{""type"":""Point"",""coordinates"":[81.59510803207212,21.22495694108217]}",81.59510803207212,21.22495694108217
925,58.512406820000024,0.0843437447616919,0.0900836479137911,-0.1441587683929413,21824.0,0.0,9663.5,10362.5,12258.0,13679.0,16387.5,19406.5,17609.0,160.0,6358.0,53441.0,13989.0,1467.0,9593.0,434.0,402.0,12088.5,3065.5,"{""type"":""Point"",""coordinates"":[81.68455866659612,21.13039026651058]}",81.68455866659612,21.13039026651058
926,44.98730168000003,0.0375798114928549,0.162382491186839,-0.1784371393470086,21824.0,0.0,9150.0,9706.0,11034.0,11405.0,15827.0,17063.0,14118.0,224.0,5429.0,49484.0,443.0,1725.0,9683.0,66.0,299.0,10407.0,3720.0,"{""type"":""Point"",""coordinates"":[81.58384982780126,21.242958151445723]}",81.58384982780126,21.242958151445723
927,45.96827342000006,-0.0157766616337472,0.1700088731144631,-0.1859406759843865,21824.0,0.0,8914.5,9597.0,11314.0,11692.5,16482.5,15970.5,13476.5,224.0,5893.0,49771.0,5269.0,1597.0,9719.0,44.0,335.0,10656.5,3395.5,"{""type"":""Point"",""coordinates"":[81.6947537726721,21.232465904137534]}",81.6947537726721,21.232465904137534
928,50.35188406999998,-0.0052248198009229,0.0990513916397373,-0.1081075399911714,21824.0,0.0,8778.0,9446.5,10607.5,10803.5,13179.0,13042.0,12052.5,224.0,6191.0,51053.5,5140.0,1515.0,9715.0,108.0,265.0,11236.0,3186.0,"{""type"":""Point"",""coordinates"":[81.61131968848736,21.28206415852551]}",81.61131968848736,21.28206415852551
929,42.54683540000002,-0.1004677813567277,0.2611389352624745,-0.2431977764774722,21824.0,0.0,8642.0,9271.0,10347.0,9958.0,16997.0,13893.5,11300.0,224.0,6189.0,48770.0,208.5,1518.0,9600.0,105.0,356.0,10225.0,3191.5,"{""type"":""Point"",""coordinates"":[81.58430667187633,21.347838533172492]}",81.58430667187633,21.347838533172492
930,52.53428984000004,-0.0064260404780493,0.1474545516792769,-0.1759587382898845,21824.0,0.0,9246.5,10093.5,11743.0,12451.0,16758.0,16544.0,14307.0,224.0,6359.5,51692.0,14035.5,1468.5,9681.0,87.0,230.0,11517.0,3067.5,"{""type"":""Point"",""coordinates"":[81.65342116058153,21.174624767417505]}",81.65342116058153,21.174624767417505
931,48.91460666,0.0493819413942398,0.1537582819282613,-0.1679451104344139,21824.0,0.0,8989.0,9485.0,10793.0,11112.0,15150.0,16724.0,14109.0,224.0,6010.0,50633.0,261.0,1565.0,9723.0,47.0,263.0,10685.0,3313.0,"{""type"":""Point"",""coordinates"":[81.55919355117499,21.356540407927948]}",81.55919355117499,21.356540407927948
932,46.13917442000002,0.0274854243961535,0.1225310260443978,-0.1177929594012445,21824.0,0.0,8574.0,8975.0,10137.0,10040.0,12844.0,13570.0,11754.0,224.0,5996.0,49821.0,512.0,1571.0,9686.0,107.0,265.0,10560.0,3325.0,"{""type"":""Point"",""coordinates"":[81.58938501927561,21.29770292581847]}",81.58938501927561,21.29770292581847
933,45.43677131000004,0.0142276741595946,0.1619977441245539,-0.178118145516582,21824.0,0.0,8877.0,9454.0,10960.0,11330.0,15710.5,16164.0,13890.5,224.0,6185.5,49615.5,585.5,1518.0,9756.0,46.0,259.0,10523.5,3192.0,"{""type"":""Point"",""coordinates"":[81.53264208365873,21.305693817459794]}",81.53264208365873,21.305693817459794
934,47.92167185000005,0.0048396417220456,0.106230929821744,-0.1208558760118781,21824.0,0.0,8966.5,9550.0,10806.0,11131.0,13777.0,13911.0,12735.5,224.0,6194.0,50342.5,5133.5,1513.5,9687.0,66.0,246.0,10962.0,3182.5,"{""type"":""Point"",""coordinates"":[81.60735594155605,21.288306397576353]}",81.60735594155605,21.288306397576353
935,55.019190380000055,0.0357944868954499,0.1380389924576633,-0.1704568323606359,21824.0,0.0,9126.5,9836.0,11335.5,12114.0,15994.0,17181.5,14715.0,209.0,6357.0,52419.0,14089.5,1469.5,9674.0,109.0,237.0,11777.0,3070.0,"{""type"":""Point"",""coordinates"":[81.62938361912659,21.150234823088866]}",81.62938361912659,21.150234823088866
936,48.85650032000001,-0.1368723442456161,0.2823438080129611,-0.2697860962566845,21824.0,0.0,8507.0,9184.0,10924.0,10631.0,18996.0,14422.0,11478.0,224.0,6365.0,50616.0,10355.0,1468.0,9625.0,165.0,249.0,11093.0,3066.0,"{""type"":""Point"",""coordinates"":[81.68997654979601,21.24535211854348]}",81.68997654979601,21.24535211854348
937,41.51117534000002,-0.0345214151472188,0.2105872366694961,-0.2057953191652895,21824.0,0.0,8673.0,9065.0,10333.0,10230.0,15688.0,14641.0,11826.0,224.0,5435.0,48467.0,414.0,1722.0,9703.0,79.0,301.0,10092.0,3714.0,"{""type"":""Point"",""coordinates"":[81.58690317704622,21.242934177128564]}",81.58690317704622,21.242934177128564
938,46.03834283000003,-0.0299542272482498,0.1911564361060293,-0.1914346895074946,21824.0,0.0,8351.0,8937.0,10384.0,10390.0,15301.0,14411.0,11935.0,224.0,6202.0,49791.5,5257.0,1508.5,9703.0,85.0,297.5,10794.0,3172.0,"{""type"":""Point"",""coordinates"":[81.75739482284557,21.239280613433216]}",81.75739482284557,21.239280613433216
939,48.77446784000006,0.0467217037568796,0.1620783956244302,-0.1779272619751626,21824.0,0.0,9094.0,9627.0,11121.0,11490.0,15935.0,17497.0,14333.0,224.0,5978.0,50592.0,324.0,1575.0,9693.0,88.0,325.0,10608.0,3336.0,"{""type"":""Point"",""coordinates"":[81.56854705048657,21.18297468272302]}",81.56854705048657,21.18297468272302
940,45.20947297999999,0.0390639509688602,0.1445214570122401,-0.1557276348609508,21824.0,0.0,9355.0,9664.0,11339.0,11602.0,15522.0,16784.0,14038.0,224.0,6015.0,49549.0,139.0,1564.0,9667.0,81.0,347.0,10345.0,3309.0,"{""type"":""Point"",""coordinates"":[81.70033060435243,21.28648223052404]}",81.70033060435243,21.28648223052404
941,53.84680952000002,0.0573171450462662,0.1169148583299872,-0.1638500300158265,21824.0,0.0,8954.0,9755.5,11491.0,12646.0,15994.5,17939.5,15562.0,224.0,6366.0,52076.0,13934.5,1463.0,9719.5,81.0,229.0,11685.5,3057.0,"{""type"":""Point"",""coordinates"":[81.71528979157512,21.16032180251293]}",81.71528979157512,21.16032180251293
942,49.67169809000001,0.0407519671779798,0.1196483453648774,-0.1548740254713677,21824.0,0.0,9422.0,10039.0,11463.5,12317.0,15665.0,16996.0,15118.0,224.0,5977.0,50854.5,336.5,1576.0,9700.0,118.0,260.5,10710.0,3339.0,"{""type"":""Point"",""coordinates"":[81.53538319703836,21.21436112483239]}",81.53538319703836,21.21436112483239
943,49.33502312000002,0.0722095163719529,0.1297909555589519,-0.1679101202492758,21824.0,0.0,9659.5,10273.0,11850.0,12811.0,16632.5,19221.5,16644.5,224.0,6197.5,50756.0,5130.0,1511.5,9671.0,73.0,291.5,11102.0,3179.5,"{""type"":""Point"",""coordinates"":[81.72668429944872,21.263809075070657]}",81.72668429944872,21.263809075070657
944,41.74701872000003,-0.0263316328147279,0.2212502827841037,-0.2099364960776989,21824.0,0.0,8742.0,9120.0,10575.0,10327.0,16195.0,15364.0,12394.0,224.0,6001.0,48536.0,279.0,1569.0,9695.0,75.0,257.0,10082.0,3321.0,"{""type"":""Point"",""coordinates"":[81.55476813909625,21.33869342263195]}",81.55476813909625,21.33869342263195
945,56.374435310000024,0.0854104733592499,0.0994433372276819,-0.1480033009221054,21824.0,0.0,9504.0,10175.0,11873.0,13104.0,15998.0,18986.0,16892.5,192.0,6360.0,52815.5,13951.0,1466.5,9703.5,73.0,230.0,11947.0,3064.0,"{""type"":""Point"",""coordinates"":[81.70497172313274,21.154428962343875]}",81.70497172313274,21.154428962343875
946,47.18850656000001,0.0437114858765193,0.147999811525232,-0.1931634535333583,21824.0,0.0,9574.5,10494.0,12356.5,13561.5,18273.0,19943.5,16029.0,192.0,5889.5,50128.0,5828.5,1599.0,9598.0,116.0,332.0,10735.0,3399.0,"{""type"":""Point"",""coordinates"":[81.58139397387319,21.14176873273727]}",81.58139397387319,21.14176873273727
947,46.48097642000005,0.0312831720262254,0.1423311979972019,-0.1739689746500189,21824.0,0.0,8944.0,9557.0,10916.0,11648.0,15514.0,16516.0,14070.0,224.0,6033.0,49921.0,228.0,1556.0,9716.0,91.0,304.0,10477.0,3291.0,"{""type"":""Point"",""coordinates"":[81.73720377491482,21.2876047702814]}",81.73720377491482,21.2876047702814
948,55.38320951000003,0.0559384229839792,0.1158362424627102,-0.1581239592292349,21824.0,0.0,9006.5,9825.0,11501.5,12537.0,15822.0,17697.0,15114.0,224.0,6362.5,52525.5,13915.0,1464.5,9681.5,77.0,230.0,11820.0,3060.0,"{""type"":""Point"",""coordinates"":[81.72980518502406,21.156327811781864]}",81.72980518502406,21.156327811781864
949,44.46092659999999,-0.0090072946400253,0.1653479853479853,-0.1707514535953485,21824.0,0.0,8938.0,9673.0,11267.0,11393.0,15907.0,15623.0,13632.0,224.0,5996.0,49330.0,300.0,1569.0,9684.0,109.0,281.0,10228.0,3322.0,"{""type"":""Point"",""coordinates"":[81.60048231586504,21.230724165174156]}",81.60048231586504,21.230724165174156
950,50.19978218000006,0.1047979797979797,0.1032287725006188,-0.1498286093398695,21824.0,0.0,9714.0,10249.0,11533.0,12679.0,15598.0,19250.0,16873.0,224.0,5982.0,51009.0,304.0,1573.0,9681.0,60.0,267.0,10730.0,3332.0,"{""type"":""Point"",""coordinates"":[81.5403385922319,21.20180400589885]}",81.5403385922319,21.20180400589885
951,47.91654482000001,0.0295862080890871,0.0702978983102567,-0.0958369132234632,21824.0,0.0,9395.0,10122.0,11576.0,12187.0,14030.0,14885.5,14105.5,224.0,6193.5,50341.0,4976.0,1514.5,9686.0,58.0,277.5,10963.5,3185.0,"{""type"":""Point"",""coordinates"":[81.632557699001,21.301457226784688]}",81.632557699001,21.301457226784688
952,46.48781245999999,0.0633962505189869,0.1012805587892898,-0.1283570604078491,21824.0,0.0,9307.0,9922.0,11327.0,11966.0,14663.0,16648.0,14570.0,224.0,6035.0,49923.0,342.0,1556.0,9653.0,129.0,276.0,10692.0,3292.0,"{""type"":""Point"",""coordinates"":[81.70287756626826,21.33109181215252]}",81.70287756626826,21.33109181215252
953,47.35086251000001,0.013372264587572,0.1513965164120131,-0.1684446733372572,21824.0,0.0,9021.0,9701.5,11302.5,11705.0,15881.5,16312.0,14101.5,224.0,6187.5,50175.5,5422.5,1514.0,9645.0,72.0,306.0,10878.0,3184.5,"{""type"":""Point"",""coordinates"":[81.71474040678925,21.206246832503645]}",81.71474040678925,21.206246832503645
954,50.34504803000005,0.0167640850787465,0.0792879898411566,-0.0886496932653198,21824.0,0.0,8598.0,9104.5,10139.0,10332.0,12111.5,12524.5,11515.5,209.0,6216.0,51051.5,4677.5,1505.5,9668.0,82.0,248.0,11209.0,3164.5,"{""type"":""Point"",""coordinates"":[81.67538377676794,21.367576070050287]}",81.67538377676794,21.367576070050287
955,45.243653180000024,0.04627560180266,0.0960461493115499,-0.1076595744680851,21824.0,0.0,8930.0,9406.0,10485.0,10734.0,13015.0,14278.0,13003.0,224.0,6038.0,49559.0,168.0,1556.0,9684.0,77.0,331.0,10597.0,3291.0,"{""type"":""Point"",""coordinates"":[81.69561447779701,21.366519355613924]}",81.69561447779701,21.366519355613924
956,59.94455720000002,0.0724661202629229,0.0883641211197867,-0.1297368889240318,21824.0,0.0,9038.0,9618.5,11006.0,11967.5,14287.5,16520.0,14797.5,224.0,6358.0,53860.0,13997.0,1468.0,9699.0,72.0,233.0,12339.0,3066.5,"{""type"":""Point"",""coordinates"":[81.67812353972289,21.144966199351977]}",81.67812353972289,21.144966199351977
957,42.43916777000004,-0.0728823194997157,0.2461936116823576,-0.2294004876505295,21824.0,0.0,8396.5,8755.5,10350.5,9988.5,16513.0,14269.5,11438.0,224.0,6180.5,48738.5,5328.5,1518.0,9688.0,61.0,371.5,10427.5,3194.5,"{""type"":""Point"",""coordinates"":[81.69937000255165,21.22043865261091]}",81.69937000255165,21.22043865261091
958,54.414200840000035,0.0423302464190726,0.1117889959450913,-0.1448381536104194,21824.0,0.0,9015.0,9774.0,11162.0,11938.0,14943.0,16264.0,14110.0,224.0,6372.0,52242.0,10164.0,1464.0,9586.0,293.0,311.0,11650.0,3059.0,"{""type"":""Point"",""coordinates"":[81.7108212544334,21.26181047805878]}",81.7108212544334,21.26181047805878
959,44.748040280000055,-0.0825211978933386,0.2454908929364726,-0.2389740326315603,21824.0,0.0,8847.5,9394.0,10763.0,10615.0,17522.5,14851.0,11900.0,224.0,6191.5,49414.0,5172.5,1514.0,9657.0,107.0,274.0,10626.0,3184.5,"{""type"":""Point"",""coordinates"":[81.61650211104255,21.271465227626603]}",81.61650211104255,21.271465227626603
960,52.78380530000004,0.0181056318208824,0.1372691053965954,-0.16360941263665,21824.0,0.0,9190.0,9888.0,11285.0,11910.0,15700.0,16279.0,13947.0,224.0,6373.0,51765.0,10134.0,1465.0,9658.0,80.0,228.0,11534.0,3059.0,"{""type"":""Point"",""coordinates"":[81.65982876668704,21.267252042798503]}",81.65982876668704,21.267252042798503
961,45.31030457000003,-0.0383451228281409,0.1677135442133373,-0.1754283009938476,21824.0,0.0,9030.5,9568.0,10889.5,11064.0,15523.0,14376.5,12662.0,224.0,6199.5,49578.5,5218.0,1509.5,9711.0,63.0,267.5,10718.0,3175.0,"{""type"":""Point"",""coordinates"":[81.62017136270437,21.262532168174225]}",81.62017136270437,21.262532168174225
962,55.35415634000003,0.0453238872274324,0.1280362289007822,-0.1715660074826296,21824.0,0.0,9362.0,10101.0,11625.0,12708.0,16440.0,18001.0,14870.0,224.0,6359.0,52517.0,10997.0,1470.0,9560.0,126.0,243.0,11726.0,3071.0,"{""type"":""Point"",""coordinates"":[81.59432696591975,21.195803414889863]}",81.59432696591975,21.195803414889863
963,48.015667399999984,0.0625810959177562,0.1414681575109382,-0.1744823766904264,21824.0,0.0,9408.5,10109.5,11552.5,12362.0,16436.0,18630.5,15642.5,209.0,5892.5,50370.0,5120.0,1597.5,9717.0,52.0,394.5,10861.0,3397.0,"{""type"":""Point"",""coordinates"":[81.7123808694984,21.25680785483553]}",81.7123808694984,21.25680785483553
964,47.550816680000025,-0.0071375434786979,0.128299846833048,-0.1241472172351885,21824.0,0.0,8335.0,8732.5,9757.0,9675.0,12523.0,12345.5,10865.0,224.0,6206.0,50234.0,4760.5,1510.5,9673.0,115.0,254.0,10919.5,3176.0,"{""type"":""Point"",""coordinates"":[81.69708066986117,21.34884953061997]}",81.69708066986117,21.34884953061997
965,50.08015148000004,0.0948388406974382,0.1128945960406634,-0.1470166537994926,21824.0,0.0,9608.0,10199.0,11601.0,12435.0,15600.0,18869.0,16564.0,224.0,6004.0,50974.0,382.0,1567.0,9609.0,246.0,303.0,10676.0,3317.0,"{""type"":""Point"",""coordinates"":[81.53227843398615,21.344712664850288]}",81.53227843398615,21.344712664850288
966,57.16741595000002,0.0923488216662307,0.1069175703451697,-0.1516905718815678,21824.0,0.0,9513.5,10156.0,11503.5,12600.5,15617.5,18795.5,16443.0,209.0,6364.5,53047.5,13998.5,1465.5,9721.5,93.0,234.0,12051.5,3061.5,"{""type"":""Point"",""coordinates"":[81.6742264499251,21.170029613134627]}",81.6742264499251,21.170029613134627
967,38.18373287000003,-0.0555209822554873,0.1861344220155742,-0.1941014175625535,21824.0,0.0,8647.0,9191.0,10588.5,10765.0,15689.0,14038.5,12066.5,224.0,6183.5,47493.5,479.5,1519.0,9644.0,131.0,271.5,9842.5,3194.0,"{""type"":""Point"",""coordinates"":[81.5441844776896,21.31152351762817]}",81.5441844776896,21.31152351762817
968,49.38800243000003,0.0383135970437557,0.0883756296929949,-0.1171730180101075,21824.0,0.0,9237.5,9972.5,11311.0,11989.0,14313.5,15454.0,14240.0,224.0,6197.0,50771.5,5119.0,1512.0,9678.0,60.0,252.5,11105.5,3179.0,"{""type"":""Point"",""coordinates"":[81.61063106813286,21.287561139364612]}",81.61063106813286,21.287561139364612
969,44.79760156999998,-0.0189719215560969,0.0906525874783575,-0.0903030044018975,21824.0,0.0,8501.0,9074.0,10643.0,10635.5,12756.0,12281.0,11011.0,209.0,6205.5,49428.5,5395.5,1506.0,9657.0,68.0,259.5,10636.0,3166.5,"{""type"":""Point"",""coordinates"":[81.76903382435513,21.227314518930015]}",81.76903382435513,21.227314518930015
970,57.186215059999995,0.0797599122756391,0.097195940134182,-0.1436256051640667,21824.0,0.0,9732.0,10367.0,11940.0,13120.0,15945.0,18709.0,16384.0,160.0,6367.0,53053.0,10777.0,1465.0,9676.0,99.0,236.0,12021.0,3061.0,"{""type"":""Point"",""coordinates"":[81.65246556311563,21.2096167385525]}",81.65246556311563,21.2096167385525
971,53.29650830000003,0.0084187169614305,0.1741431938487693,-0.1850869666952656,21824.0,0.0,8740.0,9188.0,10448.0,10687.0,15194.0,15452.0,12941.0,224.0,6371.0,51915.0,10976.0,1461.0,9616.0,156.0,249.0,11548.0,3053.0,"{""type"":""Point"",""coordinates"":[81.71635173881465,21.188594149260908]}",81.71635173881465,21.188594149260908
972,49.22906450000005,0.0177284352476168,0.1549935924818453,-0.1804068802933729,21824.0,0.0,9394.5,10088.0,11733.5,12363.5,16899.0,17509.0,14809.5,224.0,5894.0,50725.0,5551.5,1596.5,9681.0,94.0,310.5,10947.5,3394.5,"{""type"":""Point"",""coordinates"":[81.63612563890248,21.18931185597455]}",81.63612563890248,21.18931185597455
973,50.32112189000003,0.0643378632917698,0.1093147297122713,-0.1361978034441693,21824.0,0.0,9302.0,9974.0,11424.0,12065.0,15026.5,17093.0,15074.5,209.0,6209.0,51044.5,4626.0,1509.5,9648.0,91.0,331.0,11190.0,3173.5,"{""type"":""Point"",""coordinates"":[81.72815132261852,21.347953983376094]}",81.72815132261852,21.347953983376094
974,50.53816616000006,0.0473134971970677,0.0940712715171443,-0.1174459303619479,21824.0,0.0,9087.0,9636.0,10905.5,11433.5,13808.0,15179.5,13817.0,209.0,6206.0,51108.0,4740.0,1511.0,9625.0,140.0,263.0,11190.0,3176.5,"{""type"":""Point"",""coordinates"":[81.69679691235605,21.35124443592153]}",81.69679691235605,21.35124443592153
975,55.974526970000056,0.0474588055343113,0.1427856463640458,-0.1790767324176391,21824.0,0.0,9325.0,10116.5,11923.5,12846.0,17125.5,18832.0,15892.0,224.0,6358.0,52698.5,13963.0,1467.5,9647.5,58.0,228.0,11857.0,3066.5,"{""type"":""Point"",""coordinates"":[81.69710281984982,21.155117607650084]}",81.69710281984982,21.155117607650084
976,49.89899642,0.0474614375819646,0.1295171800947867,-0.1562310491206792,21824.0,0.0,9277.0,9839.0,11131.0,11755.0,15253.0,16773.0,14441.0,224.0,6004.0,50921.0,448.0,1567.0,9592.0,336.0,341.0,10692.0,3317.0,"{""type"":""Point"",""coordinates"":[81.52961217370955,21.334951172526047]}",81.52961217370955,21.334951172526047
977,43.89011726000001,-0.0039568231458326,0.1771080760095011,-0.1899152097246192,21824.0,0.0,8818.0,9348.0,10796.0,11086.0,15858.0,15733.0,13112.0,224.0,5994.0,49163.0,581.0,1572.0,9536.0,364.0,347.0,10199.0,3327.0,"{""type"":""Point"",""coordinates"":[81.54849352383839,21.310321366340716]}",81.54849352383839,21.310321366340716
978,41.106139970000015,-0.0878963282937365,0.2097840288986242,-0.2044150279286862,21824.0,0.0,8440.5,8991.0,10397.5,10281.5,15740.5,13197.0,10959.0,224.0,6193.0,48348.5,4941.5,1516.0,9749.0,71.0,241.5,10340.0,3188.0,"{""type"":""Point"",""coordinates"":[81.65300003670743,21.331582479026974]}",81.65300003670743,21.331582479026974
979,47.68241045000002,0.0483656902990833,0.0985729810621581,-0.1334669043986545,21824.0,0.0,9652.0,10141.5,11785.5,12649.5,15416.0,16983.0,15620.5,224.0,5982.0,50272.5,295.0,1573.0,9671.0,49.0,255.5,10509.0,3332.0,"{""type"":""Point"",""coordinates"":[81.54187504932649,21.203387138059608]}",81.54187504932649,21.203387138059608
980,54.72182264000003,0.0474731048286214,0.1233311204543778,-0.1568232747160925,21824.0,0.0,9002.0,9647.0,11100.0,11885.0,15229.0,16747.0,14434.0,224.0,6370.0,52332.0,11030.0,1462.0,9599.0,133.0,243.0,11689.0,3054.0,"{""type"":""Point"",""coordinates"":[81.7172435609061,21.18385216658998]}",81.7172435609061,21.18385216658998
981,39.48428948000003,-0.0219831000792183,0.1891082264382825,-0.1986372962719213,21824.0,0.0,8663.0,9201.0,10350.0,10557.0,15481.0,14815.0,12212.0,224.0,6010.0,47874.0,18.0,1566.0,9659.0,135.0,568.0,10029.0,3314.0,"{""type"":""Point"",""coordinates"":[81.66547276218405,21.287101469745966]}",81.66547276218405,21.287101469745966
982,44.607901459999994,-0.0446039393045587,0.1852595567455005,-0.2071655809725799,21824.0,0.0,8678.0,9226.0,10467.0,10955.0,15937.0,14576.0,12493.0,224.0,6000.0,49373.0,290.0,1570.0,9524.0,370.0,357.0,10342.0,3322.0,"{""type"":""Point"",""coordinates"":[81.56065224857478,21.33859982539537]}",81.56065224857478,21.33859982539537
983,57.799749650000024,0.0762423799758406,0.0939303714299971,-0.1501573976915005,21824.0,0.0,9552.5,10278.0,12148.5,13618.0,16441.5,19155.5,16874.5,145.0,6358.0,53232.5,13954.5,1467.0,9672.0,148.0,251.0,12076.0,3065.5,"{""type"":""Point"",""coordinates"":[81.70396307108719,21.142778007819874]}",81.70396307108719,21.142778007819874
984,47.27395706000004,0.0182490401478883,0.1543220197291422,-0.1688927348658715,21824.0,0.0,9069.5,9711.0,11045.0,11380.5,15534.0,16111.5,13440.5,224.0,6192.5,50153.0,4994.5,1515.5,9671.0,95.0,271.5,10892.5,3187.0,"{""type"":""Point"",""coordinates"":[81.68437201992514,21.29794492006097]}",81.68437201992514,21.29794492006097
985,43.41159446000006,-0.0485369049352161,0.2378660800219992,-0.2332454368001096,21824.0,0.0,8801.0,9504.0,11195.0,11086.0,18006.0,16339.0,13380.0,224.0,6010.0,49023.0,108.0,1566.0,9691.0,94.0,379.0,10135.0,3314.0,"{""type"":""Point"",""coordinates"":[81.70156875705125,21.26592114982927]}",81.70156875705125,21.26592114982927
986,44.07810835999999,-0.0150179562520404,0.1756920284374527,-0.1926499923277581,21824.0,0.0,8660.0,9096.0,10523.0,10899.0,15545.0,15085.0,12892.0,224.0,6373.0,49218.0,813.0,1466.0,9675.0,94.0,236.0,10457.0,3062.0,"{""type"":""Point"",""coordinates"":[81.49728270768797,21.266250979050525]}",81.49728270768797,21.266250979050525
987,58.04755610000001,0.0826094266659194,0.1164614807489001,-0.1627155363770355,21824.0,0.0,9428.5,10183.0,11787.5,12954.0,16369.0,19317.0,16725.5,209.0,6357.5,53305.0,13978.5,1467.0,9464.5,624.0,534.0,11929.0,3065.5,"{""type"":""Point"",""coordinates"":[81.69073812901028,21.13260176175202]}",81.69073812901028,21.13260176175202
988,49.67853413,0.0056455524299156,0.0822212837837837,-0.09496037086885,21824.0,0.0,8816.5,9366.0,10591.0,10866.5,12813.5,12959.0,11805.0,224.0,6190.5,50856.5,4987.0,1516.5,9672.0,140.0,260.5,11134.5,3189.5,"{""type"":""Point"",""coordinates"":[81.62529356010116,21.320155961120097]}",81.62529356010116,21.320155961120097
989,46.578389990000005,-0.0019675600601841,0.1769504165938355,-0.1866995652684761,21824.0,0.0,8697.5,9130.0,10383.0,10594.5,15150.0,15090.5,12613.0,224.0,6178.5,49949.5,771.0,1520.5,9718.5,89.0,241.0,10516.5,3198.0,"{""type"":""Point"",""coordinates"":[81.51972951636422,21.28331587715925]}",81.51972951636422,21.28331587715925
990,47.20388765000001,-0.0128728610167378,0.163146968286921,-0.1749222648058428,21824.0,0.0,9228.5,9817.0,11410.0,11690.0,16248.0,15835.0,13691.0,224.0,5900.0,50132.5,5432.5,1594.5,9675.0,56.0,301.0,10745.5,3389.0,"{""type"":""Point"",""coordinates"":[81.61850251009325,21.21417204636525]}",81.61850251009325,21.21417204636525
991,45.183837830000016,-0.0130829037581449,0.1221074847365644,-0.1485553369594568,21824.0,0.0,8933.0,9613.5,11036.0,11647.0,14887.0,14502.5,12884.0,224.0,6179.5,49541.5,552.5,1519.0,9740.0,104.0,250.5,10455.5,3195.0,"{""type"":""Point"",""coordinates"":[81.53175548961022,21.25155900448194]}",81.53175548961022,21.25155900448194
992,51.13631966000003,0.0193820595086362,0.0392659183008058,-0.0487919526182194,21824.0,0.0,8614.0,9065.0,10118.0,10313.0,11156.0,11597.0,11265.0,224.0,5385.0,51283.0,599.5,1781.0,9689.0,114.0,290.5,10911.5,3873.5,"{""type"":""Point"",""coordinates"":[81.60446841092117,21.301460065329685]}",81.60446841092117,21.301460065329685
993,50.06989742000002,0.0532924644247997,0.1259554084040717,-0.1600950808368565,21824.0,0.0,9408.0,10002.5,11572.0,12407.5,15983.5,17783.0,15404.5,224.0,6187.5,50971.0,714.0,1516.5,9733.0,54.0,254.0,10889.0,3189.5,"{""type"":""Point"",""coordinates"":[81.51321529046291,21.304958125103333]}",81.51321529046291,21.304958125103333
994,44.28489857,-0.0437522200429337,0.1853306908465896,-0.1952673186778204,21824.0,0.0,8923.0,9536.5,11375.5,11612.5,16896.0,15479.5,13144.5,224.0,5893.0,49278.5,5266.5,1597.0,9671.0,95.0,348.0,10467.0,3395.5,"{""type"":""Point"",""coordinates"":[81.69254134482783,21.23273698190723]}",81.69254134482783,21.23273698190723
995,56.150555000000054,0.0555386277388438,0.100616546692921,-0.1420532574108189,21824.0,0.0,10323.0,11059.0,12807.0,13931.0,17048.0,19053.0,17239.0,160.0,6373.0,52750.0,10163.0,1464.0,9602.0,121.0,241.0,11851.0,3058.0,"{""type"":""Point"",""coordinates"":[81.64762353128643,21.265620491742308]}",81.64762353128643,21.265620491742308
996,44.301988670000014,-0.0575851599773129,0.2170390846963065,-0.2045523635810913,21824.0,0.0,8822.0,9208.0,10466.5,10196.5,15849.5,14123.5,11558.5,224.0,6185.0,49283.5,553.0,1517.5,9636.0,101.0,270.5,10348.5,3191.0,"{""type"":""Point"",""coordinates"":[81.56638759566727,21.274313671343975]}",81.56638759566727,21.274313671343975
997,49.20513835999998,0.0585260738399655,0.1392809957582922,-0.1660794989502153,21824.0,0.0,9344.0,10058.0,11717.0,12378.0,16384.0,18421.0,16100.0,224.0,5979.0,50718.0,420.0,1573.0,9596.0,221.0,312.0,10647.0,3332.0,"{""type"":""Point"",""coordinates"":[81.51985857993472,21.169059737035738]}",81.51985857993472,21.169059737035738
998,47.00735150000003,0.0109858589335398,0.1585437561950842,-0.1902172975025458,21824.0,0.0,9212.5,9960.5,11729.5,12521.5,17240.0,17623.0,15043.5,224.0,5893.0,50075.0,5750.0,1597.0,9651.0,64.0,303.0,10710.5,3395.5,"{""type"":""Point"",""coordinates"":[81.59898410138038,21.158345593735703]}",81.59898410138038,21.158345593735703
999,45.92213015000005,0.0446505608283002,0.1456285566476979,-0.1747342894492544,21824.0,0.0,8953.5,9545.0,10890.0,11560.5,15501.5,16950.5,14093.5,224.0,6171.5,49757.5,5605.0,1521.0,9716.5,91.0,426.0,10810.0,3200.5,"{""type"":""Point"",""coordinates"":[81.58434011938256,21.17842945461975]}",81.58434011938256,21.17842945461975
1000,46.28102224999998,-0.0039916592195412,0.1704200163214279,-0.194986615610984,21824.0,0.0,9161.5,9816.0,11352.5,11944.5,16852.0,16718.0,13955.5,224.0,5706.5,49862.5,277.5,1648.5,9721.5,63.0,340.0,10404.0,3525.5,"{""type"":""Point"",""coordinates"":[81.5725549036893,21.176240726694303]}",81.5725549036893,21.176240726694303
1001,54.09290696000005,0.0263041880969875,0.1617835288341837,-0.1866683381986854,21824.0,0.0,9070.0,9778.0,11353.5,11951.5,16565.0,17460.0,14588.0,224.0,6357.5,52148.0,13976.5,1468.5,9683.0,106.0,235.0,11682.5,3068.5,"{""type"":""Point"",""coordinates"":[81.68872950331206,21.157179542607086]}",81.68872950331206,21.157179542607086
1002,48.93853280000002,0.052605155399363,0.136314026570321,-0.1577514475248284,21824.0,0.0,9112.5,9727.0,10982.5,11474.5,15096.5,16773.0,14202.5,224.0,6189.5,50640.0,5164.0,1515.5,9680.0,115.0,379.0,11068.0,3187.0,"{""type"":""Point"",""coordinates"":[81.70162736607772,21.249756187898644]}",81.70162736607772,21.249756187898644
1003,56.133464900000035,0.0634965200301449,0.1240267456502846,-0.1667372374307332,21824.0,0.0,9050.0,9759.5,11315.5,12347.5,15844.0,17992.5,15169.0,224.0,6358.5,52745.0,13970.5,1466.5,9672.5,167.0,256.0,11894.0,3064.5,"{""type"":""Point"",""coordinates"":[81.6948171752766,21.13798337973801]}",81.6948171752766,21.13798337973801
1004,41.67011327,-0.1203816237238697,0.2928492540714899,-0.2767784491265733,21824.0,0.0,8465.5,8954.0,10443.5,10084.5,18437.0,14475.0,11299.5,224.0,5708.0,48513.5,351.5,1648.5,9683.0,66.0,290.5,10195.0,3525.5,"{""type"":""Point"",""coordinates"":[81.58195021742533,21.24243273846699]}",81.58195021742533,21.24243273846699
1005,42.013624280000045,-0.0135590887191134,0.1470634055148777,-0.1457693055825714,21824.0,0.0,8889.0,9455.0,10979.0,10950.0,14726.0,14332.0,12758.0,224.0,5998.0,48614.0,313.0,1568.0,9693.0,68.0,275.0,10143.0,3320.0,"{""type"":""Point"",""coordinates"":[81.59686265345276,21.23899699779349]}",81.59686265345276,21.23899699779349
1006,45.23681714000003,-0.0227394697701519,0.1699086173328889,-0.1910288918252919,21824.0,0.0,9011.0,9635.0,11326.0,11831.5,16675.0,15933.5,13075.0,224.0,5888.0,49557.0,5789.5,1599.5,9659.5,186.0,321.5,10589.0,3400.5,"{""type"":""Point"",""coordinates"":[81.6160772394204,21.151824366828723]}",81.6160772394204,21.151824366828723
1007,46.96633526000005,0.0441709866013017,0.0989831283086415,-0.1243546533148902,21824.0,0.0,9321.5,9915.5,11236.5,11829.0,14428.0,15761.5,14073.0,224.0,6195.5,50063.0,4935.5,1515.0,9688.0,98.0,246.5,10869.5,3185.0,"{""type"":""Point"",""coordinates"":[81.66612639352367,21.33580585445743]}",81.66612639352367,21.33580585445743
1008,49.43072768000002,0.022709615729397,0.1669461590609055,-0.1888335574860964,21824.0,0.0,9068.0,9604.0,11158.0,11674.0,16353.0,17113.0,14174.0,224.0,6013.0,50784.0,289.0,1564.0,9665.0,82.0,296.0,10653.0,3309.0,"{""type"":""Point"",""coordinates"":[81.55812416184756,21.362622260614458]}",81.55812416184756,21.362622260614458
1009,42.85103918000004,0.0115344285214959,0.1202419964708848,-0.1352456025107656,21824.0,0.0,9463.0,10088.0,11848.0,12215.0,15554.0,15917.0,14472.0,224.0,5999.0,48859.0,289.0,1567.0,9701.0,68.0,281.0,10228.0,3319.0,"{""type"":""Point"",""coordinates"":[81.59902516427606,21.239578132915945]}",81.59902516427606,21.239578132915945
1010,44.61131948000002,0.0144361758366882,0.0737672234282929,-0.0714412024756852,21824.0,0.0,8726.0,9227.0,10502.0,10453.0,12118.0,12473.0,11577.0,224.0,6036.0,49374.0,368.0,1557.0,9656.0,116.0,271.0,10415.0,3292.0,"{""type"":""Point"",""coordinates"":[81.67000381134451,21.37710707225639]}",81.67000381134451,21.37710707225639
1011,40.28410616000002,-0.0822699965245022,0.2325699745547073,-0.2251573741007194,21824.0,0.0,8413.0,8906.0,10339.5,10179.0,16348.5,13863.0,11333.5,224.0,6172.0,48108.0,459.5,1522.5,9800.5,94.0,252.5,10120.5,3203.0,"{""type"":""Point"",""coordinates"":[81.5416957764416,21.24538313963639]}",81.5416957764416,21.24538313963639
1012,47.144072300000005,0.0888628046675412,0.0706042228667626,-0.1051463506553326,21824.0,0.0,9399.5,9807.5,10685.0,11455.5,13196.0,15770.0,15241.5,177.0,6208.0,50115.0,4846.0,1509.5,9658.0,104.0,250.0,10863.5,3173.0,"{""type"":""Point"",""coordinates"":[81.69678071163094,21.337247005560094]}",81.69678071163094,21.337247005560094
1013,49.177794199999994,0.0384009936022413,0.1570770701190372,-0.1875791463784401,21824.0,0.0,9121.0,9774.5,11387.5,12126.5,16646.0,17975.5,14867.0,224.0,6188.0,50710.0,5368.5,1514.5,9646.0,96.0,308.5,11067.0,3185.5,"{""type"":""Point"",""coordinates"":[81.71607838422841,21.216250915791978]}",81.71607838422841,21.216250915791978
1014,38.71010795000001,-0.0762555451219117,0.2546665911707529,-0.2284890597279716,21824.0,0.0,8704.0,8976.5,10437.0,9872.5,16619.0,14264.0,11557.5,224.0,6171.5,47647.5,417.0,1522.0,9650.0,113.0,284.0,9772.0,3202.0,"{""type"":""Point"",""coordinates"":[81.56241144305005,21.21944566266892]}",81.56241144305005,21.21944566266892
1015,47.77298798000004,0.044722461892436,0.0922393949358763,-0.1045892916528101,21824.0,0.0,8919.0,9366.0,10770.0,11042.0,13286.0,14530.0,13083.0,224.0,6000.0,50299.0,561.0,1568.0,9669.0,107.0,264.0,10926.0,3320.0,"{""type"":""Point"",""coordinates"":[81.58201868011969,21.280412812822384]}",81.58201868011969,21.280412812822384
1016,50.42878952000001,0.0517529215358931,0.1161244001058081,-0.1368307609406874,21824.0,0.0,9202.0,9908.0,11213.0,11695.0,14768.0,16380.0,14253.0,224.0,6013.0,51076.0,175.0,1565.0,9568.0,485.0,469.0,10761.0,3312.0,"{""type"":""Point"",""coordinates"":[81.58763343303197,21.369340864368603]}",81.58763343303197,21.369340864368603
1017,45.49658666000005,-0.0090452261306532,0.1187059343361573,-0.1396809863978863,21824.0,0.0,8852.5,9484.0,10989.5,11468.5,14558.0,14297.0,12422.5,209.0,6196.5,49633.0,5252.5,1511.0,9704.0,70.0,280.0,10737.5,3177.5,"{""type"":""Point"",""coordinates"":[81.6425568802832,21.24964945248832]}",81.6425568802832,21.24964945248832
1018,50.34846605000001,-0.0067379556168793,0.0734374616874678,-0.0662217784164251,21824.0,0.0,8224.0,8602.0,9585.0,9447.0,10944.5,10798.0,10123.0,224.0,6186.5,51052.5,395.5,1518.5,9624.0,172.0,312.5,10886.0,3192.5,"{""type"":""Point"",""coordinates"":[81.58282201379888,21.320575848456095]}",81.58282201379888,21.320575848456095
1019,46.932155060000014,-0.0122871308471653,0.1954323950832787,-0.1943899425913814,21824.0,0.0,8890.0,9484.0,11086.0,11062.0,16436.0,16037.0,13412.0,224.0,6017.0,50053.0,157.0,1563.0,9621.0,160.0,350.0,10398.0,3307.0,"{""type"":""Point"",""coordinates"":[81.70610767731492,21.2857203089275]}",81.70610767731492,21.2857203089275
1020,50.57234635999998,0.010178117048346,0.1682062999836788,-0.2021498152502519,21824.0,0.0,9478.0,10311.0,11876.0,12741.0,17894.0,18262.0,15047.0,224.0,6360.0,51118.0,11109.0,1469.0,9704.0,66.0,225.0,11327.0,3069.0,"{""type"":""Point"",""coordinates"":[81.5970177665604,21.185160834576386]}",81.5970177665604,21.185160834576386
1021,48.67534526000003,0.0936775523054466,0.11688769751693,-0.1646193453475542,21824.0,0.0,9217.0,9831.0,11357.0,12519.0,15833.0,19106.0,16337.0,224.0,5979.0,50563.0,263.0,1573.0,9595.0,168.0,313.0,10688.0,3333.0,"{""type"":""Point"",""coordinates"":[81.53945168774311,21.16704658709998]}",81.53945168774311,21.16704658709998
1022,44.366931050000005,-0.0007283567931974863,0.1478085172520982,-0.1545602001133454,21824.0,0.0,8957.0,9490.5,10815.5,10966.0,14770.0,14748.5,12595.5,224.0,5716.5,49302.5,312.5,1647.0,9681.5,166.0,372.0,10405.0,3521.0,"{""type"":""Point"",""coordinates"":[81.60781824308482,21.3471427404489]}",81.60781824308482,21.3471427404489
1023,47.85502045999999,0.0424005657899168,0.1237180627185962,-0.1416067772112257,21824.0,0.0,8827.0,9327.5,10690.0,11086.5,14217.0,15476.0,13434.5,224.0,6183.5,50323.0,488.0,1519.5,9583.0,328.0,347.0,10658.5,3195.0,"{""type"":""Point"",""coordinates"":[81.5566239469911,21.309506014718313]}",81.5566239469911,21.309506014718313
1024,46.20411680000001,-0.0022770688469473,0.167910248419553,-0.1851102276834116,21824.0,0.0,8899.0,9534.5,11274.0,11681.5,16396.0,16321.5,13996.5,224.0,6190.5,49840.0,5211.5,1514.5,9655.0,80.0,379.0,10773.5,3185.0,"{""type"":""Point"",""coordinates"":[81.70815060779115,21.240928464244973]}",81.70815060779115,21.240928464244973
1025,54.44154500000002,0.0212862254784096,0.1564030147562626,-0.1931923992137117,21824.0,0.0,9335.5,10068.5,11697.5,12620.0,17299.5,18052.0,15119.0,224.0,6361.5,52250.0,14068.5,1468.0,9697.0,124.0,240.0,11735.5,3066.0,"{""type"":""Point"",""coordinates"":[81.6367417858018,21.17661203888957]}",81.6367417858018,21.17661203888957
1026,45.85547875999998,-0.0248480446500248,0.1050245249577511,-0.1126836556819125,21824.0,0.0,8567.5,9250.5,10689.5,10856.5,13404.5,12754.5,11625.5,224.0,6190.5,49738.0,5173.5,1514.5,9680.0,95.0,311.5,10756.0,3185.0,"{""type"":""Point"",""coordinates"":[81.65577279631873,21.253281577085197]}",81.65577279631873,21.253281577085197
1027,41.43256087999998,-0.1171539961013645,0.2640052933392148,-0.2361505554157529,21824.0,0.0,8410.0,8832.0,10624.0,10011.0,17193.0,13587.0,11648.0,224.0,5981.0,48444.0,710.0,1573.0,9709.0,87.0,253.0,10132.0,3332.0,"{""type"":""Point"",""coordinates"":[81.50096444028419,21.227531625447735]}",81.50096444028419,21.227531625447735
1028,42.121291910000025,0.0288868445262189,0.1272157756104506,-0.1545865538865393,21824.0,0.0,9341.0,9994.0,11594.0,12260.0,15834.0,16776.0,15151.0,224.0,5706.5,48645.5,375.0,1649.0,9705.0,112.0,292.0,10184.5,3526.0,"{""type"":""Point"",""coordinates"":[81.57563123383491,21.218173489634694]}",81.57563123383491,21.218173489634694
1029,47.140654280000035,0.0158853854453902,0.1558418699616292,-0.1720986684753507,21824.0,0.0,9111.0,9607.0,11596.0,11990.0,16417.0,16947.0,14736.0,224.0,6025.0,50114.0,180.0,1559.0,9648.0,81.0,326.0,10455.0,3299.0,"{""type"":""Point"",""coordinates"":[81.72331323339012,21.281220587822617]}",81.72331323339012,21.281220587822617
1030,44.58910235000002,0.0153896315617867,0.1649339376989102,-0.1775854000935891,21824.0,0.0,8709.5,9188.0,10545.0,10823.5,15099.0,15571.0,13156.5,224.0,6182.0,49367.5,575.0,1517.5,9661.0,199.0,275.0,10456.5,3191.5,"{""type"":""Point"",""coordinates"":[81.51796035458825,21.24517944908964]}",81.51796035458825,21.24517944908964
1031,48.32670722,-0.027039049343882,0.1820159801071435,-0.1951269110605808,21824.0,0.0,8828.5,9416.0,10884.5,11184.5,16162.0,15311.0,12574.0,224.0,6200.5,50461.0,5184.0,1509.5,9695.0,67.0,360.5,11015.5,3174.5,"{""type"":""Point"",""coordinates"":[81.74443265337429,21.245702852469705]}",81.74443265337429,21.245702852469705
1032,44.58568433000005,-0.0013083575326291,0.1447020411141309,-0.1457260744148683,21824.0,0.0,8154.0,8830.5,11698.0,11722.5,15689.0,15648.0,13798.0,209.0,5897.5,49366.5,5114.0,1596.0,9718.0,121.0,447.0,10528.5,3392.5,"{""type"":""Point"",""coordinates"":[81.66581002553778,21.258559618705213]}",81.66581002553778,21.258559618705213
1033,41.97944408000001,-0.0227996751827097,0.2052112468717797,-0.2000439737623218,21824.0,0.0,8748.0,9294.0,10915.0,10798.0,16374.0,15644.0,12824.0,224.0,6005.0,48604.0,277.0,1569.0,9637.0,93.0,399.0,10116.0,3320.0,"{""type"":""Point"",""coordinates"":[81.59195045295326,21.359672334958006]}",81.59195045295326,21.359672334958006
1034,54.46547113999998,0.0609049534786188,0.1094636008294643,-0.1510328415040457,21824.0,0.0,8955.5,9617.0,11148.0,12132.0,15114.5,17075.0,14865.5,224.0,6363.5,52257.0,13925.5,1464.0,9641.0,55.0,226.0,11689.5,3059.5,"{""type"":""Point"",""coordinates"":[81.72132545819012,21.16189253342186]}",81.72132545819012,21.16189253342186
1035,47.22952280000004,0.0177695239956993,0.0658662310939521,-0.0809078197267935,21824.0,0.0,8866.0,9456.0,10681.0,11009.0,12561.5,13016.0,12327.5,224.0,6192.0,50140.0,5004.5,1515.5,9688.0,132.0,267.0,10891.0,3186.5,"{""type"":""Point"",""coordinates"":[81.62340969238883,21.306034685200835]}",81.62340969238883,21.306034685200835
1036,50.87313212000004,0.0471902476319925,0.1683536172502995,-0.1930011168430569,21824.0,0.0,9331.0,9893.0,11380.5,11975.5,16824.0,18490.5,15536.5,224.0,6196.5,51206.0,5455.0,1509.5,9605.0,72.0,291.0,11209.0,3175.0,"{""type"":""Point"",""coordinates"":[81.75275539319684,21.205666404544065]}",81.75275539319684,21.205666404544065
1037,40.919857879999995,0.0377555211525702,0.1507594649739288,-0.1797334986055159,21824.0,0.0,8918.0,9466.0,10588.0,11238.0,15228.0,16423.0,14426.0,224.0,6032.0,48294.0,300.0,1558.0,9650.0,116.0,274.0,10164.0,3296.0,"{""type"":""Point"",""coordinates"":[81.72915794348789,21.32441826293671]}",81.72915794348789,21.32441826293671
1038,44.41991036000002,0.034795215657847,0.1555651985246257,-0.1725251339252953,21824.0,0.0,9138.0,9745.0,11276.0,11676.0,15978.0,17130.0,14443.0,224.0,5973.0,49318.0,450.0,1578.0,9702.0,103.0,266.0,10309.0,3342.0,"{""type"":""Point"",""coordinates"":[81.52434639348199,21.211518352191764]}",81.52434639348199,21.211518352191764
1039,44.898433160000025,0.0165851611972782,0.1752687161166995,-0.2047155568404484,21921.0,0.0,9799.0,10538.0,12379.0,13159.0,18752.0,19384.5,15723.0,192.0,5889.5,49458.0,5849.0,1598.0,9612.5,121.0,444.0,10542.5,3398.5,"{""type"":""Point"",""coordinates"":[81.59788008044448,21.131897684457876]}",81.59788008044448,21.131897684457876
1040,52.180524770000034,0.0472796233324614,0.1088784868896753,-0.1415251415251415,21824.0,0.0,9043.5,9551.0,10956.5,11708.0,14569.0,16015.0,14147.0,224.0,6185.0,51588.5,732.0,1517.5,9591.5,273.0,307.5,10838.0,3191.0,"{""type"":""Point"",""coordinates"":[81.50084441573183,21.287871414561266]}",81.50084441573183,21.287871414561266
1041,54.57655679000004,0.0502174283105588,0.1074940902611112,-0.1430540293893058,21824.0,0.0,9242.0,9915.5,11503.0,12365.0,15343.5,16966.0,14984.5,224.0,6355.0,52289.5,14099.5,1470.5,9625.5,123.0,241.0,11690.0,3072.5,"{""type"":""Point"",""coordinates"":[81.62538115846073,21.146209433241584]}",81.62538115846073,21.146209433241584
1042,47.49612836000006,-0.0208981769675411,0.1484891713137077,-0.1622700939310422,21824.0,0.0,8630.5,9437.0,11170.5,11490.5,15498.0,14863.5,12898.0,224.0,6200.5,50218.0,5428.5,1507.5,9744.0,89.0,330.5,10962.5,3169.5,"{""type"":""Point"",""coordinates"":[81.76086533604776,21.20289119306643]}",81.76086533604776,21.20289119306643
1043,56.64445889000001,0.0809130096812946,0.114424279814234,-0.1627449578028894,21824.0,0.0,9600.0,10208.5,11706.5,12919.0,16257.5,19120.0,16758.5,192.0,6367.5,52894.5,13973.0,1464.0,9689.5,85.0,232.0,11970.0,3058.5,"{""type"":""Point"",""coordinates"":[81.68669793822494,21.1932325316807]}",81.68669793822494,21.1932325316807
1044,45.36499289000005,0.0043840486915648,0.1907387387387387,-0.2019132838643969,21793.0,0.0,8831.5,9478.0,10970.5,11228.5,16521.5,16667.0,13449.5,224.0,6192.0,49594.5,5101.0,1514.0,9744.0,71.0,446.0,10769.5,3185.0,"{""type"":""Point"",""coordinates"":[81.71513713773109,21.25846208015526]}",81.71513713773109,21.25846208015526
1045,44.107161529999985,-0.0183935584636147,0.1849603895760184,-0.1790730337078651,21793.0,0.0,9164.5,9819.0,11690.0,11548.5,16790.0,16183.5,13897.0,224.0,5898.0,49226.5,5056.0,1596.0,9674.0,80.0,450.5,10466.5,3392.5,"{""type"":""Point"",""coordinates"":[81.66936714550873,21.26859518140532]}",81.66936714550873,21.26859518140532
1046,54.530413520000025,0.0045339457104162,0.1487005265839986,-0.1702083477538589,21824.0,0.0,9367.0,10293.5,11988.0,12529.0,16906.0,17060.0,15379.5,224.0,6365.5,52276.0,13924.5,1463.5,9670.5,128.0,241.0,11721.0,3057.5,"{""type"":""Point"",""coordinates"":[81.7210116298651,21.167875601402113]}",81.7210116298651,21.167875601402113
1047,49.658026010000015,0.030581784952787,0.1657234950460597,-0.1855024957163078,21824.0,0.0,9025.0,9624.0,10933.0,11388.5,15913.0,16917.0,13931.0,224.0,6201.0,50850.5,5184.5,1509.5,9625.0,74.0,286.0,11103.0,3174.0,"{""type"":""Point"",""coordinates"":[81.74649215243065,21.25619615842426]}",81.74649215243065,21.25619615842426
1048,47.76786095,-0.0063088598335923,0.1625892593062069,-0.1543705816953703,21824.0,0.0,8545.0,8940.5,10078.0,9909.5,13757.5,13585.0,11740.5,224.0,6186.0,50297.5,5343.0,1515.5,9605.0,82.0,329.5,10908.5,3187.5,"{""type"":""Point"",""coordinates"":[81.70670512409822,21.218870912986038]}",81.70670512409822,21.218870912986038
1049,39.74064098000002,0.0175415104445634,0.1209227713696432,-0.1482003129890453,21824.0,0.0,8679.0,9456.0,10886.0,11508.0,14674.0,15198.0,13284.0,224.0,5973.0,47949.0,575.0,1577.0,9654.0,88.0,259.0,10271.0,3340.0,"{""type"":""Point"",""coordinates"":[81.5114127187754,21.19857014093648]}",81.5114127187754,21.19857014093648
1050,57.31951784,0.0629868747782901,0.1230230264276725,-0.1688615123194562,21824.0,0.0,9501.0,10190.5,11739.0,12892.0,16509.0,18728.5,16136.5,224.0,6367.5,53092.0,13983.5,1464.5,9632.0,55.0,228.0,11997.0,3059.5,"{""type"":""Point"",""coordinates"":[81.67967024792473,21.19549285363103]}",81.67967024792473,21.19549285363103
1051,49.81525493000004,0.0114154418468944,0.128006658343737,-0.1375931171965166,21824.0,0.0,8629.0,9084.5,10274.5,10477.0,13553.0,13866.0,12273.0,224.0,6180.0,50896.5,425.5,1519.5,9628.0,107.0,264.0,10706.5,3196.0,"{""type"":""Point"",""coordinates"":[81.5649892649938,21.261087039157225]}",81.5649892649938,21.261087039157225
1052,45.14453060000005,-0.0275047545987757,0.2082918303294555,-0.210840537130158,21824.0,0.0,8488.5,9077.0,10475.5,10531.5,16073.0,15212.5,12343.0,209.0,6186.5,49530.0,5319.0,1515.5,9629.0,99.0,307.0,10648.5,3188.5,"{""type"":""Point"",""coordinates"":[81.70938138011212,21.225968874417045]}",81.70938138011212,21.225968874417045
1053,47.42434994000001,0.0196535523437219,0.1019733526838806,-0.1104791696288923,21824.0,0.0,8800.5,9338.0,10948.0,11138.0,13667.5,14215.5,12458.0,224.0,5979.0,50197.0,120.0,1575.0,9677.5,141.0,378.0,10478.0,3335.0,"{""type"":""Point"",""coordinates"":[81.57692899377213,21.182879599405137]}",81.57692899377213,21.182879599405137
1054,49.72638641000003,0.0278836213262442,0.1754768197728409,-0.193551896714296,21824.0,0.0,8976.0,9616.0,11118.5,11542.5,16455.5,17399.5,14402.0,224.0,6197.5,50870.5,5111.0,1511.5,9650.0,49.0,295.0,11129.5,3179.0,"{""type"":""Point"",""coordinates"":[81.72431959702102,21.26517162499896]}",81.72431959702102,21.26517162499896
1055,50.11774969999999,0.0246016401093406,0.1355169202111145,-0.1403850650869124,21824.0,0.0,9098.0,9666.0,11028.0,11138.0,14630.0,15368.0,13557.0,224.0,6011.0,50985.0,562.0,1566.0,9497.0,408.0,385.0,10733.0,3315.0,"{""type"":""Point"",""coordinates"":[81.61922928179114,21.349601513409464]}",81.61922928179114,21.349601513409464
1056,45.20263694000005,0.0092715231788079,0.1637600405239163,-0.1652778784146076,21824.0,0.0,9448.0,10143.0,11520.0,11556.0,16082.0,16383.0,14352.0,224.0,5998.0,49547.0,697.0,1569.0,9618.0,273.0,307.0,10379.0,3321.0,"{""type"":""Point"",""coordinates"":[81.54338509937229,21.30065322264955]}",81.54338509937229,21.30065322264955
1057,42.62886788000003,-0.0312907809645332,0.1636589715482403,-0.163792257093301,21824.0,0.0,10441.5,10531.5,12776.0,12779.5,17781.0,16702.0,14619.0,209.0,5909.0,48794.0,5210.0,1590.0,9734.0,125.0,449.0,10365.0,3379.0,"{""type"":""Point"",""coordinates"":[81.65038017592262,21.24262854380098]}",81.65038017592262,21.24262854380098
1058,45.72217598000003,-0.003659011288439,0.1104698738102416,-0.108036097980232,21824.0,0.0,8627.0,9104.0,10378.0,10327.0,12892.0,12798.0,11644.0,224.0,6004.0,49699.0,559.0,1568.0,9752.0,77.0,257.0,10551.0,3318.0,"{""type"":""Point"",""coordinates"":[81.59214372840931,21.317387211061394]}",81.59214372840931,21.317387211061394
1059,45.792245390000005,0.0263923261737449,0.1099989702399341,-0.1240744989258973,21824.0,0.0,8677.0,9198.0,10499.5,10803.5,13474.0,14204.5,12571.0,224.0,6188.5,49719.5,418.0,1517.0,9682.0,56.0,290.5,10486.0,3190.0,"{""type"":""Point"",""coordinates"":[81.58815267536414,21.31309343256435]}",81.58815267536414,21.31309343256435
1060,49.09917974000001,0.0110476439876266,0.1369221216625585,-0.1709850584291002,21824.0,0.0,8909.0,9387.0,10694.5,11467.5,15106.0,15443.5,13616.0,224.0,6186.0,50687.0,713.0,1517.0,9707.5,51.0,254.0,10662.0,3190.5,"{""type"":""Point"",""coordinates"":[81.49870786826116,21.299538153458677]}",81.49870786826116,21.299538153458677
1061,47.771278970000026,0.0283407453599619,0.1409357175890242,-0.1539435988384556,21824.0,0.0,8960.5,9456.5,10853.0,11145.5,14802.5,15666.0,13289.0,224.0,6176.5,50298.5,495.0,1520.5,9462.5,289.0,323.0,10625.0,3198.0,"{""type"":""Point"",""coordinates"":[81.52873550244298,21.24385013044296]}",81.52873550244298,21.24385013044296
1062,44.74462226000003,0.0073376482920417,0.1398765738741665,-0.1511152272902678,21824.0,0.0,8973.5,9594.0,10999.0,11254.5,14915.0,15135.5,13517.5,209.0,6187.0,49413.0,5054.0,1517.5,9648.0,116.0,316.0,10632.0,3191.0,"{""type"":""Point"",""coordinates"":[81.6806289778588,21.27317936484596]}",81.6806289778588,21.27317936484596
1063,42.75875264000001,-0.0489271011694415,0.1812102564102564,-0.1641127238911575,21824.0,0.0,8407.0,8837.0,10337.0,9979.0,14396.0,13053.0,11073.0,224.0,6001.0,48832.0,435.0,1569.0,9700.0,96.0,256.0,10254.0,3321.0,"{""type"":""Point"",""coordinates"":[81.5763376030616,21.32350555710523]}",81.5763376030616,21.32350555710523
1064,42.4272047,0.0112352556720923,0.1369573775185198,-0.1458558753516554,21824.0,0.0,9760.0,10307.0,11841.0,12058.0,15885.0,16246.0,14731.0,224.0,5999.0,48735.0,192.0,1567.0,9714.0,54.0,330.0,10166.0,3319.0,"{""type"":""Point"",""coordinates"":[81.61000434123082,21.233889328076426]}",81.61000434123082,21.233889328076426
1065,47.226104780000014,0.0629743931937609,0.121381513276103,-0.1542571409000616,21824.0,0.0,9794.0,10557.0,12347.0,13203.0,16851.0,19116.0,16835.0,224.0,6030.0,50139.0,141.0,1557.0,9692.0,92.0,347.0,10467.0,3295.0,"{""type"":""Point"",""coordinates"":[81.75154177239595,21.28420053548405]}",81.75154177239595,21.28420053548405
1066,50.39460932000003,0.0450262802466925,0.1101106592263312,-0.1367968386796838,21824.0,0.0,8970.0,9603.0,11140.5,11761.0,14671.5,16055.0,14328.5,224.0,6203.0,51066.0,5225.5,1508.5,9684.0,70.0,269.0,11223.5,3172.0,"{""type"":""Point"",""coordinates"":[81.76140929641717,21.25467881248856]}",81.76140929641717,21.25467881248856
1067,49.519596200000024,0.0381614756576957,0.106750173973556,-0.1546810904998729,21824.0,0.0,9609.0,10249.0,11643.0,12836.0,15904.0,17166.0,15175.0,224.0,5426.0,50810.0,463.0,1727.0,9631.0,63.0,386.0,10586.0,3724.0,"{""type"":""Point"",""coordinates"":[81.61397978053066,21.35723289965263]}",81.61397978053066,21.35723289965263
1068,48.69756239000003,0.021128732111391,0.1010873793601689,-0.1254591585564433,21824.0,0.0,9437.0,10104.0,11547.0,12131.5,14860.0,15501.5,14333.0,224.0,6194.0,50569.5,4960.0,1514.0,9575.0,217.0,340.5,10962.0,3183.5,"{""type"":""Point"",""coordinates"":[81.6402960395898,21.294314225486886]}",81.6402960395898,21.294314225486886
1069,50.85262399999999,0.0132483990106054,0.1489781425076935,-0.1639488409272582,21824.0,0.0,8840.0,9318.0,10459.0,10785.0,14561.0,14952.0,12679.0,224.0,6374.0,51200.0,10048.0,1464.0,9611.0,123.0,237.0,11293.0,3058.0,"{""type"":""Point"",""coordinates"":[81.65961881021461,21.275065707621035]}",81.65961881021461,21.275065707621035
1070,46.176772640000024,0.0390730261385071,0.1302483406667164,-0.1438544850749085,21824.0,0.0,9248.5,9868.0,11343.5,11662.5,15155.5,16388.0,15115.0,224.0,6199.0,49832.0,4958.0,1512.5,9706.0,65.0,242.5,10805.0,3181.0,"{""type"":""Point"",""coordinates"":[81.6807065327716,21.321461908129358]}",81.6807065327716,21.321461908129358
1071,46.400652949999994,0.0050481094999322,0.1343865883807169,-0.1511956095648765,21824.0,0.0,8781.0,9417.0,10826.5,11204.5,14683.5,14832.5,12923.0,224.0,6200.0,49897.5,4957.0,1512.5,9616.0,139.0,257.0,10766.5,3180.0,"{""type"":""Point"",""coordinates"":[81.68177133768548,21.325546006312372]}",81.68177133768548,21.325546006312372
1072,43.818338840000024,-0.0095042613002543,0.0743150197065387,-0.0788231367126031,21824.0,0.0,8102.0,8678.0,9659.0,9747.0,11312.0,11099.0,10367.0,224.0,6031.0,49142.0,474.0,1559.0,9667.0,122.0,268.0,10447.0,3297.0,"{""type"":""Point"",""coordinates"":[81.65946111506824,21.381424415939886]}",81.65946111506824,21.381424415939886
1073,45.568365080000035,0.0392069644786172,0.1337732453509298,-0.1432460020415107,21824.0,0.0,9070.0,9530.0,11331.0,11552.0,15120.0,16354.0,14246.0,224.0,6033.0,49654.0,139.0,1558.0,9681.0,85.0,346.0,10579.0,3297.0,"{""type"":""Point"",""coordinates"":[81.72960783295771,21.33933390281751]}",81.72960783295771,21.33933390281751
1074,49.54694036000001,0.0562270099842354,0.0970032448940637,-0.1275209919171309,21824.0,0.0,9163.0,9724.0,11118.0,11827.0,14368.0,16080.0,14283.0,224.0,5979.0,50818.0,274.0,1576.0,9724.0,85.0,282.0,10697.0,3337.0,"{""type"":""Point"",""coordinates"":[81.5424783098901,21.219744243730954]}",81.5424783098901,21.219744243730954
1075,48.670218230000046,0.0332809020261326,0.101970530800639,-0.1291108847497089,21824.0,0.0,9580.0,10242.5,11969.5,12646.5,15518.5,16587.0,15003.5,224.0,5913.5,50561.5,5420.5,1587.0,9676.0,101.0,290.5,10887.0,3373.5,"{""type"":""Point"",""coordinates"":[81.64266189156591,21.219236452639677]}",81.64266189156591,21.219236452639677
1076,46.75270900999999,0.0004033016965558035,0.2221765643748253,-0.2387711582033853,21824.0,0.0,9075.5,9730.5,11423.0,11830.5,18589.0,18604.0,14791.0,224.0,6195.5,50000.5,5188.5,1511.5,9580.0,347.0,479.5,10780.5,3179.0,"{""type"":""Point"",""coordinates"":[81.73668276124758,21.243788919870568]}",81.73668276124758,21.243788919870568
1077,44.471180660000016,-0.0223222544243694,0.1841719938573622,-0.1979479027421511,21824.0,0.0,9214.0,9768.0,11100.0,11422.0,16579.0,15855.0,13494.0,224.0,5439.0,49333.0,433.0,1720.0,9642.0,115.0,313.0,10314.0,3710.0,"{""type"":""Point"",""coordinates"":[81.58931453107552,21.26359617127589]}",81.58931453107552,21.26359617127589
1078,42.53658134,-0.0480989160340769,0.1941685236242776,-0.1928169917380314,21824.0,0.0,8841.0,9335.0,10698.0,10668.0,15809.0,14358.0,11990.0,224.0,6020.0,48767.0,109.0,1558.0,9659.0,116.0,367.0,10209.0,3298.0,"{""type"":""Point"",""coordinates"":[81.64414277998814,21.241507907318045]}",81.64414277998814,21.241507907318045
1079,57.04949426000002,0.0488698375058902,0.1471208315764386,-0.1783582230089828,21824.0,0.0,9079.5,9627.0,10907.5,11630.5,15643.0,17250.5,14323.5,224.0,6354.0,53013.0,14110.0,1470.0,9676.5,74.0,231.0,11998.0,3072.0,"{""type"":""Point"",""coordinates"":[81.62394290438549,21.117185130781447]}",81.62394290438549,21.117185130781447
1080,45.42993526999999,-0.0184383202099737,0.1813148130529921,-0.1855331500152765,21824.0,0.0,8520.0,9165.5,10663.0,10756.5,15521.0,14959.0,12417.0,224.0,6184.5,49613.5,562.5,1518.5,9680.0,75.0,279.5,10571.5,3193.5,"{""type"":""Point"",""coordinates"":[81.55605345980942,21.29764029161748]}",81.55605345980942,21.29764029161748
1081,44.82665473999998,0.0092215893680499,0.1147147932605331,-0.1201594533029612,21824.0,0.0,8478.0,8909.5,10042.5,10154.0,12785.5,13023.5,11411.5,224.0,6187.0,49437.0,420.5,1517.5,9702.0,69.0,288.5,10449.5,3191.5,"{""type"":""Point"",""coordinates"":[81.58063379992468,21.309854855109304]}",81.58063379992468,21.309854855109304
1082,50.169020000000046,0.0398976093036484,0.1264529764001409,-0.1527166489603885,21824.0,0.0,8960.5,9648.5,11165.5,11780.0,15190.5,16453.0,14118.0,224.0,6206.5,51000.0,5212.0,1507.0,9647.0,75.0,278.5,11180.0,3168.0,"{""type"":""Point"",""coordinates"":[81.75767548399288,21.25397868036157]}",81.75767548399288,21.25397868036157
1083,47.92338086000001,-0.016183374758354,0.1211911920045502,-0.1250305748063595,21824.0,0.0,9009.0,9652.0,10731.5,10815.5,13798.5,13359.0,12324.0,224.0,6192.0,50343.0,5073.5,1514.5,9670.0,113.0,288.5,10953.0,3185.0,"{""type"":""Point"",""coordinates"":[81.62103795226012,21.284352144927944]}",81.62103795226012,21.284352144927944
1084,48.52153436000003,-0.0129738837405223,0.0704175198077094,-0.0674715909090909,21824.0,0.0,8354.0,9029.0,10504.0,10442.0,12024.0,11716.0,11018.0,224.0,6009.0,50518.0,513.0,1566.0,9634.0,91.0,263.0,10797.0,3314.0,"{""type"":""Point"",""coordinates"":[81.61223463154523,21.326488138092603]}",81.61223463154523,21.326488138092603
1085,47.04665872999999,-0.0145449390416784,0.1816785826329607,-0.2071111710830367,21824.0,0.0,9222.5,9951.0,11752.0,12390.0,17891.5,17378.5,14004.0,224.0,5891.0,50086.5,5675.5,1598.5,9570.0,117.0,317.0,10690.5,3398.0,"{""type"":""Point"",""coordinates"":[81.60082476726129,21.170574329815288]}",81.60082476726129,21.170574329815288
1086,42.76900669999998,0.0052989641379781,0.1298101192094125,-0.1358525921299188,21824.0,0.0,8999.0,9555.0,11068.0,11205.0,14548.0,14703.0,13271.0,224.0,5991.0,48835.0,463.0,1571.0,9688.0,83.0,281.0,10254.0,3326.0,"{""type"":""Point"",""coordinates"":[81.5760048401544,21.244303066557244]}",81.5760048401544,21.244303066557244
1087,51.19784402000005,-0.001021972406745,0.0923538021886108,-0.128253122637774,21824.0,0.0,9300.0,10310.0,12109.0,13022.0,15672.0,15640.0,14425.0,224.0,6369.0,51301.0,10360.0,1466.0,9663.0,104.0,232.0,11367.0,3062.0,"{""type"":""Point"",""coordinates"":[81.674982853594,21.2460766571945]}",81.674982853594,21.2460766571945
1088,50.72273924000001,0.0964644881912196,0.1248647785915692,-0.1578832076814954,21824.0,0.0,9519.5,10111.5,11533.0,12337.0,15857.5,19243.5,16593.0,224.0,6195.5,51162.0,5449.5,1510.0,9602.0,103.0,295.5,11192.0,3176.0,"{""type"":""Point"",""coordinates"":[81.75274754857153,21.206629997802217]}",81.75274754857153,21.206629997802217
1089,44.768548399999986,0.0286154438667436,0.0840711768245508,-0.0954180238870792,21824.0,0.0,8784.0,9290.0,10414.0,10655.0,12611.0,13354.0,12233.0,224.0,6037.0,49420.0,201.0,1556.0,9681.0,94.0,317.0,10549.0,3292.0,"{""type"":""Point"",""coordinates"":[81.69102495954976,21.367146676792565]}",81.69102495954976,21.367146676792565
1090,48.40019465,0.058217383710776,0.1490162653597556,-0.1758036087438446,21824.0,0.0,9379.0,9922.0,11339.5,11981.0,16177.0,18177.0,15210.5,224.0,5981.0,50482.5,367.0,1574.0,9722.0,61.0,278.0,10579.5,3334.0,"{""type"":""Point"",""coordinates"":[81.55447111114519,21.204299630748874]}",81.55447111114519,21.204299630748874
1091,47.48587429999998,0.0136344065445151,0.1655392036782302,-0.1785979687887045,21824.0,0.0,8685.5,9305.0,10777.0,11071.0,15463.5,15891.0,13175.5,209.0,6185.0,50215.0,5272.5,1516.5,9669.0,112.0,431.5,10920.0,3189.5,"{""type"":""Point"",""coordinates"":[81.70303838773141,21.228393474654073]}",81.70303838773141,21.228393474654073
1092,54.301406180000015,0.0468643338378891,0.1409589114099444,-0.1765740350620088,21824.0,0.0,8926.5,9644.5,11237.5,12089.5,16057.0,17636.0,14795.0,224.0,6361.5,52209.0,13916.5,1465.0,9724.5,71.0,228.0,11737.0,3060.5,"{""type"":""Point"",""coordinates"":[81.72895008734106,21.154540572843366]}",81.72895008734106,21.154540572843366
1093,46.55104583000002,-0.0140587158131017,0.2041947250280583,-0.2148252985404688,21824.0,0.0,8740.5,9440.5,11095.5,11345.0,17167.0,16691.0,13614.5,224.0,6190.0,49941.5,5260.5,1514.5,9570.0,205.0,340.0,10754.5,3185.0,"{""type"":""Point"",""coordinates"":[81.70923323224038,21.234716716369515]}",81.70923323224038,21.234716716369515
1094,52.77184223,0.0675491156768565,0.0830487918649127,-0.1189374662657105,21824.0,0.0,9439.0,10009.0,11426.5,12286.0,14511.5,16614.0,15190.5,192.0,6207.0,51761.5,4689.5,1510.5,9556.0,272.0,327.0,11370.5,3175.0,"{""type"":""Point"",""coordinates"":[81.70379600312984,21.35464135897157]}",81.70379600312984,21.35464135897157
1095,45.57520112000003,0.049862058951648,0.0811400247831474,-0.126497727585732,21824.0,0.0,9358.0,10293.5,12685.0,13903.5,16359.0,18076.0,15738.5,224.0,6198.0,49656.0,5406.0,1509.5,9700.0,79.0,290.0,10737.5,3174.5,"{""type"":""Point"",""coordinates"":[81.75567944784656,21.21462812605226]}",81.75567944784656,21.21462812605226
1096,48.49760822000002,0.0881623920473817,0.1142000892686348,-0.1611016977308216,21824.0,0.0,10046.0,10696.0,12625.0,13892.0,17474.0,20853.0,18514.0,194.0,6029.0,50511.0,81.0,1559.0,9683.0,74.0,375.0,10572.0,3298.0,"{""type"":""Point"",""coordinates"":[81.7583823695431,21.288336177059385]}",81.7583823695431,21.288336177059385
1097,46.306657400000006,-0.0148036253776435,0.1781417698432184,-0.1929114283684921,21824.0,0.0,8761.0,9688.0,11363.0,11716.0,16795.0,16305.0,14139.0,224.0,6024.0,49870.0,188.0,1560.0,9695.0,58.0,320.0,10388.0,3300.0,"{""type"":""Point"",""coordinates"":[81.72614165957415,21.280320864140265]}",81.72614165957415,21.280320864140265
1098,50.63899775000005,0.0518741686831941,0.1114993706438219,-0.134496644295302,21824.0,0.0,9082.5,9677.5,11284.0,11823.5,14791.0,16409.5,14183.5,224.0,6192.5,51137.5,5101.5,1514.0,9696.0,97.0,392.5,11254.5,3184.5,"{""type"":""Point"",""coordinates"":[81.7168716388479,21.260051258009394]}",81.7168716388479,21.260051258009394
1099,56.41886957000003,0.0251645962260708,0.1526374456150444,-0.1808520435415246,21824.0,0.0,9144.5,9815.0,11118.5,11783.0,16028.0,16855.5,14349.5,224.0,6360.5,52828.5,14080.5,1468.0,9552.5,411.0,384.0,11831.5,3067.0,"{""type"":""Point"",""coordinates"":[81.63176440119494,21.17127259228712]}",81.63176440119494,21.17127259228712
1100,53.84168249000004,0.0217279777891782,0.145598473336396,-0.1765538517375918,21824.0,0.0,9089.5,9805.5,11344.0,12088.5,16208.5,16928.5,14397.5,209.0,6354.5,52074.5,14094.0,1471.0,9636.5,230.0,280.0,11621.0,3073.5,"{""type"":""Point"",""coordinates"":[81.62651163425058,21.15875027179624]}",81.62651163425058,21.15875027179624
1101,59.67111560000001,0.0818294633912952,0.0977244695493627,-0.1404535071591732,21824.0,0.0,9465.5,10139.5,11571.0,12619.0,15352.5,18089.0,16119.5,192.0,6357.5,53780.0,14045.5,1469.0,9494.5,578.0,505.5,12135.0,3069.5,"{""type"":""Point"",""coordinates"":[81.65043608470879,21.15650835315668]}",81.65043608470879,21.15650835315668
1102,46.13233838000002,0.0495207667731629,0.1595397818835963,-0.1705951345011539,21824.0,0.0,8945.0,9423.0,10961.0,11213.0,15470.0,17082.0,13814.0,224.0,5981.0,49819.0,117.0,1575.0,9641.0,115.0,376.0,10343.0,3335.0,"{""type"":""Point"",""coordinates"":[81.58887304965182,21.19574771607208]}",81.58887304965182,21.19574771607208
1103,49.875070280000045,0.0683345998713976,0.126599278999081,-0.1710506980161646,21824.0,0.0,9324.0,9831.0,11282.0,12356.0,15938.0,18276.0,15044.0,224.0,6011.0,50914.0,357.0,1564.0,9512.0,445.0,426.0,10599.0,3310.0,"{""type"":""Point"",""coordinates"":[81.5388884195976,21.352593711239265]}",81.5388884195976,21.352593711239265
1104,50.54158418000003,0.0523791728948679,0.1310795993086401,-0.1555184263988304,21824.0,0.0,9098.0,9590.0,11119.5,11688.5,15215.0,16897.0,14351.0,224.0,6191.0,51109.0,684.0,1515.0,9663.5,82.0,274.5,10797.5,3186.0,"{""type"":""Point"",""coordinates"":[81.5142153167808,21.31081305986236]}",81.5142153167808,21.31081305986236
1105,50.66292389,0.0313164824374786,0.1422757096242237,-0.1660876105877717,21824.0,0.0,9429.5,10130.5,11641.0,12223.0,16278.0,17330.5,15089.0,209.0,5895.0,51144.5,5438.5,1597.0,9646.0,89.0,303.5,11064.0,3394.5,"{""type"":""Point"",""coordinates"":[81.61001415212303,21.215028714336036]}",81.61001415212303,21.215028714336036
1106,47.61234104000005,-0.0024004019277646,0.0888987710219922,-0.1085274508189974,21824.0,0.0,8927.5,9441.5,10830.5,11268.5,13467.5,13403.0,12199.0,224.0,5718.5,50252.0,439.5,1646.0,9661.0,127.0,284.5,10566.5,3518.0,"{""type"":""Point"",""coordinates"":[81.61348858845803,21.33601494788131]}",81.61348858845803,21.33601494788131
1107,43.763650520000056,0.0193374306700644,0.1939699226164403,-0.1919250810771417,21824.0,0.0,9154.0,9827.0,11088.0,11041.0,16355.0,17000.0,14215.0,224.0,5435.0,49126.0,342.0,1722.0,9568.0,123.0,284.0,10135.0,3715.0,"{""type"":""Point"",""coordinates"":[81.587871029943,21.25401418220404]}",81.587871029943,21.25401418220404
1108,57.18450604999998,0.0855579998810868,0.1240225096835489,-0.1641593339010313,21824.0,0.0,9058.0,9738.0,11042.5,11986.0,15380.0,18258.0,15337.5,209.0,6375.0,53052.5,13890.0,1458.5,9672.0,84.0,232.0,12014.5,3047.0,"{""type"":""Point"",""coordinates"":[81.7460719656135,21.181770151574366]}",81.7460719656135,21.181770151574366
1109,44.00462092999999,-0.0086606866687287,0.1784380646456534,-0.1825691030703521,21824.0,0.0,8704.5,9087.0,10143.5,10230.5,14674.5,14422.5,11959.5,224.0,5708.0,49196.5,304.5,1648.5,9602.0,112.0,286.5,10096.5,3525.0,"{""type"":""Point"",""coordinates"":[81.58636941768819,21.223619185057668]}",81.58636941768819,21.223619185057668
1110,45.35644783999999,0.0291153084449173,0.1738889583817301,-0.1976226937942098,21824.0,0.0,9050.0,9652.5,11003.0,11557.5,16423.0,17408.0,14842.5,224.0,5984.0,49592.0,281.0,1573.0,9682.0,63.0,261.5,10383.5,3331.0,"{""type"":""Point"",""coordinates"":[81.54080102719746,21.21523590578813]}",81.54080102719746,21.21523590578813
1111,48.13188008000003,0.0209047031775757,0.1616597720252181,-0.1785858289652138,21824.0,0.0,8919.5,9576.0,11204.5,11602.0,16076.5,16763.0,14246.0,224.0,6192.0,50404.0,5298.0,1513.0,9646.0,179.0,383.5,10961.0,3182.0,"{""type"":""Point"",""coordinates"":[81.7316619945919,21.22522069048873]}",81.7316619945919,21.22522069048873
1112,48.50786228000004,0.0278592818899543,0.1570003960110883,-0.1700586157934976,21824.0,0.0,8968.0,9578.0,11398.0,11708.0,16069.0,16990.0,14301.0,224.0,6033.0,50514.0,189.0,1557.0,9620.0,123.0,340.0,10536.0,3293.0,"{""type"":""Point"",""coordinates"":[81.74311867289337,21.2969186373279]}",81.74311867289337,21.2969186373279
1113,53.42297503999998,0.0465914052267198,0.136632338178979,-0.1674494978424409,21824.0,0.0,8939.0,9554.0,10901.0,11611.0,15286.0,16780.0,14033.0,224.0,6367.0,51952.0,10756.0,1465.0,9644.0,104.0,234.0,11585.0,3061.0,"{""type"":""Point"",""coordinates"":[81.68369685714367,21.209718764772155]}",81.68369685714367,21.209718764772155
1114,45.978527480000025,-0.0107796440210579,0.1797752808988764,-0.1783271962125197,21824.0,0.0,8647.5,9051.0,10543.5,10512.0,15120.0,14797.5,12332.0,224.0,6185.5,49774.0,591.0,1517.5,9710.0,66.0,274.0,10535.0,3192.0,"{""type"":""Point"",""coordinates"":[81.55815118940806,21.2948213244216]}",81.55815118940806,21.2948213244216
1115,44.64208166000003,-0.00720871751886,0.1562518042377937,-0.1655156359121595,21824.0,0.0,9039.0,9519.5,10754.0,10960.5,15020.0,14805.0,12581.0,224.0,6190.5,49383.0,198.5,1517.5,9659.0,112.0,476.5,10384.5,3191.0,"{""type"":""Point"",""coordinates"":[81.59643317354475,21.35688863288628]}",81.59643317354475,21.35688863288628
1116,45.79737241999999,0.0292948927459446,0.1356638290164825,-0.144253386324925,21824.0,0.0,8971.0,9374.5,10550.5,10737.0,14107.5,14959.0,12961.0,224.0,5716.5,49721.0,427.0,1646.5,9637.0,154.0,293.5,10494.0,3519.5,"{""type"":""Point"",""coordinates"":[81.59705311905621,21.302679401216153]}",81.59705311905621,21.302679401216153
1117,46.44508721,-0.0249261407156144,0.103404405701496,-0.096583858203189,21824.0,0.0,8126.0,8585.0,9646.0,9514.0,11708.5,11139.0,10070.5,224.0,6204.5,49910.5,4870.0,1511.0,9644.0,125.0,251.5,10788.5,3176.5,"{""type"":""Point"",""coordinates"":[81.67086105626802,21.34766579995411]}",81.67086105626802,21.34766579995411
1118,47.64993926,-0.0207834903894666,0.1575586438550837,-0.1706952869808679,21824.0,0.0,8995.5,9640.5,11107.5,11411.5,15680.0,15041.5,12998.5,224.0,5713.0,50263.0,228.0,1649.5,9684.0,61.0,485.0,10607.0,3525.5,"{""type"":""Point"",""coordinates"":[81.61110241959088,21.360683447394536]}",81.61110241959088,21.360683447394536
1119,49.909250480000026,-0.010538431104557,0.1322640444910131,-0.1433222104663465,21824.0,0.0,8729.0,9304.0,10526.0,10766.0,14048.0,13755.0,12021.0,224.0,6371.0,50924.0,10008.0,1466.0,9601.0,183.0,255.0,11188.0,3061.0,"{""type"":""Point"",""coordinates"":[81.65016566106718,21.27964967481706]}",81.65016566106718,21.27964967481706
1120,46.03663382000002,0.0081551286698079,0.1848885040051959,-0.1887919487383701,21824.0,0.0,9278.0,9752.0,11204.0,11295.0,16419.0,16689.0,14136.0,224.0,5993.0,49791.0,368.0,1570.0,9742.0,96.0,281.0,10466.0,3324.0,"{""type"":""Point"",""coordinates"":[81.58932968057465,21.233203223084764]}",81.58932968057465,21.233203223084764
1121,44.07127232000005,0.0265930599369085,0.0870691021824523,-0.1145746794292938,21824.0,0.0,9557.0,10412.0,12256.5,12957.0,15428.5,16271.5,15004.0,224.0,5899.5,49216.0,5346.5,1595.0,9769.5,87.0,309.5,10507.5,3389.5,"{""type"":""Point"",""coordinates"":[81.62283709155533,21.22778594521203]}",81.62283709155533,21.22778594521203
1122,50.39460932000003,0.022800923679972,0.0615540284160377,-0.0776144315336714,21824.0,0.0,8855.5,9473.0,10776.0,11129.5,12589.5,13177.0,12628.5,224.0,6199.0,51066.0,4966.5,1512.0,9596.0,35.0,243.5,11150.0,3179.0,"{""type"":""Point"",""coordinates"":[81.63476372332492,21.316348086612003]}",81.63476372332492,21.316348086612003
1123,58.21162106000003,0.0411857458215074,0.0998209408743149,-0.1333569418299069,21824.0,0.0,9130.0,9885.0,11624.5,12442.5,15202.0,16508.0,14211.0,209.0,6358.0,53353.0,14032.0,1469.0,9700.5,49.0,228.0,12149.5,3069.5,"{""type"":""Point"",""coordinates"":[81.65539844870526,21.172087430511276]}",81.65539844870526,21.172087430511276
1124,47.24319488000003,0.0609916890120146,0.1279696759382841,-0.1599019141382718,21793.0,0.0,9243.0,9746.0,11477.0,12250.5,15846.0,17904.5,14921.0,224.0,6194.5,50144.0,5068.5,1513.0,9585.0,452.0,564.0,10845.0,3182.5,"{""type"":""Point"",""coordinates"":[81.7130608042894,21.264214362817818]}",81.7130608042894,21.264214362817818
1125,49.65631700000006,0.076517305043519,0.1116128121913362,-0.1527655838454785,21824.0,0.0,9534.0,10084.0,11580.0,12592.0,15756.0,18367.0,16002.0,224.0,5978.0,50850.0,347.0,1575.0,9632.0,87.0,269.0,10602.0,3337.0,"{""type"":""Point"",""coordinates"":[81.53512072786532,21.204933129931387]}",81.53512072786532,21.204933129931387
1126,41.403507709999985,-0.070391560572479,0.2282880858027247,-0.2050756315524778,21824.0,0.0,8290.5,8772.0,10274.0,9785.5,15575.0,13526.5,11133.5,224.0,6177.0,48435.5,590.0,1522.0,9565.5,218.0,294.5,10023.0,3201.5,"{""type"":""Point"",""coordinates"":[81.53757614618593,21.301986094100783]}",81.53757614618593,21.301986094100783
1127,45.53076686000003,-0.0563698188427038,0.2247485046220772,-0.2243324047020452,21824.0,0.0,8896.0,9643.5,11415.5,11405.5,18018.5,16095.5,13360.5,209.0,5901.0,49643.0,5220.0,1593.5,9786.5,152.0,330.0,10650.5,3388.0,"{""type"":""Point"",""coordinates"":[81.66286438259152,21.24403452236391]}",81.66286438259152,21.24403452236391
1128,46.614279200000055,0.0253527028914652,0.0675897945912863,-0.0905751797436699,21824.0,0.0,9079.0,9602.0,11637.0,12188.0,13955.0,14681.0,12838.0,224.0,5983.0,49960.0,261.0,1571.0,9678.0,69.0,296.0,10520.0,3328.0,"{""type"":""Point"",""coordinates"":[81.54059444483966,21.15732752427947]}",81.54059444483966,21.15732752427947
1129,55.67374121,0.040099481101661,0.1360720969529589,-0.1700005613667408,21824.0,0.0,8992.5,9620.0,11089.0,11887.0,15631.5,16937.5,14349.0,209.0,6356.5,52610.5,14023.0,1469.0,9704.5,53.0,226.5,11871.5,3069.5,"{""type"":""Point"",""coordinates"":[81.66285780756604,21.14984074746079]}",81.66285780756604,21.14984074746079
1130,46.88601179,0.0252342947974964,0.0764111096889799,-0.1039849976558837,21824.0,0.0,9613.0,10382.5,11945.0,12628.0,14717.5,15479.5,14527.0,224.0,6188.0,50039.5,5242.5,1516.0,9671.0,86.0,264.0,10848.0,3187.5,"{""type"":""Point"",""coordinates"":[81.6172461416436,21.26116983222739]}",81.6172461416436,21.26116983222739
1131,46.12892036000005,0.0210590015128593,0.1674665319525132,-0.1841305859532262,21824.0,0.0,9020.0,9690.0,11146.0,11536.0,16177.0,16873.0,13963.0,224.0,6025.0,49818.0,415.0,1560.0,9695.0,66.0,262.0,10491.0,3301.0,"{""type"":""Point"",""coordinates"":[81.71528766663155,21.307414516187908]}",81.71528766663155,21.307414516187908
1132,47.26199399000001,-0.01006237006237,0.165933918252155,-0.1695714973519499,21824.0,0.0,8878.5,9415.0,10780.0,10861.0,15182.5,14880.0,12499.5,224.0,6186.5,50149.5,564.5,1517.0,9706.0,57.0,263.0,10679.0,3190.5,"{""type"":""Point"",""coordinates"":[81.56974260228631,21.29552155126794]}",81.56974260228631,21.29552155126794
1133,44.833490780000034,-0.0146108518980964,0.0781406391843765,-0.063730105872356,21824.0,0.0,8613.5,9021.0,10192.0,9901.0,11579.5,11246.0,10115.5,224.0,6188.0,49439.0,616.0,1516.0,9773.0,67.0,269.0,10510.0,3188.5,"{""type"":""Point"",""coordinates"":[81.56394116919826,21.29138720147767]}",81.56394116919826,21.29138720147767
1134,48.241256720000024,-0.0032744166909533,0.1392030523057756,-0.1549406958615381,21824.0,0.0,8925.0,9416.0,10705.0,11055.0,14630.5,14535.0,12753.5,224.0,6176.0,50436.0,555.5,1522.0,9596.0,130.0,274.5,10696.0,3201.0,"{""type"":""Point"",""coordinates"":[81.5493874560172,21.26863667054864]}",81.5493874560172,21.26863667054864
1135,47.69095550000003,0.0091241834643876,0.1237115449544199,-0.1408868187042526,21824.0,0.0,8777.5,9361.0,10651.5,11030.5,14145.0,14405.5,12572.0,224.0,6190.5,50275.0,4941.5,1517.5,9696.0,71.0,245.5,10949.0,3190.5,"{""type"":""Point"",""coordinates"":[81.65353670198171,21.323019072827453]}",81.65353670198171,21.323019072827453
1136,47.90970878000002,0.0614813039309683,0.12204033384676,-0.1565072918589625,21824.0,0.0,9250.0,9862.0,11423.0,12255.0,15662.0,17714.0,15165.0,224.0,5973.0,50339.0,389.0,1576.0,9635.0,91.0,268.0,10559.0,3339.0,"{""type"":""Point"",""coordinates"":[81.52779557451787,21.175599805174116]}",81.52779557451787,21.175599805174116
1137,45.98536352000002,0.0438444989849407,0.1615776783906649,-0.1816735007208522,21824.0,0.0,9032.5,9593.0,10926.5,11388.5,15778.0,17225.0,14409.0,224.0,5982.0,49776.0,338.0,1574.0,9741.0,83.0,279.0,10391.0,3334.0,"{""type"":""Point"",""coordinates"":[81.56493987311758,21.205074561129912]}",81.56493987311758,21.205074561129912
1138,39.60050216000002,-0.0233035227746257,0.1912384790477256,-0.1882234711728142,21824.0,0.0,8909.0,9465.0,10905.0,10837.0,15962.0,15235.0,12711.0,224.0,6002.0,47908.0,410.0,1567.0,9674.0,173.0,282.0,9982.0,3317.0,"{""type"":""Point"",""coordinates"":[81.59797166485839,21.26367041773064]}",81.59797166485839,21.26367041773064
1139,48.50957129000005,0.0432151842298016,0.1473525424376086,-0.1649024853631111,21824.0,0.0,8906.5,9435.0,10769.0,11163.5,15022.0,16379.0,13901.0,224.0,6193.0,50514.5,214.5,1516.0,9632.0,127.0,332.5,10717.0,3187.5,"{""type"":""Point"",""coordinates"":[81.575071864017,21.357652546114263]}",81.575071864017,21.357652546114263
1140,45.831552620000025,-0.02521875,0.154952385981588,-0.1671973672507337,21824.0,0.0,9210.5,10050.0,11704.0,12002.0,16403.5,15596.5,13570.0,224.0,5916.5,49731.0,5290.5,1586.0,9666.0,82.0,319.0,10610.0,3371.0,"{""type"":""Point"",""coordinates"":[81.64553802053851,21.232549039236446]}",81.64553802053851,21.232549039236446
1141,48.97784003000004,0.0361923505491802,0.1708389002179874,-0.1923875680320824,21824.0,0.0,9191.5,9770.0,11277.5,11791.5,16650.5,17901.0,14830.0,224.0,5897.5,50651.5,5500.5,1594.5,9683.5,66.0,351.5,10937.5,3389.5,"{""type"":""Point"",""coordinates"":[81.66264460193136,21.192151661929774]}",81.66264460193136,21.192151661929774
1142,50.599690520000024,0.0011339037212658,0.0827622169249106,-0.1082307193778353,21824.0,0.0,9297.0,10162.0,11696.0,12313.0,14535.0,14568.0,13407.0,224.0,6372.0,51126.0,10091.0,1465.0,9634.0,110.0,233.0,11284.0,3060.0,"{""type"":""Point"",""coordinates"":[81.6700492212832,21.270484596446565]}",81.6700492212832,21.270484596446565
1143,49.78961978000001,-0.0063135555752055,0.1331448144017843,-0.1425645556403357,21824.0,0.0,8642.5,9312.5,10675.5,10882.5,14225.5,14047.0,12319.5,224.0,6185.0,50889.0,5225.5,1517.5,9629.0,113.0,254.5,11109.5,3192.0,"{""type"":""Point"",""coordinates"":[81.60104751414634,21.277807895531964]}",81.60104751414634,21.277807895531964
1144,55.955727860000025,0.0862954327645148,0.1129346992821799,-0.1596260324952346,21824.0,0.0,9499.0,10087.0,11573.0,12728.5,15969.5,18986.0,16446.5,177.0,6361.5,52693.0,14006.0,1467.0,9709.5,67.0,229.0,11908.0,3064.5,"{""type"":""Point"",""coordinates"":[81.67067311103828,21.16347550314653]}",81.67067311103828,21.16347550314653
1145,49.44439976000001,0.0543636801336788,0.1421290278442909,-0.1741393255266026,21793.0,0.0,9114.0,9865.0,11742.5,12539.5,16694.5,18614.0,15894.5,224.0,6188.5,50788.0,5442.0,1513.5,9702.0,63.0,442.5,11146.5,3183.5,"{""type"":""Point"",""coordinates"":[81.68519125441672,21.197677721961266]}",81.68519125441672,21.197677721961266
1146,54.34754945000003,0.0374538689114588,0.109571943394568,-0.1488532945030942,21824.0,0.0,9324.5,10132.0,11690.5,12663.0,15779.5,17007.5,15365.0,224.0,6357.5,52222.5,14061.5,1469.0,9664.5,234.0,282.0,11697.0,3069.5,"{""type"":""Point"",""coordinates"":[81.64208035915537,21.158463897795468]}",81.64208035915537,21.158463897795468
1147,49.239318560000015,0.0638842897753897,0.0932506384531193,-0.1358932565103673,21824.0,0.0,9427.0,9944.0,11398.0,12427.0,14983.0,17028.0,14800.0,224.0,5976.0,50728.0,343.0,1576.0,9632.0,87.0,269.0,10555.0,3339.0,"{""type"":""Point"",""coordinates"":[81.53579968673145,21.203949670338705]}",81.53579968673145,21.203949670338705
1148,50.83382489000002,0.06896268738374,0.1533964789806327,-0.1894527154539735,21824.0,0.0,9484.0,10122.0,11596.5,12491.0,17017.5,19538.5,16652.0,224.0,6198.0,51194.5,5190.0,1510.5,9659.0,67.0,361.0,11245.5,3176.5,"{""type"":""Point"",""coordinates"":[81.74042189954837,21.244581322930536]}",81.74042189954837,21.244581322930536
1149,48.16606028000001,-0.0476562952662379,0.2390741978037039,-0.2423732307269479,21824.0,0.0,8977.0,9565.0,11026.5,11104.0,18081.5,16436.5,13019.5,224.0,6189.0,50414.0,5320.5,1514.0,9628.0,155.0,393.5,10948.0,3184.5,"{""type"":""Point"",""coordinates"":[81.72110717136597,21.22055918193089]}",81.72110717136597,21.22055918193089
1150,39.641518399999995,-0.044817833971053,0.1559727590649733,-0.1803044540499906,21824.0,0.0,9173.0,9745.0,10904.0,11464.0,15701.0,14354.0,12098.0,224.0,5422.0,47920.0,381.0,1729.0,9646.0,156.0,413.0,9916.0,3728.0,"{""type"":""Point"",""coordinates"":[81.62095521019253,21.377803963048756]}",81.62095521019253,21.377803963048756
1151,48.96587696000006,0.0573905805646112,0.1513487867696895,-0.1823623581819447,21824.0,0.0,9516.0,10165.0,11747.0,12521.0,16987.0,19055.5,16169.0,209.0,6186.5,50648.0,5385.5,1515.0,9660.0,84.0,374.5,11054.5,3187.0,"{""type"":""Point"",""coordinates"":[81.70413862604268,21.209743904328747]}",81.70413862604268,21.209743904328747
1152,48.193404439999995,0.052953620829943,0.1268685616915808,-0.1441041166987771,21824.0,0.0,9027.0,9594.0,10884.0,11273.0,14549.0,16176.0,14330.0,224.0,6003.0,50422.0,369.0,1568.0,9615.0,243.0,301.0,10512.0,3318.0,"{""type"":""Point"",""coordinates"":[81.53570848129458,21.33933965193623]}",81.53570848129458,21.33933965193623
1153,50.34846605000001,0.1043666100910353,0.0755632967684553,-0.1177524022260307,21824.0,0.0,9585.5,10091.0,11454.0,12472.5,14511.5,17893.5,16074.0,192.0,6205.5,51052.5,4794.5,1510.5,9655.0,102.0,252.5,11190.0,3176.0,"{""type"":""Point"",""coordinates"":[81.69818226490484,21.3430957911239]}",81.69818226490484,21.3430957911239
1154,42.99117799999999,0.0280998231479662,0.0921536876196084,-0.1219659735349716,21824.0,0.0,9322.0,10057.0,11612.0,12334.0,14838.0,15696.0,13954.0,224.0,5437.0,48900.0,425.0,1721.0,9582.0,121.0,354.0,10169.0,3713.0,"{""type"":""Point"",""coordinates"":[81.59598736500679,21.267417087223446]}",81.59598736500679,21.267417087223446
1155,55.45669694000003,0.0373730324881755,0.1258898746995964,-0.186713398120121,21824.0,0.0,9840.0,10876.0,12762.5,14458.0,18622.5,20068.5,16481.0,160.0,6355.5,52547.0,14060.5,1470.0,9665.0,101.0,235.0,11816.5,3071.5,"{""type"":""Point"",""coordinates"":[81.64335320198066,21.153335544822166]}",81.64335320198066,21.153335544822166
1156,43.097136620000015,0.0254706533776301,0.1066229708101516,-0.1231435643564356,21824.0,0.0,9047.0,9761.0,11336.0,11722.0,14520.0,15279.0,13902.0,224.0,6002.0,48931.0,426.0,1566.0,9669.0,124.0,271.0,10320.0,3315.0,"{""type"":""Point"",""coordinates"":[81.57608059803893,21.259436580222182]}",81.57608059803893,21.259436580222182
1157,46.64675039000002,-0.0613110421340545,0.2290335783048917,-0.2291866880227798,21824.0,0.0,8764.5,9380.5,10828.0,10831.5,17267.0,15272.0,12509.5,209.0,6195.5,49969.5,5236.0,1511.5,9658.0,128.0,282.5,10813.5,3179.0,"{""type"":""Point"",""coordinates"":[81.62547588787508,21.25700290027662]}",81.62547588787508,21.25700290027662
1158,47.76102491000006,0.0620212662809863,0.111187686652883,-0.1467067051246592,21824.0,0.0,9035.5,9488.0,10798.0,11607.0,14511.0,16430.0,13674.0,224.0,6177.5,50295.5,608.0,1520.5,9710.0,86.0,283.5,10649.5,3198.0,"{""type"":""Point"",""coordinates"":[81.53589958992136,21.261432230671844]}",81.53589958992136,21.261432230671844
1159,57.5690333,0.0581645320495352,0.1092251185679135,-0.1486918148414852,21824.0,0.0,9082.5,9871.5,11526.5,12490.0,15553.0,17474.0,15065.0,224.0,6363.0,53165.0,13938.0,1465.0,9579.0,198.0,271.0,11975.5,3061.0,"{""type"":""Point"",""coordinates"":[81.7122959577511,21.163651243837858]}",81.7122959577511,21.163651243837858
1160,50.75691944000005,-0.0333533335686302,0.1066676746295736,-0.1269871819546557,21824.0,0.0,9102.0,9916.0,11340.0,11817.0,14639.0,13694.0,12496.0,224.0,6379.0,51172.0,9977.0,1462.0,9705.0,118.0,234.0,11356.0,3053.0,"{""type"":""Point"",""coordinates"":[81.63629609352121,21.28374193372923]}",81.63629609352121,21.28374193372923
1161,46.50661157000002,0.1290653818052566,0.0696788901823826,-0.1072199628458101,21824.0,0.0,12006.5,14192.0,17781.5,19179.5,22052.5,28588.5,25476.5,224.0,6200.0,49928.5,5535.5,1507.0,9669.0,60.0,301.5,10805.0,3169.5,"{""type"":""Point"",""coordinates"":[81.7398926299459,21.18578674069398]}",81.7398926299459,21.18578674069398
1162,44.50194284000003,0.0314007641038511,0.168733280616451,-0.1877981635689003,21793.0,0.0,7897.0,9101.0,11875.0,12352.0,17366.5,18492.5,15628.0,209.0,6191.0,49342.0,5460.0,1511.5,9680.0,59.0,448.0,10648.0,3180.0,"{""type"":""Point"",""coordinates"":[81.7253715194732,21.19356911685988]}",81.7253715194732,21.19356911685988
1163,48.99663914000001,0.0693265983711229,0.1292610701742304,-0.1673251468232781,21824.0,0.0,9480.0,10117.0,11697.0,12644.0,16398.0,18841.0,16039.0,224.0,5980.0,50657.0,314.0,1574.0,9697.0,89.0,281.0,10647.0,3334.0,"{""type"":""Point"",""coordinates"":[81.55657394111587,21.180722184158547]}",81.55657394111587,21.180722184158547
1164,49.53497729000003,0.0439468577399611,0.1509128809660724,-0.1788764541304668,21824.0,0.0,9228.0,9850.0,11152.5,11812.5,16011.5,17483.5,14685.5,224.0,6186.5,50814.5,5350.0,1515.5,9700.0,57.0,299.5,11141.0,3187.5,"{""type"":""Point"",""coordinates"":[81.70969180391202,21.220942695880677]}",81.70969180391202,21.220942695880677
1165,42.310992020000015,-0.024581988853036,0.1771366945268266,-0.1963692413084432,21824.0,0.0,8851.0,9655.0,11731.0,12208.0,17464.0,16626.0,14482.0,224.0,6025.0,48701.0,175.0,1559.0,9731.0,61.0,327.0,10339.0,3299.0,"{""type"":""Point"",""coordinates"":[81.72854035927145,21.276660113092642]}",81.72854035927145,21.276660113092642
1166,46.05030590000001,-0.0073891625615763,0.1811277589213719,-0.191066903672327,21824.0,0.0,8636.5,9210.5,10694.5,10917.0,15746.5,15515.5,12847.0,209.0,6196.0,49795.0,5161.0,1512.5,9666.0,90.0,289.0,10767.0,3180.5,"{""type"":""Point"",""coordinates"":[81.7318943592547,21.26000907676467]}",81.7318943592547,21.26000907676467
1167,49.386293420000015,0.0404622318614659,0.1094349972572682,-0.1249726851943821,21824.0,0.0,9227.5,9758.5,11012.0,11364.5,14157.5,15351.5,13720.5,224.0,5716.0,50771.0,399.0,1647.5,9715.0,96.0,297.5,10804.0,3521.5,"{""type"":""Point"",""coordinates"":[81.61519542694046,21.34286596144946]}",81.61519542694046,21.34286596144946
1168,44.38231214000001,0.0326150462246967,0.1412122440705453,-0.1454848817808163,21824.0,0.0,8634.0,9190.0,10499.0,10591.0,14074.0,15023.0,12917.0,224.0,6000.0,49307.0,370.0,1569.0,9662.0,384.0,363.0,10341.0,3321.0,"{""type"":""Point"",""coordinates"":[81.54263543854694,21.33348884913735]}",81.54263543854694,21.33348884913735
1169,49.83063602000004,0.0164903119417342,0.1511057498994772,-0.1633615084525357,21824.0,0.0,8719.0,9185.0,10294.0,10556.0,14314.0,14794.0,12545.0,224.0,6372.0,50901.0,10052.0,1465.0,9672.0,105.0,231.0,11232.0,3060.0,"{""type"":""Point"",""coordinates"":[81.66201186933003,21.27461255128682]}",81.66201186933003,21.27461255128682
1170,49.731513440000015,0.0473174481168332,0.1367463360052827,-0.1581386656699682,21824.0,0.0,9273.0,9790.0,11262.0,11765.5,15493.0,17032.0,14551.0,224.0,5979.0,50872.0,421.5,1574.0,9708.0,99.0,259.5,10731.0,3333.0,"{""type"":""Point"",""coordinates"":[81.55652371327125,21.166418840478663]}",81.55652371327125,21.166418840478663
1171,47.02615061000006,0.0107625288282022,0.0849124779187409,-0.1034975600792208,21824.0,0.0,9003.5,9661.0,10977.0,11396.5,13511.5,13805.5,12798.5,209.0,6198.0,50080.5,4986.0,1512.5,9682.0,68.0,260.0,10869.0,3180.0,"{""type"":""Point"",""coordinates"":[81.6282207272008,21.3067035496534]}",81.6282207272008,21.3067035496534
1172,47.10647408,-0.009929598458963,0.0755366693530661,-0.0688282691000873,21824.0,0.0,8145.5,8565.5,9592.0,9463.5,11010.0,10793.5,10005.0,224.0,6199.5,50104.0,4759.0,1514.5,9687.0,81.0,242.0,10888.0,3183.5,"{""type"":""Point"",""coordinates"":[81.65323009996753,21.37349078209389]}",81.65323009996753,21.37349078209389
1173,47.82938531000002,0.0293664023430805,0.1353183425051933,-0.1654757005499644,21824.0,0.0,9221.0,9824.0,11153.0,11863.0,15576.0,16518.5,14357.5,224.0,6178.5,50315.5,570.5,1519.0,9667.5,84.0,245.5,10623.0,3195.0,"{""type"":""Point"",""coordinates"":[81.51552647703234,21.23940288657782]}",81.51552647703234,21.23940288657782
1174,47.65677530000005,0.0544853051745167,0.0982378512653314,-0.1315736852629474,21824.0,0.0,9157.5,9667.0,10857.5,11616.5,14147.5,15778.0,13521.5,224.0,6187.0,50265.0,524.5,1517.0,9694.5,72.0,270.0,10581.5,3190.0,"{""type"":""Point"",""coordinates"":[81.5744446778358,21.297858092505805]}",81.5744446778358,21.297858092505805
1175,50.211745250000035,0.0269821381741892,0.1649398220826792,-0.1896754426591613,21824.0,0.0,9290.0,9868.0,11372.5,11968.5,16696.5,17622.5,14613.5,224.0,5979.0,51012.5,296.5,1574.0,9695.0,77.0,258.5,10684.0,3335.0,"{""type"":""Point"",""coordinates"":[81.54931556634821,21.19216427382664]}",81.54931556634821,21.19216427382664
1176,47.36966161999999,0.0259148640902645,0.1428166920327045,-0.1578154695736364,21824.0,0.0,9311.0,9890.0,11743.0,12109.0,16144.0,17003.0,14720.0,224.0,6016.0,50181.0,87.0,1563.0,9663.0,79.0,378.0,10462.0,3308.0,"{""type"":""Point"",""coordinates"":[81.70379856983716,21.277394620483076]}",81.70379856983716,21.277394620483076
1177,48.198531470000034,0.0405485678865673,0.1619592755935066,-0.2036353032659409,21824.0,0.0,9740.0,10555.0,12289.5,13396.5,18574.5,20144.5,16504.5,192.0,5890.5,50423.5,5782.0,1598.0,9619.0,91.0,303.0,10819.0,3398.0,"{""type"":""Point"",""coordinates"":[81.60233348801134,21.15383971847825]}",81.60233348801134,21.15383971847825
1178,49.21881044000003,0.04980957807299,0.1471290999927594,-0.1700022154936858,21824.0,0.0,9192.0,9760.0,11239.0,11779.0,15843.0,17504.0,14941.0,224.0,6008.0,50722.0,239.0,1566.0,9652.0,131.0,273.0,10600.0,3314.0,"{""type"":""Point"",""coordinates"":[81.5529777515478,21.35111435654657]}",81.5529777515478,21.35111435654657
1179,50.54671121000001,0.0739609865683684,0.1084095514022231,-0.1384393962968725,21824.0,0.0,9164.5,9727.5,11074.5,11771.0,14633.5,16971.0,14925.5,224.0,6204.0,51110.5,5341.0,1507.0,9671.0,84.0,268.0,11231.5,3169.0,"{""type"":""Point"",""coordinates"":[81.76918373546783,21.235787287629428]}",81.76918373546783,21.235787287629428
1180,45.00097376000002,-0.012117132278694,0.0521343596920923,-0.0713935776956308,21824.0,0.0,8626.0,9040.0,10425.0,10836.0,12028.0,11740.0,11181.0,224.0,6034.0,49488.0,407.0,1557.0,9642.0,148.0,277.0,10533.0,3294.0,"{""type"":""Point"",""coordinates"":[81.67322255548645,21.358235501217692]}",81.67322255548645,21.358235501217692
1181,51.404634230000056,0.069094456185986,0.1354352567915923,-0.1659108157636562,21824.0,0.0,9191.0,9782.5,11265.0,11990.0,15746.5,18084.0,15237.0,224.0,6193.0,51361.5,5466.5,1511.0,9527.0,477.0,453.5,11205.0,3178.5,"{""type"":""Point"",""coordinates"":[81.75180066589684,21.204274651882344]}",81.75180066589684,21.204274651882344
1182,46.03663382000002,-0.0163704539218973,0.1656527515558352,-0.1792586304470854,21824.0,0.0,9114.0,9900.0,11602.0,11932.0,16670.0,16133.0,14193.0,224.0,6022.0,49791.0,212.0,1561.0,9631.0,74.0,310.0,10327.0,3303.0,"{""type"":""Point"",""coordinates"":[81.70958275636954,21.289516223872898]}",81.70958275636954,21.289516223872898
1183,48.40019465,0.0265903958062016,0.1161559835926129,-0.1428792629582317,21824.0,0.0,8874.0,9492.5,11071.0,11689.5,14762.0,15568.5,13696.5,224.0,6203.0,50482.5,5334.5,1508.0,9722.0,88.0,264.5,11043.5,3170.5,"{""type"":""Point"",""coordinates"":[81.77078175380176,21.237900061116918]}",81.77078175380176,21.237900061116918
1184,57.16741595000002,0.074401958937653,0.1305948356724421,-0.1711797598313319,21824.0,0.0,9208.0,9875.5,11302.0,12281.0,15970.5,18538.0,15860.0,224.0,6365.5,53047.5,13933.0,1464.5,9675.0,78.0,231.0,12013.5,3059.5,"{""type"":""Point"",""coordinates"":[81.7137743762916,21.176656401144225]}",81.7137743762916,21.176656401144225
1185,43.38083228000005,-0.0023583269750988,0.121884946820899,-0.1327676419290991,21824.0,0.0,9028.0,9585.5,11063.5,11311.0,14451.0,14383.0,13138.0,224.0,6188.5,49014.0,420.0,1515.0,9686.0,56.0,249.5,10344.0,3186.5,"{""type"":""Point"",""coordinates"":[81.57624009665264,21.26139960106224]}",81.57624009665264,21.26139960106224
1186,41.69574842000003,-0.1137885751805646,0.266368047779022,-0.2375880056907306,21824.0,0.0,8381.0,8915.0,10450.0,9827.0,16963.0,13497.0,10593.0,224.0,5999.0,48521.0,246.0,1568.0,9676.0,120.0,309.0,10231.0,3319.0,"{""type"":""Point"",""coordinates"":[81.60303515849165,21.241441283035446]}",81.60303515849165,21.241441283035446
1187,46.63307831000003,-0.0147797812592373,0.1088053615406354,-0.1195173650741888,21824.0,0.0,8868.5,9467.0,10800.0,11037.0,13732.0,13332.0,11925.5,224.0,6196.0,49965.5,4953.0,1514.0,9657.0,46.0,241.0,10814.0,3183.5,"{""type"":""Point"",""coordinates"":[81.64265163836467,21.32411185193955]}",81.64265163836467,21.32411185193955
1188,48.453173960000015,0.0021219669711227,0.169718817591925,-0.1755243995217911,21824.0,0.0,8968.0,9705.0,11379.0,11516.0,16224.0,16293.0,13749.0,224.0,6033.0,50498.0,214.0,1558.0,9715.0,58.0,307.0,10606.0,3295.0,"{""type"":""Point"",""coordinates"":[81.75263276339842,21.315289408328415]}",81.75263276339842,21.315289408328415
1189,35.82017203999999,-0.1103569974209311,0.1867111562454664,-0.1800346220427005,21824.0,0.0,8310.0,9367.0,11368.0,11212.0,16360.0,13108.0,10716.0,224.0,6031.0,46802.0,319.0,1559.0,9587.0,184.0,289.0,9663.0,3297.0,"{""type"":""Point"",""coordinates"":[81.73004013715843,21.322787199226955]}",81.73004013715843,21.322787199226955
1190,42.00507922999998,-0.0828203957621648,0.2605420858760789,-0.250527234382954,21824.0,0.0,8614.0,9012.5,10306.0,10087.5,17196.0,14565.5,11688.0,224.0,6173.5,48611.5,415.5,1522.5,9692.0,47.0,262.0,10283.5,3202.5,"{""type"":""Point"",""coordinates"":[81.5502045562753,21.24528106011635]}",81.5502045562753,21.24528106011635
1191,49.07183558000003,0.0401243563586903,0.1453301905019514,-0.163037080635668,21824.0,0.0,8798.0,9307.0,10665.0,11059.0,14820.0,16059.0,13896.0,224.0,6007.0,50679.0,282.0,1567.0,9680.0,117.0,304.0,10629.0,3315.0,"{""type"":""Point"",""coordinates"":[81.55187395556415,21.355413195396146]}",81.55187395556415,21.355413195396146
1192,57.53143508000005,0.0795653990806519,0.1158808430154012,-0.1622605667247111,21824.0,0.0,9678.0,10376.0,11907.0,13088.5,16519.5,19375.5,16820.0,224.0,6358.0,53154.0,13998.0,1468.0,9730.0,65.0,230.0,12096.5,3067.0,"{""type"":""Point"",""coordinates"":[81.67711582034953,21.148773090988133]}",81.67711582034953,21.148773090988133
1193,47.79691412,0.0469091012159519,0.1601973570713867,-0.1798182519911582,21824.0,0.0,9250.0,10004.0,11688.0,12170.0,16813.0,18468.0,15780.0,224.0,6032.0,50306.0,216.0,1556.0,9706.0,64.0,307.0,10526.0,3292.0,"{""type"":""Point"",""coordinates"":[81.7388090751919,21.286728394749893]}",81.7388090751919,21.286728394749893
1194,55.81046201000004,0.0742158589184085,0.1350302726888718,-0.1868732311417213,21824.0,0.0,9809.0,10610.5,12426.0,13822.0,18137.5,21045.5,18247.0,160.0,6356.5,52650.5,14015.5,1468.5,9670.0,90.0,233.0,11857.0,3068.5,"{""type"":""Point"",""coordinates"":[81.66849570836897,21.136005386818038]}",81.66849570836897,21.136005386818038
1195,44.71727810000005,-0.0160775540641312,0.1853707763510456,-0.2130622128841565,21824.0,0.0,8968.0,9600.0,11049.0,11705.0,17032.0,16493.0,14175.0,224.0,5974.0,49405.0,357.0,1576.0,9652.0,89.0,268.0,10467.0,3338.0,"{""type"":""Point"",""coordinates"":[81.5272397003493,21.172216842206005]}",81.5272397003493,21.172216842206005
1196,44.522450960000015,-0.0240018387181507,0.1472135368769542,-0.1537707404598509,21824.0,0.0,9065.5,9861.0,11437.0,11591.5,15593.5,14862.5,13154.5,224.0,5906.0,49348.0,5244.5,1591.0,9705.0,78.0,431.0,10518.5,3382.0,"{""type"":""Point"",""coordinates"":[81.65520737870526,21.236287767961066]}",81.65520737870526,21.236287767961066
1197,45.19750991000001,-0.0192418442359158,0.1391197349739706,-0.1646505506416087,21824.0,0.0,8903.5,9544.5,10790.0,11369.0,15043.5,14475.5,12572.5,224.0,5387.5,49545.5,497.0,1783.0,9685.0,110.0,354.5,10357.0,3878.5,"{""type"":""Point"",""coordinates"":[81.62463066401072,21.383516354547332]}",81.62463066401072,21.383516354547332
1198,46.74587297000005,-0.0092133238837703,0.1504800556150536,-0.165347137637028,21824.0,0.0,8690.0,9370.0,10964.0,11303.5,15308.0,15028.5,13489.5,224.0,5895.0,49998.5,5229.0,1596.0,9634.0,100.0,405.0,10675.5,3394.0,"{""type"":""Point"",""coordinates"":[81.69006168074044,21.23758171996322]}",81.69006168074044,21.23758171996322
1199,48.95562289999998,0.0059549566256619,0.1079417573836755,-0.1084763677305209,21824.0,0.0,8257.5,8672.5,9700.0,9710.5,12060.5,12205.0,10838.5,209.0,6208.0,50645.0,4826.0,1509.5,9650.0,85.0,248.0,11051.5,3173.0,"{""type"":""Point"",""coordinates"":[81.6943791836132,21.341463779566347]}",81.6943791836132,21.341463779566347
1200,48.54033347000001,0.0713536976067795,0.1124277098845126,-0.1453648232787661,21824.0,0.0,9246.0,10029.5,11733.5,12546.5,15725.0,18141.5,15469.5,209.0,6195.0,50523.5,5411.0,1510.5,9700.0,74.0,290.5,11036.0,3177.0,"{""type"":""Point"",""coordinates"":[81.7570081200789,21.21370345874943]}",81.7570081200789,21.21370345874943
1201,53.36145068000002,0.0206538266599087,0.112686701457621,-0.1457584404995738,21824.0,0.0,9318.0,10067.0,11525.0,12327.0,15458.0,16110.0,14116.0,224.0,6367.0,51934.0,10302.0,1467.0,9617.0,150.0,247.0,11560.0,3063.0,"{""type"":""Point"",""coordinates"":[81.68129662377903,21.25086141489451]}",81.68129662377903,21.25086141489451
1202,44.0507642,-0.0199408672798948,0.1625477420804313,-0.1738883847549909,21824.0,0.0,8652.0,9332.0,10924.5,11182.5,15523.5,14916.5,12688.0,224.0,6177.5,49210.0,533.5,1519.5,9714.5,55.0,243.0,10419.0,3196.5,"{""type"":""Point"",""coordinates"":[81.52761296605767,21.247845192423284]}",81.52761296605767,21.247845192423284
1203,48.565968620000035,0.0445051068920038,0.1254335260115607,-0.1544191217342968,21824.0,0.0,9232.0,10001.0,11409.0,12104.0,15576.0,17027.0,14864.0,224.0,6034.0,50531.0,273.0,1558.0,9665.0,182.0,303.0,10730.0,3296.0,"{""type"":""Point"",""coordinates"":[81.74428846757151,21.33193447735455]}",81.74428846757151,21.33193447735455
1204,47.31668231000003,0.0125066646355396,0.1105134223014064,-0.1368642581550333,21824.0,0.0,9590.5,10459.0,12304.0,12980.5,16206.0,16616.5,15037.0,224.0,5900.5,50165.5,5375.0,1593.5,9619.0,76.0,299.0,10720.0,3388.0,"{""type"":""Point"",""coordinates"":[81.66891213092067,21.22167699198166]}",81.66891213092067,21.22167699198166
1205,43.67820002000002,0.0305331020715384,0.1433423388653029,-0.1630938358853553,21824.0,0.0,8669.0,9194.0,10658.0,11098.0,14812.0,15745.0,13075.0,224.0,5974.0,49101.0,497.0,1576.0,9595.0,103.0,265.0,10325.0,3339.0,"{""type"":""Point"",""coordinates"":[81.5109794516282,21.19121696408398]}",81.5109794516282,21.19121696408398
1206,49.79987384000003,0.0630539377057483,0.1379800853485064,-0.1540410932200085,21824.0,0.0,8971.0,9553.0,10849.0,11211.0,14800.0,16792.0,14012.0,224.0,6006.0,50892.0,266.0,1566.0,9676.0,160.0,277.0,10692.0,3315.0,"{""type"":""Point"",""coordinates"":[81.54567444939812,21.34709212296017]}",81.54567444939812,21.34709212296017
1207,51.40121621000003,0.0267144037455246,0.1502242152466367,-0.1754966275524346,21824.0,0.0,9528.5,9964.5,11154.5,11749.0,15903.0,16776.0,14141.5,224.0,6205.0,51360.5,5354.5,1506.0,9637.0,29.0,263.5,11293.0,3167.0,"{""type"":""Point"",""coordinates"":[81.76735963670957,21.232539598796414]}",81.76735963670957,21.232539598796414
1208,49.31964203000001,0.0143275805926408,0.0697294312534511,-0.0893142304491576,21824.0,0.0,8594.5,9088.5,10122.5,10529.5,12108.0,12460.0,11503.5,224.0,5380.5,50751.5,629.5,1783.0,9663.0,93.0,286.5,10726.0,3877.5,"{""type"":""Point"",""coordinates"":[81.59768767322348,21.295061886435818]}",81.59768767322348,21.295061886435818
1209,49.321351040000025,0.0263837671245078,0.0882733626714988,-0.1038132169978995,21824.0,0.0,9193.5,9890.5,11093.0,11446.5,13663.0,14403.5,13520.0,224.0,6200.0,50752.0,4963.5,1511.5,9697.0,85.0,269.0,11114.0,3178.0,"{""type"":""Point"",""coordinates"":[81.63718823819598,21.307617113213244]}",81.63718823819598,21.307617113213244
1210,48.051556610000034,0.021326020325859,0.085372835265493,-0.1099970725995316,21824.0,0.0,9584.0,10439.0,12161.0,12781.0,15167.0,15828.0,14758.5,224.0,5900.5,50380.5,5447.5,1594.5,9698.0,118.0,274.0,10845.0,3390.0,"{""type"":""Point"",""coordinates"":[81.60337309369275,21.225762060923984]}",81.60337309369275,21.225762060923984
1211,56.11808381000003,0.054095372493679,0.1243360357841766,-0.1652391213805841,21824.0,0.0,9407.5,10018.5,11524.5,12529.0,16087.0,17927.0,15243.0,192.0,6360.5,52740.5,14066.0,1468.0,9620.0,124.0,242.0,11854.5,3067.0,"{""type"":""Point"",""coordinates"":[81.6380976009713,21.174458233080607]}",81.6380976009713,21.174458233080607
1212,45.73755706999998,-0.0218796231410106,0.1674079345312222,-0.1845834461594006,21824.0,0.0,8661.5,10090.5,11292.5,11700.0,16405.0,15702.5,13567.5,224.0,5898.0,49703.5,5053.0,1595.5,9644.0,95.0,435.0,10594.5,3391.5,"{""type"":""Point"",""coordinates"":[81.67058613484966,21.26983358590622]}",81.67058613484966,21.26983358590622
1213,44.86937999000003,-0.008263659342796,0.1594618767235596,-0.172725730762707,21824.0,0.0,8890.0,9486.0,10974.0,11277.5,15556.5,15301.5,13064.0,209.0,6191.0,49449.5,5095.5,1514.5,9777.0,106.0,347.5,10722.0,3185.0,"{""type"":""Point"",""coordinates"":[81.63610330029144,21.26786277147568]}",81.63610330029144,21.26786277147568
1214,48.483936140000026,0.0399607586657946,0.1258628624022089,-0.1470209025200234,21824.0,0.0,9037.0,9558.0,10916.0,11397.0,14679.0,15901.0,14029.0,224.0,5978.0,50507.0,314.0,1576.0,9654.0,77.0,269.0,10593.0,3338.0,"{""type"":""Point"",""coordinates"":[81.53819063313281,21.21857122984833]}",81.53819063313281,21.21857122984833
1215,44.324205800000016,-0.0858572991442744,0.2652754736750196,-0.2581132468614888,21824.0,0.0,8513.5,9037.5,10681.5,10518.5,18114.0,15249.5,11921.5,224.0,5887.0,49290.0,5795.5,1599.5,9714.5,92.0,313.0,10511.0,3401.5,"{""type"":""Point"",""coordinates"":[81.61855432732382,21.14610761983753]}",81.61855432732382,21.14610761983753
1216,41.92817378000001,-0.0394068969760359,0.2289673735132579,-0.2174539689402947,21824.0,0.0,8794.0,9300.0,10859.0,10599.0,16894.0,15613.0,12519.0,224.0,6001.0,48589.0,293.0,1570.0,9619.0,235.0,300.0,10204.0,3323.0,"{""type"":""Point"",""coordinates"":[81.58163081340587,21.339892300229543]}",81.58163081340587,21.339892300229543
1217,42.94674373999999,-0.013415696523323,0.1580871705763104,-0.1674056233692776,21824.0,0.0,8988.0,9739.0,11408.0,11628.5,15995.5,15572.0,13249.5,224.0,6181.5,48887.0,672.0,1519.0,9755.0,139.0,279.5,10258.0,3195.0,"{""type"":""Point"",""coordinates"":[81.53834354853493,21.29295424225001]}",81.53834354853493,21.29295424225001
1218,43.61325764000003,0.0349200156067108,0.1101054678734385,-0.1323389158051348,21824.0,0.0,9394.0,9918.0,11372.0,11897.0,14841.0,15915.0,14467.0,224.0,5992.0,49082.0,387.0,1572.0,9698.0,75.0,265.0,10432.0,3329.0,"{""type"":""Point"",""coordinates"":[81.59959553479248,21.26903255418187]}",81.59959553479248,21.26903255418187
1219,47.51663647999999,-0.0058450006796512,0.1147985537190082,-0.1164083884733926,21824.0,0.0,8560.5,9010.5,10249.0,10282.5,12949.5,12799.0,11375.0,224.0,5719.5,50224.0,429.5,1645.0,9633.0,93.0,278.0,10529.0,3516.5,"{""type"":""Point"",""coordinates"":[81.5918905104183,21.304135802762616]}",81.5918905104183,21.304135802762616
1220,45.32568565999998,0.0191588785046728,0.159508355199558,-0.1662730934852062,21824.0,0.0,8654.5,9214.5,10503.5,10650.5,14693.0,15267.0,12723.5,224.0,6194.0,49583.0,5000.5,1515.0,9677.0,113.0,253.0,10708.0,3186.0,"{""type"":""Point"",""coordinates"":[81.69100311601125,21.30717725379309]}",81.69100311601125,21.30717725379309
1221,50.862878060000014,0.0802074619374268,0.0996959513522163,-0.1122890786225873,21824.0,0.0,9033.0,9523.0,10969.0,11252.0,13744.0,16141.0,14164.0,224.0,6009.0,51203.0,259.0,1566.0,9656.0,311.0,374.0,10862.0,3314.0,"{""type"":""Point"",""coordinates"":[81.56679057225917,21.35951180194825]}",81.56679057225917,21.35951180194825
1222,45.77857331000001,0.0811776262911916,0.1030662568794224,-0.1439054219323277,21793.0,0.0,9394.0,9934.0,11550.0,12549.0,15433.0,18160.0,15468.5,177.0,6193.5,49715.5,5298.5,1512.0,9668.0,66.0,447.0,10762.5,3179.5,"{""type"":""Point"",""coordinates"":[81.74561670841099,21.22268730983512]}",81.74561670841099,21.22268730983512
1223,58.755086240000026,0.0575828195521991,0.1131746750757866,-0.1541337764852513,21824.0,0.0,9469.0,10141.0,11707.0,12725.5,15973.5,17925.5,15565.0,192.0,6356.5,53512.0,14048.0,1470.0,9560.0,138.0,250.0,12090.0,3071.0,"{""type"":""Point"",""coordinates"":[81.64909195613171,21.157749518007755]}",81.64909195613171,21.157749518007755
1224,43.13473484000002,0.0045479687788089,0.1722515741477889,-0.1780921555078735,21824.0,0.0,9011.0,9572.0,11300.0,11437.0,16197.0,16345.0,13832.0,224.0,6032.0,48942.0,440.0,1557.0,9692.0,74.0,261.0,10194.0,3295.0,"{""type"":""Point"",""coordinates"":[81.71778757664418,21.31288839515637]}",81.71778757664418,21.31288839515637
1225,58.910606150000035,0.0749387497036276,0.0926811053024645,-0.1347358216190014,21824.0,0.0,9016.5,9675.0,11156.5,12149.0,14631.0,17001.5,15125.0,224.0,6357.5,53557.5,13940.0,1467.0,9588.0,406.0,386.0,12128.0,3065.5,"{""type"":""Point"",""coordinates"":[81.71334900403869,21.145717346358932]}",81.71334900403869,21.145717346358932
1226,49.264953709999986,0.025478740668614,0.0751051830632888,-0.0912477568543715,21824.0,0.0,8508.5,8867.0,10001.5,10332.0,12010.0,12638.0,11646.5,224.0,6187.5,50735.5,394.5,1517.5,9634.5,309.0,359.0,10855.0,3191.0,"{""type"":""Point"",""coordinates"":[81.58442482649858,21.319052382845477]}",81.58442482649858,21.319052382845477
1227,49.08550766000002,0.0030305071048555,0.0896511114382452,-0.1168194334427218,21824.0,0.0,9197.0,10096.0,11707.0,12368.0,14804.0,14894.0,13715.0,224.0,6374.0,50683.0,10007.0,1465.0,9735.0,68.0,223.0,11202.0,3058.0,"{""type"":""Point"",""coordinates"":[81.63946253043608,21.280672928918207]}",81.63946253043608,21.280672928918207
1228,47.82767630000001,0.0269560651146507,0.1425733077555494,-0.1761760349813103,21824.0,0.0,9429.0,10090.0,11681.0,12515.0,16677.0,17601.0,15215.0,224.0,5979.0,50315.0,249.0,1575.0,9679.0,66.0,294.0,10515.0,3336.0,"{""type"":""Point"",""coordinates"":[81.5688828541235,21.189771121253195]}",81.5688828541235,21.189771121253195
1229,47.27224805000003,-0.0251161112864679,0.0922718427943402,-0.0819789163077362,21824.0,0.0,8034.0,8525.5,9644.5,9446.5,11367.0,10810.0,9867.0,209.0,6200.0,50152.5,4934.0,1513.0,9603.0,165.0,262.5,10839.0,3181.0,"{""type"":""Point"",""coordinates"":[81.6682811187894,21.341599359801663]}",81.6682811187894,21.341599359801663
1230,42.228959540000005,-0.0585997860454059,0.0524449906643662,-0.0399346099953292,21824.0,0.0,8735.0,9213.5,10277.5,10023.0,11132.5,9900.0,9068.0,224.0,5884.0,48677.0,5802.5,1601.5,9591.5,74.0,318.5,10223.5,3405.5,"{""type"":""Point"",""coordinates"":[81.59628157666343,21.144697134855186]}",81.59628157666343,21.144697134855186
1231,49.680243140000016,0.1031645949678736,0.0844860763170315,-0.1298131477418866,21824.0,0.0,9393.0,9892.0,11503.0,12608.0,14935.0,18371.0,15352.0,224.0,6013.0,50857.0,243.0,1564.0,9724.0,64.0,317.0,10778.0,3309.0,"{""type"":""Point"",""coordinates"":[81.56361156385356,21.363564413555014]}",81.56361156385356,21.363564413555014
1232,52.38047893999999,0.0221099996762811,0.1150978220745662,-0.1410871453934197,21824.0,0.0,9025.0,9729.0,11369.0,11986.0,15104.0,15787.0,13656.0,224.0,6367.0,51647.0,10744.0,1465.0,9716.0,59.0,224.0,11530.0,3061.0,"{""type"":""Point"",""coordinates"":[81.68356913768758,21.210608828838662]}",81.68356913768758,21.210608828838662
1233,49.083798650000006,0.0336821739512795,0.1555976231792606,-0.1848177701099849,21824.0,0.0,9246.5,9886.5,11340.0,12043.5,16482.0,17631.0,14936.0,209.0,6188.0,50682.5,5327.0,1514.5,9670.0,117.0,392.0,11070.0,3186.0,"{""type"":""Point"",""coordinates"":[81.72096021539515,21.21939575133615]}",81.72096021539515,21.21939575133615
1234,46.92190100000005,0.0011589190780154,0.0641241719907498,-0.0818705293988722,21824.0,0.0,9079.0,10001.5,11520.0,11938.5,13574.5,13606.0,12802.5,209.0,6190.5,50050.0,5161.5,1514.5,9698.0,52.0,303.0,10877.5,3184.5,"{""type"":""Point"",""coordinates"":[81.64799657767993,21.257066629111158]}",81.64799657767993,21.257066629111158
1235,46.78688921000003,0.0485322043395697,0.1078127548523894,-0.1365039229539285,21824.0,0.0,9483.5,10070.0,11611.0,12307.5,15282.0,16841.0,15486.5,224.0,5983.0,50010.5,282.5,1573.0,9748.0,66.0,260.5,10470.0,3331.0,"{""type"":""Point"",""coordinates"":[81.54237936965032,21.206912689325645]}",81.54237936965032,21.206912689325645
1236,40.10978713999998,-0.120507399577167,0.2857694216243039,-0.2617226951377867,21824.0,0.0,8396.5,8741.0,10234.0,9715.5,17490.0,13728.0,10991.0,224.0,6185.5,48057.0,579.0,1517.0,9670.0,144.0,281.5,10071.0,3190.5,"{""type"":""Point"",""coordinates"":[81.55893132446947,21.279594616306344]}",81.55893132446947,21.279594616306344
1237,51.20638907,-0.0424986091364282,0.2042415695235375,-0.2189736176364293,21824.0,0.0,8433.5,9138.0,10805.5,11144.0,16864.5,15489.5,12506.5,224.0,6356.5,51303.5,13999.0,1468.5,9735.0,73.0,226.0,11413.5,3068.5,"{""type"":""Point"",""coordinates"":[81.67753726839396,21.141035053423423]}",81.67753726839396,21.141035053423423
1238,54.638081150000005,0.0234528909596923,0.1359924337498408,-0.1635462657650105,21824.0,0.0,8615.0,9372.0,11225.0,11876.0,15614.5,16364.5,13802.5,224.0,6357.5,52307.5,14029.5,1468.5,9690.5,92.0,232.0,11749.0,3068.5,"{""type"":""Point"",""coordinates"":[81.65897116669639,21.154955951299055]}",81.65897116669639,21.154955951299055
1239,48.98980310000002,0.0664599543672848,0.1307397959183673,-0.1689681696641148,21824.0,0.0,9314.0,9919.0,11344.0,12267.0,15957.0,18229.0,15329.0,224.0,5978.0,50655.0,292.0,1574.0,9708.0,85.0,284.0,10728.0,3335.0,"{""type"":""Point"",""coordinates"":[81.55403659401972,21.171642063171152]}",81.55403659401972,21.171642063171152
1240,54.38514767000004,0.0698576375529049,0.1087750197222375,-0.1490389185695001,21824.0,0.0,8934.0,9649.5,11189.5,12144.5,15109.0,17378.5,14630.0,224.0,6370.0,52233.5,13910.0,1461.5,9699.5,90.0,231.0,11729.5,3053.5,"{""type"":""Point"",""coordinates"":[81.73003067888229,21.18013379575434]}",81.73003067888229,21.18013379575434
1241,50.39460932000003,0.0110584518167456,0.0921897212768707,-0.1010118556477178,21824.0,0.0,8551.5,9136.0,10350.5,10536.5,12676.5,12960.0,11642.0,224.0,6197.5,51066.0,4936.0,1514.0,9621.0,113.0,250.5,11171.5,3183.5,"{""type"":""Point"",""coordinates"":[81.66846084631287,21.3400253904033]}",81.66846084631287,21.3400253904033
1242,45.30688655000006,-0.0382104809409446,0.1916735876729515,-0.1994521912350597,21824.0,0.0,8961.5,9600.5,11252.5,11436.0,16859.5,15618.5,13331.0,224.0,5909.0,49577.5,5298.0,1589.5,9647.0,111.0,318.0,10545.0,3378.5,"{""type"":""Point"",""coordinates"":[81.6417024183369,21.233028901082776]}",81.6417024183369,21.233028901082776
1243,49.813545920000024,0.0222191672537934,0.0765708663652015,-0.1072839434098118,21824.0,0.0,9457.0,10071.5,11468.5,12201.5,14225.0,14871.5,13765.5,224.0,6191.5,50896.0,4972.5,1516.5,9619.0,225.0,288.5,11110.0,3189.0,"{""type"":""Point"",""coordinates"":[81.63097467480347,21.327718310430672]}",81.63097467480347,21.327718310430672
1244,59.886450860000025,0.0663831650042212,0.1050742070394907,-0.137490952036268,21824.0,0.0,9356.0,9895.0,11320.0,12090.0,14929.0,17052.0,15021.0,160.0,6363.0,53843.0,11105.0,1468.0,9723.0,44.0,228.0,12361.0,3067.0,"{""type"":""Point"",""coordinates"":[81.5825261918118,21.187642403737303]}",81.5825261918118,21.187642403737303
1245,43.19967722000001,0.0081248858864341,0.162570888468809,-0.1849064834505698,21921.0,0.0,9211.5,10027.5,11211.0,11739.5,16297.5,16564.5,14297.5,224.0,5892.0,48961.0,5492.5,1598.5,9761.0,43.0,452.5,10475.0,3397.5,"{""type"":""Point"",""coordinates"":[81.60970203110675,21.194917717085918]}",81.60970203110675,21.194917717085918
1246,45.667487660000006,0.0314071787837219,0.1731944131951054,-0.1983311824915586,21824.0,0.0,9138.5,9750.5,11337.0,11943.0,16946.5,18045.5,15009.0,224.0,5885.5,49683.0,5697.0,1600.5,9650.0,90.0,305.0,10589.0,3403.5,"{""type"":""Point"",""coordinates"":[81.61936397946896,21.16646639976875]}",81.61936397946896,21.16646639976875
1247,50.18952811999998,-0.0009641873278236916,0.1687037632679318,-0.1742274288022621,21824.0,0.0,8729.0,9132.0,10221.0,10338.0,14534.0,14506.0,12236.0,224.0,6374.0,51006.0,10108.0,1464.0,9664.0,160.0,247.0,11263.0,3057.0,"{""type"":""Point"",""coordinates"":[81.659580653605,21.269750385047733]}",81.659580653605,21.269750385047733
1248,49.50592412000003,0.0458221953953608,0.1162715625945727,-0.1330971348993426,21824.0,0.0,8965.5,9269.5,10582.5,10950.5,13832.0,15160.5,13346.0,224.0,6198.0,50806.0,62.0,1514.0,9695.0,85.0,415.0,10762.5,3183.0,"{""type"":""Point"",""coordinates"":[81.58593001326156,21.379593244738103]}",81.58593001326156,21.379593244738103
1249,50.059643359999995,0.0129575207053165,0.1298165137614678,-0.1529999219786221,21824.0,0.0,8663.0,9497.0,10856.0,11382.0,14778.0,15166.0,12969.0,224.0,6368.0,50968.0,10183.0,1467.0,9692.0,98.0,230.0,11270.0,3064.0,"{""type"":""Point"",""coordinates"":[81.68060011478427,21.261686735130308]}",81.68060011478427,21.261686735130308
1250,56.35221818000002,0.0453298003217564,0.1347900672122388,-0.2008808999464317,21824.0,0.0,10343.0,11433.0,13426.0,15383.0,20176.0,22092.0,17841.0,160.0,6352.0,52809.0,11698.0,1472.0,9450.0,613.0,522.0,11736.0,3075.0,"{""type"":""Point"",""coordinates"":[81.60630992767146,21.130334213017868]}",81.60630992767146,21.130334213017868
1251,55.06020662000003,0.0628870398013626,0.1285017620047698,-0.1703706438275251,21824.0,0.0,8832.5,9607.5,11236.5,12241.5,15851.5,17979.0,15068.5,224.0,6362.5,52431.0,13929.5,1465.0,9693.0,113.0,238.0,11794.5,3060.5,"{""type"":""Point"",""coordinates"":[81.71894776879384,21.157071665194465]}",81.71894776879384,21.157071665194465
1252,46.35450967999998,0.0083761482173439,0.1355119359612059,-0.1610127782132375,21824.0,0.0,9353.0,10014.5,11506.5,12122.5,15923.0,16192.0,14370.5,209.0,6196.5,49884.0,5229.0,1511.5,9691.0,57.0,284.0,10811.0,3178.0,"{""type"":""Point"",""coordinates"":[81.64308163354166,21.252076550523494]}",81.64308163354166,21.252076550523494
1253,45.819589550000046,0.0089632693995236,0.1642214163429854,-0.1831259938265831,21824.0,0.0,8929.0,9416.0,10916.5,11350.5,15811.0,16097.0,13351.0,224.0,6193.5,49727.5,221.0,1515.5,9576.0,252.0,363.5,10468.5,3187.0,"{""type"":""Point"",""coordinates"":[81.5715447696318,21.356689791642122]}",81.5715447696318,21.356689791642122
1254,47.56107073999999,0.005782807677298,0.1142300504950101,-0.1219922328542258,21824.0,0.0,8914.0,9543.0,10965.0,11139.0,14012.0,14175.0,12765.0,224.0,5430.0,50237.0,508.0,1725.0,9593.0,231.0,323.0,10440.0,3719.0,"{""type"":""Point"",""coordinates"":[81.6078883335919,21.322751262187925]}",81.6078883335919,21.322751262187925
1255,46.51857464,0.0359020018956257,0.1042684431285467,-0.1420260270477162,21824.0,0.0,9663.0,10617.5,12609.0,13614.0,16783.5,18033.5,16151.0,224.0,6202.5,49932.0,5076.0,1510.5,9653.0,83.0,278.0,10807.5,3176.0,"{""type"":""Point"",""coordinates"":[81.76538396636128,21.2792566359166]}",81.76538396636128,21.2792566359166
1256,45.46924250000001,0.0754094565657734,0.1183367750516257,-0.153293629308789,21824.0,0.0,9446.0,10113.0,11729.0,12595.0,15976.0,18582.0,16251.0,224.0,5976.0,49625.0,360.0,1575.0,9657.0,81.0,268.0,10569.0,3336.0,"{""type"":""Point"",""coordinates"":[81.51912499168864,21.17527197892424]}",81.51912499168864,21.17527197892424
1257,47.81229521,0.0362897943141621,0.1340913470803623,-0.1623607489926523,21824.0,0.0,8887.0,9334.0,10602.0,11233.0,14712.0,15820.0,13721.0,224.0,6181.5,50310.5,746.0,1519.5,9769.5,94.0,242.5,10685.5,3195.5,"{""type"":""Point"",""coordinates"":[81.5158058256488,21.288802721791885]}",81.5158058256488,21.288802721791885
1258,46.682639600000016,-7.924307019351158e-05,0.1399512239183452,-0.1559683446911409,21824.0,0.0,9373.5,9988.0,11518.5,11902.0,15775.5,15773.0,14228.5,224.0,5904.5,49980.0,5278.5,1592.0,9672.0,197.0,332.0,10687.0,3384.0,"{""type"":""Point"",""coordinates"":[81.66673902813456,21.23673935030062]}",81.66673902813456,21.23673935030062
1259,49.54694036000001,0.0792214564570913,0.1304678848283499,-0.1728632210114356,21824.0,0.0,9267.5,9885.5,11518.5,12563.0,16333.0,19143.5,16456.5,224.0,6190.0,50818.0,5402.0,1513.0,9713.0,49.0,327.5,11149.5,3182.5,"{""type"":""Point"",""coordinates"":[81.72428315011851,21.207660424784176]}",81.72428315011851,21.207660424784176
1260,48.302781080000045,0.041145499623924,0.1411331764081822,-0.1731424676209952,21824.0,0.0,9513.0,10216.0,12130.0,12953.0,17210.0,18687.0,16269.0,224.0,6025.0,50454.0,333.0,1560.0,9682.0,72.0,266.0,10556.0,3300.0,"{""type"":""Point"",""coordinates"":[81.71250039037523,21.300450773511805]}",81.71250039037523,21.300450773511805
1261,46.86550367000001,0.0086025556497441,0.1701469307591114,-0.1823934696322923,21824.0,0.0,8931.0,9574.5,10917.5,11197.0,15788.5,16062.5,13293.0,224.0,6194.5,50033.5,4978.0,1515.0,9657.0,201.0,279.0,10839.0,3185.5,"{""type"":""Point"",""coordinates"":[81.68537704903387,21.311202920222623]}",81.68537704903387,21.311202920222623
1262,44.751458300000024,0.0166604961125509,0.1588975347247473,-0.1809255622661084,21824.0,0.0,8933.0,9571.0,11053.0,11566.0,15936.0,16476.0,13649.0,224.0,6030.0,49415.0,444.0,1558.0,9692.0,74.0,261.0,10482.0,3297.0,"{""type"":""Point"",""coordinates"":[81.71788344956344,21.311219851352075]}",81.71788344956344,21.311219851352075
1263,43.64743784000001,0.0036436133644988,0.1258447914239105,-0.1355035844400047,21824.0,0.0,8966.0,9606.0,11034.0,11253.0,14493.0,14599.0,13464.0,224.0,6010.0,49092.0,87.0,1562.0,9644.0,72.0,387.0,10132.0,3307.0,"{""type"":""Point"",""coordinates"":[81.63904868407423,21.23243891721878]}",81.63904868407423,21.23243891721878
1264,49.312805990000015,-0.0053298852024725,0.1637339369158878,-0.1904397348520213,21824.0,0.0,8981.0,9573.0,10839.0,11453.5,15938.5,15769.5,13583.0,224.0,6185.5,50749.5,728.5,1516.5,9683.0,90.0,239.5,10739.5,3189.0,"{""type"":""Point"",""coordinates"":[81.4929955926502,21.27804379932407]}",81.4929955926502,21.27804379932407
1265,50.12116772000002,0.033431926145021,0.1622359534415864,-0.180773020913172,21824.0,0.0,9196.5,9775.5,11223.0,11660.0,16176.0,17295.0,14481.5,224.0,5891.0,50986.0,5613.5,1598.5,9615.0,126.0,381.0,10985.0,3398.0,"{""type"":""Point"",""coordinates"":[81.59363390094167,21.177246450913163]}",81.59363390094167,21.177246450913163
1266,47.23294082000001,0.0294291864715315,0.1601160461421565,-0.1931656720659278,21824.0,0.0,9251.0,9944.5,11357.0,12159.0,16795.0,17813.5,14849.5,224.0,5890.0,50141.0,5792.5,1599.0,9402.5,188.0,435.5,10609.0,3398.5,"{""type"":""Point"",""coordinates"":[81.5901841321549,21.144171517049788]}",81.5901841321549,21.144171517049788
1267,53.752813970000034,-0.0028001738038912,0.0405270013024747,-0.0384980750962451,21888.0,0.0,8153.0,8665.5,9615.5,9576.5,10385.5,10327.5,9908.5,208.0,6201.5,52048.5,4814.5,1513.0,9683.0,108.0,250.5,11572.5,3180.5,"{""type"":""Point"",""coordinates"":[81.64679098985332,21.36795534667129]}",81.64679098985332,21.36795534667129
1268,41.61371594000002,-0.0918612262710015,0.2342349749239496,-0.2035596889280846,21824.0,0.0,8302.0,8671.0,9934.0,9314.0,15012.0,12486.0,10295.0,224.0,5998.0,48497.0,544.0,1570.0,9646.0,117.0,265.0,10232.0,3323.0,"{""type"":""Point"",""coordinates"":[81.58446689814616,21.29116401056587]}",81.58446689814616,21.29116401056587
1269,49.611882740000055,0.0344877396988191,0.0978524206463269,-0.1042002230206913,21824.0,0.0,9011.0,9489.0,10845.0,10985.0,13368.0,14323.0,12833.0,224.0,6012.0,50837.0,586.0,1566.0,9602.0,310.0,332.0,10760.0,3314.0,"{""type"":""Point"",""coordinates"":[81.62532111096776,21.352978463734875]}",81.62532111096776,21.352978463734875
1270,51.37899908000003,0.0248131356451415,0.1367255847170148,-0.1637786064195364,21824.0,0.0,9216.0,9907.0,11437.0,12088.0,15917.0,16727.0,14176.0,224.0,6375.0,51354.0,10365.0,1462.0,9652.0,98.0,231.0,11377.0,3053.0,"{""type"":""Point"",""coordinates"":[81.7429215920057,21.243356932427112]}",81.7429215920057,21.243356932427112
1271,52.647084500000005,0.0704741102402672,0.0966348340154615,-0.1206722949422972,21824.0,0.0,9216.0,9868.0,11353.0,11919.0,14469.0,16663.0,14850.0,224.0,6009.0,51725.0,228.0,1566.0,9577.0,362.0,412.0,10876.0,3314.0,"{""type"":""Point"",""coordinates"":[81.57355874481665,21.36012454790069]}",81.57355874481665,21.36012454790069
1272,47.39016974000003,0.0383908444598578,0.1223184651501659,-0.1416337285902503,21824.0,0.0,8937.0,9379.0,10424.0,10842.0,13864.0,14971.0,12999.0,224.0,5997.0,50187.0,540.0,1571.0,9690.0,94.0,262.0,10539.0,3325.0,"{""type"":""Point"",""coordinates"":[81.58941431232635,21.305060171583975]}",81.58941431232635,21.305060171583975
1273,48.90093458000001,0.0166108913903255,0.1810442471409258,-0.1960777058279371,21824.0,0.0,8894.5,9491.5,10863.0,11207.0,16162.0,16708.0,13742.5,224.0,6198.0,50629.0,5179.0,1511.5,9696.0,64.0,262.5,11079.0,3179.0,"{""type"":""Point"",""coordinates"":[81.73906492405376,21.265206400435797]}",81.73906492405376,21.265206400435797
1274,45.732430040000054,0.0340406719717064,0.0963371801304566,-0.1038140944683,21824.0,0.0,9062.0,9442.0,10644.0,10806.0,13110.0,14034.0,12930.0,224.0,6013.0,49702.0,528.0,1566.0,9700.0,109.0,264.0,10604.0,3313.0,"{""type"":""Point"",""coordinates"":[81.65003820861266,21.338193340623032]}",81.65003820861266,21.338193340623032
1275,44.457508580000024,0.0470782194541124,0.1281309863736581,-0.1459832574533705,21824.0,0.0,9293.0,10047.0,11630.0,12061.0,15606.0,17148.0,14848.0,224.0,6035.0,49329.0,349.0,1556.0,9723.0,104.0,270.0,10543.0,3292.0,"{""type"":""Point"",""coordinates"":[81.73219800671937,21.316902961208193]}",81.73219800671937,21.316902961208193
1276,55.718175470000006,0.0659328997437879,0.0975683619845016,-0.1400973335060417,21824.0,0.0,9226.0,9992.5,11617.5,12664.5,15403.0,17577.5,15194.5,224.0,6367.5,52623.5,13962.0,1463.5,9726.0,72.0,229.0,11896.5,3057.5,"{""type"":""Point"",""coordinates"":[81.6952836635634,21.177110418398787]}",81.6952836635634,21.177110418398787
1277,51.04745114000002,0.0425852439741328,0.1045547996015345,-0.1165291912158543,21824.0,0.0,8759.0,9278.5,10309.0,10562.0,13028.5,14187.5,12802.0,209.0,6208.0,51257.0,4817.0,1509.5,9618.0,72.0,248.0,11252.0,3173.0,"{""type"":""Point"",""coordinates"":[81.69611282005484,21.341488994280187]}",81.69611282005484,21.341488994280187
1278,44.39598422000006,0.0071903011543174,0.1535882209692224,-0.1659062079933357,21921.0,0.0,8012.5,8884.0,11014.0,11296.0,15395.5,15618.5,13790.5,224.0,5893.5,49311.0,5224.0,1597.0,9700.0,71.0,452.0,10532.0,3395.5,"{""type"":""Point"",""coordinates"":[81.69478437305366,21.236942090404778]}",81.69478437305366,21.236942090404778
1279,49.23590053999999,0.0255093106065028,0.1582799951431892,-0.186116735940886,21824.0,0.0,9198.5,9911.0,11455.0,12131.5,16694.0,17568.0,14879.0,224.0,6200.0,50727.0,5150.0,1511.0,9624.0,101.0,267.5,11065.0,3176.5,"{""type"":""Point"",""coordinates"":[81.73791488585415,21.27092327765776]}",81.73791488585415,21.27092327765776
1280,57.36566111000002,0.076495058424525,0.1218978337142305,-0.1739306163691478,21824.0,0.0,9752.5,10445.5,12263.0,13640.0,17427.0,20314.0,17763.5,160.0,6355.5,53105.5,14017.0,1469.0,9670.0,90.0,235.0,12027.5,3069.5,"{""type"":""Point"",""coordinates"":[81.6677117492807,21.13673318102578]}",81.6677117492807,21.13673318102578
1281,56.49235700000003,0.0396539729590756,0.0792711945067645,-0.125926451292599,21824.0,0.0,9851.0,10695.0,12324.0,13543.0,15875.0,17186.0,15587.0,224.0,6369.0,52850.0,10852.0,1464.0,9623.0,105.0,237.0,11900.0,3059.0,"{""type"":""Point"",""coordinates"":[81.66851688718309,21.20191839826966]}",81.66851688718309,21.20191839826966
1282,55.95230984,0.0643529010027007,0.1034230276404905,-0.1453543606308189,21824.0,0.0,9080.0,9752.0,11245.0,12245.0,15070.0,17143.0,15074.0,224.0,6371.0,52692.0,10984.0,1462.0,9713.0,94.0,233.0,11913.0,3053.0,"{""type"":""Point"",""coordinates"":[81.72315738747457,21.187897029086592]}",81.72315738747457,21.187897029086592
1283,55.68228626000001,0.0383378916558706,0.0934783399410759,-0.131315031892675,21824.0,0.0,9278.5,10002.5,11542.0,12461.5,15031.5,16230.0,14535.0,224.0,6358.5,52613.0,14020.0,1468.5,9672.0,117.0,240.0,11848.0,3068.5,"{""type"":""Point"",""coordinates"":[81.66288789008912,21.165358521935005]}",81.66288789008912,21.165358521935005
1284,55.07387870000002,0.0666239946567222,0.1595159896283491,-0.1759405350443532,21824.0,0.0,9956.0,11142.0,11751.5,12155.5,16769.5,19163.5,17395.5,209.0,6371.5,52435.0,13952.0,1461.5,9705.0,64.0,227.0,11811.0,3053.0,"{""type"":""Point"",""coordinates"":[81.69954831157214,21.190948946947348]}",81.69954831157214,21.190948946947348
1285,51.41830631000005,0.000989247311827957,0.0720731116290877,-0.0751000948876391,21824.0,0.0,8505.0,9000.0,9991.0,10052.0,11613.5,11636.5,10824.5,224.0,6200.5,51365.5,4772.5,1513.5,9706.0,149.0,260.0,11344.5,3182.0,"{""type"":""Point"",""coordinates"":[81.64553198030731,21.37152688351325]}",81.64553198030731,21.37152688351325
1286,49.86139820000005,0.0432751171594635,0.1482088266590099,-0.1828716592427617,21824.0,0.0,9445.5,10124.5,11740.5,12608.0,16995.5,18533.0,15780.5,224.0,6204.0,50910.0,5129.0,1509.5,9639.0,81.0,265.0,11139.0,3173.5,"{""type"":""Point"",""coordinates"":[81.76296108672577,21.274626560111244]}",81.76296108672577,21.274626560111244
1287,46.69631168000001,0.0541842797599692,0.1560083821085338,-0.1744668355173806,21824.0,0.0,9176.0,9826.0,11245.0,11680.0,15998.0,17831.0,14938.0,224.0,5975.0,49984.0,259.0,1575.0,9735.0,97.0,301.0,10450.0,3336.0,"{""type"":""Point"",""coordinates"":[81.55584756580703,21.14187965152856]}",81.55584756580703,21.14187965152856
1288,52.799186390000045,0.0553007173903235,0.1136641667996383,-0.1563058004896636,21824.0,0.0,8892.5,9719.5,11458.0,12498.0,15703.5,17542.0,14899.5,224.0,6357.5,51769.5,13973.5,1468.0,9717.5,68.0,226.5,11570.5,3067.5,"{""type"":""Point"",""coordinates"":[81.69038925562421,21.15698405454863]}",81.69038925562421,21.15698405454863
1289,50.39460932000003,0.054463852498787,0.1361317592187727,-0.1589570130280446,21824.0,0.0,9198.5,9765.0,11313.5,11854.0,15590.0,17386.0,14704.0,224.0,5977.0,51066.0,377.5,1575.0,9683.0,111.0,263.5,10742.5,3337.0,"{""type"":""Point"",""coordinates"":[81.55697880254851,21.17451735065625]}",81.55697880254851,21.17451735065625
1290,46.97488031,0.0005581692050075751,0.0623159232969594,-0.0746806139072279,21824.0,0.0,8362.5,9155.0,10792.0,11063.5,12534.0,12548.0,11159.0,224.0,6367.5,50065.5,13908.0,1462.5,9733.5,81.0,225.0,10970.0,3055.5,"{""type"":""Point"",""coordinates"":[81.73280955204156,21.173250560437523]}",81.73280955204156,21.173250560437523
1291,49.86310721000001,0.0464584422373235,0.1125681393664468,-0.1340754988245808,21824.0,0.0,9206.0,9722.0,11142.5,11640.0,14593.0,16015.0,14365.5,224.0,6177.5,50910.5,538.5,1519.5,9416.5,443.0,413.5,10659.5,3196.5,"{""type"":""Point"",""coordinates"":[81.51902750663797,21.23941505773206]}",81.51902750663797,21.23941505773206
1292,44.39256620000003,0.02887233833131,0.1226200409618448,-0.1449625747055296,21824.0,0.0,8936.0,9476.5,11052.0,11566.5,14799.5,15679.5,13423.0,224.0,5979.0,49310.0,302.5,1575.0,9680.0,90.0,256.5,10218.0,3336.0,"{""type"":""Point"",""coordinates"":[81.53922243093395,21.213463895703143]}",81.53922243093395,21.213463895703143
1293,44.23533728000001,0.0008475438180153914,0.1212478599961955,-0.143921751280857,21824.0,0.0,8999.0,9345.0,11028.0,11549.0,14736.0,14761.0,12873.0,224.0,6020.0,49264.0,386.0,1563.0,9719.0,66.0,263.0,10372.0,3307.0,"{""type"":""Point"",""coordinates"":[81.62646708236353,21.379102741544287]}",81.62646708236353,21.379102741544287
1294,49.994700980000005,0.0528694350916573,0.1510985013822202,-0.1735083620721622,21824.0,0.0,9256.0,9792.0,11144.0,11669.0,15823.0,17589.5,14980.5,224.0,5702.5,50949.0,166.0,1649.5,9704.0,57.0,361.0,10723.0,3528.0,"{""type"":""Point"",""coordinates"":[81.56548829271591,21.141596728176214]}",81.56548829271591,21.141596728176214
1295,42.259721720000016,0.0160328945271411,0.131390874106652,-0.1538892834448473,21824.0,0.0,9424.0,9919.0,11318.0,11850.0,15435.0,15938.0,14267.0,224.0,6003.0,48686.0,296.0,1567.0,9591.0,141.0,282.0,10239.0,3317.0,"{""type"":""Point"",""coordinates"":[81.6082246143171,21.269687317101553]}",81.6082246143171,21.269687317101553
1296,47.070584870000005,-0.0027548209366391,0.1230366492146596,-0.1427592899138078,21824.0,0.0,9188.0,9791.0,11263.5,11725.0,15015.0,14932.5,13214.5,224.0,6191.5,50093.5,4967.5,1516.0,9652.0,180.0,270.0,10861.5,3188.5,"{""type"":""Point"",""coordinates"":[81.63370287448798,21.327356553223836]}",81.63370287448798,21.327356553223836
1297,56.23600550000003,0.0600775193798449,0.0939912897124911,-0.1429969906819912,21824.0,0.0,9340.5,10065.5,11818.5,13054.0,15762.5,17777.5,15554.0,224.0,6356.5,52775.0,14013.5,1468.5,9725.5,98.0,235.0,11949.5,3068.5,"{""type"":""Point"",""coordinates"":[81.66976734093444,21.139122219916764]}",81.66976734093444,21.139122219916764
1298,47.157744380000054,0.0247235331408043,0.1094106806618324,-0.1227245084127306,21824.0,0.0,8974.0,9509.0,10819.0,11115.0,13846.0,14548.0,12819.0,224.0,6012.0,50119.0,641.0,1566.0,9676.0,88.0,256.0,10767.0,3313.0,"{""type"":""Point"",""coordinates"":[81.62544263790643,21.34498757711573]}",81.62544263790643,21.34498757711573
1299,50.008373060000054,-0.0367620644234223,0.2027505730360491,-0.221070446371906,21824.0,0.0,8778.0,9495.0,11046.0,11478.0,17316.0,16088.0,13109.0,224.0,6359.0,50953.0,11009.0,1470.0,9646.0,96.0,230.0,11226.0,3071.0,"{""type"":""Point"",""coordinates"":[81.59858466881795,21.194111294083935]}",81.59858466881795,21.194111294083935
1300,45.54614794999998,-0.0392755905511811,0.1930148055751396,-0.2042480976624514,21824.0,0.0,8981.0,9559.0,10902.0,11160.0,16498.5,15251.5,12526.5,224.0,6200.0,49647.5,4962.5,1512.5,9733.0,97.0,247.5,10757.5,3180.0,"{""type"":""Point"",""coordinates"":[81.68213326380076,21.319366321813078]}",81.68213326380076,21.319366321813078
1301,51.233733229999984,0.0356849596277542,0.0904342779765934,-0.1268816344481538,21824.0,0.0,8995.0,9545.0,10919.0,11755.0,14092.5,15135.5,14029.5,224.0,6186.0,51311.5,726.5,1517.0,9513.0,469.0,418.0,10747.0,3189.5,"{""type"":""Point"",""coordinates"":[81.50027407572995,21.289825627066122]}",81.50027407572995,21.289825627066122
1302,58.09199036000001,0.061683160219187,0.0853088638728597,-0.1249166568615915,21824.0,0.0,8861.5,9563.0,11156.0,12086.5,14341.0,16226.5,14418.5,224.0,6358.5,53318.0,13941.0,1466.5,9671.0,230.0,285.0,12107.0,3064.5,"{""type"":""Point"",""coordinates"":[81.71282574058071,21.142852063279683]}",81.71282574058071,21.142852063279683
1303,44.48827075999998,-0.0255106033335941,0.1422470147302362,-0.126924069137501,21824.0,0.0,8389.0,8798.0,10153.0,9841.0,13105.0,12453.0,11028.0,224.0,6029.0,49338.0,519.0,1559.0,9677.0,85.0,259.0,10350.0,3298.0,"{""type"":""Point"",""coordinates"":[81.6634831851293,21.353376528125082]}",81.6634831851293,21.353376528125082
1304,45.27099734000001,0.0166970339615878,0.1832788181589446,-0.1913292078312163,21824.0,0.0,8955.0,9564.0,11173.0,11361.0,16460.0,17019.0,14262.0,224.0,5997.0,49567.0,287.0,1572.0,9545.0,229.0,301.0,10383.0,3327.0,"{""type"":""Point"",""coordinates"":[81.58211336660408,21.340759732720905]}",81.58211336660408,21.340759732720905
1305,47.57474281999998,-0.0238787375415282,0.1479455243859853,-0.160690466849745,21824.0,0.0,8707.0,9253.0,10697.0,10980.0,14793.0,14103.0,12061.0,224.0,5985.0,50241.0,710.0,1572.0,9703.0,70.0,227.0,10525.0,3329.0,"{""type"":""Point"",""coordinates"":[81.49147505499867,21.233081502738184]}",81.49147505499867,21.233081502738184
1306,46.125502340000025,-0.0091831415166218,0.1865157944365865,-0.2202485817264954,21824.0,0.0,9349.5,10117.5,12061.0,12940.5,18874.5,18531.0,14748.0,209.0,5886.0,49817.0,5833.5,1600.5,9526.5,215.0,330.0,10554.5,3402.5,"{""type"":""Point"",""coordinates"":[81.60658336356458,21.145279671223975]}",81.60658336356458,21.145279671223975
1307,57.28533764000002,0.0718781693201758,0.0842924847664184,-0.1270672870156781,21824.0,0.0,8939.0,9610.0,11163.5,12172.5,14413.5,16646.0,14696.5,224.0,6365.5,53082.0,13929.5,1463.5,9729.5,82.0,232.0,12070.0,3058.0,"{""type"":""Point"",""coordinates"":[81.71789086188808,21.165878950156788]}",81.71789086188808,21.165878950156788
1308,46.21095284,0.0767307746939007,0.096639222567148,-0.1433597185576077,21824.0,0.0,9697.0,10399.0,12175.0,13386.0,16250.0,18951.0,16463.0,224.0,6035.0,49842.0,394.0,1556.0,9583.0,276.0,322.0,10619.0,3292.0,"{""type"":""Point"",""coordinates"":[81.72603800407235,21.315628781029393]}",81.72603800407235,21.315628781029393
1309,47.34573548000003,-0.0208668297797972,0.1629999800903896,-0.1640892785970506,21824.0,0.0,8711.0,9230.5,10486.5,10510.0,14603.5,14006.5,11931.5,224.0,6197.5,50174.0,4955.0,1514.0,9702.0,52.0,242.5,10920.5,3182.5,"{""type"":""Point"",""coordinates"":[81.67905745093204,21.320117605494723]}",81.67905745093204,21.320117605494723
1310,44.86425296000005,0.0349977082193603,0.1460832001685778,-0.1758580308080353,21824.0,0.0,9344.0,10004.0,11436.0,12157.0,16316.5,17500.0,15064.0,224.0,6191.5,49448.0,387.0,1517.0,9662.0,165.0,339.0,10420.0,3189.0,"{""type"":""Point"",""coordinates"":[81.59863292604355,21.350670551172517]}",81.59863292604355,21.350670551172517
1311,57.69208202000004,0.0631310555838857,0.1188988846160538,-0.1616504678975322,21824.0,0.0,9589.5,10239.5,11601.5,12659.0,16075.5,18242.0,15588.5,177.0,6355.5,53201.0,14067.5,1469.5,9670.0,130.0,245.0,12064.0,3070.5,"{""type"":""Point"",""coordinates"":[81.6414376477511,21.140876537378926]}",81.6414376477511,21.140876537378926
1312,47.624304110000026,-0.0096266901822457,0.1355483924291263,-0.1397876223660195,21824.0,0.0,8607.0,9134.5,10369.0,10459.0,13739.0,13477.0,11788.0,224.0,6192.0,50255.5,5072.5,1514.5,9642.0,125.0,293.5,10904.0,3184.0,"{""type"":""Point"",""coordinates"":[81.62196761588206,21.28352707545814]}",81.62196761588206,21.28352707545814
1313,46.04859689,0.0104942502475059,0.1595894689870593,-0.180277237795905,21824.0,0.0,9189.0,9771.0,11280.0,11771.0,16241.5,16586.0,13948.5,224.0,6187.5,49794.5,466.0,1517.0,9655.0,112.0,292.0,10528.0,3190.5,"{""type"":""Point"",""coordinates"":[81.56752484706723,21.310390496050243]}",81.56752484706723,21.310390496050243
1314,47.49271034000003,0.0675063727695306,0.1448875142678302,-0.1621970135864994,21824.0,0.0,8205.0,9409.5,11207.5,11612.0,15547.0,17798.0,15139.0,224.0,5892.5,50217.0,5873.0,1597.5,9707.5,116.0,460.5,10869.5,3395.5,"{""type"":""Point"",""coordinates"":[81.58104191116124,21.12909200457488]}",81.58104191116124,21.12909200457488
1315,50.582600420000006,0.0308867299376649,0.1697480130823067,-0.1959320154541832,21824.0,0.0,9206.0,10024.0,11602.5,12248.5,17257.0,18357.0,15225.5,224.0,5889.5,51121.0,5591.5,1599.5,9631.5,208.0,418.5,11051.5,3399.5,"{""type"":""Point"",""coordinates"":[81.59559241786697,21.18054511101309]}",81.59559241786697,21.18054511101309
1316,43.42697555000001,0.0194122939445232,0.1474456201709462,-0.1716133734171449,21824.0,0.0,9248.5,9880.5,11366.5,11944.5,16076.0,16712.5,14393.5,224.0,6174.5,49027.5,397.0,1521.0,9633.5,105.0,291.5,10280.0,3200.0,"{""type"":""Point"",""coordinates"":[81.56226980175863,21.22741238061922]}",81.56226980175863,21.22741238061922
1317,50.34675704000006,0.0656922908761574,0.1092901240289957,-0.1462671698691545,21824.0,0.0,9448.5,9940.0,11141.0,12011.0,14958.5,17062.0,15043.5,224.0,6181.0,51052.0,651.0,1518.0,9643.5,86.0,243.5,10807.5,3193.0,"{""type"":""Point"",""coordinates"":[81.50063116713504,21.250967375306864]}",81.50063116713504,21.250967375306864
1318,48.77275883000004,0.0135808500244259,0.1509566605232657,-0.1751833313933186,21824.0,0.0,8922.0,9362.5,10629.0,11171.5,15144.0,15561.0,13224.5,224.0,6186.0,50591.5,712.0,1516.5,9611.5,137.0,255.5,10641.5,3189.0,"{""type"":""Point"",""coordinates"":[81.52995606854243,21.27110187318333]}",81.52995606854243,21.27110187318333
1319,47.40213281000001,-0.0044939364901034,0.1348627106938196,-0.1510630644275734,21824.0,0.0,9144.0,9784.0,11210.0,11587.0,15199.5,15063.5,13300.5,224.0,6190.5,50190.5,4949.0,1516.0,9670.0,108.0,291.0,10900.5,3188.5,"{""type"":""Point"",""coordinates"":[81.64796402097583,21.302680904110233]}",81.64796402097583,21.302680904110233
1320,55.93521973999998,0.0064116934941487,0.1473740529158972,-0.1788697178727856,21824.0,0.0,9125.0,9895.0,11576.5,12350.5,16620.0,16834.5,14464.0,224.0,6354.5,52687.0,14081.5,1470.0,9700.0,59.0,228.0,11896.0,3072.0,"{""type"":""Point"",""coordinates"":[81.63576955399385,21.13217499108728]}",81.63576955399385,21.13217499108728
1321,45.44531635999999,0.0058466946447146,0.1310344827586207,-0.1430221049158693,21824.0,0.0,8721.0,9128.0,10390.0,10647.0,13858.0,14021.0,12204.0,224.0,5983.0,49618.0,720.0,1573.0,9697.0,112.0,239.0,10598.0,3331.0,"{""type"":""Point"",""coordinates"":[81.4906336005373,21.238321164227955]}",81.4906336005373,21.238321164227955
1322,42.639121939999995,0.010915860434942,0.1797994751362627,-0.2053071185508541,21824.0,0.0,9208.0,9853.0,11560.0,12189.0,17533.0,17920.0,14867.0,224.0,5977.0,48797.0,338.0,1577.0,9714.0,85.0,297.0,10152.0,3340.0,"{""type"":""Point"",""coordinates"":[81.57486732837336,21.21391307170351]}",81.57486732837336,21.21391307170351
1323,49.30596995000002,0.0370637303970637,0.1446612724099635,-0.1866837724925162,21824.0,0.0,9651.0,10511.5,12362.0,13478.0,18037.0,19425.5,16771.5,177.0,6353.5,50747.5,14103.5,1472.0,9702.5,62.0,224.0,11191.5,3075.5,"{""type"":""Point"",""coordinates"":[81.62133796503925,21.166200654270984]}",81.62133796503925,21.166200654270984
1324,48.64800109999999,0.0162900318868709,0.1132815564446536,-0.1281949358031562,21824.0,0.0,9131.0,9775.0,10966.0,11303.0,14191.0,14661.0,13198.0,224.0,6019.0,50555.0,675.0,1563.0,9670.0,202.0,283.0,10677.0,3308.0,"{""type"":""Point"",""coordinates"":[81.64502591485238,21.350822069407467]}",81.64502591485238,21.350822069407467
1325,48.02250344000004,0.0084410048974543,0.1386180422264875,-0.152532494025762,21824.0,0.0,8978.5,9569.0,10905.0,11219.5,14830.5,15083.0,12958.0,209.0,6191.0,50372.0,4937.0,1516.5,9652.0,71.0,249.5,10954.0,3189.5,"{""type"":""Point"",""coordinates"":[81.6578475029803,21.31711808112733]}",81.6578475029803,21.31711808112733
1326,47.58157886000003,0.059942853668916,0.1527078907152708,-0.1824125406232078,21824.0,0.0,9020.0,9468.0,10692.0,11366.0,15463.0,17435.0,14459.0,224.0,5999.0,50243.0,332.0,1570.0,9620.0,261.0,309.0,10497.0,3322.0,"{""type"":""Point"",""coordinates"":[81.54024304049236,21.340018732131874]}",81.54024304049236,21.340018732131874
1327,47.36282558000005,0.052460190823537,0.1201016244514589,-0.1468096007567099,21824.0,0.0,8985.0,9504.0,10824.0,11429.0,14549.0,16160.0,14101.0,224.0,5970.0,50179.0,444.0,1578.0,9652.0,111.0,269.0,10678.0,3343.0,"{""type"":""Point"",""coordinates"":[81.50521228058373,21.18661186757363]}",81.50521228058373,21.18661186757363
1328,45.32226764000001,0.0058592570220477,0.1644674001485831,-0.1808854129296118,21824.0,0.0,9058.0,9660.0,11416.0,11809.0,16458.0,16652.0,14474.0,224.0,6028.0,49582.0,329.0,1559.0,9668.0,93.0,269.0,10287.0,3298.0,"{""type"":""Point"",""coordinates"":[81.71674944501731,21.297426994121913]}",81.71674944501731,21.297426994121913
1329,45.409427150000056,0.0278339622641509,0.1232690362412361,-0.1444462213692983,21824.0,0.0,9622.0,10420.5,12037.0,12567.5,16101.5,17023.5,15288.0,224.0,5898.5,49607.5,5343.0,1595.0,9778.5,62.0,310.5,10642.0,3391.0,"{""type"":""Point"",""coordinates"":[81.62452244230192,21.227010308198402]}",81.62452244230192,21.227010308198402
1330,46.4604683,0.0162408263114976,0.1207276949874201,-0.1310598070237118,21824.0,0.0,9353.0,9709.0,11122.0,11358.0,14477.0,14955.0,13663.0,224.0,6014.0,49915.0,575.0,1565.0,9691.0,81.0,257.0,10517.0,3312.0,"{""type"":""Point"",""coordinates"":[81.64218225438296,21.34161448920296]}",81.64218225438296,21.34161448920296
1331,47.61405005000006,0.0116694899303594,0.1144282126560786,-0.1372159757440127,21824.0,0.0,9397.0,10184.0,11951.5,12518.0,15753.0,16125.0,14465.5,224.0,5901.0,50252.5,5460.0,1593.5,9698.0,68.0,279.0,10798.0,3387.5,"{""type"":""Point"",""coordinates"":[81.64750991601665,21.2143428309563]}",81.64750991601665,21.2143428309563
1332,59.02510982000001,0.0622942596482427,0.1037714960513691,-0.1410804211811384,21824.0,0.0,9143.0,9810.5,11257.0,12143.0,14955.0,16942.0,14940.5,224.0,6352.0,53591.0,14058.0,1471.0,9486.0,417.0,396.0,12054.5,3074.0,"{""type"":""Point"",""coordinates"":[81.64720642660538,21.13231618232558]}",81.64720642660538,21.13231618232558
1333,48.456591979999985,0.0603897223659251,0.1012126111560226,-0.1153688692376975,21824.0,0.0,8830.0,9350.0,10804.0,11118.0,13622.0,15373.0,13530.0,224.0,6032.0,50499.0,190.0,1558.0,9684.0,123.0,327.0,10607.0,3296.0,"{""type"":""Point"",""coordinates"":[81.7482559777224,21.311174390398158]}",81.7482559777224,21.311174390398158
1334,51.09017639000001,0.0613643562645779,0.1278502473962838,-0.1606608745192992,21824.0,0.0,9719.5,10338.0,11786.0,12603.0,16298.0,18429.0,15894.0,224.0,5980.0,51269.5,280.5,1575.0,9662.0,73.0,281.0,10794.0,3335.0,"{""type"":""Point"",""coordinates"":[81.54849258860824,21.212236508467367]}",81.54849258860824,21.212236508467367
1335,45.95801935999998,-0.0044047473387984,0.1811510791366906,-0.1868719728186221,21824.0,0.0,9096.0,9542.0,11248.0,11382.0,16418.0,16274.0,13766.0,224.0,6030.0,49768.0,450.0,1558.0,9671.0,63.0,260.0,10451.0,3297.0,"{""type"":""Point"",""coordinates"":[81.70930739246609,21.313070960626426]}",81.70930739246609,21.313070960626426
1336,47.79007808000006,0.0240485930333457,0.156263768541636,-0.1782400478898533,21824.0,0.0,8622.5,9346.0,10982.0,11490.0,15746.0,16522.0,13795.5,224.0,6204.0,50304.0,5198.0,1508.0,9656.0,77.0,285.5,10945.5,3171.0,"{""type"":""Point"",""coordinates"":[81.75372878880664,21.25377415394111]}",81.75372878880664,21.25377415394111
1337,52.17881576000002,0.0606010343943666,0.1379826836663865,-0.1638768494993274,21824.0,0.0,9136.5,9802.5,11189.0,11798.0,15575.0,17584.5,14909.5,209.0,6195.5,51588.0,5287.5,1511.5,9384.0,701.0,609.0,11181.0,3178.0,"{""type"":""Point"",""coordinates"":[81.7451982750636,21.230582227208192]}",81.7451982750636,21.230582227208192
1338,46.50148453999998,0.033831189103038,0.0931568477998178,-0.1112538977605593,21824.0,0.0,9455.0,10146.0,11757.0,12195.0,14700.5,15730.0,14574.0,224.0,5909.5,49927.0,5299.5,1589.5,9570.0,102.0,370.5,10611.5,3379.0,"{""type"":""Point"",""coordinates"":[81.62829264328192,21.230832024760392]}",81.62829264328192,21.230832024760392
1339,47.005642490000014,0.0047049951638551,0.1587807531540473,-0.1701939015458155,21824.0,0.0,8899.5,9462.0,10763.0,11018.5,15178.0,15321.5,12840.5,224.0,6192.0,50074.5,4945.0,1516.5,9651.0,129.0,258.0,10850.5,3189.0,"{""type"":""Point"",""coordinates"":[81.67293097479755,21.315690855553022]}",81.67293097479755,21.315690855553022
1340,49.48199798000002,0.0564102564102564,0.134042403324646,-0.1628326893214401,21824.0,0.0,9411.0,9953.0,11591.0,12294.0,16100.0,18025.0,15588.0,224.0,5977.0,50799.0,366.0,1575.0,9735.0,67.0,296.0,10682.0,3337.0,"{""type"":""Point"",""coordinates"":[81.56593582912618,21.177940725850906]}",81.56593582912618,21.177940725850906
1341,54.41249183000002,0.0540439484583525,0.1257765835458419,-0.1671250377047144,21824.0,0.0,9334.5,10078.0,11735.0,12770.0,16444.5,18323.5,15577.5,224.0,6356.5,52241.5,14050.0,1469.5,9631.5,101.0,235.0,11677.5,3070.0,"{""type"":""Point"",""coordinates"":[81.64835639316107,21.156929508309602]}",81.64835639316107,21.156929508309602
1342,50.74495637000001,-0.0035546887288055,0.1262444397373437,-0.1546772354633802,21824.0,0.0,8922.5,9995.0,11677.5,12375.0,15951.0,15838.0,14346.5,209.0,6367.5,51168.5,13951.5,1463.5,9681.0,86.0,228.0,11326.5,3057.5,"{""type"":""Point"",""coordinates"":[81.7010934367912,21.182040296628685]}",81.7010934367912,21.182040296628685
1343,42.00507922999998,-0.0195005588269638,0.1599164926931106,-0.1728267127230857,21824.0,0.0,8635.0,9089.0,10776.0,11066.0,15279.0,14694.5,12151.0,224.0,6192.5,48611.5,189.0,1516.0,9638.0,123.0,346.0,10297.0,3188.0,"{""type"":""Point"",""coordinates"":[81.58129226920894,21.359296031414633]}",81.58129226920894,21.359296031414633
1344,51.20126204000002,0.0252111718825851,0.1486099988559661,-0.171027565024688,21824.0,0.0,8816.0,9373.0,10661.0,11163.0,15060.0,15839.0,13522.0,224.0,6362.0,51302.0,10398.0,1469.0,9660.0,114.0,235.0,11364.0,3068.0,"{""type"":""Point"",""coordinates"":[81.68676803228553,21.241775363613698]}",81.68676803228553,21.241775363613698
1345,42.73140848000003,0.0132259563264674,0.1564961701818709,-0.1790525536639526,21824.0,0.0,9152.0,9789.0,11091.0,11618.0,15929.0,16356.0,13655.0,224.0,5423.0,48824.0,426.0,1728.0,9702.0,96.0,402.0,10086.0,3727.0,"{""type"":""Point"",""coordinates"":[81.61613487666848,21.367662345160976]}",81.61613487666848,21.367662345160976
1346,45.57691012999999,-0.0026816262367845,0.1697441521782124,-0.1852580568763549,21824.0,0.0,8919.0,9513.5,11180.5,11544.5,16265.0,16178.0,13709.0,209.0,6193.0,49656.5,5138.0,1513.5,9678.0,72.0,304.5,10723.5,3183.0,"{""type"":""Point"",""coordinates"":[81.72515286366458,21.257637320052375]}",81.72515286366458,21.257637320052375
1347,46.38185384000002,0.0210181496237273,0.132556281623205,-0.1358136286131027,21824.0,0.0,8809.0,9294.0,10516.5,10586.5,13822.0,14415.5,12483.5,224.0,5716.0,49892.0,446.5,1646.5,9670.0,66.0,276.5,10439.5,3519.5,"{""type"":""Point"",""coordinates"":[81.59014195389284,21.298939830897282]}",81.59014195389284,21.298939830897282
1348,49.95026672000006,0.0406506997547251,0.0910694507117364,-0.1095953274926992,21824.0,0.0,8743.0,9264.5,10671.5,11078.5,13298.5,14425.5,13124.0,209.0,6205.0,50936.0,5385.5,1506.0,9572.0,154.0,280.5,11095.0,3167.0,"{""type"":""Point"",""coordinates"":[81.7686927592246,21.229015861746728]}",81.7686927592246,21.229015861746728
1349,42.56905253000002,-0.022312460850595,0.0834630528339895,-0.0771506599908966,21824.0,0.0,8175.0,8777.5,10137.5,10009.5,11832.5,11316.0,9955.0,226.0,6207.0,48776.5,5167.5,1507.5,9589.0,174.0,274.5,10372.5,3169.5,"{""type"":""Point"",""coordinates"":[81.75474443013985,21.27118726676041]}",81.75474443013985,21.27118726676041
1350,44.45067254000003,0.0327696864971611,0.150734214390602,-0.1606620505794793,21824.0,0.0,9174.0,9900.0,11334.0,11567.0,15673.0,16735.0,14132.0,224.0,6009.0,49327.0,68.0,1566.0,9669.0,122.0,390.0,10213.0,3315.0,"{""type"":""Point"",""coordinates"":[81.67470447602426,21.287563854742935]}",81.67470447602426,21.287563854742935
1351,54.115124089999995,0.0452202561241298,0.0965681388205138,-0.1234212829811179,21824.0,0.0,8812.5,9451.0,10515.0,11102.5,13476.0,14752.5,13479.0,224.0,6353.5,52154.5,14168.5,1471.0,9675.5,122.0,240.0,11680.0,3073.5,"{""type"":""Point"",""coordinates"":[81.59651828540876,21.129589135643286]}",81.59651828540876,21.129589135643286
1352,39.73380494000003,-0.1008480565371024,0.2415909453212179,-0.2142021981448281,21824.0,0.0,8108.0,8617.0,10081.0,9515.0,15577.0,12723.0,10648.0,224.0,5975.0,47947.0,489.0,1577.0,9792.0,170.0,278.0,10001.0,3340.0,"{""type"":""Point"",""coordinates"":[81.52073119433969,21.215028033723527]}",81.52073119433969,21.215028033723527
1353,42.55708946000004,-0.1251701131875062,0.2558070610899122,-0.2436666483224185,21824.0,0.0,8435.0,8890.0,10307.5,10044.0,16949.0,13178.0,10704.5,224.0,6182.5,48773.0,696.5,1519.0,9799.0,132.0,295.5,10275.5,3194.5,"{""type"":""Point"",""coordinates"":[81.54083517733838,21.289318429873052]}",81.54083517733838,21.289318429873052
1354,46.56129988999999,-0.0040884853949352,0.105463134113781,-0.1319663512092534,21824.0,0.0,9447.0,10449.5,12382.5,13066.5,16147.5,16016.0,14242.5,209.0,5894.5,49944.5,5210.0,1597.0,9726.0,89.0,302.5,10713.5,3395.5,"{""type"":""Point"",""coordinates"":[81.67464539011823,21.250649382729698]}",81.67464539011823,21.250649382729698
1355,47.055203780000056,0.0275644460320295,0.0507784020242741,-0.0716207054912852,21824.0,0.0,8555.5,9207.5,10613.0,11066.5,12250.5,12945.0,11217.0,224.0,6190.5,50089.0,5100.5,1514.5,9652.0,143.0,321.5,10852.0,3185.0,"{""type"":""Point"",""coordinates"":[81.63415207508662,21.26830450860564]}",81.63415207508662,21.26830450860564
1356,48.64800109999999,0.0386692003740234,0.132909142613394,-0.1625811629094623,21824.0,0.0,9329.0,9902.0,11478.5,12196.5,15935.5,17217.5,15520.5,224.0,6187.5,50555.0,498.5,1517.0,9555.5,344.0,356.5,10652.0,3190.0,"{""type"":""Point"",""coordinates"":[81.53571772819797,21.313620875166183]}",81.53571772819797,21.313620875166183
1357,48.96587696000006,0.0178898624113002,0.1221071863580998,-0.1424142608021701,21824.0,0.0,8908.0,9586.5,11065.0,11532.0,14740.0,15277.0,13408.0,224.0,6201.5,50648.0,5289.0,1509.0,9733.0,38.0,272.0,11119.0,3172.5,"{""type"":""Point"",""coordinates"":[81.76562137549165,21.24138928648001]}",81.76562137549165,21.24138928648001
1358,53.11877126000002,0.0464496769650019,0.109045584045584,-0.1519567951468521,21824.0,0.0,9304.0,9961.0,11463.0,12509.0,15571.0,17088.0,14584.0,194.0,6366.0,51863.0,10307.0,1467.0,9633.0,189.0,261.0,11547.0,3065.0,"{""type"":""Point"",""coordinates"":[81.6956078184148,21.249515236607824]}",81.6956078184148,21.249515236607824
1359,48.82232012000003,0.047072772134457,0.130765428343283,-0.1471666088029934,21824.0,0.0,9027.0,9604.0,11054.0,11430.0,14869.0,16338.0,13939.0,224.0,5975.0,50606.0,544.0,1577.0,9721.0,53.0,257.0,10714.0,3340.0,"{""type"":""Point"",""coordinates"":[81.51588460624755,21.21954717613613]}",81.51588460624755,21.21954717613613
1360,45.385501009999984,0.0063788960533821,0.1534123974073405,-0.1482509938669916,21824.0,0.0,8585.0,9079.5,10659.0,10547.0,14369.5,14554.0,12244.0,224.0,5972.0,49600.5,69.5,1577.0,9654.0,153.0,406.5,10286.5,3341.0,"{""type"":""Point"",""coordinates"":[81.57286736490273,21.135738891806312]}",81.57286736490273,21.135738891806312
1361,49.61359175000001,0.0397117544297479,0.148362306946206,-0.1743857775064855,21824.0,0.0,9158.0,9595.0,10820.5,11414.5,15391.5,16664.5,14164.0,224.0,6177.5,50837.5,764.0,1521.5,9623.5,137.0,257.5,10735.0,3200.0,"{""type"":""Point"",""coordinates"":[81.5325797182466,21.284023341550277]}",81.5325797182466,21.284023341550277
1362,44.601065420000054,0.0320629883543394,0.1568213531790046,-0.1901641758079953,21824.0,0.0,9075.0,9635.0,11000.0,11783.0,16166.0,17237.0,14268.0,224.0,6014.0,49371.0,97.0,1564.0,9737.0,67.0,412.0,10488.0,3310.0,"{""type"":""Point"",""coordinates"":[81.5756384418391,21.374396830669347]}",81.5756384418391,21.374396830669347
1363,56.26676768000005,0.0662047280773261,0.1256404857162911,-0.1706266652067593,21824.0,0.0,9403.0,9975.0,11362.0,12457.0,16037.0,18311.0,15571.0,224.0,6367.0,52784.0,10719.0,1465.0,9651.0,89.0,233.0,11899.0,3061.0,"{""type"":""Point"",""coordinates"":[81.68063603311882,21.213015958271487]}",81.68063603311882,21.213015958271487
1364,45.26757931999998,-0.0094966761633428,0.177534894025552,-0.1910364145658263,21824.0,0.0,8868.0,9361.0,10830.0,11137.0,15945.0,15645.0,13364.0,224.0,6006.0,49566.0,247.0,1567.0,9588.0,176.0,334.0,10412.0,3317.0,"{""type"":""Point"",""coordinates"":[81.56988850651871,21.35644288335758]}",81.56988850651871,21.35644288335758
1365,45.54272993000001,0.0084745762711864,0.1639563803328869,-0.1739507959479015,21824.0,0.0,8627.0,9201.0,10702.5,10925.0,15210.0,15470.0,12937.5,224.0,6207.0,49646.5,4664.0,1510.5,9591.0,157.0,304.5,10663.0,3175.5,"{""type"":""Point"",""coordinates"":[81.71523366229542,21.34889275355719]}",81.71523366229542,21.34889275355719
1366,45.29150546000005,0.0375916490617621,0.1465689540306462,-0.1733202030149231,21824.0,0.0,9018.0,9545.0,10913.0,11529.0,15489.0,16699.0,13973.0,224.0,5975.0,49573.0,469.0,1575.0,9598.0,70.0,261.0,10321.0,3338.0,"{""type"":""Point"",""coordinates"":[81.51747317271783,21.187867859884616]}",81.51747317271783,21.187867859884616
1367,47.03982269000005,0.0137776861731644,0.1544486099253925,-0.172465789572888,21824.0,0.0,8789.5,9401.5,10976.0,11390.0,15551.0,15985.5,13495.5,209.0,6190.5,50084.5,5131.5,1515.0,9658.0,77.0,306.5,10859.0,3186.5,"{""type"":""Point"",""coordinates"":[81.72415728469635,21.25851186316747]}",81.72415728469635,21.25851186316747
1368,46.604025139999976,-0.0148654534436722,0.0909979235373152,-0.1163604549431321,21824.0,0.0,8622.0,9252.5,10605.0,11163.0,13398.0,13005.5,11860.0,224.0,6176.5,49957.0,461.5,1521.0,9685.0,101.0,253.5,10617.5,3199.0,"{""type"":""Point"",""coordinates"":[81.55098736180356,21.25566119751947]}",81.55098736180356,21.25566119751947
1369,47.31497330000002,0.0344664218879545,0.1716852317642831,-0.1898124498285047,21824.0,0.0,9188.0,9742.0,11102.0,11526.0,16304.0,17468.0,14702.0,224.0,6006.0,50165.0,190.0,1567.0,9633.0,221.0,298.0,10473.0,3317.0,"{""type"":""Point"",""coordinates"":[81.55792326809429,21.347405444191033]}",81.55792326809429,21.347405444191033
1370,49.64264492000001,-0.016026936026936,0.1262222885720683,-0.1468095618135522,21824.0,0.0,8974.0,9760.0,11225.0,11706.0,15088.0,14612.0,12846.0,224.0,6374.0,50846.0,9997.0,1464.0,9635.0,124.0,236.0,11186.0,3058.0,"{""type"":""Point"",""coordinates"":[81.62942915238123,21.282548170431962]}",81.62942915238123,21.282548170431962
1371,47.98832324,0.0302887188690532,0.1674468851278358,-0.1787286157143404,21824.0,0.0,9019.0,9500.5,10729.5,10982.0,15399.5,16361.5,13462.0,224.0,6185.0,50362.0,5357.5,1516.0,9669.0,86.0,410.5,10961.0,3188.5,"{""type"":""Point"",""coordinates"":[81.70352498869225,21.213404198040006]}",81.70352498869225,21.213404198040006
1372,47.95414304000002,0.0253128453777318,0.1118160190325138,-0.1248997058036908,21824.0,0.0,8808.0,9420.0,10634.0,10920.0,13669.5,14379.5,12612.5,209.0,6193.5,50352.0,4935.5,1516.0,9683.0,100.0,249.5,10969.0,3187.5,"{""type"":""Point"",""coordinates"":[81.66479993432212,21.328493834499014]}",81.66479993432212,21.328493834499014
1373,48.743705660000046,0.0524025610741592,0.1270563010609589,-0.1447022602688293,21824.0,0.0,9311.0,9971.0,11390.0,11807.0,15244.0,16930.0,14820.0,224.0,6036.0,50583.0,291.0,1557.0,9701.0,69.0,271.0,10605.0,3294.0,"{""type"":""Point"",""coordinates"":[81.74272296752075,21.32941546651033]}",81.74272296752075,21.32941546651033
1374,48.50786228000004,0.038138536338953,0.1138083574013819,-0.1458552730555137,21824.0,0.0,9240.0,9790.0,11355.0,12120.0,15233.0,16441.0,14986.0,224.0,6016.0,50514.0,189.0,1563.0,9635.0,248.0,382.0,10552.0,3307.0,"{""type"":""Point"",""coordinates"":[81.56782202197115,21.366340285161577]}",81.56782202197115,21.366340285161577
1375,48.98638507999999,0.0430890464933018,0.1195191208467013,-0.1567596402987349,21824.0,0.0,9082.0,9730.0,11065.0,11938.0,15179.0,16546.0,14054.0,224.0,6032.0,50654.0,209.0,1558.0,9684.0,123.0,318.0,10618.0,3296.0,"{""type"":""Point"",""coordinates"":[81.74735895017234,21.312703497526545]}",81.74735895017234,21.312703497526545
1376,46.733909900000015,0.0273344778681794,0.1422310268052804,-0.1707185596463802,21824.0,0.0,9486.5,10160.0,11538.0,12232.0,16288.5,17204.0,14681.0,224.0,6172.0,49995.0,375.0,1522.5,9639.5,137.0,297.5,10549.0,3202.5,"{""type"":""Point"",""coordinates"":[81.56054910130057,21.22612923216906]}",81.56054910130057,21.22612923216906
1377,49.86481622000002,0.0774809442758824,0.1150467808010876,-0.1554789314646942,21824.0,0.0,9440.5,9955.0,11389.0,12367.0,15582.5,18200.0,15387.0,224.0,6204.0,50911.0,5186.0,1508.0,9725.0,64.0,278.5,11199.0,3171.0,"{""type"":""Point"",""coordinates"":[81.74845294797511,21.25819617811364]}",81.74845294797511,21.25819617811364
1378,48.07206473000002,0.0166528024108109,0.1452282157676348,-0.159063159063159,21824.0,0.0,9038.5,9773.0,11364.0,11690.5,15663.0,16193.5,13977.0,224.0,5898.0,50386.5,5305.5,1595.0,9614.0,141.0,307.0,10787.5,3391.5,"{""type"":""Point"",""coordinates"":[81.67056668740474,21.235425408406712]}",81.67056668740474,21.235425408406712
1379,47.11672814000002,0.0455649878513363,0.1309849642768279,-0.1550441064362725,21824.0,0.0,9392.0,10082.0,11638.0,12224.0,15909.0,17428.0,15335.0,224.0,6026.0,50107.0,413.0,1560.0,9676.0,110.0,268.0,10448.0,3300.0,"{""type"":""Point"",""coordinates"":[81.70930407459993,21.309590917905616]}",81.70930407459993,21.309590917905616
1380,42.42891371000002,-0.0374317775666929,0.1901226359338061,-0.1934288995073526,21824.0,0.0,8900.0,9437.5,10887.5,10962.5,16109.5,14947.0,12544.5,224.0,5721.0,48735.5,415.5,1643.5,9683.5,81.0,270.0,10254.0,3512.5,"{""type"":""Point"",""coordinates"":[81.58178547065631,21.260230873773764]}",81.58178547065631,21.260230873773764
1381,42.30415598000002,-0.0152237330825269,0.1238639772707219,-0.1458232129684604,21824.0,0.0,9420.0,10090.0,11869.0,12412.0,15921.5,15444.0,13828.5,224.0,6187.0,48699.0,537.0,1516.0,9723.0,87.0,267.5,10250.5,3188.5,"{""type"":""Point"",""coordinates"":[81.57691445018718,21.272165919736015]}",81.57691445018718,21.272165919736015
1382,43.10397266000001,0.0221887658171129,0.0836643890036548,-0.1096286051336289,21824.0,0.0,8867.0,9643.0,10944.0,11533.0,13639.0,14258.0,13165.0,224.0,6027.0,48933.0,532.0,1560.0,9708.0,97.0,260.0,10403.0,3300.0,"{""type"":""Point"",""coordinates"":[81.6789460286822,21.33601270428264]}",81.6789460286822,21.33601270428264
1383,48.32328919999998,0.0594991185315773,0.1700370907918077,-0.20770357547107,21824.0,0.0,9616.5,10359.0,11899.5,12866.5,18138.5,20433.5,16715.0,192.0,5890.5,50460.0,5845.5,1598.0,9621.5,223.0,336.0,10826.5,3397.5,"{""type"":""Point"",""coordinates"":[81.60943798698078,21.14166177967572]}",81.60943798698078,21.14166177967572
1384,47.57645183,0.0125358229161172,0.0819703712265695,-0.1052641936436091,21824.0,0.0,9080.5,9872.5,11366.5,11913.5,14041.0,14397.5,13484.0,224.0,6184.5,50241.5,439.5,1517.0,9696.0,89.0,254.0,10672.5,3191.0,"{""type"":""Point"",""coordinates"":[81.56902072964307,21.263084730079072]}",81.56902072964307,21.263084730079072
1385,49.244445590000055,0.0339180239842491,0.1530861120507023,-0.1783648073354437,21824.0,0.0,9158.0,9844.5,11290.5,11893.0,16192.5,17329.5,14718.5,209.0,6203.0,50729.5,5183.0,1509.0,9721.0,59.0,256.5,11133.0,3173.5,"{""type"":""Point"",""coordinates"":[81.7408410833771,21.26638421786256]}",81.7408410833771,21.26638421786256
1386,47.48074727000005,0.0137993616621816,0.1104573321119019,-0.1346641945529494,21824.0,0.0,9453.5,10261.5,12018.0,12623.5,15758.5,16199.5,14751.0,224.0,5903.0,50213.5,5464.5,1593.5,9654.0,112.0,265.0,10755.0,3386.5,"{""type"":""Point"",""coordinates"":[81.59591435987092,21.226210616410437]}",81.59591435987092,21.226210616410437
1387,48.66338218999999,0.0276440962506994,0.141141591924044,-0.1634527089072543,21824.0,0.0,9068.5,9597.5,10932.0,11443.0,15204.0,16068.5,14007.5,224.0,6183.0,50559.5,724.5,1518.0,9683.0,90.0,240.0,10665.5,3192.0,"{""type"":""Point"",""coordinates"":[81.49371573894753,21.276615137559382]}",81.49371573894753,21.276615137559382
1388,40.031172680000054,-0.0051136171221511,0.1182698466523492,-0.1402228198232808,21824.0,0.0,8986.0,9992.0,11190.0,11701.0,14840.0,14689.0,13235.0,224.0,6005.0,48034.0,15.0,1567.0,9715.0,78.0,593.0,9864.0,3317.0,"{""type"":""Point"",""coordinates"":[81.67642136669919,21.268114354095502]}",81.67642136669919,21.268114354095502
1389,49.47857996000005,0.0557981562348374,0.13516110215146,-0.1724968988126883,21824.0,0.0,9451.0,10106.0,11674.0,12602.0,16541.0,18496.0,15697.0,224.0,6011.0,50798.0,295.0,1565.0,9665.0,82.0,292.0,10609.0,3311.0,"{""type"":""Point"",""coordinates"":[81.55799667659667,21.36180234661945]}",81.55799667659667,21.36180234661945
1390,55.77115478000002,0.0223779442980997,0.1687763713080168,-0.2151440015258439,21824.0,0.0,9707.0,10612.0,12345.0,13593.0,19113.0,19988.0,16298.0,160.0,6353.0,52639.0,11739.0,1471.0,9329.0,646.0,550.0,11577.0,3074.0,"{""type"":""Point"",""coordinates"":[81.60439366432846,21.12683837310062]}",81.60439366432846,21.12683837310062
1391,47.465366180000046,0.0268953297051006,0.1556006463006801,-0.1512746602777673,21824.0,0.0,9259.0,9950.0,11336.0,11236.0,15377.0,16227.0,14633.0,224.0,6038.0,50209.0,268.0,1555.0,9687.0,79.0,283.0,10682.0,3290.0,"{""type"":""Point"",""coordinates"":[81.74825820501628,21.31904248262883]}",81.74825820501628,21.31904248262883
1392,59.18917478000003,0.0801347611599085,0.0989326912710676,-0.1409383453036097,21824.0,0.0,9351.0,10040.5,11512.5,12537.0,15290.0,17954.0,15821.0,224.0,6357.5,53639.0,13999.0,1468.0,9692.0,79.0,234.0,12248.5,3068.0,"{""type"":""Point"",""coordinates"":[81.676660735297,21.1472554762884]}",81.676660735297,21.1472554762884
1393,38.622948440000016,-0.0316546762589928,0.1163876994939665,-0.0864150764714238,21824.0,0.0,8104.0,8516.0,9647.0,9080.0,11472.0,10768.0,9626.0,224.0,6001.0,47622.0,364.0,1570.0,9668.0,111.0,262.0,9729.0,3322.0,"{""type"":""Point"",""coordinates"":[81.5812960109481,21.332279643691507]}",81.5812960109481,21.332279643691507
1394,46.39210790000004,-0.0830343862105171,0.0810952443338137,-0.0591708381465793,21824.0,0.0,9090.0,9503.0,10995.0,10521.0,12378.0,10480.0,9626.0,224.0,5987.0,49895.0,650.0,1571.0,9636.0,145.0,245.0,10386.0,3328.0,"{""type"":""Point"",""coordinates"":[81.50956142795505,21.2343388773718]}",81.50956142795505,21.2343388773718
1395,57.94159748000004,0.0740999462654486,0.1271300081766148,-0.1775036730788943,21824.0,0.0,9857.0,10528.0,12036.0,13344.0,17231.0,19989.0,17237.0,160.0,6367.0,53274.0,10699.0,1465.0,9615.0,116.0,241.0,12053.0,3061.0,"{""type"":""Point"",""coordinates"":[81.6841651691492,21.214866514133718]}",81.6841651691492,21.214866514133718
1396,42.72799046,0.0107154524665142,0.1328843995510662,-0.1377794476798797,21824.0,0.0,9242.0,9840.0,11474.0,11589.0,15141.0,15469.0,14088.0,224.0,6003.0,48823.0,219.0,1566.0,9669.0,72.0,317.0,10126.0,3314.0,"{""type"":""Point"",""coordinates"":[81.6081883357368,21.232174063681864]}",81.6081883357368,21.232174063681864
1397,57.94159748000004,0.0934154525514576,0.1030363012972323,-0.1501971914046662,21824.0,0.0,9496.5,10097.0,11528.0,12688.0,15603.0,18818.5,16918.5,160.0,6359.5,53274.0,13959.0,1466.0,9704.5,95.0,236.0,12119.5,3063.5,"{""type"":""Point"",""coordinates"":[81.70143101670273,21.138619263385433]}",81.70143101670273,21.138619263385433
1398,44.26780846999998,0.0115037930977241,0.1369980715254043,-0.1555762550697638,21824.0,0.0,8728.5,9249.5,10878.5,11299.5,14887.0,15233.5,13225.5,224.0,6173.0,49273.5,384.5,1521.5,9547.5,104.0,268.5,10338.5,3202.0,"{""type"":""Point"",""coordinates"":[81.54304529909231,21.238187918277255]}",81.54304529909231,21.238187918277255
1399,47.04494971999998,0.0293596120953442,0.1448242675501101,-0.170406811731315,21824.0,0.0,9161.0,9700.5,10961.0,11551.5,15464.0,16399.5,13923.5,224.0,6186.0,50086.0,531.5,1517.0,9679.5,70.0,268.5,10508.5,3191.0,"{""type"":""Point"",""coordinates"":[81.5739515353521,21.29701430813667]}",81.5739515353521,21.29701430813667
1400,50.18611010000001,0.0689734584604755,0.1208456073470802,-0.1529713735695697,21824.0,0.0,9502.0,10330.0,11880.0,12684.0,16171.0,18567.0,16034.0,224.0,6034.0,51005.0,183.0,1557.0,9708.0,60.0,326.0,10739.0,3294.0,"{""type"":""Point"",""coordinates"":[81.75172467704498,21.311192266362788]}",81.75172467704498,21.311192266362788
1401,49.23590053999999,0.0495347480269017,0.1526143304036943,-0.1751082086718809,21824.0,0.0,9046.0,9566.0,10863.0,11377.0,15475.0,17088.0,14086.0,224.0,6004.0,50727.0,283.0,1568.0,9588.0,245.0,309.0,10587.0,3318.0,"{""type"":""Point"",""coordinates"":[81.54998296595062,21.354479579184055]}",81.54998296595062,21.354479579184055
1402,49.7075873,0.0172276543654906,0.1424979483508232,-0.1680322747639193,21824.0,0.0,9251.5,9983.0,11651.5,12277.5,16358.0,16931.5,14425.5,224.0,5901.0,50865.0,5381.5,1593.0,9668.0,106.0,331.0,10994.0,3386.5,"{""type"":""Point"",""coordinates"":[81.66597316768926,21.21431770623362]}",81.66597316768926,21.21431770623362
1403,56.78972474,0.0613490476691571,0.1094921639006361,-0.1537964040874401,21824.0,0.0,9150.0,9848.5,11448.5,12529.0,15610.0,17650.5,15304.5,224.0,6364.5,52937.0,13979.5,1465.0,9752.0,79.0,231.0,12035.5,3061.0,"{""type"":""Point"",""coordinates"":[81.68519158351786,21.170840726447814]}",81.68519158351786,21.170840726447814
1404,50.07160643000003,0.0547606169379292,0.0893258533083999,-0.1136859587123187,21824.0,0.0,9106.0,9753.5,11474.0,12053.0,14417.5,16088.0,14159.5,224.0,6192.0,50971.5,634.0,1515.0,9745.0,98.0,286.5,10847.5,3185.0,"{""type"":""Point"",""coordinates"":[81.51445272480112,21.31828289951148]}",81.51445272480112,21.31828289951148
1405,48.69756239000003,0.0623558741040822,0.1522172015011105,-0.1707554327736814,21824.0,0.0,8820.0,9364.5,10656.0,11069.5,15044.5,17045.5,13925.0,224.0,6188.0,50569.5,5418.0,1513.5,9662.0,66.0,368.5,11026.5,3184.0,"{""type"":""Point"",""coordinates"":[81.72803567899308,21.203432623686933]}",81.72803567899308,21.203432623686933
1406,48.74028764000002,-0.0194983603651511,0.0289368934209937,-0.0384111938614308,21824.0,0.0,9173.0,9411.0,10652.0,10856.0,11503.0,11063.0,10211.0,224.0,5982.0,50582.0,250.0,1572.0,9657.0,96.0,305.0,10531.0,3330.0,"{""type"":""Point"",""coordinates"":[81.56079742905001,21.160084535648263]}",81.56079742905001,21.160084535648263
1407,48.21049454000001,0.0820087762067284,0.1062279670975323,-0.13581339231852,21824.0,0.0,9180.0,9621.0,10744.0,11409.0,14121.0,16644.0,14034.0,224.0,5995.0,50427.0,666.0,1571.0,9700.0,73.0,258.0,10644.0,3326.0,"{""type"":""Point"",""coordinates"":[81.56135257529698,21.300781227187265]}",81.56135257529698,21.300781227187265
1408,48.06351968000001,0.0125843845378959,0.1799349611024273,-0.1960298670551812,21824.0,0.0,8819.5,9509.5,11036.5,11411.0,16418.5,16837.0,13836.0,209.0,6187.0,50384.0,5399.5,1514.5,9627.0,69.0,308.0,10937.0,3185.5,"{""type"":""Point"",""coordinates"":[81.70733600342575,21.20956936621514]}",81.70733600342575,21.20956936621514
1409,55.333648219999986,0.0557603138746879,0.1274243634105225,-0.1642600601040826,21824.0,0.0,9121.0,9871.0,11402.0,12293.5,15884.0,17760.0,15083.0,224.0,6364.5,52511.0,13994.5,1466.0,9741.0,91.0,232.0,11868.0,3062.0,"{""type"":""Point"",""coordinates"":[81.67465904876981,21.184846193119032]}",81.67465904876981,21.184846193119032
1410,48.50786228000004,0.0535234164947164,0.1259716591661397,-0.1547909673481843,21824.0,0.0,9054.0,9701.0,11079.0,11750.0,15137.0,16849.0,14593.0,224.0,5978.0,50514.0,294.0,1573.0,9668.0,46.0,278.0,10542.0,3332.0,"{""type"":""Point"",""coordinates"":[81.54487320267408,21.144616583273162]}",81.54487320267408,21.144616583273162
1411,48.53178842,0.0121860801125453,0.0793070499771509,-0.0946321732535603,21824.0,0.0,8780.5,9457.5,10744.0,11081.0,12990.0,13310.5,12411.5,224.0,6191.5,50521.0,5013.0,1515.5,9593.0,147.0,262.5,10957.0,3187.0,"{""type"":""Point"",""coordinates"":[81.61903922649567,21.313229035733386]}",81.61903922649567,21.313229035733386
1412,53.14098839000002,0.0410317191556609,0.1476721998007396,-0.1842687623063653,21824.0,0.0,9362.0,10056.0,11703.5,12618.5,16991.0,18445.0,15459.5,209.0,6361.0,51869.5,14072.0,1468.0,9668.0,136.0,243.0,11572.0,3066.5,"{""type"":""Point"",""coordinates"":[81.63553118856699,21.17162840813797]}",81.63553118856699,21.17162840813797
1413,50.51082200000002,0.0251967653044684,0.0619003708136318,-0.0878758642868628,21824.0,0.0,9342.0,10006.5,11345.0,11953.5,13531.0,14230.5,13547.5,224.0,6199.0,51100.0,4960.0,1512.0,9643.0,72.0,250.0,11195.5,3179.0,"{""type"":""Point"",""coordinates"":[81.63857630079737,21.31516486536606]}",81.63857630079737,21.31516486536606
1414,50.27326961000006,0.0255148166750376,0.1106743502652368,-0.131729890532947,21824.0,0.0,9204.0,9851.5,11164.0,11651.5,14551.5,15313.5,13758.0,209.0,6191.5,51030.5,5117.5,1515.0,9722.0,102.0,265.0,11234.0,3185.5,"{""type"":""Point"",""coordinates"":[81.61216413758785,21.285603258148598]}",81.61216413758785,21.285603258148598
1415,44.173812920000046,0.0350616032686155,0.1484902175142307,-0.1547149787750151,21824.0,0.0,9161.0,9443.0,11151.0,11294.0,15233.0,16340.0,14426.0,224.0,6032.0,49246.0,270.0,1556.0,9639.0,103.0,286.0,10263.0,3292.0,"{""type"":""Point"",""coordinates"":[81.73790270924383,21.2787840547004]}",81.73790270924383,21.2787840547004
1416,49.04790944000001,0.0157572761539887,0.14664171046001,-0.178280810770824,21824.0,0.0,9079.0,9641.0,11108.0,11854.0,15928.0,16438.0,13840.0,224.0,6015.0,50672.0,105.0,1564.0,9638.0,198.0,404.0,10610.0,3309.0,"{""type"":""Point"",""coordinates"":[81.58038764306933,21.37356013475872]}",81.58038764306933,21.37356013475872
1417,53.35461464000002,-0.0130973677485305,0.1668996982853778,-0.1874789381061145,21824.0,0.0,8532.0,9273.0,10850.0,11321.0,15857.0,15447.0,12693.0,224.0,6369.0,51932.0,10905.0,1463.0,9675.0,89.0,230.0,11600.0,3056.0,"{""type"":""Point"",""coordinates"":[81.72528101371395,21.194936621031907]}",81.72528101371395,21.194936621031907
1418,46.68605762000004,0.0279930948109535,0.1449304254216339,-0.1580900145184707,21824.0,0.0,8848.0,9289.0,10438.0,10723.0,14358.0,15185.0,12934.0,224.0,5999.0,49981.0,534.0,1570.0,9646.0,76.0,259.0,10508.0,3323.0,"{""type"":""Point"",""coordinates"":[81.5888985686346,21.30242078696021]}",81.5888985686346,21.30242078696021
1419,43.36203317000002,-0.1015420701459657,0.1936115404430705,-0.2178301093355761,21824.0,0.0,8995.5,9643.0,11160.0,11739.0,17376.0,14172.5,13594.5,224.0,5976.0,49008.5,378.0,1576.0,9745.0,67.0,250.0,10231.5,3339.0,"{""type"":""Point"",""coordinates"":[81.531649359864,21.217967256243384]}",81.531649359864,21.217967256243384
1420,45.55811102000001,-0.0214779163801853,0.1553259641911533,-0.1774984903381642,21824.0,0.0,8944.5,9480.0,10896.5,11405.0,15599.5,14943.5,13113.5,224.0,6177.5,49651.0,564.5,1520.5,9707.0,47.0,283.5,10509.0,3197.5,"{""type"":""Point"",""coordinates"":[81.53749914784717,21.255985821273345]}",81.53749914784717,21.255985821273345
1421,45.46240646000001,-0.0335408461440731,0.2151085718553371,-0.2103178293131985,21824.0,0.0,8584.0,9088.0,10615.5,10509.5,16270.0,15214.0,12643.0,224.0,6184.5,49623.0,635.0,1518.0,9833.5,81.0,273.5,10636.0,3193.0,"{""type"":""Point"",""coordinates"":[81.52309470588641,21.307818196543643]}",81.52309470588641,21.307818196543643
1422,41.25995087000001,0.0208559164028964,0.1690221048817104,-0.1961649834027826,21824.0,0.0,9261.0,9928.5,11381.5,12039.0,16936.5,17658.0,15005.5,224.0,6176.0,48393.5,364.0,1521.0,9669.5,90.0,281.0,10113.5,3198.5,"{""type"":""Point"",""coordinates"":[81.56623345855718,21.240350959607838]}",81.56623345855718,21.240350959607838
1423,46.08106808000002,-0.0197500485656931,0.1979309295603225,-0.1839266248167499,21824.0,0.0,8675.0,9121.0,10855.0,10544.0,15748.0,15138.0,12871.0,224.0,6038.0,49804.0,243.0,1554.0,9668.0,68.0,294.0,10354.0,3287.0,"{""type"":""Point"",""coordinates"":[81.73396149871513,21.295337955977512]}",81.73396149871513,21.295337955977512
1424,48.608693870000025,0.0383795030161866,0.1716649925862151,-0.2132939292377288,21824.0,0.0,9351.0,10162.5,11912.5,12988.5,18372.0,19838.5,15795.0,192.0,5895.0,50543.5,5662.5,1596.5,9649.0,214.0,344.0,10873.5,3394.0,"{""type"":""Point"",""coordinates"":[81.58469658097094,21.174053788514165]}",81.58469658097094,21.174053788514165
1425,56.72307335000005,0.0406807804068078,0.1465934260653849,-0.1807598262837122,21824.0,0.0,9146.5,9810.5,11224.0,12040.5,16177.0,17549.0,14589.5,209.0,6356.5,52917.5,14051.0,1470.0,9717.5,109.0,238.0,11999.5,3071.5,"{""type"":""Point"",""coordinates"":[81.64653820969049,21.167462331412988]}",81.64653820969049,21.167462331412988
1426,41.88715754000003,-0.0555384982772148,0.1893980164526793,-0.1842311740503301,21824.0,0.0,8515.0,9059.5,10657.0,10543.5,15470.5,13842.5,11627.5,224.0,6177.0,48577.0,575.5,1521.0,9556.0,113.0,277.0,10017.0,3199.5,"{""type"":""Point"",""coordinates"":[81.54482321671345,21.266702204139808]}",81.54482321671345,21.266702204139808
1427,55.528475360000016,-0.0011233042426337,0.1611157507933856,-0.1952544704264099,21824.0,0.0,9168.0,9950.0,11701.0,12556.0,17379.0,17340.0,14380.0,224.0,6367.0,52568.0,10923.0,1465.0,9670.0,59.0,227.0,11834.0,3060.0,"{""type"":""Point"",""coordinates"":[81.66498384495378,21.19570977825116]}",81.66498384495378,21.19570977825116
1428,43.77390458000002,0.0277355976324026,0.1338224133569441,-0.1635945555019842,21824.0,0.0,9141.0,9835.0,11276.0,11984.0,15687.0,16582.0,14616.0,224.0,6038.0,49129.0,45.0,1557.0,9664.0,122.0,423.0,10443.0,3292.0,"{""type"":""Point"",""coordinates"":[81.7259440652689,21.347768049807698]}",81.7259440652689,21.347768049807698
1429,45.25390723999999,0.0480654643679987,0.1708794788273615,-0.2016447148492344,21824.0,0.0,9603.0,10211.0,11941.0,12727.0,17973.0,19788.0,16314.0,194.0,5977.0,49562.0,90.0,1575.0,9671.0,100.0,388.0,10285.0,3337.0,"{""type"":""Point"",""coordinates"":[81.5760365359304,21.1575292029539]}",81.5760365359304,21.1575292029539
1430,43.66794596,0.0279272024480592,0.1096076773173511,-0.1236967530533214,21824.0,0.0,9491.0,10093.0,11767.0,12108.0,15089.0,15956.0,14781.0,224.0,5989.0,49098.0,185.0,1572.0,9689.0,109.0,339.0,10158.0,3328.0,"{""type"":""Point"",""coordinates"":[81.60151397697163,21.22026701015187]}",81.60151397697163,21.22026701015187
1431,45.26074328000004,0.013814766246836,0.1574087329992841,-0.1703521407115196,21824.0,0.0,9017.0,9770.0,11462.0,11771.0,16169.0,16622.0,14164.0,224.0,6020.0,49564.0,83.0,1561.0,9702.0,33.0,373.0,10301.0,3304.0,"{""type"":""Point"",""coordinates"":[81.71869236039753,21.27342202299305]}",81.71869236039753,21.27342202299305
1432,51.13290164,0.1005609398388242,0.1004680244926651,-0.1396823572235952,21824.0,0.0,9159.0,9778.5,11226.5,12156.5,14872.0,18197.5,15336.0,224.0,6203.0,51282.0,5126.0,1509.0,9680.0,59.0,265.5,11299.5,3173.5,"{""type"":""Point"",""coordinates"":[81.73519692906817,21.273413641121962]}",81.73519692906817,21.273413641121962
1433,52.12925446999998,0.0293884760628578,0.1432517263025737,-0.1765292185019749,21824.0,0.0,8818.5,9560.5,11153.5,11942.0,15935.5,16900.5,14117.0,224.0,6358.5,51573.5,14028.5,1469.0,9688.0,75.0,227.0,11478.5,3069.0,"{""type"":""Point"",""coordinates"":[81.65771684390108,21.17107455377971]}",81.65771684390108,21.17107455377971
1434,46.73220089000006,0.0093222799264539,0.1651870399878594,-0.1783076598438489,21824.0,0.0,8694.5,9317.0,10708.5,11002.0,15356.0,15645.0,12895.0,224.0,6203.0,49994.5,5247.5,1508.0,9688.0,92.0,305.5,10850.0,3170.5,"{""type"":""Point"",""coordinates"":[81.75442720198348,21.238411267002192]}",81.75442720198348,21.238411267002192
1435,45.882822920000024,0.0158564095857717,0.1603129938711791,-0.1712612595085698,21824.0,0.0,8794.0,9324.0,10649.5,10892.0,15051.0,15536.0,13246.0,224.0,6176.5,49746.0,727.5,1521.0,9768.5,140.0,249.5,10540.0,3199.5,"{""type"":""Point"",""coordinates"":[81.50746233307349,21.26892930886639]}",81.50746233307349,21.26892930886639
1436,49.174376180000024,0.0090131518440172,0.0927437756706049,-0.1383846031941681,21824.0,0.0,9718.5,10525.0,12233.0,13419.0,16162.5,16456.5,14712.0,224.0,6201.5,50709.0,5218.5,1509.0,9587.0,119.0,309.5,11020.0,3173.0,"{""type"":""Point"",""coordinates"":[81.75364908475564,21.244001371881684]}",81.75364908475564,21.244001371881684
1437,42.17768924000001,-0.1376261247914165,0.3033876500857633,-0.2789816957710919,21824.0,0.0,8346.0,8747.0,10281.0,9747.0,18237.0,13824.5,11047.0,224.0,6178.5,48662.0,365.0,1520.0,9563.5,111.0,263.0,10163.5,3197.0,"{""type"":""Point"",""coordinates"":[81.57019868758756,21.253000435267243]}",81.57019868758756,21.253000435267243
1438,41.51801138000002,0.0057413965001547,0.1365690705443112,-0.1329180867316958,21824.0,0.0,8907.0,9515.0,11067.0,10985.0,14460.0,14627.0,13108.0,224.0,6013.0,48469.0,117.0,1561.0,9688.0,108.0,376.0,9975.0,3304.0,"{""type"":""Point"",""coordinates"":[81.64769879879388,21.226220192140694]}",81.64769879879388,21.226220192140694
1439,47.07571189999999,-0.0644141541180869,0.185103886765318,-0.1879362670713202,21824.0,0.0,8640.0,9311.0,10703.0,10766.0,15657.0,13762.0,11792.0,224.0,6374.0,50095.0,10011.0,1465.0,9711.0,118.0,232.0,10975.0,3059.0,"{""type"":""Point"",""coordinates"":[81.64370525685607,21.279978711388317]}",81.64370525685607,21.279978711388317
1440,45.452152400000045,-0.0268646318631079,0.2050893358995759,-0.219294466369104,21824.0,0.0,8129.0,8692.5,11325.5,11667.5,17688.0,16762.5,13854.5,224.0,5890.5,49620.0,5495.5,1598.5,9664.0,148.0,426.0,10587.0,3399.0,"{""type"":""Point"",""coordinates"":[81.61608245597023,21.19479901737042]}",81.61608245597023,21.19479901737042
1441,42.656212040000014,-0.0344644642602077,0.1059578088527236,-0.0971972730224001,21824.0,0.0,8607.0,9125.0,10428.5,10245.5,12674.0,11829.5,10422.0,224.0,6208.0,48802.0,4666.5,1510.0,9509.0,467.0,424.0,10325.5,3174.5,"{""type"":""Point"",""coordinates"":[81.71140821814272,21.351686186057158]}",81.71140821814272,21.351686186057158
1442,47.29446518000003,0.020726306465899,0.1191869293219687,-0.1352761177171256,21824.0,0.0,8697.5,9220.0,10526.5,10876.5,13820.0,14405.0,12800.0,224.0,6179.5,50159.0,745.5,1520.0,9617.0,151.0,255.0,10555.5,3196.0,"{""type"":""Point"",""coordinates"":[81.50372902322304,21.27501431913059]}",81.50372902322304,21.27501431913059
1443,42.09565676,-0.0871712183815378,0.2549779940671229,-0.2318115211144309,21824.0,0.0,8577.0,8864.5,10091.5,9606.5,16182.0,13587.0,11117.0,224.0,6190.5,48638.0,259.0,1517.0,9605.0,198.0,377.0,10183.0,3189.5,"{""type"":""Point"",""coordinates"":[81.59220674423752,21.336249376510143]}",81.59220674423752,21.336249376510143
1444,52.25059418000001,0.0263107355483003,0.0796422487223168,-0.116084531846199,21824.0,0.0,9233.0,10223.0,12046.0,12966.0,15210.0,16032.0,14824.0,224.0,6367.0,51609.0,10677.0,1466.0,9656.0,87.0,229.0,11471.0,3062.0,"{""type"":""Point"",""coordinates"":[81.67476768691023,21.217159567831512]}",81.67476768691023,21.217159567831512
1445,48.68730833000001,0.007029249747847,0.1823876129413721,-0.1941479435694558,21824.0,0.0,8840.0,9450.0,10796.0,11062.5,15998.0,16224.5,13270.5,224.0,6199.5,50566.5,5184.5,1510.5,9667.0,73.0,282.5,11039.5,3177.0,"{""type"":""Point"",""coordinates"":[81.7416702021742,21.257429869706687]}",81.7416702021742,21.257429869706687
1446,48.07206473000002,0.0075757575757575,0.1842407070093773,-0.2012386019537064,21824.0,0.0,8764.0,9796.5,11672.5,12092.0,17554.0,17822.0,14947.5,224.0,5889.5,50386.5,5493.5,1599.5,9647.0,109.0,429.5,10831.0,3400.5,"{""type"":""Point"",""coordinates"":[81.61298303327449,21.19513594001321]}",81.61298303327449,21.19513594001321
1447,47.21585072000005,0.01304497082046,0.1351073910296904,-0.1355557311004028,21824.0,0.0,9275.0,9678.0,10943.0,10953.0,14375.0,14755.0,13122.0,224.0,6012.0,50136.0,567.0,1566.0,9732.0,66.0,255.0,10587.0,3314.0,"{""type"":""Point"",""coordinates"":[81.63569842994751,21.340071656791253]}",81.63569842994751,21.340071656791253
1448,43.10397266000001,-0.0773214000319642,0.1963864188985322,-0.2235755386542266,21824.0,0.0,8941.5,9464.0,10693.5,11319.5,16852.0,14433.0,12686.5,224.0,5977.0,48933.0,640.0,1575.0,9763.0,48.0,238.0,10187.0,3337.0,"{""type"":""Point"",""coordinates"":[81.50657931992852,21.22008885710757]}",81.50657931992852,21.22008885710757
1449,44.28660758000001,0.0235378031383737,0.1234286993173934,-0.1569606637984019,21824.0,0.0,9065.0,9745.0,10973.0,11750.0,15059.0,15785.0,13689.0,224.0,6023.0,49279.0,496.0,1562.0,9681.0,93.0,262.0,10497.0,3304.0,"{""type"":""Point"",""coordinates"":[81.68236307082158,21.331091217017818]}",81.68236307082158,21.331091217017818
1450,46.219497890000014,0.0386393229166666,0.0893967059517881,-0.1182294920580829,21824.0,0.0,9283.0,9951.0,11644.0,12343.0,14766.5,15953.5,14173.5,224.0,6201.0,49844.5,4959.0,1511.5,9696.0,79.0,244.5,10803.0,3179.0,"{""type"":""Point"",""coordinates"":[81.68195830295134,21.32333611347322]}",81.68195830295134,21.32333611347322
1451,53.13415235000002,0.0258593360807934,0.1008376123782391,-0.1395422759059122,21824.0,0.0,9532.0,10398.5,12181.5,13177.0,16132.5,16989.0,15435.0,224.0,6369.5,51867.5,13966.5,1463.0,9706.5,60.0,225.0,11601.5,3055.5,"{""type"":""Point"",""coordinates"":[81.69168109913232,21.180896757131013]}",81.69168109913232,21.180896757131013
1452,43.98923983999998,0.0010673093475641,0.109649290549585,-0.1294328311728755,21824.0,0.0,9125.0,9725.0,11182.0,11640.0,14507.0,14538.0,13374.0,224.0,6004.0,49192.0,559.0,1566.0,9702.0,81.0,258.0,10433.0,3314.0,"{""type"":""Point"",""coordinates"":[81.582014409695,21.27289958934313]}",81.582014409695,21.27289958934313
1453,50.42366249000003,0.0528815416933053,0.1204148884447085,-0.1521368787497222,21824.0,0.0,9435.0,10032.5,11447.0,12211.5,15555.0,17292.0,15340.5,224.0,5979.0,51074.5,320.5,1575.0,9661.0,68.0,278.5,10736.0,3337.0,"{""type"":""Point"",""coordinates"":[81.55178178474151,21.21024540230823]}",81.55178178474151,21.21024540230823
1454,46.83303248000004,-0.0598555211558307,0.1807312025753046,-0.1836797418264243,21824.0,0.0,8559.0,9251.0,10624.0,10689.0,15405.0,13665.0,11640.0,224.0,6374.0,50024.0,10024.0,1464.0,9666.0,103.0,229.0,10918.0,3058.0,"{""type"":""Point"",""coordinates"":[81.6427074180802,21.278809210782406]}",81.6427074180802,21.278809210782406
1455,44.13621469999998,-0.0674433063909159,0.2334102166597345,-0.2211740041928721,21824.0,0.0,8430.0,8847.0,10402.0,10137.0,16310.0,14249.0,11567.0,224.0,6035.0,49235.0,251.0,1555.0,9613.0,108.0,296.0,10175.0,3289.0,"{""type"":""Point"",""coordinates"":[81.73467749431079,21.28833268880929]}",81.73467749431079,21.28833268880929
1456,45.15478466000002,0.0183685905806563,0.1678519643720223,-0.1826731461734783,21824.0,0.0,9607.0,10302.0,11689.0,12052.0,16914.0,17547.0,14633.0,224.0,6010.0,49533.0,57.0,1566.0,9679.0,79.0,388.0,10408.0,3314.0,"{""type"":""Point"",""coordinates"":[81.67224815105241,21.289889163833397]}",81.67224815105241,21.289889163833397
1457,55.78653587000002,-0.0427047306407175,0.2412120789212009,-0.2531482818747028,21824.0,0.0,8567.0,9167.0,10601.0,10874.0,17787.5,16330.5,13302.0,224.0,6361.0,52643.5,13958.0,1465.5,9656.5,66.0,228.0,11843.0,3061.5,"{""type"":""Point"",""coordinates"":[81.70224242301065,21.13974799547792]}",81.70224242301065,21.13974799547792
1458,50.93465648000006,-0.0036066818526955,0.1078051335777894,-0.1371522798967594,21824.0,0.0,9184.0,10187.0,12035.0,12774.0,15861.0,15747.0,14267.0,224.0,6371.0,51224.0,10372.0,1464.0,9680.0,85.0,228.0,11352.0,3059.0,"{""type"":""Point"",""coordinates"":[81.6751703469186,21.24456697026645]}",81.6751703469186,21.24456697026645
1459,44.43700046000003,0.0465032008696702,0.1562065177590626,-0.1764092246935658,21824.0,0.0,9193.0,9776.0,11053.0,11522.0,15788.0,17328.0,14548.0,224.0,5973.0,49323.0,481.0,1577.0,9685.0,60.0,260.0,10471.0,3341.0,"{""type"":""Point"",""coordinates"":[81.52212773169813,21.204354982111955]}",81.52212773169813,21.204354982111955
1460,52.26597527000001,0.0319198094764155,0.0723285298054964,-0.1009600808489135,21824.0,0.0,9131.0,9724.0,11120.0,11780.5,13617.5,14515.5,13172.5,224.0,6189.5,51613.5,4973.0,1517.5,9617.0,225.0,291.0,11362.5,3191.0,"{""type"":""Point"",""coordinates"":[81.6302839105367,21.329119957104062]}",81.6302839105367,21.329119957104062
1461,57.234067340000024,0.0812786111001174,0.1030681260196727,-0.1596036966114395,21824.0,0.0,9869.5,10703.0,12617.5,14156.5,17410.0,20490.5,18286.0,192.0,6358.5,53067.0,14001.5,1467.0,9711.5,54.0,228.0,12047.0,3065.5,"{""type"":""Point"",""coordinates"":[81.67718749627997,21.129434672953785]}",81.67718749627997,21.129434672953785
1462,56.35905422000002,0.0554829986325154,0.1004260499087035,-0.1366233382023926,21824.0,0.0,9181.0,9869.5,11673.5,12563.0,15368.0,17173.5,14933.0,209.0,6354.5,52811.0,14058.0,1469.5,9690.5,88.0,233.0,11933.5,3070.5,"{""type"":""Point"",""coordinates"":[81.64827958420977,21.12018618660501]}",81.64827958420977,21.12018618660501
1463,47.77298798000004,0.0476074811756133,0.1520070513055933,-0.1681158880592846,21824.0,0.0,9088.5,9700.5,11169.5,11545.0,15684.0,17252.0,14371.5,224.0,5980.0,50299.0,119.0,1574.0,9549.5,158.0,382.0,10431.5,3334.0,"{""type"":""Point"",""coordinates"":[81.57813649488365,21.1762327303557]}",81.57813649488365,21.1762327303557
1464,40.95745610000006,-0.1394460050957078,0.255077626063648,-0.2475591001752441,21824.0,0.0,8256.0,8921.5,10519.5,10352.0,17441.5,13172.5,10629.0,209.0,6185.5,48305.0,633.5,1517.5,9710.0,193.0,302.5,10192.5,3190.5,"{""type"":""Point"",""coordinates"":[81.55644410404598,21.284262748950216]}",81.55644410404598,21.284262748950216
1465,41.51117534000002,-0.0139508754408414,0.1623197738900218,-0.1539390495133906,21824.0,0.0,9088.0,9864.0,11910.0,11707.0,16244.0,15797.0,13865.0,224.0,5423.0,48467.0,403.0,1728.0,9620.0,129.0,399.0,10006.0,3728.0,"{""type"":""Point"",""coordinates"":[81.62209904031515,21.376097559117802]}",81.62209904031515,21.376097559117802
1466,48.61723891999998,0.0717149508535954,0.1070409501041104,-0.1316961646103512,21824.0,0.0,9084.0,9604.0,11014.0,11579.0,14355.0,16573.0,14585.0,194.0,5981.0,50546.0,68.0,1574.0,9709.0,78.0,396.0,10603.0,3335.0,"{""type"":""Point"",""coordinates"":[81.58404789401509,21.18863134950604]}",81.58404789401509,21.18863134950604
1467,48.11478998000001,0.0390318849586548,0.1072963080840229,-0.130618462475881,21824.0,0.0,8918.0,9398.0,10701.0,11219.5,13916.5,15047.0,13073.0,224.0,6171.5,50399.0,490.0,1523.0,9731.5,83.0,250.0,10666.5,3204.5,"{""type"":""Point"",""coordinates"":[81.53628548296523,21.24676091750373]}",81.53628548296523,21.24676091750373
1468,48.600148820000015,0.048464083867756,0.1217979700338327,-0.162534435261708,21824.0,0.0,9733.0,10292.0,11704.0,12719.0,16247.0,17902.0,15933.0,224.0,5986.0,50541.0,657.0,1572.0,9628.0,141.0,246.0,10514.0,3329.0,"{""type"":""Point"",""coordinates"":[81.50889222124822,21.234249222800532]}",81.50889222124822,21.234249222800532
1469,50.50740398000005,0.047042592015666,0.1533737925090674,-0.1791398204746957,21824.0,0.0,9151.5,9771.5,11179.5,11788.0,16059.0,17644.5,14841.0,224.0,6191.5,51099.0,5150.0,1514.0,9636.0,76.0,361.5,11195.0,3185.0,"{""type"":""Point"",""coordinates"":[81.72290597280953,21.252282411885492]}",81.72290597280953,21.252282411885492
1470,38.82802964000001,-0.0448632692120543,0.1818882324881664,-0.1946443142200133,21824.0,0.0,8814.0,9407.0,10857.0,11148.0,16105.0,14722.0,13274.0,224.0,5974.0,47682.0,553.0,1576.0,9754.0,96.0,261.0,10196.0,3339.0,"{""type"":""Point"",""coordinates"":[81.51065569524738,21.196749569326386]}",81.51065569524738,21.196749569326386
1471,42.96383384000001,-0.1099601758042217,0.0937779585197234,-0.0730286648979673,21824.0,0.0,8601.0,9277.0,11617.5,11142.0,13448.0,10783.5,9699.0,224.0,5901.0,48892.0,5209.5,1593.0,9614.0,76.0,393.0,10302.5,3387.0,"{""type"":""Point"",""coordinates"":[81.71290066125486,21.240755255577795]}",81.71290066125486,21.240755255577795
1472,57.32464487000004,0.0589646341858731,0.0994338086311045,-0.1358478754206119,21824.0,0.0,8866.5,9537.0,11043.0,11889.5,14515.0,16334.0,14433.5,224.0,6358.0,53093.5,14053.0,1468.5,9589.0,179.0,263.0,11958.0,3068.5,"{""type"":""Point"",""coordinates"":[81.64736269411775,21.151011626771222]}",81.64736269411775,21.151011626771222
1473,45.20947297999999,-0.0160539497672442,0.1165921027037541,-0.1234319040256766,21921.0,0.0,9244.0,9872.5,11197.5,11354.0,14351.0,13897.5,12415.5,224.0,5893.5,49549.0,5148.0,1597.5,9585.0,200.0,478.0,10549.0,3396.0,"{""type"":""Point"",""coordinates"":[81.69464235215322,21.250472240879745]}",81.69464235215322,21.250472240879745
1474,46.173354620000055,0.0145724930438746,0.1547785719549038,-0.1801050471582672,21824.0,0.0,9029.5,9612.0,10888.0,11470.5,15671.5,16135.0,13612.0,224.0,6189.5,49831.0,267.5,1517.0,9569.0,318.0,407.5,10489.0,3190.5,"{""type"":""Point"",""coordinates"":[81.5918042573264,21.33494267524528]}",81.5918042573264,21.33494267524528
1475,46.42970611999999,-0.0145708548578097,0.1258903744333981,-0.1493788034919215,21824.0,0.0,8946.5,9425.0,10937.5,11474.0,14779.0,14354.5,12660.0,224.0,6180.0,49906.0,466.0,1519.5,9669.0,64.0,250.0,10588.0,3195.5,"{""type"":""Point"",""coordinates"":[81.56501225342524,21.264826675092916]}",81.56501225342524,21.264826675092916
1476,47.21926874000002,-0.0671926698905573,0.1868520680748682,-0.2126821156140414,21824.0,0.0,8586.0,9205.0,10889.0,11491.0,16772.0,14660.0,12913.0,224.0,5976.0,50137.0,287.0,1574.0,9530.0,244.0,326.0,10426.0,3335.0,"{""type"":""Point"",""coordinates"":[81.53244445548275,21.164035535878565]}",81.53244445548275,21.164035535878565
1477,54.68935145,0.0011012176320674,0.1690324956273589,-0.1924355386955623,21824.0,0.0,8196.0,8975.5,10750.5,11283.5,15874.0,15909.0,13213.0,224.0,6357.5,52322.5,14016.0,1468.5,9719.5,63.0,227.0,11776.5,3068.5,"{""type"":""Point"",""coordinates"":[81.6673241565321,21.14718821200922]}",81.6673241565321,21.14718821200922
1478,50.11433168000002,0.0527101282138253,0.1066730068156601,-0.1184621545855026,21824.0,0.0,8907.0,9526.0,11006.0,11272.0,13964.0,15518.0,13545.0,224.0,6035.0,50984.0,239.0,1558.0,9738.0,63.0,295.0,10840.0,3295.0,"{""type"":""Point"",""coordinates"":[81.7410383784011,21.333942107375393]}",81.7410383784011,21.333942107375393
1479,42.898891460000016,-0.0103911138061244,0.2242185412770505,-0.2348165863846127,21824.0,0.0,8905.0,9582.0,11358.0,11615.0,18329.0,17952.0,14490.0,224.0,5973.0,48873.0,354.0,1576.0,9670.0,100.0,271.0,10368.0,3339.0,"{""type"":""Point"",""coordinates"":[81.52861484745918,21.169148936844287]}",81.52861484745918,21.169148936844287
1480,42.93648968000002,-0.0081421169504071,0.165555357461223,-0.1823771974245822,21824.0,0.0,8805.0,9489.0,11302.0,11701.0,16344.0,16080.0,13176.0,224.0,5978.0,48884.0,293.0,1574.0,9632.0,97.0,282.0,10231.0,3334.0,"{""type"":""Point"",""coordinates"":[81.54657920769641,21.172786281946227]}",81.54657920769641,21.172786281946227
1481,44.21482916000002,0.0318542114230683,0.0827223395882523,-0.098512229973943,21824.0,0.0,8993.0,9498.0,10725.0,11072.0,13069.0,13929.0,13227.0,224.0,6024.0,49258.0,518.0,1560.0,9710.0,74.0,258.0,10508.0,3301.0,"{""type"":""Point"",""coordinates"":[81.65500718599978,21.338002771050004]}",81.65500718599978,21.338002771050004
1482,45.68799578000005,0.0259502923976608,0.1814626577368229,-0.2174508908177249,21824.0,0.0,9496.5,10283.0,11991.0,12924.5,18655.0,19649.0,15551.5,192.0,5892.5,49689.0,5755.0,1597.0,9633.0,153.0,416.5,10597.5,3396.0,"{""type"":""Point"",""coordinates"":[81.59296949064732,21.150946766917336]}",81.59296949064732,21.150946766917336
1483,58.31587066999998,0.0720233139050791,0.0923793187944131,-0.128673534967963,21824.0,0.0,9312.0,9866.5,11185.0,12038.0,14488.5,16737.5,15384.5,224.0,6364.0,53383.5,13989.0,1466.0,9707.5,91.0,235.0,12169.5,3062.5,"{""type"":""Point"",""coordinates"":[81.67746460665586,21.187087755479652]}",81.67746460665586,21.187087755479652
1484,46.405779980000034,-0.0090246560414112,0.1541143246664719,-0.1641357090937665,21824.0,0.0,8772.0,9351.5,10637.0,10858.0,14814.5,14549.5,12288.5,224.0,6192.0,49899.0,4951.5,1516.5,9720.0,66.0,241.5,10838.0,3189.0,"{""type"":""Point"",""coordinates"":[81.64459677384829,21.333308482044266]}",81.64459677384829,21.333308482044266
1485,49.66998908000005,0.0335944093217453,0.1550317637274159,-0.1817358873157837,21824.0,0.0,9013.5,9785.5,11299.0,11937.5,16318.0,17452.5,14539.0,224.0,6201.0,50854.0,5328.5,1508.5,9615.0,127.0,296.0,11097.0,3172.0,"{""type"":""Point"",""coordinates"":[81.75827812547534,21.23026545262609]}",81.75827812547534,21.23026545262609
1486,49.89216038000001,0.107359048834116,0.1319403807097862,-0.1704990389406991,21824.0,0.0,9650.5,10205.5,11652.0,12609.0,16442.0,20397.0,17194.0,177.0,6191.5,50919.0,5530.0,1511.0,9636.0,86.0,296.5,11131.0,3179.0,"{""type"":""Point"",""coordinates"":[81.74577039731496,21.190830783749334]}",81.74577039731496,21.190830783749334
1487,48.75395972000001,0.0762771168649405,0.0980555266715191,-0.1405119343341613,21824.0,0.0,9760.0,10325.0,11937.0,13011.0,15840.0,18456.0,16903.0,224.0,6036.0,50586.0,199.0,1557.0,9683.0,60.0,314.0,10846.0,3294.0,"{""type"":""Point"",""coordinates"":[81.73927339173385,21.337179743974907]}",81.73927339173385,21.337179743974907
1488,43.88157221000006,0.0365497725824851,0.1649111493264545,-0.1830734804519075,21793.0,0.0,8982.5,9683.0,11226.0,11654.5,16257.5,17491.0,14766.0,224.0,6184.0,49160.5,5336.5,1516.0,9678.0,120.0,455.0,10576.5,3189.5,"{""type"":""Point"",""coordinates"":[81.6957381672249,21.216553471538457]}",81.6957381672249,21.216553471538457
1489,46.431415130000005,-0.0515710692967306,0.2318969189265937,-0.2320718545867651,21824.0,0.0,8548.5,9424.5,10815.5,10819.5,17352.5,15650.5,12519.0,224.0,6190.5,49906.5,5334.0,1513.0,9634.0,139.0,320.5,10781.0,3183.0,"{""type"":""Point"",""coordinates"":[81.73756704770288,21.220840862751928]}",81.73756704770288,21.220840862751928
1490,41.62567901,-0.077666238961431,0.2558270445230179,-0.2506131315254712,21824.0,0.0,8603.0,9106.5,10694.5,10576.0,17847.5,15275.0,12940.0,224.0,6186.0,48500.5,633.5,1517.5,9656.5,81.0,270.0,10107.5,3191.5,"{""type"":""Point"",""coordinates"":[81.53644514176611,21.2978665559156]}",81.53644514176611,21.2978665559156
1491,50.27497862000001,0.0656838962493002,0.1182163329114866,-0.1553282313579202,21824.0,0.0,9122.0,9670.0,10982.0,11845.0,15021.0,17133.0,14521.0,224.0,6004.0,51031.0,488.0,1567.0,9656.0,104.0,256.0,10723.0,3316.0,"{""type"":""Point"",""coordinates"":[81.52539383097123,21.333585791837837]}",81.52539383097123,21.333585791837837
1492,46.46388632000003,0.0249118165784832,0.0942151486414051,-0.1070415484732187,21824.0,0.0,8835.0,9524.0,10703.0,10984.0,13269.0,13947.0,12738.0,224.0,6013.0,49916.0,625.0,1566.0,9734.0,87.0,256.0,10740.0,3314.0,"{""type"":""Point"",""coordinates"":[81.63203070688543,21.357072691544833]}",81.63203070688543,21.357072691544833
1493,48.80181200000004,0.0828198175992112,0.1226805678941986,-0.1590496132348106,21824.0,0.0,9758.0,10420.5,12149.0,13085.0,16744.5,19768.5,17487.0,224.0,5706.0,50600.0,230.5,1648.5,9649.0,62.0,346.0,10583.5,3524.5,"{""type"":""Point"",""coordinates"":[81.56091542598998,21.14656128881144]}",81.56091542598998,21.14656128881144
1494,51.32772878000003,0.0351452068876895,0.1605548900653039,-0.1663689320388349,21824.0,0.0,8915.0,9359.0,10733.0,10862.0,15017.0,16111.0,13349.0,224.0,6000.0,51339.0,524.0,1568.0,9577.0,212.0,288.0,10782.0,3320.0,"{""type"":""Point"",""coordinates"":[81.52681426266982,21.327904231748096]}",81.52681426266982,21.327904231748096
1495,50.743247360000055,0.0414599354998759,0.1387573910000184,-0.1676204506393185,21824.0,0.0,9071.0,9650.5,11018.0,11689.0,15455.5,16792.5,14366.0,224.0,6184.0,51168.0,738.5,1518.0,9663.5,81.0,240.0,10763.5,3192.0,"{""type"":""Point"",""coordinates"":[81.49725308723671,21.283685855714467]}",81.49725308723671,21.283685855714467
1496,44.23191926000004,-0.0267109939241086,0.1100185912001652,-0.1100185912001652,21824.0,0.0,8699.0,9245.0,10771.0,10771.0,13434.0,12735.0,11484.0,224.0,6030.0,49263.0,313.0,1557.0,9694.0,56.0,265.0,10283.0,3294.0,"{""type"":""Point"",""coordinates"":[81.7167737652161,21.295618823991326]}",81.7167737652161,21.295618823991326
1497,56.64787691000003,0.0571259756818111,0.1074383183885165,-0.14464767729392,21824.0,0.0,9262.0,9908.0,11328.5,12218.5,15160.0,16997.0,14933.0,224.0,6360.5,52895.5,14072.0,1468.0,9580.0,199.0,270.0,11879.0,3067.0,"{""type"":""Point"",""coordinates"":[81.6354389852571,21.17497204802625]}",81.6354389852571,21.17497204802625
1498,54.69106046000002,0.0255090561367982,0.1304546418492357,-0.1704359281841674,21824.0,0.0,9451.5,10348.5,12279.0,13326.0,17324.5,18231.5,15765.5,209.0,6353.5,52323.0,14050.5,1470.0,9707.0,60.0,227.0,11765.0,3072.0,"{""type"":""Point"",""coordinates"":[81.65187049063114,21.124270702259263]}",81.65187049063114,21.124270702259263
1499,50.43733457000002,0.0574525046886855,0.1511198922945115,-0.1793916377055641,21824.0,0.0,9341.0,9899.5,11452.0,12137.5,16459.0,18465.5,15280.5,224.0,5979.0,51078.5,318.5,1575.0,9679.0,78.0,268.5,10711.5,3336.0,"{""type"":""Point"",""coordinates"":[81.55317215370245,21.194168306630477]}",81.55317215370245,21.194168306630477
1500,48.577931690000014,0.0163971081463814,0.07513391311432,-0.0957095709570957,21824.0,0.0,9005.0,9606.0,10891.5,11352.5,13197.0,13637.0,12779.0,209.0,6199.0,50534.5,4969.5,1512.0,9641.0,87.0,247.5,10999.0,3179.0,"{""type"":""Point"",""coordinates"":[81.63279715093121,21.322249523697764]}",81.63279715093121,21.322249523697764
1501,45.0932603,-0.028337337522331,0.2016268355888281,-0.2069701023101117,21824.0,0.0,8871.0,9476.0,10968.0,11091.0,16693.0,15773.0,12878.0,224.0,5986.0,49515.0,693.0,1571.0,9614.0,84.0,230.0,10242.0,3327.0,"{""type"":""Point"",""coordinates"":[81.50465678500358,21.233131739088105]}",81.50465678500358,21.233131739088105
1502,48.90435260000004,-0.0236916849499124,0.1531093145331238,-0.1732028691719944,21824.0,0.0,8784.0,9235.5,10604.5,11051.5,15047.5,14351.0,12537.5,224.0,6181.5,50630.0,742.0,1518.5,9697.0,79.0,239.5,10722.0,3194.0,"{""type"":""Point"",""coordinates"":[81.5281750438948,21.2731285660366]}",81.5281750438948,21.2731285660366
1503,47.91654482000001,0.0624014675953793,0.1374819606002121,-0.1664853877289018,21824.0,0.0,9527.5,10209.5,11686.5,12401.5,16355.0,18532.0,15735.0,224.0,6187.5,50341.0,5410.5,1514.0,9677.0,88.0,440.5,10986.0,3184.5,"{""type"":""Point"",""coordinates"":[81.68620944047612,21.20383250184241]}",81.68620944047612,21.20383250184241
1504,49.77594770000002,-0.0103765741909659,0.1246915272826981,-0.1547313227997325,21824.0,0.0,9115.0,10060.0,12010.0,12769.0,16407.0,16070.0,14241.0,224.0,6369.0,50885.0,10167.0,1467.0,9686.0,79.0,226.0,11236.0,3063.0,"{""type"":""Point"",""coordinates"":[81.66784573432736,21.263880690403834]}",81.66784573432736,21.263880690403834
1505,36.37560029000002,-0.076731456291586,0.2195121951219512,-0.2206450653983353,21824.0,0.0,8649.0,9105.0,10487.0,10512.0,16425.0,14084.0,11588.0,224.0,6191.0,46964.5,379.0,1517.0,9566.0,403.0,431.5,9790.0,3190.0,"{""type"":""Point"",""coordinates"":[81.6005773465013,21.354898797651455]}",81.6005773465013,21.354898797651455
1506,41.64447812000003,-0.0088084905255016,0.0741638834240746,-0.079646831601214,21824.0,0.0,8277.0,8923.0,10007.0,10118.0,11739.0,11534.0,10126.0,224.0,6039.0,48506.0,211.0,1556.0,9600.0,217.0,340.0,10202.0,3290.0,"{""type"":""Point"",""coordinates"":[81.68830901143444,21.369008139160456]}",81.68830901143444,21.369008139160456
1507,49.44781778000004,0.0473289597000937,0.1219204540975206,-0.1384344626214951,21824.0,0.0,8864.0,9277.0,10770.0,11138.0,14231.0,15645.0,13473.0,224.0,6001.0,50789.0,575.0,1568.0,9666.0,107.0,255.0,10655.0,3319.0,"{""type"":""Point"",""coordinates"":[81.52030429106182,21.327436637071905]}",81.52030429106182,21.327436637071905
1508,44.37205807999999,-0.0383242671130036,0.0314693009267183,-0.0185189656421276,21824.0,0.0,8269.0,8834.0,10162.5,9902.5,10546.0,9767.5,9189.0,208.0,6204.5,49304.0,5380.5,1506.0,9669.0,75.0,283.0,10599.5,3167.0,"{""type"":""Point"",""coordinates"":[81.76065744424976,21.22170805738483]}",81.76065744424976,21.22170805738483
1509,48.972713,0.0632461766156882,0.0969381860196418,-0.1226645644461962,21824.0,0.0,9218.0,9782.0,11129.0,11724.0,14241.0,16164.0,14431.0,224.0,6036.0,50650.0,88.0,1558.0,9495.0,532.0,528.0,10829.0,3295.0,"{""type"":""Point"",""coordinates"":[81.71874602362531,21.354204696972147]}",81.71874602362531,21.354204696972147
1510,49.765693639999995,-0.0116390136908762,0.1259819266434351,-0.1387157789945246,21824.0,0.0,8910.0,9514.5,10814.5,11098.5,14298.0,13969.0,12277.5,224.0,6193.5,50882.0,4982.0,1515.0,9643.0,84.0,248.0,11126.5,3186.0,"{""type"":""Point"",""coordinates"":[81.62720548670279,21.320921443953797]}",81.62720548670279,21.320921443953797
1511,40.704522620000034,-0.0231736056559308,0.1340467984763286,-0.1703920026957205,21824.0,0.0,9103.0,9765.0,11079.0,11935.0,15630.0,14922.0,12475.0,224.0,5421.0,48231.0,493.0,1729.0,9667.0,119.0,380.0,9896.0,3729.0,"{""type"":""Point"",""coordinates"":[81.6177919060864,21.3578402585197]}",81.6177919060864,21.3578402585197
1512,47.542271630000016,0.0057437968649131,0.1452049571020019,-0.1608751111282903,21824.0,0.0,8891.0,9496.5,10854.5,11208.5,15016.5,15190.0,13060.0,224.0,6197.5,50231.5,4983.5,1513.5,9639.0,70.0,245.0,10896.0,3182.5,"{""type"":""Point"",""coordinates"":[81.68844202301173,21.313848811612452]}",81.68844202301173,21.313848811612452
1513,53.94593210000005,0.0269442743417023,0.1539369292496505,-0.1791989016901356,21824.0,0.0,8926.5,9612.0,11060.5,11650.5,15890.0,16770.0,14081.5,209.0,6353.0,52105.0,14046.0,1470.0,9690.0,120.0,239.0,11670.5,3072.5,"{""type"":""Point"",""coordinates"":[81.65392710506389,21.12355703128939]}",81.65392710506389,21.12355703128939
1514,50.62703468000001,0.0117929170916769,0.0851887515475465,-0.1094101575056252,21824.0,0.0,9184.0,9803.5,11082.5,11638.0,13805.5,14135.0,12898.5,224.0,6210.0,51134.0,4780.0,1508.5,9547.0,139.0,274.0,11144.0,3171.0,"{""type"":""Point"",""coordinates"":[81.70750370406428,21.339192022828975]}",81.70750370406428,21.339192022828975
1515,44.91039623000006,-0.0013852383320309,0.1198585926793906,-0.1266384271099744,21824.0,0.0,8845.5,9424.5,10927.5,11079.0,14096.5,14057.5,12628.5,224.0,6188.5,49461.5,467.5,1516.5,9697.0,49.0,270.0,10480.5,3189.0,"{""type"":""Point"",""coordinates"":[81.57134287136998,21.30571489565349]}",81.57134287136998,21.30571489565349
1516,45.76831924999999,0.001050178017981,0.1847981286265455,-0.2266272468508704,21824.0,0.0,9627.5,10468.5,12294.5,13417.0,19500.0,19541.0,15476.5,177.0,5887.5,49712.5,5879.0,1599.5,9675.0,125.0,394.5,10646.5,3400.5,"{""type"":""Point"",""coordinates"":[81.59084958138085,21.12901504798908]}",81.59084958138085,21.12901504798908
1517,52.28990141000003,0.0144814676151254,0.1239432289798637,-0.1559458984718074,21824.0,0.0,9456.5,10302.5,12013.0,12823.5,16452.0,16935.5,15194.0,209.0,6361.5,51620.5,14054.5,1467.5,9579.0,151.0,247.0,11412.0,3066.0,"{""type"":""Point"",""coordinates"":[81.64409467835318,21.17334172136285]}",81.64409467835318,21.17334172136285
1518,49.041073400000016,0.0480080301824097,0.1044895992289775,-0.1193683610760652,21824.0,0.0,8987.0,9475.5,10819.0,11150.0,13752.0,15139.0,13254.5,224.0,6172.5,50670.0,497.5,1522.0,9682.0,190.0,278.0,10711.5,3201.0,"{""type"":""Point"",""coordinates"":[81.51918700185493,21.226217620985224]}",81.51918700185493,21.226217620985224
1519,59.281461320000005,0.0814463314463314,0.0928029052492571,-0.1490609921199708,21824.0,0.0,9945.5,10549.5,12256.5,13739.5,16550.5,19485.5,17563.0,145.0,6352.5,53666.0,14110.5,1471.0,9665.5,98.0,238.0,12235.5,3074.0,"{""type"":""Point"",""coordinates"":[81.62317580706065,21.12192802836497]}",81.62317580706065,21.12192802836497
1520,57.28021061000004,0.0747317526461748,0.115299800483041,-0.1553774747987526,21824.0,0.0,9592.0,10241.5,11646.5,12637.5,15931.5,18505.0,16081.0,160.0,6362.0,53080.5,14039.0,1467.0,9603.5,147.0,251.0,11968.0,3065.5,"{""type"":""Point"",""coordinates"":[81.65091910633778,21.181083352012195]}",81.65091910633778,21.181083352012195
1521,50.44587962000003,0.0812590002057189,0.1045862483216733,-0.1545592200022159,21824.0,0.0,9519.0,9998.0,11446.0,12671.0,15631.0,18396.0,16095.0,224.0,6007.0,51081.0,523.0,1565.0,9537.0,196.0,283.0,10732.0,3313.0,"{""type"":""Point"",""coordinates"":[81.52006703928619,21.334597934019477]}",81.52006703928619,21.334597934019477
1522,44.99584673000004,-0.0134991849847283,0.1898851770651406,-0.2052695963112825,21824.0,0.0,8787.0,9268.5,10557.0,10900.5,16010.5,15584.0,12862.5,224.0,6176.5,49486.5,515.5,1521.0,9626.0,124.0,275.0,10387.0,3200.0,"{""type"":""Point"",""coordinates"":[81.5530939022688,21.266250326039167]}",81.5530939022688,21.266250326039167
1523,43.10055464000004,-0.0243241289576405,0.1800145727074008,-0.1710189240558631,21824.0,0.0,8388.5,8848.5,10031.5,9847.0,14170.5,13497.5,11187.5,224.0,6189.0,48932.0,4951.0,1517.5,9738.0,92.0,288.5,10525.5,3190.5,"{""type"":""Point"",""coordinates"":[81.66993744569122,21.30056682499973]}",81.66993744569122,21.30056682499973
1524,46.12892036000005,-0.0158435192156737,0.1463176542897429,-0.1602656761751413,21824.0,0.0,9383.5,10028.5,11473.5,11806.0,15853.0,15358.5,13758.0,224.0,6197.5,49818.0,5222.5,1510.5,9711.0,63.0,268.0,10800.0,3176.5,"{""type"":""Point"",""coordinates"":[81.62049975552118,21.261552739787373]}",81.62049975552118,21.261552739787373
1525,46.21778888000006,0.0629811758971197,0.1406680861461133,-0.1729720028715003,21824.0,0.0,9401.5,10021.0,11520.5,12309.5,16339.5,18536.0,15624.0,224.0,5702.0,49844.0,299.0,1651.0,9652.0,99.0,341.5,10357.0,3531.0,"{""type"":""Point"",""coordinates"":[81.57761287072343,21.196657359477726]}",81.57761287072343,21.196657359477726
1526,40.66008836000003,-0.0465842387910578,0.2083198154356368,-0.212691291921421,21824.0,0.0,8836.0,9453.0,10881.0,10981.0,16760.0,15268.0,12591.0,224.0,6007.0,48218.0,33.0,1567.0,9636.0,79.0,498.0,10048.0,3317.0,"{""type"":""Point"",""coordinates"":[81.66954419433438,21.28879577442074]}",81.66954419433438,21.28879577442074
1527,50.86800509,0.0449092355970631,0.1550334108076699,-0.1766991009656295,21824.0,0.0,8982.0,9675.5,11126.5,11633.5,15902.5,17398.0,14481.5,209.0,6189.0,51204.5,5355.0,1514.0,9600.0,67.0,333.0,11203.0,3185.0,"{""type"":""Point"",""coordinates"":[81.71895227408558,21.216071590738114]}",81.71895227408558,21.216071590738114
1528,60.46409624,0.0671450839681185,0.1078395417474371,-0.1502865017770363,21824.0,0.0,9430.0,10134.5,11715.0,12771.5,15859.0,18142.0,15905.0,192.0,6353.0,54012.0,14081.5,1470.5,9652.0,81.0,236.0,12355.5,3072.5,"{""type"":""Point"",""coordinates"":[81.63716206551805,21.118804914952836]}",81.63716206551805,21.118804914952836
1529,55.33023020000002,0.0382780686445607,0.1500321733535069,-0.1852807800541306,21824.0,0.0,9003.5,9765.5,11363.5,12218.5,16532.0,17848.0,14872.5,209.0,6362.5,52510.0,13935.5,1465.5,9643.0,155.0,251.0,11785.5,3062.0,"{""type"":""Point"",""coordinates"":[81.7134127851926,21.16824197606565]}",81.7134127851926,21.16824197606565
1530,56.50773809000003,0.0055793277590456,0.1646331745497689,-0.1908021003078037,21824.0,0.0,8860.5,9531.0,11173.0,11793.5,16442.0,16626.5,14054.5,224.0,6357.0,52854.5,14005.5,1468.5,9677.5,86.0,233.0,11940.5,3068.5,"{""type"":""Point"",""coordinates"":[81.67294006888955,21.14923938757848]}",81.67294006888955,21.14923938757848
1531,44.91381425000003,-0.0180983519931305,0.1506905561776782,-0.1676230517205461,21824.0,0.0,8956.5,9531.5,10988.0,11376.5,15413.5,14865.5,12868.0,224.0,6188.0,49462.5,554.5,1516.0,9706.0,82.0,266.0,10500.0,3188.5,"{""type"":""Point"",""coordinates"":[81.57325606159588,21.285345863516742]}",81.57325606159588,21.285345863516742
1532,48.59331278000002,0.0443623235299126,0.0855208434084534,-0.1194988628655787,21824.0,0.0,9006.5,9578.0,11034.0,11818.5,14029.0,15331.5,13442.5,224.0,6186.5,50539.0,724.0,1516.5,9595.5,411.0,380.0,10526.0,3188.5,"{""type"":""Point"",""coordinates"":[81.49208858208658,21.287932226713014]}",81.49208858208658,21.287932226713014
1533,41.295840080000005,-0.0715426825032993,0.2333213414877883,-0.1963087898879454,21824.0,0.0,8697.0,8945.0,10364.0,9590.0,15427.0,13367.0,11086.0,224.0,6035.0,48404.0,283.0,1557.0,9718.0,65.0,275.0,10035.0,3294.0,"{""type"":""Point"",""coordinates"":[81.74068294461578,21.32890695372321]}",81.74068294461578,21.32890695372321
1534,49.40167451000002,-0.0217281455280444,0.1149095721217468,-0.1143442893988492,21824.0,0.0,8411.0,8873.5,10044.0,10032.5,12637.5,12100.0,10898.0,209.0,6196.5,50775.5,5028.0,1513.0,9628.0,128.0,258.5,11070.5,3181.5,"{""type"":""Point"",""coordinates"":[81.617231891175,21.308424465473898]}",81.617231891175,21.308424465473898
1535,44.228501240000014,0.0085898572432977,0.1726930864911773,-0.1911267812545908,21824.0,0.0,8842.0,9485.0,11012.0,11440.0,16216.0,16497.0,13835.0,224.0,5980.0,49262.0,248.0,1572.0,9732.0,52.0,301.0,10550.0,3331.0,"{""type"":""Point"",""coordinates"":[81.5388197922154,21.14822131254348]}",81.5388197922154,21.14822131254348
1536,51.12606560000006,0.0132345156167284,0.1046393498137487,-0.1171232876712328,21824.0,0.0,8687.0,9163.0,10312.0,10576.0,13048.0,13398.0,12065.0,224.0,6191.5,51280.0,4975.0,1516.5,9702.0,119.0,253.5,11303.0,3189.0,"{""type"":""Point"",""coordinates"":[81.62886011048832,21.332237037772863]}",81.62886011048832,21.332237037772863
1537,47.46707519000006,0.0670382909175811,0.147209761349363,-0.1758409504717415,21824.0,0.0,8893.5,9707.0,11203.0,11881.5,15983.5,18280.5,15749.5,224.0,6188.0,50209.5,5432.0,1514.0,9649.0,65.0,416.5,10895.5,3184.0,"{""type"":""Point"",""coordinates"":[81.69025758922228,21.200141443897113]}",81.69025758922228,21.200141443897113
1538,48.20024048000005,0.0853976250449802,0.1244182548530374,-0.1514360786445592,21824.0,0.0,9591.5,10117.0,11707.0,12370.0,15885.5,18852.0,16694.0,209.0,5702.5,50424.0,184.0,1649.5,9732.0,70.0,350.0,10580.0,3527.5,"{""type"":""Point"",""coordinates"":[81.56147888350526,21.134098147934736]}",81.56147888350526,21.134098147934736
1539,49.324769059999994,0.0418580578378728,0.1261501026537906,-0.1620699125112793,21824.0,0.0,8932.0,9418.0,10679.0,11492.0,14810.0,16104.0,13471.0,224.0,6001.0,50753.0,240.0,1569.0,9657.0,109.0,265.0,10644.0,3322.0,"{""type"":""Point"",""coordinates"":[81.55314177303592,21.34237618383729]}",81.55314177303592,21.34237618383729
1540,45.96314639000002,0.0065267175572519,0.1342847804771761,-0.1325820207118614,21824.0,0.0,8409.5,8844.5,9967.5,9933.0,13014.5,13185.5,11284.0,224.0,6184.0,49769.5,421.5,1519.0,9678.0,68.0,290.5,10520.5,3195.0,"{""type"":""Point"",""coordinates"":[81.58416280576331,21.31046053706398]}",81.58416280576331,21.31046053706398
1541,42.44087678000005,-0.0802485395974402,0.2566649242028228,-0.2477136465324385,21824.0,0.0,8676.0,9167.5,10508.5,10309.5,17429.0,14839.5,11880.5,224.0,6173.5,48739.0,397.5,1522.0,9637.5,62.0,271.0,10200.5,3201.5,"{""type"":""Point"",""coordinates"":[81.55355512407002,21.240838494334028]}",81.55355512407002,21.240838494334028
1542,40.993345309999995,-0.0280793236943983,0.1932508023842274,-0.1990122182702762,21824.0,0.0,8807.5,9264.5,10866.0,10997.0,16265.5,15377.0,12848.0,224.0,6188.5,48315.5,240.5,1518.0,9615.0,168.0,380.5,10014.0,3191.5,"{""type"":""Point"",""coordinates"":[81.59064383926491,21.339611220769985]}",81.59064383926491,21.339611220769985
1543,43.24752950000004,0.0462937748488644,0.1671665666866626,-0.1987267250821467,21824.0,0.0,9585.0,10223.0,11705.0,12495.0,17511.0,19211.0,16258.0,224.0,6017.0,48975.0,59.0,1562.0,9730.0,36.0,384.0,10425.0,3306.0,"{""type"":""Point"",""coordinates"":[81.72036106335239,21.262361348520916]}",81.72036106335239,21.262361348520916
1544,51.01497995,0.0210020067815376,0.1050144497383425,-0.1193085169508287,21824.0,0.0,9243.0,10005.0,11131.5,11458.5,14147.5,14754.5,13626.0,224.0,6197.0,51247.5,4960.5,1513.0,9633.0,80.0,283.0,11238.5,3181.0,"{""type"":""Point"",""coordinates"":[81.63991936471957,21.302708036000723]}",81.63991936471957,21.302708036000723
1545,45.464115470000024,0.0304061487011748,0.1605133336844507,-0.1873619169076572,21824.0,0.0,9230.0,9901.0,11310.5,11954.5,16526.0,17562.5,14591.0,224.0,6191.5,49623.5,233.0,1516.5,9487.0,383.0,382.0,10385.0,3187.5,"{""type"":""Point"",""coordinates"":[81.56649104708914,21.342932757504606]}",81.56649104708914,21.342932757504606
1546,42.881801360000054,-0.0235939404492425,0.1342981186685962,-0.1120359423031449,21824.0,0.0,8015.5,8345.5,9388.0,8973.0,11757.0,11215.0,9910.0,224.0,6209.0,48868.0,4759.5,1509.0,9569.0,122.0,251.0,10392.5,3172.0,"{""type"":""Point"",""coordinates"":[81.66825228658422,21.36151409757365]}",81.66825228658422,21.36151409757365
1547,49.89216038000001,-0.0181807254259698,0.2215452283952843,-0.2332386984057654,21824.0,0.0,8840.0,9291.0,10533.0,10796.0,16941.0,16336.0,13225.0,194.0,6364.0,50919.0,10721.0,1467.0,9710.0,112.0,233.0,11261.0,3065.0,"{""type"":""Point"",""coordinates"":[81.69602557381656,21.212064173393046]}",81.69602557381656,21.212064173393046
1548,46.39894393999998,0.0065394676104016,0.1345604709396828,-0.1258555298836043,21824.0,0.0,8502.0,8934.0,10026.0,9850.0,12913.0,13083.0,11223.0,224.0,5998.0,49897.0,550.0,1570.0,9649.0,81.0,259.0,10424.0,3324.0,"{""type"":""Point"",""coordinates"":[81.58925854365248,21.30708350390142]}",81.58925854365248,21.30708350390142
1549,52.83849362000001,-0.0119861259494504,0.1768269852615814,-0.2062030107977044,21824.0,0.0,9018.5,9737.0,11376.5,12092.0,17287.0,16877.5,13872.0,224.0,6355.5,51781.0,14095.5,1471.0,9602.0,266.0,296.0,11487.5,3072.5,"{""type"":""Point"",""coordinates"":[81.62521443708637,21.166390753956644]}",81.62521443708637,21.166390753956644
1550,46.24513304000004,0.0210089020771513,0.1284938039951526,-0.1447832811198794,21824.0,0.0,8926.0,9430.5,10783.0,11147.0,14434.0,15053.5,13265.5,224.0,6173.5,49852.0,339.5,1521.5,9723.0,101.0,276.5,10588.5,3201.0,"{""type"":""Point"",""coordinates"":[81.54760687665417,21.23470542835896]}",81.54760687665417,21.23470542835896
1551,45.33252170000003,-0.0164686331533028,0.193529503590384,-0.1968223531023147,21824.0,0.0,8563.0,8974.5,10262.0,10332.5,15291.5,14796.0,12285.0,224.0,6179.5,49585.0,739.5,1520.0,9582.5,189.0,266.5,10387.0,3196.0,"{""type"":""Point"",""coordinates"":[81.50676037281154,21.27180930184458]}",81.50676037281154,21.27180930184458
1552,50.297195750000014,0.0319020624773851,0.1289823475631197,-0.1519913885898816,21824.0,0.0,9693.5,10495.5,11817.0,12385.0,16053.0,17111.0,15382.0,224.0,6207.5,51037.5,5106.5,1507.5,9617.0,39.0,276.0,11161.5,3169.5,"{""type"":""Point"",""coordinates"":[81.7714051483186,21.273024761125416]}",81.7714051483186,21.273024761125416
1553,42.203324390000034,-0.0164726281892494,0.2013247214242585,-0.2061579160083771,21824.0,0.0,8764.5,9235.0,10803.0,10912.5,16414.0,15882.0,13297.0,224.0,6181.5,48669.5,692.5,1519.5,9775.0,183.0,309.5,10204.5,3195.5,"{""type"":""Point"",""coordinates"":[81.54115434499224,21.28976397110916]}",81.54115434499224,21.28976397110916
1554,50.22712634000004,0.0574254922410796,0.0997050147492625,-0.1366286824955219,21824.0,0.0,9283.0,9949.0,11327.0,12208.0,14912.0,16729.0,14895.0,224.0,6034.0,51017.0,278.0,1558.0,9707.0,60.0,277.0,10833.0,3296.0,"{""type"":""Point"",""coordinates"":[81.74308725174429,21.330843276390773]}",81.74308725174429,21.330843276390773
1555,47.30984626999998,0.0695385703341387,0.1462276992322909,-0.1703574671534199,21824.0,0.0,8982.0,9665.5,11192.5,11760.5,15789.0,18149.0,15254.0,209.0,6193.5,50163.5,5473.5,1510.5,9648.0,92.0,421.0,10885.0,3176.5,"{""type"":""Point"",""coordinates"":[81.72657851189139,21.19173100921055]}",81.72657851189139,21.19173100921055
1556,46.733909900000015,0.0292178581436851,0.1188549670225063,-0.1502769962076859,21824.0,0.0,9656.5,10447.5,12155.5,12959.0,16455.0,17445.5,15622.0,209.0,5899.0,49995.0,5153.5,1595.0,9668.0,119.0,326.0,10697.0,3390.5,"{""type"":""Point"",""coordinates"":[81.67041569289731,21.255334252717024]}",81.67041569289731,21.255334252717024
1557,50.780845580000005,0.0620216911592093,0.1417304834838267,-0.1632023289665211,21824.0,0.0,8874.5,9435.5,10779.0,11263.5,14983.5,16965.0,14049.0,209.0,6196.0,51179.0,5430.0,1509.5,9589.0,207.0,328.5,11187.0,3175.0,"{""type"":""Point"",""coordinates"":[81.7551251438109,21.208630505105226]}",81.7551251438109,21.208630505105226
1558,42.341754200000025,-0.0842673175118019,0.2660729352207743,-0.2469484608424279,21824.0,0.0,8554.5,9040.5,10195.0,9786.0,16881.5,14257.5,11709.0,224.0,6189.0,48710.0,208.0,1518.0,9600.0,105.0,356.5,10174.0,3191.5,"{""type"":""Point"",""coordinates"":[81.58435648109474,21.34768738101521]}",81.58435648109474,21.34768738101521
1559,52.52403578000002,0.0168909825033647,0.1076654788080976,-0.1271941668917094,21824.0,0.0,9255.0,10061.0,11312.0,11769.0,14609.0,15111.0,14005.0,224.0,6377.0,51689.0,9970.0,1463.0,9687.0,87.0,229.0,11531.0,3055.0,"{""type"":""Point"",""coordinates"":[81.63462737867049,21.28467235999654]}",81.63462737867049,21.28467235999654
1560,41.58295376000001,-0.1009817671809256,0.1811847829642471,-0.2138631168481914,21824.0,0.0,8949.0,9815.0,11693.0,12516.0,18055.0,14743.0,13608.0,224.0,5978.0,48488.0,343.0,1573.0,9692.0,55.0,276.0,10428.0,3333.0,"{""type"":""Point"",""coordinates"":[81.5466684574182,21.152321646699317]}",81.5466684574182,21.152321646699317
1561,48.880426460000024,0.0712200148852121,0.1443586216626106,-0.1909411246512993,21824.0,0.0,9467.0,9870.0,11021.0,12130.0,16223.0,18711.0,15647.0,224.0,6016.0,50623.0,346.0,1562.0,9705.0,107.0,298.0,10629.0,3306.0,"{""type"":""Point"",""coordinates"":[81.55060983545519,21.36336318414038]}",81.55060983545519,21.36336318414038
1562,55.88394944000004,0.0357933524508565,0.1330842296410113,-0.1692612612612612,21824.0,0.0,9214.0,9982.5,11526.5,12412.5,16223.5,17428.0,14567.5,224.0,6356.5,52672.0,14049.5,1470.0,9635.0,171.0,257.5,11839.5,3071.0,"{""type"":""Point"",""coordinates"":[81.64764204986992,21.16309945053572]}",81.64764204986992,21.16309945053572
1563,45.274415360000035,-0.0209350773539155,0.1769754714752549,-0.1685560159487139,21824.0,0.0,8855.0,9463.0,10635.0,10452.0,14947.0,14334.0,11972.0,224.0,6004.0,49568.0,422.0,1568.0,9585.0,135.0,345.0,10315.0,3320.0,"{""type"":""Point"",""coordinates"":[81.59425647496472,21.33466580606274]}",81.59425647496472,21.33466580606274
1564,50.893640240000025,0.0386993202855483,0.1035997176692024,-0.1313261245327009,21824.0,0.0,8809.0,9414.0,10805.0,11430.0,14072.0,15205.0,13223.0,224.0,6372.0,51212.0,9964.0,1466.0,9704.0,70.0,225.0,11369.0,3061.0,"{""type"":""Point"",""coordinates"":[81.66292421568646,21.282445587084833]}",81.66292421568646,21.282445587084833
1565,48.02763047000002,-0.0762513488835394,0.2255747126436781,-0.2135529764133283,21824.0,0.0,8722.5,9139.5,10503.0,10241.0,16207.0,13910.5,11525.5,224.0,6184.0,50373.5,634.5,1518.5,9712.0,93.0,282.5,10591.5,3193.0,"{""type"":""Point"",""coordinates"":[81.56002370816405,21.28637144085995]}",81.56002370816405,21.28637144085995
1566,47.62601312000004,0.0079275198187995,0.1102661596958174,-0.1178988967561337,21824.0,0.0,8971.0,9528.0,10714.0,10881.0,13578.0,13795.0,12433.0,224.0,5999.0,50256.0,634.0,1569.0,9702.0,87.0,258.0,10592.0,3322.0,"{""type"":""Point"",""coordinates"":[81.56728988798882,21.30362507942223]}",81.56728988798882,21.30362507942223
1567,49.451235800000006,0.0334028489625676,0.0940588117623524,-0.1084268979773823,21824.0,0.0,9125.0,9872.0,10998.0,11322.0,13673.0,14618.0,13340.0,224.0,6014.0,50790.0,702.0,1565.0,9624.0,215.0,288.0,10765.0,3313.0,"{""type"":""Point"",""coordinates"":[81.64029224511367,21.352964637408203]}",81.64029224511367,21.352964637408203
1568,45.39746408000002,-0.0151723141391517,0.1654777704047777,-0.155890095426127,21824.0,0.0,8608.0,9105.0,10261.0,10061.0,14051.0,13631.0,11401.0,224.0,6014.0,49604.0,545.0,1566.0,9575.0,121.0,266.0,10358.0,3313.0,"{""type"":""Point"",""coordinates"":[81.62612931411873,21.361865344394584]}",81.62612931411873,21.361865344394584
1569,47.83793036000003,0.0350603688470213,0.1389699117123113,-0.1585193444973218,21824.0,0.0,8721.0,9163.5,10565.0,10996.0,14545.5,15602.5,13396.5,224.0,6188.0,50318.0,639.0,1517.0,9689.5,104.0,277.5,10705.0,3189.0,"{""type"":""Point"",""coordinates"":[81.51878211836633,21.311774796533708]}",81.51878211836633,21.311774796533708
1570,45.308595560000015,-0.029632502993608,0.1558559581960695,-0.1671701143272282,21824.0,0.0,8475.5,9255.5,10890.5,11146.5,15262.5,14384.0,12021.5,224.0,5886.5,49578.0,5880.5,1600.0,9629.0,160.0,324.5,10544.5,3402.0,"{""type"":""Point"",""coordinates"":[81.6082798787506,21.132515159833694]}",81.6082798787506,21.132515159833694
1571,42.32124608000004,0.0233027337839201,0.0824327345904449,-0.1036972299274233,21824.0,0.0,9301.0,10063.0,11794.0,12311.0,14523.0,15216.0,14024.0,224.0,6027.0,48704.0,458.0,1559.0,9692.0,81.0,261.0,10318.0,3299.0,"{""type"":""Point"",""coordinates"":[81.69098809453001,21.32223019203733]}",81.69098809453001,21.32223019203733
1572,51.36190898000001,0.0094661007483525,0.1724867375101224,-0.2082495997820089,21824.0,0.0,8844.5,9723.0,11622.5,12518.0,17736.5,18075.5,14541.0,224.0,6358.5,51349.0,13970.0,1467.5,9732.0,101.0,232.0,11428.0,3066.0,"{""type"":""Point"",""coordinates"":[81.69338392224803,21.15180524510897]}",81.69338392224803,21.15180524510897
1573,43.914043400000025,0.041844149336006,0.1403861924998136,-0.1564224691918046,21824.0,0.0,9200.0,9726.0,11158.0,11530.0,15296.0,16632.0,14935.0,224.0,6030.0,49170.0,423.0,1558.0,9672.0,76.0,262.0,10457.0,3297.0,"{""type"":""Point"",""coordinates"":[81.70489693623792,21.319730118008746]}",81.70489693623792,21.319730118008746
1574,45.26416130000001,0.0278418159248093,0.1033289055267077,-0.1147260970352596,21824.0,0.0,9115.0,9672.0,10884.0,11138.0,13705.0,14490.0,13197.0,224.0,6017.0,49565.0,504.0,1564.0,9584.0,112.0,266.0,10526.0,3310.0,"{""type"":""Point"",""coordinates"":[81.66125515920471,21.336755088355837]}",81.66125515920471,21.336755088355837
1575,45.54785695999999,0.0599662453070643,0.0881109959333386,-0.105118237771299,21824.0,0.0,9058.0,9598.0,11050.0,11436.0,13646.0,15387.0,13851.0,224.0,6035.0,49648.0,131.0,1558.0,9690.0,62.0,347.0,10630.0,3295.0,"{""type"":""Point"",""coordinates"":[81.7057426208479,21.364270687735317]}",81.7057426208479,21.364270687735317
1576,45.54272993000001,-0.015047879616963,0.1547417768213956,-0.1615708708592632,21824.0,0.0,8608.5,9266.5,10845.5,10998.5,15025.5,14580.0,12473.5,224.0,6206.0,49646.5,5198.0,1507.5,9574.0,119.0,274.0,10659.5,3169.5,"{""type"":""Point"",""coordinates"":[81.76180777201245,21.26088300657698]}",81.76180777201245,21.26088300657698
1577,50.768882510000026,0.0696078021012096,0.1524662127130068,-0.186738089729672,21824.0,0.0,9168.5,9876.0,11424.5,12260.0,16671.0,19165.5,15422.5,224.0,6199.5,51175.5,5529.5,1506.5,9654.0,137.0,357.0,11237.0,3169.0,"{""type"":""Point"",""coordinates"":[81.7482474490152,21.18409315878781]}",81.7482474490152,21.18409315878781
1578,45.88965896000002,0.0160549689961454,0.1080662816593062,-0.1293809871888585,21824.0,0.0,9232.0,9762.0,11315.0,11815.0,14678.0,15157.0,13765.0,224.0,5424.0,49748.0,474.0,1727.0,9693.0,84.0,378.0,10353.0,3726.0,"{""type"":""Point"",""coordinates"":[81.61957775959203,21.364186731476902]}",81.61957775959203,21.364186731476902
1579,50.49544091000001,0.032663187612285,0.1325774269802476,-0.1485920929665596,21824.0,0.0,8979.5,9466.0,10477.0,10825.0,14134.0,15088.5,13759.5,224.0,6181.5,51095.5,758.5,1519.5,9583.0,83.0,253.5,10867.5,3195.5,"{""type"":""Point"",""coordinates"":[81.52570716336612,21.289788919997367]}",81.52570716336612,21.289788919997367
1580,46.810815349999984,-5.271759186040382e-05,0.1432302129369224,-0.1497434239767263,21824.0,0.0,8694.5,9152.5,10521.5,10662.5,14227.5,14226.0,12015.5,224.0,5891.5,50017.5,5615.5,1597.5,9695.5,96.0,323.0,10754.5,3397.0,"{""type"":""Point"",""coordinates"":[81.6297690607069,21.175078133145774]}",81.6297690607069,21.175078133145774
1581,48.376268510000045,0.0192025672434913,0.1327461841947953,-0.1522853957636566,21824.0,0.0,8750.5,9178.5,10455.5,10881.0,14212.0,14768.5,13093.5,224.0,6178.5,50475.5,746.5,1520.0,9535.0,210.0,278.0,10584.0,3197.0,"{""type"":""Point"",""coordinates"":[81.51069644698534,21.270639984454323]}",81.51069644698534,21.270639984454323
1582,49.93317662000004,0.0747493163172288,0.1203708813952204,-0.1559706167074768,21824.0,0.0,9015.0,9632.5,11116.5,11953.5,15225.0,17685.0,14382.5,224.0,6194.5,50931.0,5495.0,1510.0,9667.0,50.0,298.0,11156.0,3176.0,"{""type"":""Point"",""coordinates"":[81.73655297794843,21.194506465361407]}",81.73655297794843,21.194506465361407
1583,44.37889412000004,-0.037707536666828,-0.0194168096054888,0.0196186033749485,21824.0,0.0,8803.5,9447.0,11148.0,11143.5,10719.0,9940.0,9272.0,208.0,6197.5,49306.0,4970.0,1513.0,9653.0,61.0,244.0,10586.5,3181.0,"{""type"":""Point"",""coordinates"":[81.63283238351615,21.31505978197268]}",81.63283238351615,21.31505978197268
1584,48.93511478000005,0.018385341754737,0.1662611215335178,-0.1810469687564659,21824.0,0.0,8804.5,9384.0,10884.5,11221.5,15697.0,16285.0,13856.0,224.0,6199.5,50639.0,5303.5,1509.0,9473.0,927.0,738.5,10927.5,3173.5,"{""type"":""Point"",""coordinates"":[81.75111745986291,21.228011827192887]}",81.75111745986291,21.228011827192887
1585,44.963375540000015,-0.0455598210603128,0.2114472668455685,-0.2111801242236025,21824.0,0.0,8551.5,9176.5,10731.5,10725.5,16477.5,15041.5,12141.5,224.0,6189.0,49477.0,5292.5,1514.0,9653.0,66.0,345.0,10652.0,3185.0,"{""type"":""Point"",""coordinates"":[81.72880484634771,21.226979969015325]}",81.72880484634771,21.226979969015325
1586,51.713965040000005,0.0610537957730658,0.0763897143309956,-0.1052931364172667,21824.0,0.0,9527.0,9924.5,10995.5,11655.5,13583.5,15350.0,14051.0,224.0,6203.5,51452.0,5355.5,1507.0,9665.0,74.0,269.5,11345.0,3169.5,"{""type"":""Point"",""coordinates"":[81.7660249564485,21.231672875296727]}",81.7660249564485,21.231672875296727
1587,48.817193090000046,0.0456625769614931,0.1422861425359551,-0.1686230124682816,21824.0,0.0,9366.0,9952.5,11385.5,12017.0,16004.0,17535.5,14793.0,224.0,5982.0,50604.5,381.0,1574.0,9632.0,61.0,278.0,10563.5,3333.0,"{""type"":""Point"",""coordinates"":[81.55526915150287,21.202812479831916]}",81.55526915150287,21.202812479831916
1588,42.94845275,-0.0047293586379447,0.161906106102574,-0.1770866845397676,21921.0,0.0,9028.5,9764.5,11510.5,11876.0,16464.5,16309.5,13793.5,224.0,5892.0,48887.5,5085.0,1598.5,9664.0,103.0,458.0,10378.5,3398.5,"{""type"":""Point"",""coordinates"":[81.6821843336626,21.26281100695418]}",81.6821843336626,21.26281100695418
1589,55.42251673999999,0.0110693305546746,0.1585931141856268,-0.1887093846433109,21824.0,0.0,8936.0,9647.0,11173.5,11889.5,16371.5,16738.0,14077.0,209.0,6354.5,52537.0,14046.5,1469.0,9706.5,48.0,226.0,11843.5,3070.0,"{""type"":""Point"",""coordinates"":[81.65455615570521,21.121016899670895]}",81.65455615570521,21.121016899670895
1590,42.62715887000002,-0.0368255165539721,0.1877729257641921,-0.2222292791362337,21921.0,0.0,9208.5,10227.5,12246.0,13159.5,19244.0,17877.0,14082.0,192.0,5892.5,48793.5,5740.0,1597.5,9647.0,116.0,462.0,10348.0,3396.0,"{""type"":""Point"",""coordinates"":[81.59077798439229,21.15235642987383]}",81.59077798439229,21.15235642987383
1591,40.588309940000045,-0.114120235552967,0.2657329804440523,-0.2481377435432714,21824.0,0.0,8509.5,8955.0,10371.0,9987.5,17216.5,13689.5,11425.0,224.0,6173.5,48197.0,328.5,1521.5,9631.5,88.0,274.0,10005.5,3201.0,"{""type"":""Point"",""coordinates"":[81.54825182602791,21.233297743688336]}",81.54825182602791,21.233297743688336
1592,39.183503719999976,-0.0483213266277015,0.1837611757031579,-0.1797323135755258,21824.0,0.0,8601.0,9071.0,10725.0,10636.0,15425.0,14003.0,11993.0,224.0,5969.0,47786.0,525.0,1578.0,9761.0,47.0,257.0,10047.0,3344.0,"{""type"":""Point"",""coordinates"":[81.50084633207294,21.193950923654846]}",81.50084633207294,21.193950923654846
1593,45.893076980000046,0.0670519205667287,0.1651551841476346,-0.2068722438072755,21824.0,0.0,9622.0,10284.5,12095.0,13187.0,18404.5,21050.0,17011.5,224.0,5707.0,49749.0,230.0,1647.5,9654.0,127.0,356.5,10332.5,3523.5,"{""type"":""Point"",""coordinates"":[81.56013690305733,21.145501110353784]}",81.56013690305733,21.145501110353784
1594,55.14907514000003,0.0190756625272052,0.160865118745502,-0.1695031672136152,21824.0,0.0,8919.0,9752.0,10882.0,11077.0,15324.0,15920.0,14679.0,224.0,6376.0,52457.0,11034.0,1458.0,9671.0,129.0,242.0,11791.0,3046.0,"{""type"":""Point"",""coordinates"":[81.7385821130437,21.182939285408928]}",81.7385821130437,21.182939285408928
1595,50.50227695000001,0.0328836862975982,0.1147037103566652,-0.130383743523316,21824.0,0.0,8939.5,9499.0,10741.5,11089.0,13962.5,14912.0,12731.0,224.0,6194.5,51097.5,4810.0,1516.5,9643.0,96.0,247.0,11204.5,3188.0,"{""type"":""Point"",""coordinates"":[81.63068010886998,21.366008281006096]}",81.63068010886998,21.366008281006096
1596,49.89386939000002,0.0132528859903044,0.1341470747399434,-0.1501219512195122,21824.0,0.0,8725.0,9163.5,10453.5,10800.0,14146.5,14526.5,12565.5,224.0,6190.0,50919.5,643.0,1516.0,9689.5,104.0,279.5,10746.5,3187.0,"{""type"":""Point"",""coordinates"":[81.51802379743833,21.312243068218628]}",81.51802379743833,21.312243068218628
1597,51.009852920000014,-0.0148544642574351,0.1473895294707441,-0.1701847929296618,21824.0,0.0,9039.0,9732.0,11361.0,11905.0,16021.0,15552.0,13408.0,224.0,6371.0,51246.0,10032.0,1466.0,9662.0,95.0,230.0,11348.0,3062.0,"{""type"":""Point"",""coordinates"":[81.66438430328283,21.27606456446876]}",81.66438430328283,21.27606456446876
1598,45.27270635000002,0.0258372929333776,0.1604046242774566,-0.1943057473706576,21793.0,0.0,10196.5,10586.5,11376.0,12201.0,16863.0,17757.5,15051.5,224.0,6188.5,49567.5,5506.5,1512.5,9690.5,40.0,447.0,10735.5,3181.5,"{""type"":""Point"",""coordinates"":[81.71020295199739,21.185300841630273]}",81.71020295199739,21.185300841630273
1599,41.49750326000003,-0.0640540781989815,0.2371719410013157,-0.2289595872742906,21824.0,0.0,8747.0,9410.0,11209.0,11016.0,17866.0,15715.0,12816.0,224.0,5983.0,48463.0,211.0,1574.0,9740.0,72.0,322.0,10002.0,3334.0,"{""type"":""Point"",""coordinates"":[81.58902424580937,21.213520928544135]}",81.58902424580937,21.213520928544135
1600,57.58612340000002,0.069847262742406,0.0907826850598265,-0.1285468208748982,21824.0,0.0,9146.5,9877.0,11509.5,12424.0,14905.0,17143.5,15351.5,224.0,6356.5,53170.0,14005.5,1468.5,9735.5,72.0,231.0,12106.5,3068.5,"{""type"":""Point"",""coordinates"":[81.67336387136446,21.14568154027059]}",81.67336387136446,21.14568154027059
1601,45.80420846000004,0.043975502379908,0.1146677778619592,-0.1477328132618235,21824.0,0.0,8941.0,9530.5,10925.0,11685.5,14712.5,16066.0,13593.0,224.0,5375.5,49723.0,653.5,1785.0,9576.0,121.0,287.0,10370.5,3882.0,"{""type"":""Point"",""coordinates"":[81.59470725026607,21.28763447830769]}",81.59470725026607,21.28763447830769
1602,54.23817281000004,-0.1101878417149353,0.300516820444529,-0.3062530851419563,21824.0,0.0,8663.0,9243.5,10892.0,11030.5,20508.5,16437.5,12827.5,224.0,6352.5,52190.5,14064.0,1471.0,9583.0,178.0,259.0,11617.5,3073.5,"{""type"":""Point"",""coordinates"":[81.64521956229312,21.123281703018186]}",81.64521956229312,21.123281703018186
1603,45.927257180000026,0.0118583152351482,0.1113656997103454,-0.1144009016819837,21824.0,0.0,9244.0,9486.0,10214.5,10277.5,12853.5,13162.0,11627.5,224.0,6205.0,49759.0,4841.0,1511.0,9493.0,524.0,440.5,10631.0,3176.0,"{""type"":""Point"",""coordinates"":[81.69572107257243,21.338510638432513]}",81.69572107257243,21.338510638432513
1604,39.805583360000014,-0.0469157455057346,0.051112140871177,-0.040432997729514,21824.0,0.0,8574.0,9182.0,10460.0,10238.5,11341.5,10325.0,9563.5,224.0,6183.5,47968.0,240.5,1520.5,9566.0,231.0,325.5,9893.0,3197.0,"{""type"":""Point"",""coordinates"":[81.58588501660604,21.337554386551542]}",81.58588501660604,21.337554386551542
1605,50.76204647000003,0.056986656782802,0.0937522390198466,-0.1411111734035992,21824.0,0.0,9369.0,9990.0,11490.0,12648.5,15265.5,17110.5,15198.0,224.0,6185.0,51173.5,721.0,1517.5,9770.0,50.0,246.0,10847.5,3191.5,"{""type"":""Point"",""coordinates"":[81.51521907515118,21.299605616250556]}",81.51521907515118,21.299605616250556
1606,50.26472455999999,0.0700257012878131,0.1507091595523961,-0.1855070432405915,21824.0,0.0,9560.5,10128.5,11622.0,12485.0,16916.0,19463.5,16719.0,224.0,6198.0,51028.0,5190.0,1510.5,9630.0,106.0,382.5,11169.5,3176.5,"{""type"":""Point"",""coordinates"":[81.73836613741237,21.244369765585674]}",81.73836613741237,21.244369765585674
1607,47.38333369999998,-0.0062286867562112,0.1240379382725647,-0.1352911153861254,21824.0,0.0,8775.5,9413.0,11012.5,11267.5,14458.5,14279.5,12708.5,224.0,5897.5,50185.0,5200.0,1595.0,9639.0,87.0,370.5,10745.0,3391.5,"{""type"":""Point"",""coordinates"":[81.71382829669272,21.243200610584445]}",81.71382829669272,21.243200610584445
1608,48.47368208,0.019291529955037,0.1739185773769478,-0.1870633227917923,21824.0,0.0,9018.5,9647.0,11053.5,11358.0,16140.5,16775.5,14272.0,209.0,6194.5,50504.0,5190.0,1513.0,9620.0,79.0,291.5,10979.5,3182.0,"{""type"":""Point"",""coordinates"":[81.73273059646007,21.25344894331009]}",81.73273059646007,21.25344894331009
1609,55.24990673000002,0.0242542356003812,0.1779697401638358,-0.2159115081897468,21824.0,0.0,8819.0,9521.5,11058.0,11966.5,17148.0,18000.5,14549.5,224.0,6354.5,52486.5,14024.5,1470.0,9742.0,47.0,225.0,11855.5,3071.5,"{""type"":""Point"",""coordinates"":[81.66273617233884,21.148789821058593]}",81.66273617233884,21.148789821058593
1610,52.84874768000003,0.0413051448124159,0.1370801174040656,-0.1718137346428171,21824.0,0.0,8791.5,9484.5,11089.0,11907.0,15690.0,17042.0,14608.0,224.0,6369.5,51784.0,13906.0,1461.0,9617.0,114.0,236.0,11498.0,3052.0,"{""type"":""Point"",""coordinates"":[81.73535910995088,21.164505231774378]}",81.73535910995088,21.164505231774378
1611,49.14190499000006,0.0059082608228595,0.1363664272118867,-0.1380200860832137,21824.0,0.0,8794.0,9374.0,10514.0,10549.5,13881.0,14046.0,12800.0,224.0,6198.0,50699.5,4956.0,1512.5,9711.0,64.0,246.0,11106.5,3180.5,"{""type"":""Point"",""coordinates"":[81.64087711628272,21.31662828430934]}",81.64087711628272,21.31662828430934
1612,47.819131250000055,0.0244137764683585,0.0784907529093575,-0.1042121684867394,21824.0,0.0,9399.5,10097.0,11484.0,12095.5,14156.0,14864.5,13963.5,224.0,6201.5,50312.5,4958.0,1511.5,9681.0,83.0,247.0,10952.5,3177.0,"{""type"":""Point"",""coordinates"":[81.6392253002074,21.323344012722945]}",81.6392253002074,21.323344012722945
1613,43.37057822000003,0.0348436502871729,0.1166980470336323,-0.1507266225367115,21824.0,0.0,9259.0,9832.0,11162.0,11963.0,15124.0,16216.0,14019.0,224.0,6020.0,49011.0,75.0,1561.0,9636.0,110.0,383.0,10307.0,3303.0,"{""type"":""Point"",""coordinates"":[81.72254260677748,21.266321994065674]}",81.72254260677748,21.266321994065674
1614,43.72947032000002,-0.0664145104444253,0.2032356307346123,-0.2011618900077459,21824.0,0.0,8534.0,9021.5,10313.0,10268.5,15507.0,13575.5,11341.0,224.0,6186.5,49116.0,573.5,1517.0,9688.0,64.0,264.0,10329.0,3189.5,"{""type"":""Point"",""coordinates"":[81.57456555328675,21.27735772658425]}",81.57456555328675,21.27735772658425
1615,48.98125805000001,-0.0291090666795112,0.2081503402258119,-0.227116956713189,21824.0,0.0,8454.0,8926.5,10092.5,10502.5,16024.0,15117.5,12272.0,209.0,6369.5,50652.5,13943.0,1462.0,9761.5,73.0,224.0,11201.5,3054.5,"{""type"":""Point"",""coordinates"":[81.7065640186965,21.18193777367781]}",81.7065640186965,21.18193777367781
1616,43.763650520000056,-0.0483426540361632,0.1538861870322846,-0.1709280303030303,21824.0,0.0,9456.0,10261.0,11381.5,11787.0,16074.5,14592.0,15101.0,224.0,5718.5,49126.0,534.5,1644.5,9642.0,162.0,301.0,10451.5,3515.5,"{""type"":""Point"",""coordinates"":[81.58892516874367,21.274175973139823]}",81.58892516874367,21.274175973139823
1617,48.40361267000003,-0.0071457877461706,0.1521041927409261,-0.160112636118386,21824.0,0.0,8812.0,9388.5,10663.0,10839.5,14728.5,14519.5,12404.0,224.0,6191.0,50483.5,4961.5,1517.0,9639.0,144.0,259.0,10981.0,3189.5,"{""type"":""Point"",""coordinates"":[81.63647574641303,21.33092376858381]}",81.63647574641303,21.33092376858381
1618,48.639456050000035,0.074893077348588,0.073152408676871,-0.0958256088985488,21824.0,0.0,10697.5,11981.0,14144.0,14805.0,17142.0,19917.5,18903.0,224.0,6203.5,50552.5,5238.5,1508.0,9656.0,53.0,279.0,11020.0,3171.0,"{""type"":""Point"",""coordinates"":[81.76042493961671,21.248023065759842]}",81.76042493961671,21.248023065759842
1619,56.84270405000001,0.073254655760466,0.099851342396074,-0.1495104921285636,21824.0,0.0,9123.5,9815.5,11358.5,12564.5,15352.0,17779.0,15687.0,224.0,6357.5,52952.5,13973.0,1467.0,9461.5,864.0,701.5,11797.0,3066.0,"{""type"":""Point"",""coordinates"":[81.69368563210227,21.132761491231687]}",81.69368563210227,21.132761491231687
1620,50.059643359999995,0.0615435694666626,0.1182161481747887,-0.1512997111752943,21824.0,0.0,9337.0,9952.0,11460.0,12259.0,15546.0,17585.0,15429.0,224.0,6031.0,50968.0,166.0,1558.0,9735.0,90.0,336.0,10784.0,3297.0,"{""type"":""Point"",""coordinates"":[81.74814952396538,21.3076904830426]}",81.74814952396538,21.3076904830426
1621,49.64777194999999,0.0435656615587411,0.112973118073398,-0.136062942811289,21824.0,0.0,9109.0,9697.0,11035.5,11565.5,14511.5,15833.5,13971.0,224.0,6208.5,50847.5,4745.0,1509.5,9677.0,94.0,255.5,11137.5,3173.0,"{""type"":""Point"",""coordinates"":[81.70059019732939,21.34832442235369]}",81.70059019732939,21.34832442235369
1622,46.89797485999998,0.0204339896527338,0.1137537029200169,-0.1062631357713324,21824.0,0.0,8879.0,9214.0,10631.0,10471.0,13159.0,13708.0,12477.0,224.0,6015.0,50043.0,612.0,1565.0,9670.0,88.0,257.0,10740.0,3312.0,"{""type"":""Point"",""coordinates"":[81.63385616287462,21.360067350784796]}",81.63385616287462,21.360067350784796
1623,48.10111790000002,0.0378391242265587,0.1313837973975094,-0.1622408279133278,21824.0,0.0,9337.0,9917.0,11657.0,12416.0,16172.0,17444.0,15587.0,224.0,6003.0,50395.0,199.0,1569.0,9592.0,303.0,386.0,10488.0,3321.0,"{""type"":""Point"",""coordinates"":[81.57451553040802,21.347087633000573]}",81.57451553040802,21.347087633000573
1624,43.46799179000004,-0.0520275439938791,0.2270394883617163,-0.2226750648388292,21824.0,0.0,8601.5,9103.0,10490.0,10394.0,16500.0,14868.0,11974.0,224.0,6191.0,49039.5,4953.0,1516.5,9692.0,112.0,263.5,10524.0,3189.0,"{""type"":""Point"",""coordinates"":[81.6747658592137,21.310003772792605]}",81.6747658592137,21.310003772792605
1625,42.69381026000002,-0.0021340697966357,0.1631939385108553,-0.1766093076384539,21824.0,0.0,9436.0,9952.0,11173.0,11486.0,15966.0,15898.0,13500.0,224.0,6007.0,48813.0,159.0,1564.0,9639.0,92.0,351.0,10305.0,3311.0,"{""type"":""Point"",""coordinates"":[81.61159954139309,21.241339190122414]}",81.61159954139309,21.241339190122414
1626,51.954935449999994,0.0634834698475348,0.0945460483344219,-0.1205282514209294,21824.0,0.0,8899.0,9333.5,10522.0,11090.0,13406.0,15223.5,13254.5,224.0,6185.5,51522.5,692.5,1517.5,9605.0,130.0,276.0,10929.0,3191.0,"{""type"":""Point"",""coordinates"":[81.52280615255142,21.30071382739442]}",81.52280615255142,21.30071382739442
1627,49.84772612,0.0703901590457256,0.1114577530176416,-0.1425189936242507,21824.0,0.0,9297.0,9830.0,11230.0,11962.0,14963.0,17229.0,15470.0,224.0,6004.0,50906.0,464.0,1567.0,9614.0,116.0,259.0,10703.0,3316.0,"{""type"":""Point"",""coordinates"":[81.52512643737148,21.337095737466164]}",81.52512643737148,21.337095737466164
1628,49.18121222000002,0.0341640534741706,0.1277702832915783,-0.1538764886820727,21824.0,0.0,8829.0,9376.0,10728.0,11315.0,14630.0,15665.0,13627.0,224.0,6002.0,50711.0,603.0,1567.0,9532.0,228.0,292.0,10636.0,3317.0,"{""type"":""Point"",""coordinates"":[81.51770680072423,21.32621857362747]}",81.51770680072423,21.32621857362747
1629,50.18952811999998,0.0564537329127234,0.1330597427195959,-0.1442575914561249,21824.0,0.0,8973.0,9540.0,10737.0,10985.0,14357.0,16075.0,13826.0,224.0,6006.0,51006.0,279.0,1566.0,9575.0,320.0,339.0,10698.0,3315.0,"{""type"":""Point"",""coordinates"":[81.54589890802774,21.341799976240953]}",81.54589890802774,21.341799976240953
1630,45.308595560000015,0.0299886766263651,0.1041077665059038,-0.1038324050211987,21824.0,0.0,8960.0,9494.0,10780.0,10774.0,13278.0,14099.0,12467.0,224.0,6009.0,49578.0,595.0,1567.0,9652.0,84.0,257.0,10345.0,3317.0,"{""type"":""Point"",""coordinates"":[81.61655381025791,21.34244392623583]}",81.61655381025791,21.34244392623583
1631,42.69210125000001,-0.0592645585920732,0.2570167246795143,-0.2565473462667821,21824.0,0.0,8802.0,9262.5,10950.5,10939.5,18508.0,16437.0,12699.0,224.0,5888.0,48812.5,5806.0,1599.5,9592.5,199.0,313.5,10291.0,3400.5,"{""type"":""Point"",""coordinates"":[81.61186516018745,21.153092218702792]}",81.61186516018745,21.153092218702792
1632,47.85331144999998,-0.0180444932710793,0.2184074287123017,-0.2360404821848375,21824.0,0.0,9114.0,9781.0,11455.0,11889.0,18533.5,17876.5,14075.0,224.0,5891.0,50322.5,5706.0,1598.5,9589.0,122.0,308.5,10760.0,3398.0,"{""type"":""Point"",""coordinates"":[81.59817711215362,21.168103888851974]}",81.59817711215362,21.168103888851974
1633,44.742913250000015,-0.0943674496280391,0.109064533145771,-0.0942725163193164,21824.0,0.0,8378.0,8974.5,10441.0,10133.5,12614.5,10439.0,9443.0,224.0,5898.5,49412.5,5493.5,1594.5,9622.0,68.0,362.0,10486.5,3389.5,"{""type"":""Point"",""coordinates"":[81.65948848909302,21.193116522990422]}",81.65948848909302,21.193116522990422
1634,52.65050252000003,-0.0030091787512664,0.1262416164360302,-0.1601021407583601,21824.0,0.0,9134.5,10043.0,12005.5,12865.0,16582.5,16483.0,14652.0,224.0,6358.0,51726.0,14034.0,1468.5,9749.0,65.0,226.0,11580.5,3068.0,"{""type"":""Point"",""coordinates"":[81.65726932760688,21.151708419454152]}",81.65726932760688,21.151708419454152
1635,48.34721534000005,0.027146998429762,0.1653192990071076,-0.1833608815426997,21824.0,0.0,8967.0,9645.5,11116.5,11538.0,16108.5,17007.5,14077.0,224.0,6193.0,50467.0,5125.5,1514.0,9660.0,58.0,304.5,10992.0,3183.5,"{""type"":""Point"",""coordinates"":[81.72313838581363,21.259483508650924]}",81.72313838581363,21.259483508650924
1636,57.01873208000001,0.0616319690988099,0.1399834379959975,-0.1806178420196894,21824.0,0.0,9190.5,9922.5,11465.0,12462.5,16519.5,18689.5,15599.0,209.0,6353.5,53004.0,14038.5,1470.0,9680.0,62.0,229.0,11996.5,3071.5,"{""type"":""Point"",""coordinates"":[81.65849672927142,21.120408154342424]}",81.65849672927142,21.120408154342424
1637,42.84078512000002,0.0018670400746816,0.1421050623736314,-0.1478854338407269,21824.0,0.0,9219.0,9752.0,11112.0,11244.0,14969.0,15025.0,13494.0,224.0,5993.0,48856.0,456.0,1570.0,9651.0,120.0,286.0,10262.0,3325.0,"{""type"":""Point"",""coordinates"":[81.57648335325828,21.24587006793561]}",81.57648335325828,21.24587006793561
1638,41.830760209999994,-0.1410623684119697,0.2825635753496401,-0.2387822014051522,21824.0,0.0,8384.0,8667.0,10157.5,9246.5,16530.0,12443.0,10285.0,209.0,5905.0,48560.5,5365.0,1591.5,9581.0,143.0,320.0,10174.5,3382.5,"{""type"":""Point"",""coordinates"":[81.63516650439875,21.22299886833999]}",81.63516650439875,21.22299886833999
1639,48.61723891999998,0.0342207652951809,0.1324292770543332,-0.1586936945215298,21824.0,0.0,9004.0,10068.5,11444.5,12075.5,15762.0,16879.0,14631.0,224.0,6187.0,50546.0,5455.0,1514.0,9683.0,86.0,405.0,11043.5,3184.5,"{""type"":""Point"",""coordinates"":[81.6823176935886,21.196946455285445]}",81.6823176935886,21.196946455285445
1640,39.96964832000003,-0.021238194520079,0.1881539408421129,-0.199948810764365,21824.0,0.0,9101.0,9619.5,10940.5,11212.0,16409.0,15726.5,13286.5,224.0,5715.5,48016.0,254.0,1648.0,9574.0,284.0,523.0,9897.0,3522.5,"{""type"":""Point"",""coordinates"":[81.6048575136498,21.353171273532734]}",81.6048575136498,21.353171273532734
1641,43.58249546000002,-0.0115578304301164,0.0788465771516618,-0.093676083366805,21824.0,0.0,8505.0,9074.0,10154.0,10462.0,12253.0,11973.0,11079.0,224.0,6047.0,49073.0,346.0,1551.0,9625.0,114.0,272.0,10398.0,3279.0,"{""type"":""Point"",""coordinates"":[81.67575978685313,21.3647489747081]}",81.67575978685313,21.3647489747081
1642,45.70850389999998,0.0332693538067818,0.086034643858262,-0.1237124902390956,21824.0,0.0,9351.0,10102.0,11783.0,12716.0,15110.0,16150.0,14676.0,224.0,6000.0,49695.0,503.0,1568.0,9632.0,117.0,269.0,10591.0,3320.0,"{""type"":""Point"",""coordinates"":[81.59114142370267,21.28690527414673]}",81.59114142370267,21.28690527414673
1643,49.905832460000056,0.0707341402772194,0.1155275950814984,-0.1440302063858645,21824.0,0.0,9496.5,10082.5,11675.0,12372.0,15604.0,17979.5,15898.0,224.0,5708.0,50923.0,210.5,1646.5,9654.0,134.0,361.5,10686.0,3521.5,"{""type"":""Point"",""coordinates"":[81.56249923688308,21.145132351747414]}",81.56249923688308,21.145132351747414
1644,45.455570420000015,0.0407128411056071,0.1395543175487465,-0.1602382302892796,21824.0,0.0,9488.0,10122.0,11844.0,12356.0,16364.0,17753.0,15720.0,224.0,5993.0,49621.0,304.0,1570.0,9689.0,89.0,278.0,10313.0,3324.0,"{""type"":""Point"",""coordinates"":[81.59658316339542,21.229908736424672]}",81.59658316339542,21.229908736424672
1645,40.64299826000001,-0.0622227775348285,0.2338449258009506,-0.2235895221646517,21824.0,0.0,8511.0,8742.0,10789.0,10558.0,17003.0,15011.0,12732.0,224.0,6005.0,48213.0,254.0,1569.0,9565.0,260.0,429.0,9907.0,3321.0,"{""type"":""Point"",""coordinates"":[81.59343779334174,21.3643105320385]}",81.59343779334174,21.3643105320385
1646,45.22485406999999,-0.0181201550387596,0.1398763244494268,-0.1560975609756097,21824.0,0.0,9248.5,9948.0,11504.5,11892.5,15760.5,15199.5,13161.5,224.0,6197.0,49553.5,5230.5,1511.0,9716.0,53.0,281.5,10714.5,3177.0,"{""type"":""Point"",""coordinates"":[81.64197514903788,21.252415244815012]}",81.64197514903788,21.252415244815012
1647,46.94240911999998,0.0072981917031083,0.1516273330248342,-0.1737148247130954,21824.0,0.0,9233.0,10023.5,11826.0,12375.0,16798.5,17045.5,14840.5,224.0,5899.5,50056.0,5419.0,1594.5,9691.0,86.0,318.0,10728.5,3389.0,"{""type"":""Point"",""coordinates"":[81.6312946741354,21.21081503898262]}",81.6312946741354,21.21081503898262
1648,43.73459735000006,-0.0244712288740578,0.1677169079383101,-0.1784657105207875,21824.0,0.0,8619.5,9171.5,10754.5,10995.5,15427.0,14690.0,12262.0,224.0,6188.0,49117.5,414.5,1517.0,9448.0,470.0,425.0,10184.5,3190.0,"{""type"":""Point"",""coordinates"":[81.5404856837454,21.320507400187665]}",81.5404856837454,21.320507400187665
1649,49.429018670000005,0.1006400148409238,0.0998393042820682,-0.1365829832958874,21824.0,0.0,8913.0,9553.0,11048.5,11903.5,14544.0,17799.0,14856.5,209.0,6210.5,50783.5,5171.0,1505.5,9687.0,132.0,267.5,11124.5,3165.0,"{""type"":""Point"",""coordinates"":[81.75916955422616,21.26974399052628]}",81.75916955422616,21.26974399052628
1650,53.60242109000001,-0.0062482921941889,0.0830555664483745,-0.0963401079707843,21824.0,0.0,8855.5,9482.0,11382.5,11691.5,13809.5,13638.0,12029.5,224.0,6370.5,52004.5,13916.0,1461.5,9674.5,95.0,232.0,11626.0,3053.0,"{""type"":""Point"",""coordinates"":[81.72553695605495,21.18243651462205]}",81.72553695605495,21.18243651462205
1651,47.87211056000001,0.0284438639918601,0.1172895564093608,-0.1567014409951364,21824.0,0.0,9659.5,10084.5,11660.5,12636.0,15994.0,16930.5,15137.0,224.0,6176.5,50328.0,566.0,1520.5,9694.5,89.0,287.5,10610.0,3199.0,"{""type"":""Point"",""coordinates"":[81.53981294090883,21.25933121532103]}",81.53981294090883,21.25933121532103
1652,58.77901238000004,0.0775224351200582,0.0895971351835273,-0.1346161017265167,21824.0,0.0,9402.5,10065.0,11603.5,12711.5,15213.5,17770.5,16093.0,160.0,6355.5,53519.0,14018.5,1469.0,9732.0,85.0,234.0,12234.5,3069.0,"{""type"":""Point"",""coordinates"":[81.66852097158018,21.124607451060402]}",81.66852097158018,21.124607451060402
1653,54.304824199999985,0.0353426334611295,0.0769341437974319,-0.1187833949856144,21824.0,0.0,9371.0,10160.0,11792.0,12832.0,14971.0,16068.0,14654.0,224.0,6367.0,52210.0,10690.0,1465.0,9682.0,81.0,230.0,11711.0,3061.0,"{""type"":""Point"",""coordinates"":[81.68983443703712,21.215174472312395]}",81.68983443703712,21.215174472312395
1654,54.39027470000002,0.0272092168157862,0.10697350069735,-0.1389008466063997,21824.0,0.0,9528.0,10262.0,12002.0,12806.0,15874.0,16762.0,15188.5,224.0,6356.5,52235.0,14037.5,1468.5,9723.5,76.0,229.0,11746.0,3068.5,"{""type"":""Point"",""coordinates"":[81.658390290277,21.126363161241525]}",81.658390290277,21.126363161241525
1655,50.19978218000006,0.0343714798916187,0.1375390022594412,-0.1603863320406819,21824.0,0.0,9326.0,9966.0,11475.0,12024.0,15859.0,16988.0,14593.0,224.0,6017.0,51009.0,406.0,1564.0,9628.0,160.0,282.0,10759.0,3310.0,"{""type"":""Point"",""coordinates"":[81.62442965776461,21.376460001581847]}",81.62442965776461,21.376460001581847
1656,48.74199665000003,0.0474546296686176,0.152106746341629,-0.177411519777932,21824.0,0.0,9176.5,9824.0,11853.5,12486.5,16966.5,18657.0,15492.5,224.0,6194.0,50582.5,5302.5,1511.5,9647.0,76.0,435.0,11030.5,3179.0,"{""type"":""Point"",""coordinates"":[81.74253713749768,21.22205535339858]}",81.74253713749768,21.22205535339858
1657,42.54341738000005,-0.0157629060728995,0.2108459309300994,-0.2195575385759434,21824.0,0.0,8800.5,9218.0,10495.0,10688.5,16400.0,15891.0,12983.5,224.0,6177.0,48769.0,363.5,1520.5,9686.0,84.0,265.0,10222.5,3198.0,"{""type"":""Point"",""coordinates"":[81.57213326596045,21.249697581034034]}",81.57213326596045,21.249697581034034
1658,49.8101279,0.0530114779316057,0.1338504586831013,-0.1596449918493026,21824.0,0.0,9316.0,10066.5,11599.0,12227.0,16006.0,17798.0,15223.0,209.0,5892.5,50895.0,5139.0,1598.0,9720.0,60.0,313.5,11011.0,3397.5,"{""type"":""Point"",""coordinates"":[81.68775355097245,21.25773894708167]}",81.68775355097245,21.25773894708167
1659,47.33548142000001,0.0024142926122646,0.2009227806942653,-0.2104434435534073,21824.0,0.0,8808.0,9361.0,10781.0,10997.5,16528.0,16608.0,13543.0,224.0,6186.0,50171.0,5420.5,1515.0,9641.0,80.0,303.5,10867.5,3186.5,"{""type"":""Point"",""coordinates"":[81.71560827268459,21.20753466392114]}",81.71560827268459,21.20753466392114
1660,47.783242040000005,0.0214930167377851,0.1487088485923954,-0.167264599259941,21824.0,0.0,9113.0,9689.5,11083.5,11513.5,15536.0,16218.5,13811.0,224.0,6196.0,50302.0,150.5,1515.5,9607.0,98.0,365.5,10586.5,3186.0,"{""type"":""Point"",""coordinates"":[81.60033524638722,21.381929422679715]}",81.60033524638722,21.381929422679715
1661,56.32145600000001,0.0312182892616247,0.0914593140551445,-0.1402276239988759,21824.0,0.0,9348.0,10173.5,12238.0,13510.0,16230.0,17276.0,15411.0,224.0,6356.0,52800.0,14012.5,1469.0,9719.5,63.0,228.5,11954.0,3069.5,"{""type"":""Point"",""coordinates"":[81.66893239346275,21.14791623131895]}",81.66893239346275,21.14791623131895
1662,49.67340710000002,0.0648250890614962,0.1246268918776556,-0.1622573035746688,21824.0,0.0,9459.0,10109.0,11542.0,12464.0,16013.0,18233.0,15812.0,224.0,6029.0,50855.0,324.0,1558.0,9608.0,72.0,267.0,10632.0,3297.0,"{""type"":""Point"",""coordinates"":[81.72675240292637,21.300233704637492]}",81.72675240292637,21.300233704637492
1663,46.583517020000045,0.0157460881583493,0.14049303159139,-0.1648783907464023,21824.0,0.0,8969.0,9491.0,10721.5,11270.5,14955.0,15433.5,13242.5,224.0,6187.5,49951.0,605.5,1517.0,9694.5,123.0,275.5,10612.5,3189.5,"{""type"":""Point"",""coordinates"":[81.56599544801492,21.291492664455852]}",81.56599544801492,21.291492664455852
1664,49.47003490999998,0.0131447918741286,0.1169972948602344,-0.1397573271483064,21824.0,0.0,9096.5,9793.0,11219.5,11751.0,14865.0,15261.0,13336.5,224.0,6200.5,50795.5,5277.5,1508.5,9598.0,374.0,408.0,11065.0,3172.5,"{""type"":""Point"",""coordinates"":[81.74930590906993,21.23189851693056]}",81.74930590906993,21.23189851693056
1665,39.42276512000001,-0.0650231745818499,0.1992285001134558,-0.2051535421100638,21824.0,0.0,8436.0,8970.0,10457.0,10587.0,15855.0,13919.0,11449.0,224.0,5420.0,47856.0,393.0,1730.0,9664.0,99.0,517.0,9863.0,3731.0,"{""type"":""Point"",""coordinates"":[81.61283130350868,21.367468764971093]}",81.61283130350868,21.367468764971093
1666,47.39016974000003,0.0203323284021594,0.103320304788977,-0.1180636127225445,21824.0,0.0,9113.0,9642.0,11022.0,11356.0,13973.0,14553.0,13083.0,224.0,6018.0,50187.0,673.0,1564.0,9660.0,247.0,299.0,10578.0,3308.0,"{""type"":""Point"",""coordinates"":[81.64638624232038,21.35090452869977]}",81.64638624232038,21.35090452869977
1667,46.90139288,0.0183616732398008,0.1606245341792956,-0.1687546908377114,21824.0,0.0,8792.5,9337.5,10798.5,10980.5,15183.0,15751.0,13377.5,224.0,6178.0,50044.0,740.5,1520.0,9660.5,173.0,262.0,10549.0,3198.0,"{""type"":""Point"",""coordinates"":[81.51186913760016,21.268561794851554]}",81.51186913760016,21.268561794851554
1668,41.57953573999998,-0.0280869451355244,0.1679434734101896,-0.1714285714285714,21824.0,0.0,8909.0,9511.0,11107.0,11187.0,15703.0,14845.0,12538.0,224.0,6008.0,48487.0,81.0,1566.0,9707.0,79.0,378.0,10123.0,3316.0,"{""type"":""Point"",""coordinates"":[81.68427502700736,21.273707809167245]}",81.68427502700736,21.273707809167245
1669,44.030256080000015,-0.0031423321943094,0.1447494758293653,-0.1447719078225427,21824.0,0.0,8987.5,9674.5,10911.0,10911.5,14605.0,14513.5,13028.5,224.0,5717.5,49204.0,544.5,1645.0,9680.0,118.0,288.5,10401.0,3516.5,"{""type"":""Point"",""coordinates"":[81.58513757114052,21.27409395311181]}",81.58513757114052,21.27409395311181
1670,49.30938796999999,0.0757615491849663,0.1256387842926304,-0.1669309725877001,21824.0,0.0,9729.0,10341.5,11951.0,13003.5,16740.5,19485.0,16915.5,177.0,6197.5,50748.5,5128.5,1511.5,9684.0,97.0,294.5,11108.0,3179.0,"{""type"":""Point"",""coordinates"":[81.7267246536409,21.264025531258334]}",81.7267246536409,21.264025531258334
1671,49.01372924000003,0.0364342518956907,0.1347260286403978,-0.1596460964887875,21824.0,0.0,9345.5,9930.0,11326.5,11918.5,15630.0,16812.0,14315.0,224.0,6198.0,50662.0,156.0,1514.5,9607.0,98.0,364.0,10657.0,3183.5,"{""type"":""Point"",""coordinates"":[81.60105007662926,21.381194896790298]}",81.60105007662926,21.381194896790298
1672,43.671363980000024,-0.0255612211111846,0.1863342142556206,-0.202593570430191,21824.0,0.0,8782.0,9097.0,10269.0,10622.0,15487.0,14715.0,12795.0,224.0,5998.0,49099.0,562.0,1569.0,9571.0,462.0,409.0,10176.0,3322.0,"{""type"":""Point"",""coordinates"":[81.53682740894904,21.316995953503362]}",81.53682740894904,21.316995953503362
1673,48.495899210000005,0.0588178216220587,0.0892586423103558,-0.1248163896405102,21824.0,0.0,9189.0,9723.0,11320.5,12165.0,14549.5,16368.0,14543.5,224.0,6180.0,50510.5,620.5,1521.0,9760.0,43.0,260.5,10752.5,3198.5,"{""type"":""Point"",""coordinates"":[81.53130277932671,21.3026243998377]}",81.53130277932671,21.3026243998377
1674,47.90970878000002,0.0542249932555978,0.1343111878055795,-0.1629929966826391,21824.0,0.0,9252.5,9939.5,11354.0,12040.0,15776.0,17585.0,15281.5,224.0,6190.0,50339.0,5139.0,1515.0,9697.0,96.0,404.5,10976.5,3186.0,"{""type"":""Point"",""coordinates"":[81.70235470591062,21.253278495035918]}",81.70235470591062,21.253278495035918
1675,48.82232012000003,-0.0034472451927866,0.0849276111685625,-0.1017809477967881,21824.0,0.0,8568.0,9078.0,10263.5,10618.5,12589.5,12503.0,11325.0,224.0,5715.5,50606.0,426.5,1647.0,9699.0,57.0,289.5,10714.0,3521.0,"{""type"":""Point"",""coordinates"":[81.59551692545594,21.317154665758835]}",81.59551692545594,21.317154665758835
1676,46.858667630000014,0.0327706057596822,0.1158866824052215,-0.1458006559247112,21824.0,0.0,9319.0,10009.5,11981.0,12733.0,16071.0,17160.0,14812.0,224.0,5894.0,50031.5,5119.0,1597.5,9724.0,69.0,309.5,10738.0,3396.5,"{""type"":""Point"",""coordinates"":[81.69027815502339,21.263101312394905]}",81.69027815502339,21.263101312394905
1677,50.04938930000003,0.0633644993219613,0.1253730319349638,-0.1588223866626635,21824.0,0.0,9542.5,10214.0,11907.5,12749.0,16404.0,18623.5,16084.5,224.0,5709.5,50965.0,240.0,1647.0,9635.0,95.0,317.0,10684.0,3521.5,"{""type"":""Point"",""coordinates"":[81.56814716632965,21.16625001314397]}",81.56814716632965,21.16625001314397
1678,40.53020360000005,0.0358907207904291,0.1208137282037088,-0.1601905239408373,21824.0,0.0,9527.0,10249.0,11725.0,12706.0,16198.0,17404.0,14810.0,224.0,6007.0,48180.0,389.0,1568.0,9682.0,102.0,424.0,10142.0,3318.0,"{""type"":""Point"",""coordinates"":[81.60279600810777,21.35593425477787]}",81.60279600810777,21.35593425477787
1679,47.16458041999999,0.0700192125888201,0.1107468720974703,-0.1476798012871175,21824.0,0.0,9284.5,9833.0,11323.5,12207.0,15247.5,17543.5,15258.0,224.0,6194.5,50121.0,563.0,1514.0,9671.5,124.0,290.0,10526.5,3183.5,"{""type"":""Point"",""coordinates"":[81.51537196612202,21.331253043336975]}",81.51537196612202,21.331253043336975
1680,45.86915084000003,0.0095880560216416,0.0973555412224456,-0.1164595074500115,21824.0,0.0,9331.0,9985.5,11444.5,11895.5,14461.5,14741.5,13488.5,224.0,6193.0,49742.0,5166.0,1513.0,9705.0,90.0,277.5,10769.0,3182.0,"{""type"":""Point"",""coordinates"":[81.61934099405394,21.27002494394371]}",81.61934099405394,21.27002494394371
1681,45.72901202000003,-0.0132973878829829,0.13198486020105,-0.1264377126194719,21824.0,0.0,8550.0,8971.0,10785.0,10664.0,13907.0,13542.0,12262.0,224.0,6022.0,49701.0,416.0,1563.0,9688.0,76.0,263.0,10471.0,3306.0,"{""type"":""Point"",""coordinates"":[81.6381349414905,21.381019093855613]}",81.6381349414905,21.381019093855613
1682,49.65631700000006,0.0507253072161138,0.1346426402105689,-0.1613632510032216,21824.0,0.0,9064.0,9655.0,11128.5,11753.5,15411.0,17058.0,14713.5,224.0,6203.5,50850.0,5234.5,1508.0,9629.0,78.0,284.0,11100.0,3171.0,"{""type"":""Point"",""coordinates"":[81.75956482754647,21.247983019468187]}",81.75956482754647,21.247983019468187
1683,41.357364440000026,-0.0570962479608482,0.0565217391304347,-0.024285098433683,21824.0,0.0,8456.0,8846.0,10185.0,9548.0,10692.0,9537.0,9032.0,224.0,6001.0,48422.0,315.0,1571.0,9444.0,405.0,459.0,9891.0,3324.0,"{""type"":""Point"",""coordinates"":[81.59382688500361,21.351010041275835]}",81.59382688500361,21.351010041275835
1684,57.82025777000001,0.0773641522326866,0.0856873164592364,-0.1340770902185622,21824.0,0.0,9536.5,10233.0,11856.0,13076.5,15527.5,18131.5,16255.5,224.0,6362.5,53238.5,13995.5,1466.0,9669.0,70.0,231.0,12080.5,3063.0,"{""type"":""Point"",""coordinates"":[81.67603108003972,21.170606701461306]}",81.67603108003972,21.170606701461306
1685,49.230773510000006,0.0729019817542495,0.120042284953604,-0.1419276290840868,21824.0,0.0,8973.5,9542.5,10748.0,11237.5,14303.5,16553.0,14270.0,224.0,6204.0,50725.5,5223.0,1507.0,9608.0,69.0,303.5,11043.0,3169.5,"{""type"":""Point"",""coordinates"":[81.75379925716574,21.242637596462988]}",81.75379925716574,21.242637596462988
1686,48.36430544000001,-0.0575653831221543,0.1550826876373308,-0.1638764808700718,21824.0,0.0,8683.0,9337.0,10763.0,10959.0,14982.0,13351.0,11615.0,224.0,6372.0,50472.0,9944.0,1466.0,9634.0,106.0,231.0,11052.0,3061.0,"{""type"":""Point"",""coordinates"":[81.65149538144036,21.285345005940222]}",81.65149538144036,21.285345005940222
1687,45.44531635999999,0.0508791507072413,0.1351994805569583,-0.1655555555555555,21824.0,0.0,9137.0,9785.0,11265.0,11987.0,15735.0,17422.0,14606.0,224.0,6031.0,49618.0,385.0,1558.0,9661.0,98.0,268.0,10597.0,3295.0,"{""type"":""Point"",""coordinates"":[81.72373176902673,21.31030955765927]}",81.72373176902673,21.31030955765927
1688,48.00541334000002,-0.0034423983155643,0.1051236749116607,-0.1298686636811801,21824.0,0.0,9159.0,10025.0,11561.0,12156.0,15012.0,14909.0,13713.0,224.0,6371.0,50367.0,9983.0,1466.0,9663.0,98.0,229.0,11036.0,3061.0,"{""type"":""Point"",""coordinates"":[81.66977973093407,21.280256874732043]}",81.66977973093407,21.280256874732043
1689,41.253114830000015,-0.0122797489741733,0.1981216298253758,-0.2025448028673835,21824.0,0.0,8960.0,9549.5,11124.5,11227.5,16775.5,16368.5,13498.0,224.0,5984.0,48391.5,176.5,1573.0,9729.0,82.0,341.0,9977.0,3332.0,"{""type"":""Point"",""coordinates"":[81.58840381553507,21.206809738321468]}",81.58840381553507,21.206809738321468
1690,54.86196146000003,-0.0135905171100344,0.1801248846945292,-0.1991203878945186,21824.0,0.0,8901.0,9560.5,11108.0,11554.5,16631.5,16185.5,13477.0,224.0,6361.0,52373.0,13965.0,1466.5,9711.5,82.0,230.0,11789.0,3064.0,"{""type"":""Point"",""coordinates"":[81.69489693413136,21.16366286163896]}",81.69489693413136,21.16366286163896
1691,48.19511345000001,0.0076590962857818,0.179798192876982,-0.1932862756254111,21824.0,0.0,9027.0,9560.5,11343.0,11664.5,16778.5,17037.5,13953.5,209.0,6193.0,50422.5,5520.0,1510.5,9684.0,85.0,301.5,11006.5,3177.0,"{""type"":""Point"",""coordinates"":[81.73613307458284,21.19087375772451]}",81.73613307458284,21.19087375772451
1692,50.548420220000025,-0.00044124135902338577,0.1654045163279991,-0.1997319034852546,21824.0,0.0,9333.0,9883.0,11343.0,12178.0,17005.0,16990.0,14974.0,224.0,5980.0,51111.0,289.0,1573.0,9656.0,112.0,290.0,10665.0,3332.0,"{""type"":""Point"",""coordinates"":[81.55760846080197,21.162163285537417]}",81.55760846080197,21.162163285537417
1693,45.927257180000026,-0.0782900720632477,0.2078843214859516,-0.1964445134495206,21824.0,0.0,8661.0,9111.0,10351.0,10107.0,15412.0,13174.0,10878.0,224.0,6013.0,49759.0,523.0,1566.0,9375.0,1038.0,806.0,10272.0,3314.0,"{""type"":""Point"",""coordinates"":[81.62295186243351,21.36093173383773]}",81.62295186243351,21.36093173383773
1694,57.25799347999998,0.0384925720252503,0.135262361534007,-0.1648107331097268,21824.0,0.0,8744.0,9367.0,10894.0,11573.0,15193.5,16410.0,14092.5,209.0,6358.0,53074.0,13958.0,1467.5,9689.5,121.0,242.0,12031.5,3066.0,"{""type"":""Point"",""coordinates"":[81.70113819676081,21.148807977053828]}",81.70113819676081,21.148807977053828
1695,41.19671749999998,-0.0045425048669695,0.1556550951847704,-0.1988847583643122,21824.0,0.0,8397.0,8870.0,10344.0,11310.0,15480.0,15340.0,13772.0,224.0,6036.0,48375.0,108.0,1558.0,9713.0,63.0,362.0,10231.0,3294.0,"{""type"":""Point"",""coordinates"":[81.7317017678778,21.342777985621694]}",81.7317017678778,21.342777985621694
1696,48.53691545000004,0.0086937722941984,0.1407552199022656,-0.1598821977704302,21824.0,0.0,9097.5,9873.0,11624.5,12088.5,16049.0,16330.5,13972.5,209.0,5904.0,50522.5,5409.5,1592.0,9666.0,111.0,299.5,10863.5,3384.0,"{""type"":""Point"",""coordinates"":[81.65613977659426,21.21802401453211]}",81.65613977659426,21.21802401453211
1697,48.09599087000004,0.0073715970650757,0.1260598988720342,-0.1412409334594765,21824.0,0.0,8857.5,9475.0,10892.5,11234.5,14475.5,14690.5,12969.0,209.0,6197.0,50393.5,4983.5,1513.5,9651.0,73.0,245.0,10959.5,3183.0,"{""type"":""Point"",""coordinates"":[81.68890034016258,21.31472225691716]}",81.68890034016258,21.31472225691716
1698,49.728095420000045,0.0385971366381556,0.1382940108892922,-0.1644573168467565,21824.0,0.0,9102.0,9806.0,11251.0,11870.0,15680.0,16939.0,14512.0,224.0,6036.0,50871.0,258.0,1557.0,9680.0,89.0,290.0,10772.0,3294.0,"{""type"":""Point"",""coordinates"":[81.73980735122568,21.331081214614038]}",81.73980735122568,21.331081214614038
1699,54.97988314999998,0.0534964775676677,0.1277257465983389,-0.1689777077647317,21824.0,0.0,9171.0,9846.0,11342.0,12340.5,15954.5,17758.0,15004.5,224.0,6362.5,52407.5,14001.0,1467.0,9733.0,78.0,229.0,11822.0,3064.5,"{""type"":""Point"",""coordinates"":[81.67135223515567,21.18297928041676]}",81.67135223515567,21.18297928041676
1700,50.64412478000003,0.0732187376984647,0.1120207824923246,-0.1353480147886192,21824.0,0.0,8881.0,9333.0,10758.0,11280.0,14126.0,16358.0,14211.0,224.0,6002.0,51139.0,446.0,1568.0,9628.0,157.0,270.0,10738.0,3319.0,"{""type"":""Point"",""coordinates"":[81.5305666752714,21.33415812251614]}",81.5305666752714,21.33415812251614
1701,49.58624759000003,0.0218585907925265,0.1349628055260361,-0.1657267600509368,21824.0,0.0,9169.0,9789.0,11465.0,12210.0,16020.0,16736.0,14094.0,224.0,5896.0,50829.5,5650.0,1596.0,9723.5,74.0,311.5,11017.5,3393.0,"{""type"":""Point"",""coordinates"":[81.5825368328404,21.1765872150518]}",81.5825368328404,21.1765872150518
1702,44.73265919000005,0.0441985749869663,0.0922812127631404,-0.1032607484342612,21824.0,0.0,8734.5,9136.5,10058.5,10284.0,12375.0,13519.5,12031.5,224.0,5379.5,49409.5,648.5,1783.0,9675.0,225.0,315.0,10336.5,3878.0,"{""type"":""Point"",""coordinates"":[81.59816754708085,21.290336155882322]}",81.59816754708085,21.290336155882322
1703,44.12083360999998,-0.0575309563608627,0.19131976818589,-0.1911237844556554,21824.0,0.0,8656.5,9330.5,11063.0,11058.5,16291.0,14518.5,12548.5,224.0,5899.5,49230.5,5375.0,1594.0,9592.0,96.0,316.5,10402.5,3388.5,"{""type"":""Point"",""coordinates"":[81.6681789782103,21.216864132570254]}",81.6681789782103,21.216864132570254
1704,45.141112580000026,0.0147169405951229,0.0590816365805781,-0.1015212169735788,21824.0,0.0,8915.0,9572.0,11222.0,12223.0,13758.0,14169.0,12510.0,224.0,5985.0,49529.0,353.0,1571.0,9655.0,68.0,237.0,10273.0,3328.0,"{""type"":""Point"",""coordinates"":[81.54139772945022,21.19527433944691]}",81.54139772945022,21.19527433944691
1705,56.20866134000005,0.0258722930729021,0.1290815287488969,-0.1671315544795888,21824.0,0.0,9430.0,10202.0,11869.0,12829.5,16632.5,17516.0,15015.0,224.0,6356.5,52767.0,14044.5,1469.0,9511.5,447.0,407.5,11773.0,3069.5,"{""type"":""Point"",""coordinates"":[81.65199210365455,21.148230705987835]}",81.65199210365455,21.148230705987835
1706,41.357364440000026,-0.018296885769785,0.1890685593034316,-0.1897214392913357,21824.0,0.0,8698.0,9317.0,11068.0,11083.0,16251.0,15667.0,13202.0,224.0,5438.0,48422.0,365.0,1721.0,9665.0,90.0,308.0,10058.0,3711.0,"{""type"":""Point"",""coordinates"":[81.59441600810835,21.25875451827252]}",81.59441600810835,21.25875451827252
1707,48.42753880999999,0.0281974630362769,0.1383683513155404,-0.1562049408824377,21824.0,0.0,8868.0,9461.5,10972.5,11380.0,15035.0,15907.5,13435.0,224.0,5975.0,50490.5,417.5,1577.0,9639.0,87.0,251.5,10574.5,3340.0,"{""type"":""Point"",""coordinates"":[81.53089700106474,21.200081363298647]}",81.53089700106474,21.200081363298647
1708,47.58841490000003,0.0474606963536093,0.1058828026451588,-0.1358184637732367,21824.0,0.0,8989.0,9574.5,11006.0,11695.5,14465.5,15907.0,14356.0,224.0,5980.0,50245.0,704.0,1574.0,9692.0,65.0,240.5,10602.5,3334.0,"{""type"":""Point"",""coordinates"":[81.4956511906246,21.222423441918025]}",81.4956511906246,21.222423441918025
1709,46.190444720000016,0.0047073023536511,0.0783918095878638,-0.1027012570205937,21824.0,0.0,9353.0,10174.5,11742.5,12332.5,14430.5,14567.0,13428.5,224.0,6192.0,49836.0,5136.5,1514.0,9612.0,115.0,301.5,10736.0,3184.0,"{""type"":""Point"",""coordinates"":[81.62823218942081,21.26718346681642]}",81.62823218942081,21.26718346681642
1710,42.85787521999998,0.0063753147811673,0.1841960300123468,-0.1841285518918097,21824.0,0.0,8885.0,9391.0,10738.5,10737.0,15585.5,15785.5,13055.5,224.0,5706.5,48861.0,355.5,1650.0,9631.0,106.0,303.0,10235.0,3527.0,"{""type"":""Point"",""coordinates"":[81.57552176539666,21.235980799661707]}",81.57552176539666,21.235980799661707
1711,49.95881177000001,0.0509630625870599,0.134322074442637,-0.158645764103366,21824.0,0.0,9036.0,9508.5,10760.5,11309.0,14818.5,16410.0,14077.5,224.0,6183.5,50938.5,750.0,1518.5,9620.5,178.0,276.0,10722.0,3193.5,"{""type"":""Point"",""coordinates"":[81.52387855931464,21.291257794931884]}",81.52387855931464,21.291257794931884
1712,47.49954638000003,-0.0181994191674733,0.1503882751832002,-0.1692946211854514,21824.0,0.0,8781.5,9512.5,11208.5,11652.0,15777.0,15213.0,13151.5,224.0,6193.0,50219.0,5166.5,1513.0,9670.0,75.0,338.0,10910.5,3182.5,"{""type"":""Point"",""coordinates"":[81.72409719524506,21.249952284422154]}",81.72409719524506,21.249952284422154
1713,41.50263029000001,-0.0490872734309488,0.1797261764439205,-0.1918729274682593,21824.0,0.0,8837.5,9516.5,11027.5,11308.5,16264.0,14742.0,12480.5,224.0,6172.0,48464.5,399.0,1522.5,9598.5,64.0,279.0,10079.0,3203.0,"{""type"":""Point"",""coordinates"":[81.5596152035536,21.237079290226827]}",81.5596152035536,21.237079290226827
1714,44.64208166000003,-0.0224100507424497,0.2298514688845468,-0.2292988126307056,21824.0,0.0,9003.0,9518.5,11148.0,11135.0,17781.5,17002.0,13889.0,224.0,5980.0,49383.0,337.0,1575.0,9705.0,88.0,279.0,10252.5,3335.0,"{""type"":""Point"",""coordinates"":[81.56591507272694,21.20583799595388]}",81.56591507272694,21.20583799595388
1715,42.94845275,-0.0459805066978218,0.2238492940339313,-0.2176019077427528,21824.0,0.0,8637.5,9051.0,10499.0,10362.0,16339.0,14902.5,12502.5,224.0,6183.5,48887.5,632.0,1519.0,9631.5,127.0,282.5,10184.5,3193.5,"{""type"":""Point"",""coordinates"":[81.53907688047194,21.296750361184298]}",81.53907688047194,21.296750361184298
1716,47.75077084999998,0.0540942286563691,0.1262793382070026,-0.1479890973978861,21824.0,0.0,8821.5,9499.0,10862.5,11354.0,14636.0,16310.0,13740.5,224.0,6194.0,50292.5,5201.5,1513.0,9621.0,92.0,309.0,10905.0,3181.5,"{""type"":""Point"",""coordinates"":[81.73046909681088,21.24573878770504]}",81.73046909681088,21.24573878770504
1717,51.416597300000035,0.0054692189688521,0.0950684830903683,-0.1221825023518344,21824.0,0.0,9333.0,10088.0,11664.0,12322.0,14911.0,15075.0,13927.0,224.0,6376.0,51365.0,10074.0,1463.0,9752.0,85.0,227.0,11461.0,3055.0,"{""type"":""Point"",""coordinates"":[81.6531461162382,21.273254434864775]}",81.6531461162382,21.273254434864775
1718,42.898891460000016,-0.0551474007253789,0.2362619402171939,-0.2297187449195253,21824.0,0.0,8723.5,9171.5,10660.5,10514.0,17019.0,15240.0,12421.5,224.0,6176.5,48873.0,670.0,1521.5,9657.5,155.0,263.5,10260.5,3200.5,"{""type"":""Point"",""coordinates"":[81.5396691039606,21.274856846866136]}",81.5396691039606,21.274856846866136
1719,46.82277842000002,-0.0462919085416419,0.2248244777671838,-0.2278683396475617,21824.0,0.0,8896.0,9504.0,11107.5,11179.0,17663.5,16100.5,13238.0,224.0,5894.0,50021.0,5485.0,1597.5,9683.5,119.0,314.5,10714.5,3395.5,"{""type"":""Point"",""coordinates"":[81.59808046825414,21.205792972230757]}",81.59808046825414,21.205792972230757
1720,50.596272500000055,-0.0054515097262175,0.1029415009819714,-0.1064329038827644,21824.0,0.0,8483.5,8992.5,10091.5,10163.0,12495.5,12360.0,11166.0,209.0,6197.0,51125.0,4721.5,1515.0,9662.0,115.0,253.0,11233.0,3185.0,"{""type"":""Point"",""coordinates"":[81.63220224404148,21.374263875527248]}",81.63220224404148,21.374263875527248
1721,44.18919401000005,-0.0203126030468904,0.1910389160475769,-0.1903745167060996,21824.0,0.0,8592.5,9085.0,10522.5,10508.0,15471.0,14855.0,12378.5,224.0,6178.5,49250.5,738.5,1520.0,9798.0,111.0,242.5,10474.5,3197.0,"{""type"":""Point"",""coordinates"":[81.50838566154876,21.270451562632363]}",81.50838566154876,21.270451562632363
1722,47.814004220000015,0.0290368676764789,0.139818495965645,-0.1730138452508372,21824.0,0.0,9502.5,10236.5,11976.0,12819.5,16987.0,18003.0,15412.5,224.0,5887.5,50311.0,5818.0,1599.0,9673.5,92.0,304.0,10821.0,3400.5,"{""type"":""Point"",""coordinates"":[81.61423191531539,21.14539574031066]}",81.61423191531539,21.14539574031066
1723,54.77651096,0.0295622947062867,0.1416657680002875,-0.1744042006397101,21824.0,0.0,8873.5,9569.5,11163.5,11939.0,15880.0,16847.5,14277.0,224.0,6356.5,52348.0,14019.5,1469.5,9610.0,154.0,251.0,11698.5,3070.0,"{""type"":""Point"",""coordinates"":[81.6639208568325,21.15641176338275]}",81.6639208568325,21.15641176338275
1724,48.716361500000005,0.0164483041346652,0.1359990723382873,-0.1582037792358771,21824.0,0.0,8832.0,9406.5,10680.5,11176.5,14695.0,15186.5,13085.0,224.0,6179.5,50575.0,508.0,1519.5,9639.5,105.0,264.0,10757.0,3196.5,"{""type"":""Point"",""coordinates"":[81.55780625717098,21.267294366410972]}",81.55780625717098,21.267294366410972
1725,46.725364850000005,0.0332266473092024,0.10104843861561,-0.1247384887046313,21824.0,0.0,9392.0,9885.0,11400.5,11961.0,14650.0,15657.0,14004.0,224.0,6190.0,49992.5,491.0,1516.0,9704.0,79.0,272.5,10609.5,3187.5,"{""type"":""Point"",""coordinates"":[81.56674200879122,21.305317419543425]}",81.56674200879122,21.305317419543425
1726,48.682181300000025,0.0184298360179944,0.102818594982371,-0.1194968553459119,21824.0,0.0,8888.0,9380.0,10640.0,11005.5,13528.0,14036.0,12439.0,224.0,6180.0,50565.0,636.0,1518.0,9617.5,178.0,270.0,10726.5,3193.0,"{""type"":""Point"",""coordinates"":[81.50941888769587,21.240603007485937]}",81.50941888769587,21.240603007485937
1727,44.72582315,0.019214859907906,0.1183411942689329,-0.1439130513936172,21824.0,0.0,9354.0,10129.0,11756.0,12384.0,15708.5,16324.0,14881.5,209.0,6188.5,49407.5,5172.5,1515.5,9644.0,90.0,412.0,10617.5,3187.5,"{""type"":""Point"",""coordinates"":[81.69901098973877,21.24704754588926]}",81.69901098973877,21.24704754588926
1728,42.929653640000026,-0.066892590982021,0.2670061970225799,-0.2559576345984113,21824.0,0.0,8412.5,8956.0,10537.5,10290.5,17787.5,15557.0,12084.0,224.0,5888.0,48882.0,5781.5,1599.5,9749.0,96.0,291.0,10412.5,3400.5,"{""type"":""Point"",""coordinates"":[81.61669401327576,21.156321620158266]}",81.61669401327576,21.156321620158266
1729,50.01862712000002,0.0084463478467761,0.1421132864018635,-0.1802187688059754,21824.0,0.0,9261.0,9886.0,11579.0,12521.5,16670.0,16954.0,14376.5,224.0,6205.0,50956.0,5198.5,1507.5,9692.0,77.0,279.5,11193.0,3170.0,"{""type"":""Point"",""coordinates"":[81.75450641204228,21.256169050104518]}",81.75450641204228,21.256169050104518
1730,48.63603803000001,0.0420950811449862,0.0984081339221526,-0.1095756821247017,21824.0,0.0,9191.5,9823.0,10728.5,10973.5,13369.0,14544.0,14300.0,224.0,5384.5,50551.5,663.5,1781.0,9619.5,134.0,296.0,10637.5,3873.5,"{""type"":""Point"",""coordinates"":[81.60251632947045,21.292966638507938]}",81.60251632947045,21.292966638507938
1731,55.113185929999986,0.027027027027027,0.1513142229141862,-0.1773211710277398,21824.0,0.0,8649.5,9385.5,10980.5,11583.5,15714.0,16587.0,14238.0,224.0,6360.5,52446.5,13993.5,1467.0,9721.5,74.0,229.0,11825.0,3065.5,"{""type"":""Point"",""coordinates"":[81.677946100053,21.163032468136524]}",81.677946100053,21.163032468136524
1732,45.54272993000001,0.0123758345546327,0.106126096551221,-0.1390313069280898,21824.0,0.0,9414.0,10013.0,11461.0,12253.0,15162.5,15542.5,13892.0,224.0,5717.5,49646.5,210.0,1647.5,9667.5,82.0,411.0,10451.5,3521.5,"{""type"":""Point"",""coordinates"":[81.61603394221063,21.378983075385992]}",81.61603394221063,21.378983075385992
1733,49.611882740000055,0.0579477358374003,0.0995421278436745,-0.1412213740458015,21824.0,0.0,9415.0,9995.5,11475.0,12488.0,15249.0,17125.0,15476.0,224.0,6190.5,50837.0,715.5,1515.5,9714.5,84.0,279.5,10774.5,3186.5,"{""type"":""Point"",""coordinates"":[81.50672264039262,21.313718835661494]}",81.50672264039262,21.313718835661494
1734,48.58134971000004,0.0446412070095263,0.104052191134497,-0.1300977820176484,21824.0,0.0,9083.5,9612.5,10942.5,11536.0,14215.5,15544.0,13264.0,224.0,6190.5,50535.5,4942.5,1516.5,9644.0,121.0,264.0,11003.0,3189.0,"{""type"":""Point"",""coordinates"":[81.65283580950225,21.31468344391918]}",81.65283580950225,21.31468344391918
1735,39.96964832000003,-0.1070756618734041,0.2635312613838986,-0.240788507521699,21824.0,0.0,8294.5,8645.5,10081.0,9603.0,16475.5,13288.5,10723.0,224.0,6175.5,48016.0,670.0,1522.5,9657.5,155.0,263.5,10114.5,3202.0,"{""type"":""Point"",""coordinates"":[81.53912374953319,21.274195752921685]}",81.53912374953319,21.274195752921685
1736,47.81571323000003,0.0274258970358814,0.0895522388059701,-0.118783985069002,21824.0,0.0,9724.5,10538.5,12276.0,13023.5,15585.5,16464.5,15317.0,224.0,5902.5,50311.5,5432.0,1592.5,9653.0,58.0,302.0,10786.5,3385.5,"{""type"":""Point"",""coordinates"":[81.63573265055652,21.212123865238453]}",81.63573265055652,21.212123865238453
1737,50.23054436000001,0.0562472898469925,0.115790244616962,-0.1585551330798479,21824.0,0.0,9352.0,9835.0,11065.0,12073.0,15235.0,17051.0,14993.0,224.0,6007.0,51018.0,521.0,1565.0,9597.0,135.0,264.0,10736.0,3312.0,"{""type"":""Point"",""coordinates"":[81.5191751779594,21.335884521093508]}",81.5191751779594,21.335884521093508
1738,44.785638500000005,-0.0202402716113867,0.179009318293281,-0.1959741303432704,21824.0,0.0,8390.0,8956.0,10505.0,10881.0,15626.0,15006.0,12863.0,224.0,6034.0,49425.0,264.0,1556.0,9622.0,85.0,286.0,10328.0,3292.0,"{""type"":""Point"",""coordinates"":[81.73208989239123,21.29631215206235]}",81.73208989239123,21.29631215206235
1739,45.83497064000005,0.0738676215438,0.0473844612365883,-0.0893617021276595,21824.0,0.0,9249.0,9568.0,10486.0,11409.0,12544.0,14545.0,13927.0,224.0,6029.0,49732.0,384.0,1559.0,9691.0,62.0,263.0,10654.0,3299.0,"{""type"":""Point"",""coordinates"":[81.6937508275346,21.337605392155034]}",81.6937508275346,21.337605392155034
1740,56.40348848000002,0.0732662033754077,0.1130339987735913,-0.1601242787394585,21824.0,0.0,9581.5,10280.0,11826.5,13018.0,16336.0,18919.0,16490.0,192.0,6367.5,52824.0,13974.5,1464.0,9701.5,65.0,228.0,11953.5,3058.5,"{""type"":""Point"",""coordinates"":[81.68517019311109,21.19249059111473]}",81.68517019311109,21.19249059111473
1741,48.015667399999984,0.0068087625814091,0.1842151706611132,-0.203220542614808,21824.0,0.0,8871.5,9521.0,11108.5,11556.0,16775.0,17005.0,13960.0,224.0,6190.0,50370.0,5447.5,1513.0,9701.0,86.0,300.0,10991.5,3182.5,"{""type"":""Point"",""coordinates"":[81.73497521975798,21.204267635291487]}",81.73497521975798,21.204267635291487
1742,53.84510051000001,0.0358418562051595,0.1485461786045496,-0.1780878128846943,21824.0,0.0,8827.5,9527.5,11016.5,11706.0,15790.5,16964.5,14072.0,224.0,6366.0,52075.5,14001.0,1465.0,9702.5,70.0,227.0,11676.0,3061.0,"{""type"":""Point"",""coordinates"":[81.67032705060723,21.193125935865908]}",81.67032705060723,21.193125935865908
1743,49.468325900000025,0.070039975904934,0.1343263643043216,-0.1554345977207008,21824.0,0.0,10270.0,11055.0,12413.0,12960.0,16982.0,19540.0,18007.0,224.0,5980.0,50795.0,356.0,1573.0,9696.0,79.0,267.0,10674.0,3333.0,"{""type"":""Point"",""coordinates"":[81.54097914994587,21.1787483226221]}",81.54097914994587,21.1787483226221
1744,45.09838733000004,-0.021022596831852,0.1854164683484055,-0.1879948865696132,21824.0,0.0,8682.5,9299.0,10639.5,10696.5,15566.0,14925.0,12349.5,209.0,6191.0,49516.5,4937.5,1516.0,9656.0,119.0,304.0,10667.5,3188.0,"{""type"":""Point"",""coordinates"":[81.6575514939086,21.300177677943257]}",81.6575514939086,21.300177677943257
1745,47.56448876000002,0.013113700750606,0.1899563318777292,-0.1997585570231501,21824.0,0.0,9043.0,9627.0,11269.0,11501.0,16895.0,17344.0,14184.0,224.0,5977.0,50238.0,396.0,1576.0,9676.0,80.0,266.0,10493.0,3338.0,"{""type"":""Point"",""coordinates"":[81.53003727916222,21.20684654722742]}",81.53003727916222,21.20684654722742
1746,47.55765272000002,-0.0304279912527335,0.2092017230318027,-0.2088471898993971,21824.0,0.0,8841.5,9386.5,10793.5,10785.5,16492.0,15518.0,12724.5,224.0,5972.0,50236.0,420.0,1578.0,9709.0,62.0,248.0,10503.5,3343.0,"{""type"":""Point"",""coordinates"":[81.52804692162925,21.20973680764578]}",81.52804692162925,21.20973680764578
1747,49.04278241000003,0.0536697645064287,0.1549742489918593,-0.2070778021561725,21824.0,0.0,9868.0,10665.5,12558.5,13987.5,19118.0,21286.5,17404.5,192.0,5888.5,50670.5,5828.5,1599.0,9460.5,439.0,446.5,10795.0,3400.0,"{""type"":""Point"",""coordinates"":[81.60275473218157,21.141344937775013]}",81.60275473218157,21.141344937775013
1748,47.966106110000055,0.0041446247984205,0.1605515061034513,-0.1855174393569685,21824.0,0.0,9394.5,9912.0,11349.0,11948.5,16519.0,16656.5,14351.0,224.0,5980.0,50355.5,292.0,1574.0,9662.0,63.0,265.5,10521.0,3334.0,"{""type"":""Point"",""coordinates"":[81.54599093468538,21.20322577368345]}",81.54599093468538,21.20322577368345
1749,45.041990000000055,0.0099200881785615,0.0516097560975609,-0.0475727683560911,21824.0,0.0,8202.0,8804.0,9800.0,9721.0,10779.0,10995.0,10477.0,224.0,6029.0,49500.0,468.0,1560.0,9712.0,89.0,262.0,10593.0,3300.0,"{""type"":""Point"",""coordinates"":[81.66061688321938,21.37580315013937]}",81.66061688321938,21.37580315013937
1750,46.72707386000002,0.0526504565629997,0.1235178391024618,-0.1578716642007781,21824.0,0.0,9376.5,9948.5,11526.0,12363.0,15847.5,17609.0,15697.0,224.0,5983.0,49993.0,272.0,1573.0,9741.0,98.0,273.0,10457.5,3331.0,"{""type"":""Point"",""coordinates"":[81.54418299093074,21.205763665945227]}",81.54418299093074,21.205763665945227
1751,44.79247454000006,-0.106283306871237,0.2676117225354396,-0.2507375679806632,21824.0,0.0,8457.5,8978.0,10539.5,10165.0,17593.5,14213.0,11199.0,224.0,5892.5,49427.0,5527.0,1597.5,9678.0,83.0,297.5,10519.5,3396.5,"{""type"":""Point"",""coordinates"":[81.63669782444319,21.197442649164742]}",81.63669782444319,21.197442649164742
1752,43.39450436000004,-0.0133547183398252,0.1726227676457777,-0.1834932528001835,21824.0,0.0,8713.0,9214.0,10679.5,10922.0,15479.5,15071.5,12603.5,224.0,6189.0,49018.0,416.0,1516.5,9448.0,470.0,424.0,10157.0,3189.0,"{""type"":""Point"",""coordinates"":[81.54059957360079,21.320195168845856]}",81.54059957360079,21.320195168845856
1753,47.04665872999999,0.0326152004787552,0.1546428571428571,-0.1779065107297701,21824.0,0.0,9177.5,9825.0,11282.0,11835.0,16165.0,17255.0,14404.0,224.0,6194.0,50086.5,5017.5,1515.0,9667.0,97.0,260.0,10872.0,3186.0,"{""type"":""Point"",""coordinates"":[81.6906812353471,21.29797106026072]}",81.6906812353471,21.29797106026072
1754,51.25424135000003,-0.007912841344009,0.0600321027287319,-0.0556785204859574,21824.0,0.0,8119.0,8576.5,9599.5,9516.0,10731.5,10563.0,10107.5,224.0,6204.0,51317.5,4807.0,1511.5,9715.0,67.0,241.0,11331.0,3177.5,"{""type"":""Point"",""coordinates"":[81.65087331320376,21.367932994935195]}",81.65087331320376,21.367932994935195
1755,44.17893995000003,-0.0472792780063933,0.2083138053998981,-0.1946330358401998,21824.0,0.0,8435.5,8869.0,9994.0,9713.0,14824.5,13486.0,10976.5,224.0,6192.5,49247.5,4959.5,1516.0,9682.0,111.0,259.0,10592.5,3187.5,"{""type"":""Point"",""coordinates"":[81.67720636011401,21.3104122623797]}",81.67720636011401,21.3104122623797
1756,49.82379997999999,0.0860290543824593,0.1161379674206951,-0.1576715233600109,21824.0,0.0,9934.0,10526.0,12314.0,13402.0,16924.0,20110.0,17915.0,224.0,5980.0,50899.0,255.0,1573.0,9627.0,204.0,328.0,10663.0,3332.0,"{""type"":""Point"",""coordinates"":[81.56181692281733,21.16387250528828]}",81.56181692281733,21.16387250528828
1757,50.83382489000002,0.0596118779001675,0.1225511883483462,-0.1550101057921666,21824.0,0.0,9406.0,10072.5,11601.5,12395.5,15858.0,17868.5,15512.0,209.0,6207.5,51194.5,4932.0,1509.5,9630.0,86.0,249.5,11225.5,3173.0,"{""type"":""Point"",""coordinates"":[81.72736951019526,21.32020693853844]}",81.72736951019526,21.32020693853844
1758,48.22758464000003,0.0382159249650768,0.1176948051948052,-0.1389578163771712,21824.0,0.0,8902.0,9503.0,10930.5,11413.5,14458.5,15607.5,13622.0,224.0,6204.5,50432.0,4830.0,1511.0,9768.0,70.0,257.0,11062.0,3177.0,"{""type"":""Point"",""coordinates"":[81.71731707247072,21.33063391158185]}",81.71731707247072,21.33063391158185
1759,45.96827342000006,0.022511285340936,0.15792436235708,-0.1859191467896519,21824.0,0.0,9234.0,9703.0,11297.0,11968.0,16457.0,17215.0,14946.0,224.0,5981.0,49771.0,423.0,1573.0,9697.0,52.0,261.0,10366.0,3332.0,"{""type"":""Point"",""coordinates"":[81.53500921695475,21.185274838165366]}",81.53500921695475,21.185274838165366
1760,55.52505733999999,0.0747440172327303,0.1235488032105489,-0.1624096385542168,21824.0,0.0,9313.0,9923.0,11297.0,12230.0,15678.0,18211.0,15748.0,224.0,6369.0,52567.0,10977.0,1463.0,9635.0,57.0,226.0,11803.0,3056.0,"{""type"":""Point"",""coordinates"":[81.7092345778681,21.188586350228547]}",81.7092345778681,21.188586350228547
1761,44.03709212000001,0.0027895948113536,0.1378665499542434,-0.1558016408681243,21824.0,0.0,8580.0,9114.0,10444.0,10834.0,14299.0,14379.0,13123.0,224.0,5983.0,49206.0,678.0,1573.0,9701.0,87.0,230.0,10467.0,3331.0,"{""type"":""Point"",""coordinates"":[81.49288537307692,21.242414014605643]}",81.49288537307692,21.242414014605643
1762,56.52653720000001,0.079103782993152,0.1065556745010944,-0.160008709780078,21824.0,0.0,9951.0,10807.0,12537.5,13979.5,17314.0,20288.5,17630.0,224.0,6357.5,52860.0,14003.0,1467.0,9733.5,60.0,228.0,11987.0,3066.0,"{""type"":""Point"",""coordinates"":[81.6767223023933,21.129001806798822]}",81.6767223023933,21.129001806798822
1763,41.796580010000014,-0.0792841977555353,0.2732672558771961,-0.2649390352280402,21824.0,0.0,8460.0,8864.0,10339.0,10155.0,17792.0,15178.0,12036.0,224.0,6184.0,48550.5,685.5,1518.5,9840.5,45.0,258.5,10211.5,3193.0,"{""type"":""Point"",""coordinates"":[81.52839419553568,21.29708390554394]}",81.52839419553568,21.29708390554394
1764,45.61450835000005,-0.0571911810929338,0.2354731502536295,-0.2333158721843897,21824.0,0.0,8771.5,9305.5,10977.0,10927.0,17658.0,15747.5,12732.0,224.0,5891.5,49667.5,5494.5,1598.5,9618.0,107.0,319.0,10569.0,3399.0,"{""type"":""Point"",""coordinates"":[81.59784764448958,21.201995922499183]}",81.59784764448958,21.201995922499183
1765,48.88213546999998,0.0684822521419828,0.14143232095988,-0.164575363427697,21824.0,0.0,9137.5,9717.5,10919.0,11449.0,15221.0,17459.0,14755.5,224.0,6187.5,50623.5,5168.0,1515.5,9680.0,102.0,369.5,11061.0,3188.5,"{""type"":""Point"",""coordinates"":[81.7006331989722,21.249344858567014]}",81.7006331989722,21.249344858567014
1766,41.64789614000006,-0.0756685828542864,0.2632544487250046,-0.2411232471792653,21824.0,0.0,8482.0,8883.0,10526.0,10040.0,17215.0,14793.0,11699.0,224.0,6002.0,48507.0,278.0,1568.0,9695.0,75.0,257.0,10098.0,3319.0,"{""type"":""Point"",""coordinates"":[81.55438495074561,21.33820807668709]}",81.55438495074561,21.33820807668709
1767,45.44531635999999,0.0006489292667099286,0.0706340378197997,-0.0666789804211304,21824.0,0.0,8381.0,8927.0,10106.0,10026.0,11550.0,11565.0,10894.0,224.0,6033.0,49618.0,424.0,1558.0,9699.0,65.0,261.0,10624.0,3295.0,"{""type"":""Point"",""coordinates"":[81.66451732606713,21.377259766661847]}",81.66451732606713,21.377259766661847
1768,46.405779980000034,-0.0672896080245992,0.2434914175405645,-0.2404927133934767,21824.0,0.0,8677.0,9230.0,10944.5,10875.0,17875.5,15621.5,12585.0,224.0,5890.0,49899.0,5588.0,1599.0,9559.0,454.0,434.5,10589.5,3399.0,"{""type"":""Point"",""coordinates"":[81.62439589828278,21.187523960588372]}",81.62439589828278,21.187523960588372
1769,48.06010165999999,0.0520369978111981,0.0846663435126837,-0.1027968294385806,21824.0,0.0,9069.0,9675.0,10923.0,11330.0,13426.0,14900.0,13688.0,224.0,6034.0,50383.0,205.0,1558.0,9573.0,331.0,387.0,10794.0,3296.0,"{""type"":""Point"",""coordinates"":[81.70404665552503,21.357671073828413]}",81.70404665552503,21.357671073828413
1770,48.21220355000003,-0.0345182233078357,0.2017398122048199,-0.2116466846097382,21824.0,0.0,8670.5,9142.5,10471.5,10690.5,16094.0,15020.0,12577.5,224.0,6182.0,50427.5,754.5,1518.5,9632.0,241.0,289.5,10562.5,3194.5,"{""type"":""Point"",""coordinates"":[81.5078698341079,21.28270036548664]}",81.5078698341079,21.28270036548664
1771,47.913126799999986,0.0091819570685637,0.1109073292269361,-0.1372951908599769,21824.0,0.0,9471.5,10319.0,12176.0,12846.5,16051.5,16349.0,14802.0,224.0,5897.0,50340.0,5446.0,1596.0,9691.0,84.0,281.5,10824.0,3393.0,"{""type"":""Point"",""coordinates"":[81.60448974662899,21.221237502643586]}",81.60448974662899,21.221237502643586
1772,41.19671749999998,-0.0092920935119516,0.1936316862440539,-0.1988455763343148,21824.0,0.0,8537.0,9007.0,10271.0,10383.0,15369.5,15086.5,12710.0,224.0,6182.0,48375.0,676.0,1519.0,9673.5,66.0,269.5,10050.0,3195.0,"{""type"":""Point"",""coordinates"":[81.53631362642692,21.29333884582015]}",81.53631362642692,21.29333884582015
1773,49.53155927,0.0715921277644126,0.1104139222075851,-0.1515521921230968,21824.0,0.0,9509.0,10172.5,11800.0,12830.5,16015.5,18485.5,16222.0,224.0,6206.0,50813.5,5001.5,1509.5,9614.0,69.0,244.5,11082.5,3174.0,"{""type"":""Point"",""coordinates"":[81.71426220317599,21.31487103224733]}",81.71426220317599,21.31487103224733
1774,48.236129689999984,0.0313407530509811,0.0774114044587176,-0.1087115244207047,21824.0,0.0,9483.0,10174.0,11597.0,12353.0,14426.0,15359.5,14206.5,224.0,6189.5,50434.5,5001.5,1516.5,9666.0,120.0,279.5,10981.0,3188.5,"{""type"":""Point"",""coordinates"":[81.62609891747422,21.30069136277133]}",81.62609891747422,21.30069136277133
1775,59.43356320999999,0.0553869608364855,0.1259150052286013,-0.1655988783786182,21824.0,0.0,9487.0,10173.0,11754.0,12747.0,16419.5,18345.0,15805.5,177.0,6353.0,53710.5,14104.5,1471.0,9623.5,157.0,256.0,12217.0,3073.0,"{""type"":""Point"",""coordinates"":[81.62571331382193,21.122719474237968]}",81.62571331382193,21.122719474237968
1776,41.78461693999998,-0.0870454695439846,0.2585574572127139,-0.2331187303488546,21824.0,0.0,8415.0,8807.0,10244.0,9704.0,16472.0,13834.0,10817.0,224.0,6000.0,48547.0,332.0,1568.0,9676.0,130.0,276.0,10248.0,3320.0,"{""type"":""Point"",""coordinates"":[81.6045881234634,21.270062775960362]}",81.6045881234634,21.270062775960362
1777,51.566990180000005,0.0706557086265003,0.1023793242508723,-0.1461907279456,21824.0,0.0,9384.5,10042.5,11708.5,12798.5,15718.0,18108.0,16062.5,192.0,6359.5,51409.0,14009.5,1468.0,9723.0,68.0,226.0,11444.5,3067.0,"{""type"":""Point"",""coordinates"":[81.66860869922128,21.16527157814686]}",81.66860869922128,21.16527157814686
1778,51.72421910000003,0.0975217608249709,0.1311432691138405,-0.1680120546765687,21824.0,0.0,9658.0,10221.0,11595.0,12503.5,16278.0,19796.0,17028.0,224.0,6198.5,51455.0,5499.5,1508.5,9692.0,46.0,273.5,11356.0,3172.0,"{""type"":""Point"",""coordinates"":[81.74738045008522,21.202530673016682]}",81.74738045008522,21.202530673016682
1779,47.02273259000003,0.0215649133032201,0.0700129469176376,-0.091758967584595,21824.0,0.0,9186.5,9830.5,11172.5,11672.5,13430.0,14022.0,13280.0,224.0,6198.5,50079.5,4987.5,1512.0,9682.0,68.0,258.0,10868.5,3179.0,"{""type"":""Point"",""coordinates"":[81.62745640542413,21.307348971501412]}",81.62745640542413,21.307348971501412
1780,43.456028720000006,-0.0231460674157303,0.1433952787543947,-0.1529014560033762,21824.0,0.0,8470.0,9057.0,10036.0,10233.0,13659.0,13041.0,11074.0,224.0,6033.0,49036.0,324.0,1557.0,9628.0,58.0,265.0,10387.0,3294.0,"{""type"":""Point"",""coordinates"":[81.70072357809227,21.336783829711724]}",81.70072357809227,21.336783829711724
1781,51.06966827000002,0.0397101501523153,0.1103839259660677,-0.1200723251266741,21824.0,0.0,8802.5,9203.5,10463.0,10670.5,13318.5,14420.0,12716.5,224.0,6180.5,51263.5,747.0,1519.5,9673.5,72.0,238.5,10819.0,3195.5,"{""type"":""Point"",""coordinates"":[81.51215433984166,21.28684273050668]}",81.51215433984166,21.28684273050668
1782,41.07708680000002,-0.0537470609663211,0.1902668935979202,-0.2077505551021957,21824.0,0.0,8595.5,9160.5,10436.5,10823.5,15910.0,14287.0,12085.5,224.0,6186.5,48340.0,475.0,1517.5,9585.0,407.0,379.5,10125.0,3191.5,"{""type"":""Point"",""coordinates"":[81.53805471970067,21.31466329604583]}",81.53805471970067,21.31466329604583
1783,49.14703201999998,0.0495666939922707,0.1351691581431943,-0.1673558919774173,21824.0,0.0,9336.5,10074.0,11577.5,12366.0,16231.5,17924.5,15109.5,224.0,6177.5,50701.0,545.5,1519.5,9622.0,109.0,251.5,10680.0,3196.0,"{""type"":""Point"",""coordinates"":[81.51669527551773,21.234761721000453]}",81.51669527551773,21.234761721000453
1784,40.98821828000001,-0.0330276494518375,0.199087598543359,-0.1739999216393057,21824.0,0.0,8336.0,9004.0,10541.0,10007.0,14982.0,14024.0,11647.0,224.0,6036.0,48314.0,212.0,1557.0,9707.0,81.0,311.0,10168.0,3293.0,"{""type"":""Point"",""coordinates"":[81.73565664420408,21.33392350639327]}",81.73565664420408,21.33392350639327
1785,46.34767364000004,0.0366355140186915,0.0751387208477616,-0.0831827161531671,21824.0,0.0,8913.0,9543.0,10906.0,11084.0,12885.0,13865.0,13359.0,224.0,6020.0,49882.0,622.0,1563.0,9606.0,334.0,340.0,10610.0,3307.0,"{""type"":""Point"",""coordinates"":[81.65556523688811,21.347733929763947]}",81.65556523688811,21.347733929763947
1786,52.64366647999998,0.0971985308807032,0.0991206735266604,-0.1327972850504232,21824.0,0.0,9170.0,9758.5,11243.5,12038.0,14687.0,17849.5,14686.5,224.0,6200.0,51724.0,5449.0,1507.5,9570.0,249.0,346.5,11363.0,3170.5,"{""type"":""Point"",""coordinates"":[81.75490202068528,21.20465750706607]}",81.75490202068528,21.20465750706607
1787,50.29206872000003,0.0869120970988017,0.104701254916651,-0.1322275973278046,21824.0,0.0,9171.0,9783.0,11301.0,11950.0,14745.0,17552.0,15094.0,224.0,6041.0,51036.0,212.0,1552.0,9649.0,84.0,310.0,10715.0,3283.0,"{""type"":""Point"",""coordinates"":[81.73793004806379,21.290658343383328]}",81.73793004806379,21.290658343383328
1788,46.62282425000001,0.0158606748561654,0.1708445102210711,-0.1834551880177266,21824.0,0.0,8658.5,9338.5,10917.0,11205.0,15822.5,16332.5,13475.5,224.0,6191.5,49962.5,5343.5,1513.0,9645.0,115.0,312.5,10806.0,3182.0,"{""type"":""Point"",""coordinates"":[81.73674115141786,21.220114671026092]}",81.73674115141786,21.220114671026092
1789,45.12060445999998,0.0336602173336867,0.1137075219549446,-0.1294919454770756,21824.0,0.0,8857.0,9614.0,11240.0,11606.0,14584.0,15600.0,13464.0,224.0,6022.0,49523.0,337.0,1561.0,9687.0,61.0,265.0,10455.0,3303.0,"{""type"":""Point"",""coordinates"":[81.70265976050081,21.304216459120845]}",81.70265976050081,21.304216459120845
1790,43.64401982000004,0.0104887706677145,0.1858291675722669,-0.1971037811745776,21824.0,0.0,8870.0,9447.0,10978.0,11238.0,16368.0,16715.0,13730.0,224.0,5969.0,49091.0,480.0,1578.0,9634.0,56.0,259.0,10407.0,3344.0,"{""type"":""Point"",""coordinates"":[81.50736347928826,21.190151806775308]}",81.50736347928826,21.190151806775308
1791,46.83986851999998,0.0498239262328699,0.1450922911731119,-0.1715491385924531,21824.0,0.0,9481.0,10094.0,11877.5,12540.0,16796.5,18558.0,15949.0,224.0,5706.5,50026.0,269.0,1648.5,9652.0,96.0,330.5,10412.5,3525.0,"{""type"":""Point"",""coordinates"":[81.57190240511119,21.172108783869042]}",81.57190240511119,21.172108783869042
1792,49.89386939000002,0.0535750078744666,0.132693625771076,-0.1649718908059143,21824.0,0.0,9598.5,10199.5,11845.5,12654.0,16526.0,18397.0,15767.5,224.0,5709.5,50919.5,243.0,1647.0,9635.0,95.0,315.0,10673.0,3521.5,"{""type"":""Point"",""coordinates"":[81.56728744347934,21.166491521082445]}",81.56728744347934,21.166491521082445
1793,45.71704895000005,0.0008898141463660326,0.17773951592155,-0.1806368415831762,21824.0,0.0,8706.0,9200.5,10325.0,10387.0,14877.5,14904.0,12297.5,224.0,6190.0,49697.5,4942.0,1516.5,9672.0,78.0,282.5,10738.5,3189.5,"{""type"":""Point"",""coordinates"":[81.66790754513137,21.303657874664395]}",81.66790754513137,21.303657874664395
1794,41.35907344999998,-0.1801828761429759,0.3148604345329604,-0.2794549681884541,21824.0,0.0,8137.0,8471.5,9994.5,9247.5,17747.0,12328.0,9850.5,224.0,6181.5,48422.5,704.5,1520.0,9726.5,104.0,270.0,10137.0,3196.0,"{""type"":""Point"",""coordinates"":[81.52910241939163,21.294547406845464]}",81.52910241939163,21.294547406845464
1795,44.92748633000002,-0.0161602534021586,0.1604508231038467,-0.1906799319552554,21824.0,0.0,9268.5,10018.5,11775.0,12533.0,17323.5,16772.5,13788.0,224.0,5976.0,49466.5,461.0,1575.0,9590.0,228.0,290.0,10308.5,3337.0,"{""type"":""Point"",""coordinates"":[81.52987105906453,21.192173703204173]}",81.52987105906453,21.192173703204173
1796,57.22039526000003,0.0612269458735746,0.1229598171708265,-0.1647535322993075,21824.0,0.0,9142.5,9806.0,11187.5,12184.5,15601.0,17636.0,14942.0,224.0,6366.5,53063.0,13975.0,1465.0,9657.0,91.0,234.0,12006.5,3059.5,"{""type"":""Point"",""coordinates"":[81.68551202350432,21.187943113165502]}",81.68551202350432,21.187943113165502
1797,42.04096844000003,-0.0232569454580839,0.0045136484130585,0.0082991465082284,21952.0,0.0,8813.5,9220.0,10691.5,10421.0,10515.5,10037.5,9414.5,224.0,6186.0,48622.0,712.5,1517.5,9742.0,80.0,261.5,10124.0,3190.5,"{""type"":""Point"",""coordinates"":[81.51021456317046,21.306926174658415]}",81.51021456317046,21.306926174658415
1798,50.55525626000002,0.0691575669867999,0.1297235922364546,-0.1544025670310545,21824.0,0.0,9386.0,9941.0,11661.0,12263.5,15919.5,18285.0,15655.0,224.0,5977.0,51113.0,149.0,1575.0,9590.0,162.0,368.0,10701.5,3336.0,"{""type"":""Point"",""coordinates"":[81.57272589877248,21.162026198853184]}",81.57272589877248,21.162026198853184
1799,46.69289365999998,0.0383850036049026,0.1391090461874829,-0.1658333624698437,21824.0,0.0,9645.0,10267.0,11929.0,12600.0,16672.0,18003.0,16414.0,224.0,5981.0,49983.0,261.0,1572.0,9695.0,63.0,295.0,10428.0,3330.0,"{""type"":""Point"",""coordinates"":[81.55828947115863,21.15065111826917]}",81.55828947115863,21.15065111826917
1800,54.19886558000002,0.0637226038599934,0.0929850689273303,-0.1324457457120813,21824.0,0.0,8707.5,9412.5,10963.5,11876.0,14311.0,16259.0,14347.5,224.0,6370.5,52179.0,13904.0,1460.5,9663.5,78.0,229.0,11679.5,3051.5,"{""type"":""Point"",""coordinates"":[81.7369092300004,21.16437382839886]}",81.7369092300004,21.16437382839886
1801,44.71044205999999,-0.0359270626466871,0.1451036739907002,-0.1468430835648472,21824.0,0.0,8671.0,9213.0,10671.5,10709.5,14345.0,13350.0,11815.0,224.0,6193.5,49403.0,5241.0,1512.5,9697.0,103.0,294.5,10653.0,3181.0,"{""type"":""Point"",""coordinates"":[81.64642818460543,21.24825493214051]}",81.64642818460543,21.24825493214051
1802,47.30984626999998,0.0146092805717588,0.1987214319961643,-0.2260163133203655,21824.0,0.0,9386.0,10189.5,11837.5,12534.0,18751.0,19307.0,15637.0,224.0,5887.5,50163.5,5817.5,1599.5,9487.5,281.0,345.0,10630.5,3401.0,"{""type"":""Point"",""coordinates"":[81.60794319400672,21.151955928635065]}",81.60794319400672,21.151955928635065
1803,51.93271832000005,0.0026122269783777,0.0682780024452177,-0.0690571986541493,21824.0,0.0,8328.0,8832.5,9891.5,9907.0,11359.0,11418.5,10627.0,224.0,6200.5,51516.0,4805.0,1514.0,9690.0,66.0,241.5,11387.5,3182.0,"{""type"":""Point"",""coordinates"":[81.64613466747956,21.368733637816522]}",81.64613466747956,21.368733637816522
1804,43.71238022,0.0405803529001805,0.1429541852215261,-0.1611839582854075,21824.0,0.0,8838.0,9372.0,10939.0,11355.0,15143.0,16424.0,14134.0,224.0,5972.0,49111.0,465.0,1577.0,9696.0,74.0,262.0,10383.0,3340.0,"{""type"":""Point"",""coordinates"":[81.50733467114394,21.188554111835966]}",81.50733467114394,21.188554111835966
1805,48.73174259000001,0.0224416022900343,0.0862047873424948,-0.1081896282736671,21824.0,0.0,8905.0,9457.5,10718.0,11204.5,13318.5,13930.0,12669.5,224.0,6210.0,50579.5,4794.5,1508.5,9642.0,159.0,273.5,11019.5,3171.0,"{""type"":""Point"",""coordinates"":[81.70575033582988,21.33838317656127]}",81.70575033582988,21.33838317656127
1806,46.357927700000005,0.0152478371014769,0.0874063126781378,-0.1131202161188653,21824.0,0.0,9693.5,10420.5,12311.0,12967.5,15451.5,15930.0,13529.0,224.0,5895.0,49885.0,5136.0,1596.5,9691.0,82.0,441.0,10687.0,3395.0,"{""type"":""Point"",""coordinates"":[81.69512642850198,21.253116715909787]}",81.69512642850198,21.253116715909787
1807,55.77115478000002,0.0842570754716981,0.0922517010390843,-0.1448685107716123,21824.0,0.0,9218.0,9950.0,11600.5,12907.5,15531.0,18389.0,15923.0,224.0,6367.5,52639.0,13914.5,1462.0,9655.0,68.0,228.0,11842.5,3054.5,"{""type"":""Point"",""coordinates"":[81.72957073457567,21.161407763748894]}",81.72957073457567,21.161407763748894
1808,47.65677530000005,0.0087071361660959,0.1820112795722551,-0.1885184025923812,21824.0,0.0,8894.0,9481.5,11018.5,11168.0,16138.0,16421.5,13640.0,224.0,5905.5,50265.0,5341.0,1591.0,9656.0,127.0,312.0,10778.5,3382.5,"{""type"":""Point"",""coordinates"":[81.66115920487498,21.226976483584476]}",81.66115920487498,21.226976483584476
1809,47.04324071000002,0.0099783376260084,0.121302861117014,-0.1371196834041886,21824.0,0.0,8981.0,9570.5,11011.0,11371.0,14510.5,14803.0,13144.0,209.0,6191.0,50085.5,4937.0,1516.5,9683.0,123.0,263.0,10872.5,3189.0,"{""type"":""Point"",""coordinates"":[81.65745142734048,21.31545305091928]}",81.65745142734048,21.31545305091928
1810,48.95220488000001,0.0003554464083756099,0.1442521083000444,-0.1605206887496717,21824.0,0.0,9146.0,9729.0,11189.0,11568.0,15468.0,15479.0,13481.0,224.0,5424.0,50644.0,511.0,1727.0,9687.0,77.0,334.0,10693.0,3726.0,"{""type"":""Point"",""coordinates"":[81.61034328201261,21.34204287627143]}",81.61034328201261,21.34204287627143
1811,54.60731897000005,0.0394961251907483,0.1135161385434552,-0.1586926311610027,21824.0,0.0,9214.5,9922.5,11654.0,12778.0,16050.5,17370.5,15136.0,224.0,6361.0,52298.5,14039.5,1467.0,9680.5,130.0,242.0,11738.5,3065.5,"{""type"":""Point"",""coordinates"":[81.65319139680823,21.160465566125605]}",81.65319139680823,21.160465566125605
1812,43.10055464000004,-0.0399132435792313,0.2431740209640954,-0.2612803362045458,21824.0,0.0,9103.0,9738.5,11513.5,11967.5,19658.0,18149.0,14063.5,192.0,5889.5,48932.0,5688.5,1599.5,9743.5,70.0,298.0,10440.0,3400.0,"{""type"":""Point"",""coordinates"":[81.61214222811965,21.17051884784671]}",81.61214222811965,21.17051884784671
1813,48.98638507999999,0.0462268455151017,0.1022947776934109,-0.1182864723755723,21824.0,0.0,8858.0,9307.5,10301.5,10640.5,13065.5,14332.0,12748.5,224.0,6209.5,50654.0,4817.0,1508.5,9661.0,145.0,260.5,11059.0,3171.0,"{""type"":""Point"",""coordinates"":[81.6880928979111,21.346123471711515]}",81.6880928979111,21.346123471711515
1814,36.96691774999999,-0.153591867202218,0.2840864129144575,-0.2436865299865874,21824.0,0.0,8207.5,8455.0,9868.0,9047.0,16227.0,11906.0,10017.0,224.0,6170.0,47137.5,408.0,1523.5,9698.5,102.0,272.5,9738.0,3205.0,"{""type"":""Point"",""coordinates"":[81.54745598385297,21.24170901090729]}",81.54745598385297,21.24170901090729
1815,45.29834149999999,0.0059469143794884,0.1430896279496546,-0.163494748713611,21824.0,0.0,9309.5,9838.5,11867.5,12374.0,16506.5,16704.0,14379.5,209.0,6187.5,49575.0,5412.0,1514.5,9723.0,77.0,299.0,10721.5,3185.5,"{""type"":""Point"",""coordinates"":[81.71720995282537,21.210513853015545]}",81.71720995282537,21.210513853015545
1816,45.13256753000002,-0.0417597249224737,0.225008029928014,-0.2229746298217485,21824.0,0.0,8436.0,8863.5,10298.5,10254.5,16209.0,14909.5,12218.0,224.0,6181.5,49526.5,785.0,1519.0,9595.5,405.0,371.0,10371.0,3195.5,"{""type"":""Point"",""coordinates"":[81.52832435747482,21.283276144108925]}",81.52832435747482,21.283276144108925
1817,43.58420447000003,-0.0415717619440213,0.196647883253865,-0.2223953293864899,21921.0,0.0,9085.5,10024.0,11854.0,12510.0,18634.5,17147.0,13608.0,192.0,5892.5,49073.5,5733.0,1597.0,9644.5,118.0,461.5,10436.0,3396.0,"{""type"":""Point"",""coordinates"":[81.58615571047706,21.15415078699212]}",81.58615571047706,21.15415078699212
1818,47.477329250000025,0.0122348973000493,0.1133547334253896,-0.1321965897693079,21824.0,0.0,9380.5,10209.0,11896.5,12360.5,15521.0,15905.5,14492.5,209.0,5903.5,50212.5,5382.5,1593.0,9647.0,101.0,294.0,10755.0,3385.5,"{""type"":""Point"",""coordinates"":[81.6161735162678,21.22805270305824]}",81.6161735162678,21.22805270305824
1819,43.53122516000002,0.025764242704956,0.1360383472859843,-0.1796831183398766,21824.0,0.0,9436.0,10150.0,11701.0,12797.0,16827.0,17717.0,14247.0,224.0,6012.0,49058.0,447.0,1566.0,9698.0,121.0,284.0,10467.0,3314.0,"{""type"":""Point"",""coordinates"":[81.60501370444557,21.377720349600636]}",81.60501370444557,21.377720349600636
1820,45.18725585000004,-0.0014617745943575,0.1680163668911431,-0.1862381826367005,21824.0,0.0,9256.0,9943.0,11749.5,12200.0,17127.5,17077.5,14539.0,224.0,5897.5,49542.5,5438.5,1595.5,9625.5,94.0,323.5,10519.0,3391.5,"{""type"":""Point"",""coordinates"":[81.61889529871648,21.208186524868445]}",81.61889529871648,21.208186524868445
1821,50.96541866000001,0.0602398677846345,0.1046749959898051,-0.144239112374693,21824.0,0.0,9479.0,10050.0,11588.5,12558.5,15495.0,17481.5,15529.0,224.0,6186.0,51233.0,717.0,1517.5,9704.0,92.0,258.0,10878.0,3191.5,"{""type"":""Point"",""coordinates"":[81.51602602437461,21.30302230083283]}",81.51602602437461,21.30302230083283
1822,54.69789650000001,0.0181196049459522,0.1380311142357543,-0.1688359778563626,21824.0,0.0,9111.5,9753.0,11223.0,11954.0,15782.5,16365.0,14225.5,224.0,6355.5,52325.0,14037.5,1469.0,9723.5,76.0,229.0,11779.0,3069.0,"{""type"":""Point"",""coordinates"":[81.65808809422202,21.126213312657654]}",81.65808809422202,21.126213312657654
1823,43.25094752000001,0.0122997189678455,0.1494223581379544,-0.1426761812270404,21824.0,0.0,8705.0,8971.0,10152.0,10013.0,13531.0,13868.0,11889.0,224.0,6011.0,48976.0,513.0,1567.0,9723.0,73.0,258.0,10423.0,3316.0,"{""type"":""Point"",""coordinates"":[81.64696733561483,21.33623757210897]}",81.64696733561483,21.33623757210897
1824,47.84305739000001,0.0594337160751565,0.1163637067580386,-0.1390309901439886,21824.0,0.0,8934.0,9425.5,10897.5,11411.5,14417.0,16239.0,14055.5,224.0,6190.0,50319.5,640.5,1516.0,9761.0,84.0,283.5,10724.5,3187.0,"{""type"":""Point"",""coordinates"":[81.51561585660902,21.31556445911116]}",81.51561585660902,21.31556445911116
1825,47.88578264,0.0094861008001319,0.073148934268734,-0.0745894670902501,21824.0,0.0,8597.0,9014.0,10341.0,10371.0,12008.0,12238.0,11506.0,224.0,6013.0,50332.0,397.0,1563.0,9651.0,139.0,277.0,10817.0,3308.0,"{""type"":""Point"",""coordinates"":[81.611651611809,21.31240307051322]}",81.611651611809,21.31240307051322
1826,44.57201225000006,-0.1475653291446522,0.3287918120339291,-0.3111234378568865,21824.0,0.0,8378.5,8904.0,10556.0,10148.5,20091.0,14924.0,11621.5,224.0,6360.5,49362.5,14127.0,1469.5,9694.5,125.0,233.0,10702.5,3070.0,"{""type"":""Point"",""coordinates"":[81.60695027979435,21.203137451839144]}",81.60695027979435,21.203137451839144
1827,45.494877650000035,-0.0076283951217142,0.1417926882983409,-0.1631393957523182,21824.0,0.0,8977.0,9648.0,11190.5,11690.5,15553.5,15318.0,13122.0,224.0,6186.5,49632.5,480.5,1518.0,9678.0,61.0,263.0,10572.5,3192.0,"{""type"":""Point"",""coordinates"":[81.56296278389124,21.312417237555703]}",81.56296278389124,21.312417237555703
1828,50.74495637000001,0.0816247803288994,0.1109421179073264,-0.1488061195310266,21824.0,0.0,9845.5,10390.5,11906.5,12860.0,16069.5,18926.0,16793.0,224.0,5980.0,51168.5,269.0,1574.0,9661.0,106.0,280.5,10765.5,3334.0,"{""type"":""Point"",""coordinates"":[81.5453202441999,21.207289333071316]}",81.5453202441999,21.207289333071316
1829,46.78005317000003,0.0417760727032593,0.1630090454562802,-0.1743939569121671,21824.0,0.0,8764.0,9306.5,10711.0,10965.0,15236.0,16564.5,13721.5,224.0,6185.0,50008.5,5281.0,1516.5,9635.0,87.0,417.0,10825.0,3190.0,"{""type"":""Point"",""coordinates"":[81.70209500086543,21.227363506223163]}",81.70209500086543,21.227363506223163
1830,49.30255193000005,0.0409239842726081,0.1131985776493183,-0.1429966027568433,21824.0,0.0,8972.0,9530.0,10973.5,11659.0,14635.5,15884.5,14046.0,224.0,6203.5,50746.5,5328.5,1507.5,9709.0,79.0,261.5,11126.0,3170.0,"{""type"":""Point"",""coordinates"":[81.77201848596742,21.23988096316951]}",81.77201848596742,21.23988096316951
1831,50.107495640000025,0.0642214989317924,0.124931053502482,-0.1614258003665937,21824.0,0.0,9755.0,10290.0,11780.5,12692.0,16316.0,18555.5,16278.0,224.0,5976.0,50982.0,342.0,1576.0,9605.0,121.0,261.5,10719.5,3339.0,"{""type"":""Point"",""coordinates"":[81.53613938173258,21.209414678780174]}",81.53613938173258,21.209414678780174
1832,48.35576039,-0.0648786541643684,0.2161656725526093,-0.2060988227944478,21824.0,0.0,8625.5,8994.5,10166.5,9954.5,15445.0,13563.0,11175.5,224.0,6181.5,50469.5,769.0,1518.5,9540.5,432.0,395.0,10621.0,3194.5,"{""type"":""Point"",""coordinates"":[81.52885332056184,21.27817513231557]}",81.52885332056184,21.27817513231557
1833,43.80295775000002,-0.0360079295440512,0.2187093814511813,-0.2095308557661298,21824.0,0.0,8525.5,8936.0,10417.0,10218.5,15939.5,14831.5,11822.0,224.0,5887.0,49137.5,5781.0,1599.5,9662.5,84.0,291.5,10442.5,3401.5,"{""type"":""Point"",""coordinates"":[81.61688818958982,21.155766467728387]}",81.61688818958982,21.155766467728387
1834,51.73447315999999,0.0273493118177503,0.0977936991529679,-0.1372385807928415,21824.0,0.0,10048.0,10941.0,12438.0,13474.0,16395.0,17317.0,16141.0,224.0,6376.0,51458.0,10215.0,1463.0,9710.0,58.0,223.0,11462.0,3055.0,"{""type"":""Point"",""coordinates"":[81.65588957988352,21.26034771279176]}",81.65588957988352,21.26034771279176
1835,47.69950055000004,0.0393556932539622,0.1461319092510853,-0.1748561640009682,21824.0,0.0,9199.5,9747.5,11079.0,11752.0,15774.5,17067.0,14348.5,224.0,6180.0,50277.5,692.5,1518.5,9640.5,122.0,251.0,10630.5,3194.0,"{""type"":""Point"",""coordinates"":[81.51426261038173,21.257247646143952]}",81.51426261038173,21.257247646143952
1836,52.336044679999986,0.0800834137383672,0.1023422348202297,-0.1340214096612055,21824.0,0.0,9337.0,9958.0,11285.0,12034.0,14778.0,17351.0,15564.0,224.0,6003.0,51634.0,494.0,1567.0,9543.0,353.0,354.0,10836.0,3317.0,"{""type"":""Point"",""coordinates"":[81.52692646409828,21.331489640909687]}",81.52692646409828,21.331489640909687
1837,53.55798683,0.0026189715745768,0.044112074538038,-0.0589831121560825,21824.0,0.0,8661.5,9206.0,10406.0,10721.0,11710.5,11772.0,11313.5,224.0,6193.0,51991.5,5102.5,1514.0,9699.0,79.0,249.0,11553.0,3184.5,"{""type"":""Point"",""coordinates"":[81.60513162532072,21.30014357621206]}",81.60513162532072,21.30014357621206
1838,45.464115470000024,0.0870313335936031,0.1070783581435309,-0.1365109079127367,21824.0,0.0,9685.5,10365.0,11993.0,12731.5,15785.0,18794.5,16877.5,224.0,6187.0,49623.5,609.0,1517.0,9663.0,152.0,283.0,10499.5,3189.5,"{""type"":""Point"",""coordinates"":[81.56585321558138,21.29079826244723]}",81.56585321558138,21.29079826244723
1839,45.27270635000002,0.0129457124363267,0.1870441507454351,-0.207581600330533,21824.0,0.0,9088.5,9806.0,11507.5,12010.0,17536.5,17996.5,15096.5,224.0,5888.5,49567.5,5665.0,1599.5,9554.0,320.0,371.0,10488.0,3401.0,"{""type"":""Point"",""coordinates"":[81.61451523107267,21.17422148231449]}",81.61451523107267,21.17422148231449
1840,45.24023516,-0.0187811925400577,0.1700731578550418,-0.1769971929292162,21824.0,0.0,8995.5,9457.5,10848.0,11004.0,15514.0,14942.0,12955.5,224.0,6176.0,49558.0,443.0,1520.0,9766.0,99.0,251.5,10500.0,3197.5,"{""type"":""Point"",""coordinates"":[81.52687690309288,21.234485771219735]}",81.52687690309288,21.234485771219735
1841,49.62897284000002,0.0418137097636616,0.1020910209102091,-0.1143816591351934,21824.0,0.0,9006.0,9557.0,10681.0,10950.0,13440.0,14613.0,12959.0,224.0,6011.0,50842.0,588.0,1566.0,9592.0,306.0,331.0,10790.0,3315.0,"{""type"":""Point"",""coordinates"":[81.6227078168908,21.34947516141359]}",81.6227078168908,21.34947516141359
1842,49.98102890000001,0.0609110872032187,0.1200759373516848,-0.1514275388507408,21824.0,0.0,9340.0,10082.5,11740.0,12514.5,15930.0,17996.5,15483.5,209.0,6198.0,50945.0,5288.5,1509.5,9659.0,62.0,397.0,11161.0,3175.0,"{""type"":""Point"",""coordinates"":[81.74575845163831,21.225753940578215]}",81.74575845163831,21.225753940578215
1843,47.42093192000005,-0.0147807123818754,0.1632040884346183,-0.1771098785789237,21824.0,0.0,8789.0,9435.5,10979.0,11298.0,15705.0,15247.5,12764.0,224.0,5890.0,50196.0,5627.0,1598.5,9610.0,116.0,297.0,10713.0,3399.0,"{""type"":""Point"",""coordinates"":[81.62369338611597,21.18282103170189]}",81.62369338611597,21.18282103170189
1844,45.67090568000003,0.0162451161834258,0.1133348848033511,-0.1253381424706943,21824.0,0.0,9073.0,9689.0,11155.0,11430.0,14352.0,14826.0,12844.0,224.0,6011.0,49684.0,566.0,1567.0,9712.0,69.0,256.0,10563.0,3316.0,"{""type"":""Point"",""coordinates"":[81.639449687923,21.340685599567124]}",81.639449687923,21.340685599567124
1845,50.780845580000005,0.0434796935497157,0.1325127284786298,-0.1516991013509492,21824.0,0.0,9011.5,9475.5,10690.5,11117.5,14514.0,15833.5,13616.5,224.0,6181.5,51179.0,742.0,1519.5,9644.0,131.0,267.0,10779.0,3195.5,"{""type"":""Point"",""coordinates"":[81.5232915992162,21.29386127400353]}",81.5232915992162,21.29386127400353
1846,43.28170970000002,-0.0946927189913525,0.2373899417997313,-0.2213956914012152,21824.0,0.0,8699.5,9162.5,10571.5,10220.5,16583.5,13714.5,11291.5,224.0,6194.5,48985.0,177.0,1515.5,9703.0,62.0,383.5,10339.5,3187.5,"{""type"":""Point"",""coordinates"":[81.6010218384174,21.372180379286466]}",81.6010218384174,21.372180379286466
1847,48.656546150000054,0.0395436322212606,0.0866837183278714,-0.1172929550264006,21824.0,0.0,8958.5,9527.5,10741.0,11426.5,13595.5,14715.0,13090.0,224.0,5715.5,50557.5,423.5,1647.0,9621.5,80.0,290.5,10664.5,3520.5,"{""type"":""Point"",""coordinates"":[81.59611588783507,21.31790899001405]}",81.59611588783507,21.31790899001405
1848,46.77834416000002,0.0138467624950547,0.1380307411352914,-0.1520566938838391,21824.0,0.0,9144.0,9661.0,11008.0,11328.0,14956.0,15376.0,13817.0,224.0,6015.0,50008.0,637.0,1565.0,9671.0,88.0,256.0,10593.0,3311.0,"{""type"":""Point"",""coordinates"":[81.62938762348993,21.350488381133406]}",81.62938762348993,21.350488381133406
1849,54.646626200000014,0.0776604780973182,0.1100604246152722,-0.1523432318217135,21824.0,0.0,9060.5,9776.5,11182.5,12187.5,15202.0,17762.0,15084.0,224.0,6368.0,52310.0,13908.5,1462.5,9707.5,113.0,237.0,11764.0,3055.5,"{""type"":""Point"",""coordinates"":[81.73222306338931,21.174545336599092]}",81.73222306338931,21.174545336599092
1850,53.69812565000001,0.0678248709122203,0.1297361602268468,-0.1713102982174537,21824.0,0.0,9840.0,10645.5,12261.5,13350.5,17331.0,19853.0,17083.5,177.0,5894.0,52032.5,5786.5,1596.5,9536.0,380.0,424.5,11282.0,3394.5,"{""type"":""Point"",""coordinates"":[81.57767750114081,21.150992741494953]}",81.57767750114081,21.150992741494953
1851,47.74735283000001,0.0094194153928667,0.1081070946452677,-0.1315502287913308,21824.0,0.0,9338.5,9943.5,11340.0,11892.5,14775.5,15056.5,13614.5,224.0,6191.5,50291.5,4938.5,1516.0,9730.0,135.0,283.5,10980.5,3188.5,"{""type"":""Point"",""coordinates"":[81.65629055146775,21.308935565309554]}",81.65629055146775,21.308935565309554
1852,50.34333902000003,0.0696392785571142,0.1048228163462611,-0.1368227731864095,21824.0,0.0,9150.0,9674.0,11280.0,12037.0,14856.0,17080.0,14860.0,224.0,6014.0,51051.0,276.0,1564.0,9578.0,327.0,373.0,10690.0,3309.0,"{""type"":""Point"",""coordinates"":[81.55884731752991,21.363504474773702]}",81.55884731752991,21.363504474773702
1853,42.62544986,-0.1927740794961743,0.3660866814299272,-0.3327777777777778,21824.0,0.0,8392.0,8960.0,10809.0,10019.0,21591.0,14612.0,11338.0,224.0,6010.0,48793.0,630.0,1567.0,9701.0,110.0,259.0,10272.0,3316.0,"{""type"":""Point"",""coordinates"":[81.63486665078713,21.34562523485768]}",81.63486665078713,21.34562523485768
1854,53.33581552999999,0.0340529595834757,0.1452533125487139,-0.1963329045285046,21824.0,0.0,9561.5,10535.5,12338.5,13708.0,18367.0,19662.0,15931.0,177.0,6356.5,51926.5,14089.5,1469.0,9694.0,63.0,226.0,11610.0,3069.5,"{""type"":""Point"",""coordinates"":[81.6319016258214,21.130925577540985]}",81.6319016258214,21.130925577540985
1855,60.16843750999999,0.0735125530207497,0.0965553501467071,-0.1467745082388832,21824.0,0.0,9646.5,10340.0,12026.0,13317.0,16163.5,18728.5,16424.0,160.0,6354.5,53925.5,14124.0,1470.5,9647.0,143.0,252.0,12319.5,3072.0,"{""type"":""Point"",""coordinates"":[81.61618644651011,21.128125788946125]}",81.61618644651011,21.128125788946125
1856,44.366931050000005,-0.006192152261765,0.1782845148363706,-0.1859562862520647,21824.0,0.0,8710.5,9189.0,10596.0,10765.5,15437.0,15247.0,13043.0,224.0,6182.0,49302.5,601.0,1519.5,9803.0,79.0,262.0,10433.0,3196.0,"{""type"":""Point"",""coordinates"":[81.53251018372961,21.303887653426514]}",81.53251018372961,21.303887653426514
1857,56.35221818000002,0.0640925905345547,0.0943417242147471,-0.1351601163081781,21824.0,0.0,8718.0,9503.0,11228.0,12196.5,14737.5,16756.0,14870.0,224.0,6358.5,52809.0,13993.5,1468.0,9721.5,74.0,230.0,11961.0,3067.5,"{""type"":""Point"",""coordinates"":[81.67810826253599,21.161362468023484]}",81.67810826253599,21.161362468023484
1858,47.49612836000006,0.0444670308728242,0.1529528992450082,-0.1740097560975609,21824.0,0.0,8850.0,9242.0,10583.0,11051.0,15042.0,16442.0,13752.0,224.0,6002.0,50218.0,322.0,1568.0,9695.0,130.0,267.0,10538.0,3319.0,"{""type"":""Point"",""coordinates"":[81.53819646615051,21.34405232569617]}",81.53819646615051,21.34405232569617
1859,46.272477200000026,0.0008508492736268238,0.1517309019579352,-0.1619452486532048,21824.0,0.0,9038.0,9847.0,11434.0,11676.0,15853.0,15880.0,14083.0,224.0,6027.0,49860.0,217.0,1558.0,9648.0,59.0,307.0,10358.0,3298.0,"{""type"":""Point"",""coordinates"":[81.72961649759641,21.281003429128887]}",81.72961649759641,21.281003429128887
1860,49.57941155000003,0.0139832745729225,0.1262158586880398,-0.1437942071363654,21824.0,0.0,9007.0,9637.5,10834.0,11229.0,14473.0,14883.5,12976.5,224.0,6192.5,50827.5,4962.5,1516.0,9634.0,78.0,244.5,11097.0,3188.5,"{""type"":""Point"",""coordinates"":[81.63567228257467,21.33292391021814]}",81.63567228257467,21.33292391021814
1861,47.69437352,0.0226550669556697,0.1648382758864746,-0.184454839870457,21824.0,0.0,9041.0,9756.0,11332.0,11800.0,16458.0,17221.0,15134.0,224.0,6033.0,50276.0,282.0,1556.0,9690.0,86.0,277.0,10508.0,3291.0,"{""type"":""Point"",""coordinates"":[81.72925771590997,21.28875748758906]}",81.72925771590997,21.28875748758906
1862,44.8881791,0.0162747928572841,0.0642449136769141,-0.0803309661867222,21824.0,0.0,8744.5,9280.0,10587.0,10935.0,12436.5,12848.0,11744.0,224.0,6212.5,49455.0,4650.0,1507.5,9683.0,74.0,245.0,10668.5,3169.5,"{""type"":""Point"",""coordinates"":[81.6734021509318,21.37263141670945]}",81.6734021509318,21.37263141670945
1863,41.442814940000005,-0.0312710773192715,0.2062251228170832,-0.2110019080534255,21824.0,0.0,8904.0,9472.0,10958.0,11068.0,16819.0,15799.0,12998.0,224.0,5983.0,48447.0,125.0,1574.0,9715.0,79.0,369.0,10085.0,3334.0,"{""type"":""Point"",""coordinates"":[81.5944977796076,21.206824386470707]}",81.5944977796076,21.206824386470707
1864,43.34665208000001,-0.0610471431674994,0.2338674750974448,-0.2314231170982963,21824.0,0.0,8553.0,9167.0,10669.0,10614.0,17094.0,15127.0,12477.0,224.0,6007.0,49004.0,380.0,1566.0,9784.0,70.0,295.0,10265.0,3314.0,"{""type"":""Point"",""coordinates"":[81.53427544636413,21.34947756145829]}",81.53427544636413,21.34947756145829
1865,44.53954106000003,-0.0180628565037467,0.175027834702209,-0.2080692790072663,21824.0,0.0,9254.5,10126.5,11934.0,12781.5,18205.0,17559.0,14030.0,177.0,5892.0,49353.0,5495.5,1598.5,9588.0,181.0,354.0,10465.5,3398.0,"{""type"":""Point"",""coordinates"":[81.59918637271772,21.200004815746375]}",81.59918637271772,21.200004815746375
1866,41.46674108000002,-0.0433170865655248,0.1930761078619931,-0.1784592718954755,21824.0,0.0,8741.0,9116.0,10595.0,10279.0,15198.0,13936.0,11794.0,224.0,6000.0,48454.0,389.0,1570.0,9695.0,94.0,258.0,10131.0,3323.0,"{""type"":""Point"",""coordinates"":[81.5796724644582,21.329080529387973]}",81.5796724644582,21.329080529387973
1867,46.51515662000003,0.0042701742355764,0.1494674726540011,-0.1715564031098723,21824.0,0.0,9010.0,9755.0,11295.0,11819.0,15973.0,16110.0,13891.0,224.0,6033.0,49931.0,239.0,1557.0,9675.0,115.0,303.0,10456.0,3295.0,"{""type"":""Point"",""coordinates"":[81.74455510603485,21.314255450409927]}",81.74455510603485,21.314255450409927
1868,50.93807450000003,0.0062385080115576,0.105486156768208,-0.1333033775181607,21824.0,0.0,9313.0,10113.0,11573.0,12245.0,15133.0,15323.0,13789.0,224.0,6376.0,51225.0,10017.0,1463.0,9652.0,107.0,232.0,11335.0,3056.0,"{""type"":""Point"",""coordinates"":[81.63236989793798,21.280502424715788]}",81.63236989793798,21.280502424715788
1869,46.28102224999998,-0.0412456869857559,0.1631943071753311,-0.1646907471548738,21824.0,0.0,8767.5,9336.0,10551.0,10583.5,14711.5,13546.0,11426.0,224.0,6190.0,49862.5,4936.0,1517.5,9666.0,149.0,273.0,10790.0,3190.5,"{""type"":""Point"",""coordinates"":[81.66564998226382,21.313714998362848]}",81.66564998226382,21.313714998362848
1870,40.52336756,-0.1180317148929213,0.2625069226509138,-0.2462188855278982,21824.0,0.0,8340.5,8827.5,10341.5,9987.5,17097.5,13487.5,11056.5,224.0,6173.5,48178.0,339.0,1521.5,9653.5,74.0,262.5,10061.0,3201.0,"{""type"":""Point"",""coordinates"":[81.53996243177139,21.232223131769384]}",81.53996243177139,21.232223131769384
1871,46.57155395000001,0.0221625702541733,0.1085455617475321,-0.1305427318927726,21824.0,0.0,9175.0,9681.5,11206.0,11717.5,14571.0,15231.5,13773.0,224.0,6187.5,49947.5,491.0,1517.0,9714.0,62.0,277.5,10552.0,3190.0,"{""type"":""Point"",""coordinates"":[81.56521223645633,21.307223737337136]}",81.56521223645633,21.307223737337136
1872,42.423786680000035,-0.0335724848020154,0.1576730395665065,-0.1556644213104715,21824.0,0.0,8500.0,8965.0,10341.0,10298.5,14154.0,13234.5,11244.0,224.0,6174.5,48734.0,523.0,1521.5,9660.0,69.0,247.0,10243.0,3201.0,"{""type"":""Point"",""coordinates"":[81.53740593878723,21.25062938812828]}",81.53740593878723,21.25062938812828
1873,56.931572570000014,0.0569462505418292,0.1121405750798722,-0.1668873506193118,21824.0,0.0,9588.0,10522.0,12426.5,13895.0,17405.0,19507.0,16940.5,224.0,6362.5,52978.5,13977.5,1466.0,9708.5,111.0,239.0,12015.0,3062.5,"{""type"":""Point"",""coordinates"":[81.68642916933867,21.169827715576375]}",81.68642916933867,21.169827715576375
1874,55.18325534000002,0.0268422973555857,0.1251342642320086,-0.1453899324403483,21824.0,0.0,8698.0,9407.0,10942.0,11403.0,14665.0,15474.0,13317.0,224.0,6368.0,52467.0,10656.0,1465.0,9644.0,88.0,232.0,11775.0,3060.0,"{""type"":""Point"",""coordinates"":[81.72716059018254,21.21709950869982]}",81.72716059018254,21.21709950869982
1875,45.11718644000001,-0.0223675480997061,0.0214236678266221,-0.015270947551707,21952.0,0.0,8395.0,8961.5,10462.5,10334.5,10787.0,10315.0,9543.5,208.0,6361.0,49522.0,13969.5,1465.0,9639.0,116.0,232.0,10711.5,3061.5,"{""type"":""Point"",""coordinates"":[81.69581575505737,21.132541664565522]}",81.69581575505737,21.132541664565522
1876,51.72080108,0.0349620179047443,0.0867603678639597,-0.1313222543352601,21824.0,0.0,9341.0,10272.0,12022.5,13157.5,15657.5,16792.0,15334.0,224.0,6371.5,51454.0,13915.5,1460.5,9697.5,73.0,226.0,11441.0,3051.0,"{""type"":""Point"",""coordinates"":[81.7273752389892,21.169188870014185]}",81.7273752389892,21.169188870014185
1877,47.04665872999999,-0.0094846516843433,0.1345901381084913,-0.1521766180208685,21824.0,0.0,9461.0,10215.5,11924.0,12360.0,16204.5,15900.0,14253.5,224.0,5898.0,50086.5,5414.5,1595.0,9687.0,79.0,345.5,10736.5,3391.0,"{""type"":""Point"",""coordinates"":[81.62983750773124,21.21034899134849]}",81.62983750773124,21.21034899134849
1878,48.945368840000015,0.0140465470226393,0.1190686124556889,-0.1387607119314436,21824.0,0.0,9383.0,10085.5,11758.5,12239.0,15547.5,15990.5,14501.5,224.0,5899.5,50642.0,5493.5,1594.0,9719.0,62.0,279.5,10945.0,3388.5,"{""type"":""Point"",""coordinates"":[81.64571476274311,21.207935898835725]}",81.64571476274311,21.207935898835725
1879,47.08083893000003,0.0244052834842436,0.1425476520780677,-0.1608132373100612,21824.0,0.0,9019.0,9535.5,10866.0,11280.0,15030.5,15782.5,14512.0,224.0,6185.0,50096.5,653.0,1517.5,9664.5,99.0,284.0,10583.5,3191.5,"{""type"":""Point"",""coordinates"":[81.55578738916631,21.28601353957852]}",81.55578738916631,21.28601353957852
1880,48.263473850000025,0.0496305764254762,0.1226913657539543,-0.1487084801326375,21824.0,0.0,9144.0,9823.5,11296.0,11911.0,15242.5,16834.5,14538.5,224.0,6208.0,50442.5,4770.0,1509.5,9706.0,66.0,265.0,11022.0,3173.0,"{""type"":""Point"",""coordinates"":[81.71198062984541,21.338223903983472]}",81.71198062984541,21.338223903983472
1881,42.59126966000002,-0.0396667325498304,0.1687632460518219,-0.1923003155894199,21952.0,0.0,8929.0,9787.0,11581.0,12158.5,17095.5,15791.0,12825.0,224.0,5890.0,48783.0,5753.5,1598.5,9618.0,123.0,292.5,10301.0,3398.5,"{""type"":""Point"",""coordinates"":[81.6132487493321,21.163231488438498]}",81.6132487493321,21.163231488438498
1882,51.032070050000016,-0.050718771807397,0.23125735967552,-0.2486979598606734,21824.0,0.0,8837.5,9614.5,11324.0,11751.0,18821.0,17004.0,13488.5,224.0,6355.0,51252.5,14088.0,1471.0,9585.0,311.0,316.0,11283.5,3073.0,"{""type"":""Point"",""coordinates"":[81.62926498148285,21.159106256554107]}",81.62926498148285,21.159106256554107
1883,49.25299064000001,0.0687920480029092,0.1202333211811884,-0.1660595021250759,21824.0,0.0,8974.0,9557.0,10988.0,12066.0,15364.0,17634.0,15559.0,224.0,5985.0,50732.0,704.0,1572.0,9692.0,120.0,241.0,10721.0,3329.0,"{""type"":""Point"",""coordinates"":[81.49007649973261,21.233907567919694]}",81.49007649973261,21.233907567919694
1884,47.04494971999998,0.0007615405803911402,0.1362924474416376,-0.1643318355171242,21824.0,0.0,9195.5,9693.0,11065.5,11719.0,15417.5,15441.0,13583.0,224.0,6184.0,50086.0,667.0,1516.5,9673.0,65.0,238.5,10584.5,3190.0,"{""type"":""Point"",""coordinates"":[81.50338691112088,21.254867655078783]}",81.50338691112088,21.254867655078783
1885,50.68855904000003,-0.011667514975921,0.1052226356987039,-0.1143984646238112,21824.0,0.0,8484.0,9029.0,10267.0,10459.5,12919.5,12621.5,11449.5,209.0,6191.5,51152.0,5020.5,1515.0,9695.0,66.0,272.0,11251.0,3186.0,"{""type"":""Point"",""coordinates"":[81.6230385547613,21.29681997141301]}",81.6230385547613,21.29681997141301
1886,48.69927140000004,0.066705599896178,0.099155553857323,-0.1343954570549728,21824.0,0.0,9118.0,9646.0,10975.0,11788.0,14383.0,16439.0,14674.0,224.0,6001.0,50570.0,549.0,1568.0,9594.0,157.0,269.0,10653.0,3319.0,"{""type"":""Point"",""coordinates"":[81.51801655706204,21.33344523759828]}",81.51801655706204,21.33344523759828
1887,51.67807583000001,0.0938988465991529,0.1138013655443261,-0.1494171670787707,21824.0,0.0,9333.5,9998.5,11438.0,12298.0,15456.5,18660.0,16017.5,224.0,6198.5,51441.5,5524.5,1508.0,9699.0,68.0,287.0,11363.5,3171.5,"{""type"":""Point"",""coordinates"":[81.7478450801923,21.19438095783332]}",81.7478450801923,21.19438095783332
1888,37.334354899999994,-0.1024469820554649,0.2186237738026543,-0.2337520081787644,21824.0,0.0,8769.0,9217.0,10493.0,10833.0,16895.0,13755.0,12756.0,224.0,5973.0,47245.0,498.0,1577.0,9748.0,43.0,258.0,9772.0,3341.0,"{""type"":""Point"",""coordinates"":[81.5197932903437,21.213120132059604]}",81.5197932903437,21.213120132059604
1889,46.146010460000014,0.021146380452158,0.0483271375464684,-0.0330168217091627,21824.0,0.0,8431.0,8847.0,10031.0,9728.0,10716.0,11179.0,10730.0,224.0,6043.0,49823.0,237.0,1554.0,9549.0,356.0,384.0,10594.0,3286.0,"{""type"":""Point"",""coordinates"":[81.6842208731572,21.371222458575936]}",81.6842208731572,21.371222458575936
1890,45.02489990000004,0.038382541720154,0.1423560808234845,-0.1569558670218927,21824.0,0.0,9005.0,9600.0,10917.0,11248.0,14982.0,16178.0,13734.0,224.0,5983.0,49495.0,428.0,1574.0,9605.0,163.0,296.0,10306.0,3333.0,"{""type"":""Point"",""coordinates"":[81.56768540652487,21.21878434787821]}",81.56768540652487,21.21878434787821
1891,48.79155794000002,-0.0228363448964473,0.1153022161345836,-0.1375555237139991,21824.0,0.0,9401.0,10363.0,12038.0,12595.0,15878.0,15169.0,13455.0,224.0,6375.0,50597.0,10038.0,1464.0,9732.0,47.0,220.0,11169.0,3056.0,"{""type"":""Point"",""coordinates"":[81.63832505539226,21.27812530741519]}",81.63832505539226,21.27812530741519
1892,55.21743554,0.0353739398612181,0.111395373627545,-0.1486806588442681,21824.0,0.0,9334.0,10023.0,11590.5,12504.0,15639.0,16786.0,15102.0,209.0,6362.0,52477.0,14058.5,1467.0,9579.0,151.0,250.0,11724.0,3065.0,"{""type"":""Point"",""coordinates"":[81.64212186420365,21.17336437538696]}",81.64212186420365,21.17336437538696
1893,46.77492614000005,-0.0152343510043614,0.1836281601375062,-0.1911995242986107,21824.0,0.0,8857.5,9557.5,11221.5,11399.0,16527.0,16031.0,13445.0,224.0,5895.5,50007.0,5117.5,1596.5,9711.0,59.0,374.0,10717.5,3394.0,"{""type"":""Point"",""coordinates"":[81.69571210347867,21.25848058335453]}",81.69571210347867,21.25848058335453
1894,49.42560064999998,0.0603346345097912,0.1146035466579569,-0.1355477695785785,21824.0,0.0,9202.0,9757.0,11041.0,11521.0,14503.5,16366.0,14313.0,224.0,5979.0,50782.5,512.0,1575.0,9609.0,163.0,269.0,10713.5,3336.0,"{""type"":""Point"",""coordinates"":[81.51995997655624,21.22524942216658]}",81.51995997655624,21.22524942216658
1895,43.41159446000006,0.0444843928746527,0.1234340173699177,-0.1535790387499013,21824.0,0.0,8954.0,9511.0,10725.0,11405.0,14617.0,15978.0,13767.0,224.0,5419.0,49023.0,343.0,1730.0,9612.0,85.0,405.0,10228.0,3731.0,"{""type"":""Point"",""coordinates"":[81.61087757110121,21.37744045722718]}",81.61087757110121,21.37744045722718
1896,48.84282824000002,0.049130915301919,0.1509381514940931,-0.1750474467443551,21824.0,0.0,9311.0,9998.5,11627.5,12218.0,16562.0,18273.5,15239.5,224.0,5974.0,50612.0,474.0,1577.0,9600.0,128.0,258.5,10582.0,3340.0,"{""type"":""Point"",""coordinates"":[81.52706256829536,21.194973036275602]}",81.52706256829536,21.194973036275602
1897,39.88932484999998,-0.0967701375245579,0.2780117944397641,-0.2665069512504991,21824.0,0.0,8457.0,8853.5,10103.5,9855.5,17445.5,14367.0,11199.5,224.0,6171.0,47992.5,454.5,1523.5,9711.0,75.0,255.0,10069.5,3205.0,"{""type"":""Point"",""coordinates"":[81.54580288953632,21.245919921657602]}",81.54580288953632,21.245919921657602
1898,47.472202219999986,0.0567384183434721,0.1469416785206259,-0.1700769119140908,21824.0,0.0,9367.0,9831.0,11438.0,11994.0,16126.0,18066.0,15856.0,224.0,6030.0,50211.0,199.0,1557.0,9673.0,40.0,313.0,10477.0,3295.0,"{""type"":""Point"",""coordinates"":[81.74101514207203,21.286520266259835]}",81.74101514207203,21.286520266259835
1899,45.83326163000004,0.012130033964095,0.1203692198455667,-0.1474176013961859,21824.0,0.0,9317.0,10081.0,11724.5,12388.5,15779.0,16166.5,14652.0,224.0,6198.0,49731.5,5053.5,1511.5,9712.0,70.0,403.5,10786.5,3179.0,"{""type"":""Point"",""coordinates"":[81.71374282226944,21.26827297040622]}",81.71374282226944,21.26827297040622
1900,46.87404872000002,-0.0205737834839118,0.183994704130043,-0.2088465004505857,21824.0,0.0,8611.0,9192.0,10535.0,11094.0,16097.0,15448.0,12867.0,224.0,5999.0,50036.0,602.0,1568.0,9696.0,99.0,252.0,10485.0,3320.0,"{""type"":""Point"",""coordinates"":[81.52173437505971,21.322948761747817]}",81.52173437505971,21.322948761747817
1901,52.21641398000003,0.0780582401816261,0.094379877603728,-0.13490538573508,21824.0,0.0,9316.0,9810.5,11143.5,12097.5,14619.0,17094.5,15003.0,224.0,6190.5,51599.0,721.5,1515.0,9568.0,100.0,258.0,10838.5,3186.0,"{""type"":""Point"",""coordinates"":[81.51664435382104,21.300217911734762]}",81.51664435382104,21.300217911734762
1902,39.542395820000024,-0.0421061305207646,0.1159199699997794,-0.097901339062873,21824.0,0.0,8391.5,8919.0,10391.5,10019.5,12647.0,11625.0,10097.5,224.0,6186.0,47891.0,290.5,1519.0,9617.0,211.0,308.0,9869.0,3194.0,"{""type"":""Point"",""coordinates"":[81.57603253296683,21.333417766568353]}",81.57603253296683,21.333417766568353
1903,48.68047229000001,0.0353491595910587,0.0928543384373773,-0.1189724829651665,21824.0,0.0,9139.5,9718.0,10958.0,11552.5,13917.5,14937.5,13428.0,224.0,5719.0,50564.5,381.0,1646.0,9600.5,205.0,324.0,10615.5,3517.5,"{""type"":""Point"",""coordinates"":[81.59803247381451,21.324234869876204]}",81.59803247381451,21.324234869876204
1904,57.57928736000002,0.0642192885478311,0.0968860769142813,-0.1322291289637265,21824.0,0.0,9062.0,9659.0,11028.5,11847.5,14389.5,16364.5,14643.5,224.0,6361.0,53168.0,14058.0,1468.0,9589.5,167.0,258.0,11988.0,3066.5,"{""type"":""Point"",""coordinates"":[81.64230047147285,21.174491178982706]}",81.64230047147285,21.174491178982706
1905,51.14144669000001,0.04416589551611,0.0946682852573366,-0.1297828335056877,21824.0,0.0,9273.5,9684.5,10939.5,11746.0,14202.5,15515.0,13774.5,224.0,5986.0,51284.5,686.5,1571.0,9662.0,111.0,250.5,10803.0,3327.0,"{""type"":""Point"",""coordinates"":[81.48923466064481,21.2270360930334]}",81.48923466064481,21.2270360930334
1906,47.13552725,-0.0605534902932672,0.2205935950053084,-0.241626100132177,21824.0,0.0,9378.5,10101.0,11762.0,12296.5,19257.0,17058.0,13398.5,224.0,5886.5,50112.5,5844.0,1600.0,9596.0,144.0,323.0,10705.5,3402.0,"{""type"":""Point"",""coordinates"":[81.60627922484545,21.139079707792902]}",81.60627922484545,21.139079707792902
1907,45.36328388000004,0.0072982743332651,0.1158903584435499,-0.1271248789932236,21824.0,0.0,9219.0,9774.0,11271.0,11531.0,14554.0,14768.0,13511.0,224.0,6012.0,49594.0,615.0,1565.0,9688.0,97.0,258.0,10460.0,3312.0,"{""type"":""Point"",""coordinates"":[81.61488447607091,21.338604275695]}",81.61488447607091,21.338604275695
1908,43.68332705,-0.0687,0.2085265181499491,-0.2011239112110143,21824.0,0.0,8579.5,9196.0,10662.0,10498.5,16030.5,13969.5,11605.5,224.0,6194.5,49102.5,5054.0,1514.0,9765.0,83.0,295.0,10594.5,3183.5,"{""type"":""Point"",""coordinates"":[81.71054053094237,21.276814348282876]}",81.71054053094237,21.276814348282876
1909,58.775594360000014,0.0526773647336616,0.1159666941165706,-0.1489129206074079,21824.0,0.0,9227.0,9868.0,11293.5,12077.0,15245.5,16941.0,14585.5,224.0,6355.5,53518.0,14094.5,1470.0,9663.0,68.0,231.0,12179.5,3071.5,"{""type"":""Point"",""coordinates"":[81.62745165469912,21.147799987230723]}",81.62745165469912,21.147799987230723
1910,43.44064763000006,0.0363795639741491,0.1467799677406664,-0.1522650011858645,21793.0,0.0,8893.5,9474.5,10723.0,10844.0,14575.0,15675.5,13289.5,224.0,6188.5,49031.5,4984.5,1517.0,9653.0,106.0,453.5,10526.5,3189.5,"{""type"":""Point"",""coordinates"":[81.66046848959385,21.28231467539149]}",81.66046848959385,21.28231467539149
1911,50.93465648000006,0.0643748890598189,0.1194251734390485,-0.1569359086918349,21824.0,0.0,9560.0,10180.0,11523.0,12439.0,15813.0,17989.0,15938.0,224.0,6010.0,51224.0,215.0,1566.0,9634.0,286.0,384.0,10768.0,3313.0,"{""type"":""Point"",""coordinates"":[81.57042150420526,21.36206060844897]}",81.57042150420526,21.36206060844897
1912,47.08083893000003,-0.0160605965364427,0.1960708141406293,-0.2030142338822216,21824.0,0.0,8653.5,9295.0,10708.5,10864.5,16164.0,15653.0,12910.0,224.0,6189.5,50096.5,5309.0,1514.0,9647.0,147.0,419.5,10886.5,3184.5,"{""type"":""Point"",""coordinates"":[81.72353511501788,21.222134433041873]}",81.72353511501788,21.222134433041873
1913,55.81388003000001,0.0638637882441816,0.1233569261880687,-0.164065322638919,21824.0,0.0,9371.0,10081.0,11568.5,12571.5,16109.5,18307.5,15649.0,209.0,6361.5,52651.5,14003.0,1467.0,9771.5,54.0,226.0,11944.0,3065.5,"{""type"":""Point"",""coordinates"":[81.67026576731928,21.180294613723017]}",81.67026576731928,21.180294613723017
1914,54.44154500000002,-0.0016454663824063,0.1305738141765855,-0.1838798599719267,21824.0,0.0,9347.0,10238.0,12064.5,13458.5,17501.0,17443.5,14777.0,209.0,6356.5,52250.0,14011.5,1469.0,9693.0,65.0,227.0,11728.0,3069.0,"{""type"":""Point"",""coordinates"":[81.66950153429916,21.1486391092117]}",81.66950153429916,21.1486391092117
1915,41.67011327,-0.0402161056232217,0.1955834803057025,-0.1997271587641029,21824.0,0.0,9023.5,9527.0,10852.5,10946.5,16269.5,15011.5,12813.5,224.0,5977.0,48513.5,631.0,1575.0,9669.0,137.0,256.0,10180.0,3336.0,"{""type"":""Point"",""coordinates"":[81.50727703065009,21.216722718167784]}",81.50727703065009,21.216722718167784
1916,50.29548674,0.0534470006617618,0.1577209966671957,-0.1947720125786163,21824.0,0.0,9860.0,10559.5,12291.0,13268.0,18237.0,20296.5,17481.0,192.0,5889.0,51037.0,5815.0,1599.0,9556.0,39.0,296.5,10973.5,3399.0,"{""type"":""Point"",""coordinates"":[81.60247022477894,21.14796867495742]}",81.60247022477894,21.14796867495742
1917,47.94559799000001,-0.0131371518654755,0.1447901110171474,-0.1665780450686664,21824.0,0.0,8845.0,9670.0,11363.5,11882.5,15906.0,15493.5,12844.5,224.0,5894.0,50349.5,5620.0,1596.5,9696.5,81.0,307.0,10844.5,3394.0,"{""type"":""Point"",""coordinates"":[81.62695425168862,21.17862926425015]}",81.62695425168862,21.17862926425015
1918,45.71363093000002,0.0189575319883821,0.0607057225911858,-0.0757940948609796,21824.0,0.0,8709.5,9254.0,10736.5,11067.0,12497.5,12980.5,11493.0,224.0,6207.5,49696.5,5186.0,1506.5,9628.0,203.0,296.5,10714.0,3167.5,"{""type"":""Point"",""coordinates"":[81.7491628304802,21.263468841136113]}",81.7491628304802,21.263468841136113
1919,48.05839265000003,0.0158348305368616,0.165677805630196,-0.1844752707481995,21824.0,0.0,8954.0,9588.5,11126.0,11566.0,16159.5,16679.5,14002.0,209.0,6202.0,50382.5,5183.5,1509.5,9676.0,72.0,278.5,10982.0,3174.0,"{""type"":""Point"",""coordinates"":[81.76674593117322,21.258981768673046]}",81.76674593117322,21.258981768673046
1920,47.84818442000005,0.0003502626970227671,0.0755830995351953,-0.0950249392505435,21824.0,0.0,8697.0,9418.0,10614.0,11038.0,12843.0,12852.0,11670.0,224.0,6009.0,50321.0,526.0,1566.0,9701.0,135.0,270.0,10796.0,3314.0,"{""type"":""Point"",""coordinates"":[81.61404773256251,21.32926708980896]}",81.61404773256251,21.32926708980896
1921,45.23681714000003,0.011151152512409,0.1312007778317938,-0.148736176935229,21824.0,0.0,8968.5,9516.0,10777.0,11169.5,14543.0,14871.0,12798.5,224.0,6188.0,49557.0,574.5,1516.0,9637.0,109.0,271.5,10441.0,3188.0,"{""type"":""Point"",""coordinates"":[81.57551669875818,21.27597591082583]}",81.57551669875818,21.27597591082583
1922,47.27737508000001,0.0171757441323701,0.1742922120946224,-0.1918575063613231,21824.0,0.0,9029.0,9659.0,11116.0,11527.5,16394.0,16967.0,13961.0,224.0,6191.5,50154.0,237.5,1516.5,9518.0,483.0,437.0,10474.5,3188.0,"{""type"":""Point"",""coordinates"":[81.56488283908006,21.342258636989527]}",81.56488283908006,21.342258636989527
1923,45.32568565999998,0.0204896752805847,0.0534364261168384,-0.0711509063114217,21824.0,0.0,8853.0,9406.0,10633.0,11018.0,12262.0,12775.0,12078.0,224.0,6036.0,49583.0,389.0,1557.0,9666.0,62.0,262.0,10591.0,3292.0,"{""type"":""Point"",""coordinates"":[81.6682573005089,21.374700649655246]}",81.6682573005089,21.374700649655246
1924,43.61325764000003,-0.0301282051282051,0.2189016990291262,-0.2033396982290613,21824.0,0.0,8456.0,9004.0,10639.0,10298.0,16070.0,15130.0,12202.0,224.0,6001.0,49082.0,361.0,1569.0,9530.0,322.0,332.0,10132.0,3321.0,"{""type"":""Point"",""coordinates"":[81.56418976565494,21.332101145350975]}",81.56418976565494,21.332101145350975
1925,45.97169144000003,0.0692011360121474,0.1188021766316287,-0.1481789802289282,21824.0,0.0,9704.0,10372.0,12279.0,13036.0,16551.0,19012.0,16758.0,224.0,6032.0,49772.0,375.0,1558.0,9734.0,52.0,262.0,10521.0,3296.0,"{""type"":""Point"",""coordinates"":[81.72953159779546,21.31766006464917]}",81.72953159779546,21.31766006464917
1926,48.01737641,0.0148548584927088,0.0912659140849086,-0.1213223254451128,21824.0,0.0,9649.0,10781.0,12745.0,13544.0,16264.5,16755.0,15198.5,224.0,5898.0,50370.5,5408.5,1595.5,9718.0,87.0,290.5,10854.5,3391.5,"{""type"":""Point"",""coordinates"":[81.61698149609033,21.223581792229833]}",81.61698149609033,21.223581792229833
1927,49.35724025000002,0.034818713832674,0.13087280458141,-0.1502376685108704,21824.0,0.0,9102.5,9646.5,10905.0,11344.5,14761.0,15826.0,13764.0,224.0,6187.5,50762.5,430.0,1517.5,9676.5,155.0,316.5,10786.5,3191.0,"{""type"":""Point"",""coordinates"":[81.57234901445757,21.316198282707944]}",81.57234901445757,21.316198282707944
1928,41.87690348000001,-0.0216102505259131,0.1326595519117958,-0.1537381663727007,21824.0,0.0,9274.0,10013.0,11755.0,12272.0,16026.0,15348.0,13046.0,224.0,5440.0,48574.0,370.0,1720.0,9675.0,79.0,295.0,10095.0,3709.0,"{""type"":""Point"",""coordinates"":[81.59207536563929,21.258404008742353]}",81.59207536563929,21.258404008742353
1929,42.13667300000003,0.0228227839917243,0.1015232125938342,-0.1193068207065096,21824.0,0.0,9498.0,10262.0,11892.0,12328.0,15114.0,15820.0,14637.0,224.0,6015.0,48650.0,72.0,1560.0,9643.0,246.0,412.0,10200.0,3302.0,"{""type"":""Point"",""coordinates"":[81.62426810553335,21.237062713332204]}",81.62426810553335,21.237062713332204
1930,47.97465116000001,0.0471069109461966,0.1657416437627449,-0.1862504511006856,21824.0,0.0,9241.5,9847.0,11274.5,11762.0,16435.5,18060.5,14973.5,224.0,5893.5,50358.0,5074.5,1598.0,9692.0,82.0,313.5,10816.5,3397.0,"{""type"":""Point"",""coordinates"":[81.69911183182238,21.269780392319426]}",81.69911183182238,21.269780392319426
1931,48.00199531999999,-0.0138856787269979,0.1394033846830106,-0.1385844065089348,21824.0,0.0,8694.0,9210.0,10786.0,10768.0,14256.5,13866.0,12225.5,224.0,5900.5,50366.0,5300.5,1593.5,9613.0,243.0,334.5,10786.0,3388.5,"{""type"":""Point"",""coordinates"":[81.67273365792,21.237812883405343]}",81.67273365792,21.237812883405343
1932,49.82379997999999,0.0983537102045757,0.1187713566895723,-0.1542246155038159,21824.0,0.0,9179.0,9622.0,10916.0,11734.0,14897.0,18147.0,15178.0,224.0,5978.0,50899.0,315.0,1574.0,9720.0,57.0,266.0,10745.0,3334.0,"{""type"":""Point"",""coordinates"":[81.54344509578878,21.175087988568237]}",81.54344509578878,21.175087988568237
1933,48.07035572000001,0.0384288963574023,0.1293409353694031,-0.1420449963712604,21824.0,0.0,9008.0,9503.5,10639.5,10918.5,14162.5,15294.5,13227.5,209.0,6193.5,50386.0,4957.0,1516.0,9693.0,88.0,249.5,10990.5,3187.0,"{""type"":""Point"",""coordinates"":[81.67830778881763,21.315633820256263]}",81.67830778881763,21.315633820256263
1934,38.60244032000003,-0.064801087225105,0.2109311883100916,-0.2303354746609564,21824.0,0.0,9117.0,9500.0,10783.0,11232.0,17237.0,15139.0,13485.0,224.0,5426.0,47616.0,404.0,1727.0,9636.0,84.0,400.0,9716.0,3724.0,"{""type"":""Point"",""coordinates"":[81.61894438977795,21.37540393966909]}",81.61894438977795,21.37540393966909
1935,42.53316332000003,-0.075058275058275,0.2368590431237932,-0.2225206757616455,21824.0,0.0,8559.0,9124.0,10999.0,10671.0,17295.0,14880.0,12694.0,224.0,6023.0,48766.0,165.0,1560.0,9672.0,55.0,332.0,10192.0,3301.0,"{""type"":""Point"",""coordinates"":[81.71406840902577,21.282219202799222]}",81.71406840902577,21.282219202799222
1936,42.43062272000003,0.0238044826230301,0.177109927784667,-0.1875919929349426,21824.0,0.0,9068.0,9579.0,11039.0,11281.0,16137.0,16924.0,13868.0,224.0,5426.0,48736.0,310.0,1726.0,9646.0,101.0,290.0,10029.0,3724.0,"{""type"":""Point"",""coordinates"":[81.58551951035665,21.224020394464873]}",81.58551951035665,21.224020394464873
1937,52.90514501000001,0.0367496074405121,0.1049568741556687,-0.149534225841907,21824.0,0.0,9345.5,10142.0,11800.0,12919.5,15949.5,17166.5,14826.0,224.0,6370.5,51800.5,13949.5,1462.0,9685.0,101.0,233.0,11560.5,3053.5,"{""type"":""Point"",""coordinates"":[81.70181295174964,21.186113949308]}",81.70181295174964,21.186113949308
1938,49.104306769999994,-0.0038163447151191,0.1573112110404713,-0.1693693693693693,21824.0,0.0,8547.5,9137.0,10603.0,10869.0,14927.0,14813.5,12690.0,209.0,6205.5,50688.5,5368.0,1506.0,9692.0,55.0,257.0,11097.0,3167.0,"{""type"":""Point"",""coordinates"":[81.77079010362907,21.233141936308357]}",81.77079010362907,21.233141936308357
1939,47.52689054000001,0.0116417403127124,0.0857409568261377,-0.0838691641039977,21824.0,0.0,8398.0,8685.0,9831.0,9794.0,11631.0,11905.0,11112.0,224.0,6023.0,50227.0,647.0,1562.0,9693.0,69.0,253.0,10818.0,3304.0,"{""type"":""Point"",""coordinates"":[81.64597869536068,21.361202235082377]}",81.64597869536068,21.361202235082377
1940,48.401903660000016,0.0117179741807348,0.1471605317759164,-0.1683036587751907,21824.0,0.0,8813.0,9394.0,10627.0,11098.0,14928.0,15282.0,13158.0,224.0,5982.0,50483.0,551.0,1574.0,9394.0,405.0,384.0,10465.0,3334.0,"{""type"":""Point"",""coordinates"":[81.52051162358173,21.23579089515803]}",81.52051162358173,21.23579089515803
1941,41.08563185000003,-0.0267280327661191,0.098631003478968,-0.0896217960207922,21824.0,0.0,8561.0,9025.0,10158.0,9975.0,12158.0,11525.0,10357.5,224.0,6195.0,48342.5,4960.0,1515.0,9590.0,127.0,252.5,10230.5,3185.0,"{""type"":""Point"",""coordinates"":[81.63747497734329,21.326796864053176]}",81.63747497734329,21.326796864053176
1942,45.94092926000002,0.0211263020833333,0.1150416226338135,-0.1323404816146706,21824.0,0.0,9187.0,9845.0,11521.0,11933.0,15035.5,15684.5,14419.5,224.0,5900.5,49763.0,5439.0,1593.5,9671.0,80.0,297.5,10614.5,3388.0,"{""type"":""Point"",""coordinates"":[81.63818367289849,21.21296417851128]}",81.63818367289849,21.21296417851128
1943,47.01760555999999,0.0242804912346489,0.1056069967954959,-0.1268134247564056,21824.0,0.0,9484.0,10364.0,12098.0,12629.5,15612.0,16389.0,14952.0,224.0,5903.0,50078.0,5377.0,1592.0,9683.0,79.0,289.5,10731.5,3384.5,"{""type"":""Point"",""coordinates"":[81.66625611310815,21.22471462520128]}",81.66625611310815,21.22471462520128
1944,53.450319200000024,-0.0023364485981308,0.1541207512028558,-0.1814217875615655,21824.0,0.0,9254.5,10015.0,11592.5,12262.5,16731.0,16653.0,14581.5,209.0,6353.0,51960.0,14160.5,1471.0,9691.5,79.0,229.0,11620.5,3073.5,"{""type"":""Point"",""coordinates"":[81.6011980529057,21.120560642266035]}",81.6011980529057,21.120560642266035
1945,47.90799977000006,0.0087275371980969,0.1831877452842132,-0.1946823469257318,21824.0,0.0,9124.0,9729.0,11025.0,11291.0,16355.5,16643.5,13555.5,224.0,5893.0,50338.5,5507.5,1597.5,9621.0,100.0,318.0,10780.0,3395.5,"{""type"":""Point"",""coordinates"":[81.62383393410666,21.19643731619698]}",81.62383393410666,21.19643731619698
1946,46.18873571000006,0.0370567699059209,0.1404659504159678,-0.1772167086611474,21824.0,0.0,9798.5,10402.5,12000.5,12940.5,17170.0,18491.5,15861.0,224.0,5706.5,49835.5,344.0,1649.0,9669.0,81.0,315.0,10520.5,3526.5,"{""type"":""Point"",""coordinates"":[81.57885722644995,21.224272588648347]}",81.57885722644995,21.224272588648347
1947,46.83645050000001,-0.0074843113900197,0.1454211047557451,-0.1520104077733056,21824.0,0.0,8672.5,9187.0,10429.0,10570.5,14168.0,13957.5,12170.0,224.0,6190.5,50025.0,4948.0,1517.5,9725.0,78.0,244.5,10902.5,3190.5,"{""type"":""Point"",""coordinates"":[81.6487110789551,21.33083068697251]}",81.6487110789551,21.33083068697251
1948,51.062832230000026,0.0300350024103456,0.0598419787014771,-0.0660922850100209,21824.0,0.0,8635.5,9155.0,10135.0,10263.0,11569.5,12286.0,11983.0,209.0,6193.5,51261.5,5048.5,1514.0,9648.0,131.0,275.0,11254.5,3184.0,"{""type"":""Point"",""coordinates"":[81.61776418595227,21.2961574275594]}",81.61776418595227,21.2961574275594
1949,54.103161020000016,0.0377292372386403,0.1308555544116133,-0.1709397153669847,21824.0,0.0,9204.5,10010.5,11665.5,12663.0,16476.0,17768.0,15386.5,224.0,6361.5,52151.0,13955.0,1466.5,9737.0,64.0,227.0,11727.5,3063.5,"{""type"":""Point"",""coordinates"":[81.69998690978034,21.174065155965803]}",81.69998690978034,21.174065155965803
1950,59.609591239999986,0.0855677385669093,0.0831862914521674,-0.1292194492907532,21824.0,0.0,9459.0,10040.5,11479.5,12600.0,14886.5,17672.5,16060.5,160.0,6362.5,53762.0,13991.0,1466.5,9658.0,88.0,236.0,12270.0,3064.0,"{""type"":""Point"",""coordinates"":[81.67762827164762,21.17667014189981]}",81.67762827164762,21.17667014189981
1951,46.51515662000003,0.014515591381557,0.1237430457168526,-0.1470090293453724,21824.0,0.0,9445.0,10265.0,12092.0,12679.0,16260.0,16739.0,14564.0,224.0,6036.0,49931.0,300.0,1556.0,9641.0,90.0,270.0,10478.0,3292.0,"{""type"":""Point"",""coordinates"":[81.73945207538736,21.317323998536466]}",81.73945207538736,21.317323998536466
1952,38.872463900000014,0.0079945882787036,0.1348670325031659,-0.1560540366216361,21824.0,0.0,9376.0,9160.0,11776.0,12297.0,16131.0,16391.0,14046.0,224.0,6019.0,47695.0,393.0,1564.0,9616.0,74.0,264.0,9803.0,3308.0,"{""type"":""Point"",""coordinates"":[81.63175523785964,21.38032756294844]}",81.63175523785964,21.38032756294844
1953,44.54637710000003,0.0321766561514195,0.1512627115463995,-0.1701437888554102,21824.0,0.0,9278.0,9652.0,10879.0,11309.0,15340.0,16360.0,13779.0,224.0,5999.0,49355.0,582.0,1569.0,9610.0,104.0,266.0,10465.0,3321.0,"{""type"":""Point"",""coordinates"":[81.59126508191484,21.278890175282253]}",81.59126508191484,21.278890175282253
1954,46.29811235,0.0513975360974963,0.0866258227271865,-0.1092651757188498,21824.0,0.0,9539.5,10196.0,11500.5,12038.5,14322.0,15874.0,14867.0,209.0,6197.0,49867.5,4937.0,1514.0,9713.0,82.0,244.0,10823.5,3184.0,"{""type"":""Point"",""coordinates"":[81.66884229623115,21.332590258402487]}",81.66884229623115,21.332590258402487
1955,45.82471658000003,0.0212056952438654,0.0715973632933957,-0.093863732543377,21824.0,0.0,9045.0,9422.0,10706.0,11197.0,12924.0,13484.0,12560.0,224.0,5441.0,49729.0,445.0,1720.0,9692.0,86.0,292.0,10358.0,3708.0,"{""type"":""Point"",""coordinates"":[81.60711521759411,21.314174008348186]}",81.60711521759411,21.314174008348186
1956,47.4004238,-0.0036399531124683,0.1709493989779025,-0.191314854820402,21824.0,0.0,9389.0,10082.0,11043.0,11518.0,16268.0,16150.0,14112.0,224.0,5989.0,50190.0,698.0,1570.0,9677.0,93.0,232.0,10498.0,3324.0,"{""type"":""Point"",""coordinates"":[81.50475272377606,21.234773679089926]}",81.50475272377606,21.234773679089926
1957,43.953350630000045,-0.0468079841636423,0.1699930859645079,-0.1439709759560132,21824.0,0.0,8117.0,8427.5,9497.0,9003.5,12691.5,11556.5,9899.5,224.0,6206.0,49181.5,4726.5,1511.0,9621.0,128.0,252.5,10530.0,3176.5,"{""type"":""Point"",""coordinates"":[81.6641386086941,21.36892320601795]}",81.6641386086941,21.36892320601795
1958,45.65039755999999,0.011914611947708,0.1698896921961637,-0.1733149931224209,21824.0,0.0,8749.5,9203.0,10517.5,10592.0,14927.5,15287.5,12863.0,224.0,6177.5,49678.0,729.5,1521.0,9716.0,128.0,247.0,10500.0,3198.5,"{""type"":""Point"",""coordinates"":[81.50687827110725,21.26955367240297]}",81.50687827110725,21.26955367240297
1959,47.19021557000002,0.0076014287022621,0.1442651225822348,-0.1717972748900584,21824.0,0.0,9083.5,9759.5,11488.0,12155.5,16254.0,16503.0,14292.5,209.0,6200.0,50128.5,5131.0,1511.0,9664.0,68.0,271.0,10880.5,3177.0,"{""type"":""Point"",""coordinates"":[81.73376089653595,21.270660381413077]}",81.73376089653595,21.270660381413077
1960,50.56380131000003,0.0056883667323493,0.0954370443188334,-0.1104006643138883,21824.0,0.0,8797.0,9401.5,10713.0,11042.0,13372.0,13525.0,12338.5,224.0,6195.0,51115.5,5008.0,1513.5,9616.0,111.0,301.0,11179.5,3182.5,"{""type"":""Point"",""coordinates"":[81.62848266391927,21.29060852089806]}",81.62848266391927,21.29060852089806
1961,46.13062937000001,0.0225290397255177,0.0933555278124566,-0.097084000278377,21824.0,0.0,8414.5,8805.0,9730.5,9804.0,11823.0,12368.0,11097.5,224.0,6211.0,49818.5,4776.0,1508.0,9634.0,170.0,266.5,10752.5,3170.0,"{""type"":""Point"",""coordinates"":[81.68226415522685,21.352515771562537]}",81.68226415522685,21.352515771562537
1962,49.827218000000016,-0.0553772901355967,0.1576278242440298,-0.1677929217729928,21824.0,0.0,8759.0,9474.0,10899.0,11129.0,15294.0,13689.0,12304.0,224.0,6376.0,50900.0,9987.0,1463.0,9676.0,101.0,230.0,11236.0,3056.0,"{""type"":""Point"",""coordinates"":[81.63833640158242,21.282567944683375]}",81.63833640158242,21.282567944683375
1963,41.757272779999994,-0.0087549534605105,0.2011851635086692,-0.2096809843070802,21824.0,0.0,8830.0,9256.0,10727.0,10919.0,16419.0,16134.0,13333.0,224.0,6373.0,48539.0,314.0,1468.0,9560.0,273.0,437.0,10312.0,3065.0,"{""type"":""Point"",""coordinates"":[81.59514149425816,21.354942230171982]}",81.59514149425816,21.354942230171982
1964,49.77765671000003,0.0548035995699368,0.1310140636565507,-0.1630300833635375,21824.0,0.0,9250.5,9966.5,11546.0,12327.0,16044.0,17904.5,15165.5,224.0,6188.0,50885.5,5375.5,1514.5,9623.0,65.0,299.5,11112.0,3185.5,"{""type"":""Point"",""coordinates"":[81.71439848055401,21.216732981943856]}",81.71439848055401,21.216732981943856
1965,51.98398861999999,-0.013758653930418,0.173304483061735,-0.1982184166004902,21824.0,0.0,9297.0,10061.0,11611.0,12226.0,17352.0,16881.0,14184.0,224.0,6373.0,51531.0,10148.0,1465.0,9682.0,104.0,232.0,11467.0,3059.0,"{""type"":""Point"",""coordinates"":[81.64733152819176,21.26714026822081]}",81.64733152819176,21.26714026822081
1966,46.82619643999999,0.0178188681659682,0.1582600822424265,-0.1673764258555133,21824.0,0.0,9040.0,9615.0,10949.0,11156.0,15351.0,15908.0,13559.0,224.0,6003.0,50022.0,210.0,1569.0,9668.0,132.0,331.0,10454.0,3321.0,"{""type"":""Point"",""coordinates"":[81.57929457841149,21.34757055169127]}",81.57929457841149,21.34757055169127
1967,40.86858758000005,-0.0671454334664433,0.22552609194127,-0.236409089213089,21824.0,0.0,8461.5,8915.5,10232.5,10470.5,16568.5,14483.5,12127.0,224.0,6200.5,48279.0,128.0,1512.5,9592.0,359.0,453.5,10113.0,3179.5,"{""type"":""Point"",""coordinates"":[81.5675770833225,21.37164277836404]}",81.5675770833225,21.37164277836404
1968,41.39325365000002,-0.070049823473125,0.2384243789738987,-0.2313475338876865,21824.0,0.0,8456.0,8891.5,10122.0,9971.5,16215.0,14092.0,11576.0,224.0,6172.0,48432.5,441.0,1522.5,9657.5,120.0,260.5,10128.0,3203.5,"{""type"":""Point"",""coordinates"":[81.54235249341833,21.243801706123257]}",81.54235249341833,21.243801706123257
1969,44.35667698999998,-0.0318159275011647,0.224840775694432,-0.2330459770114942,21824.0,0.0,8948.0,9442.5,10676.0,10862.5,17164.0,16105.5,13452.0,224.0,6189.5,49299.5,266.0,1517.5,9477.0,370.0,381.0,10248.5,3190.0,"{""type"":""Point"",""coordinates"":[81.58072609507037,21.335133145521276]}",81.58072609507037,21.335133145521276
1970,46.18873571000006,0.0295721791343507,0.1029763033175355,-0.1294405404356097,21824.0,0.0,9073.0,9727.5,11211.5,11829.5,14545.5,15432.0,14059.0,224.0,6207.5,49835.5,4929.0,1509.0,9622.0,57.0,241.5,10750.0,3173.0,"{""type"":""Point"",""coordinates"":[81.6998281468725,21.326394849440597]}",81.6998281468725,21.326394849440597
1971,52.500109640000005,0.0774467332684996,0.0953080717959483,-0.1464513293781586,21824.0,0.0,9539.5,10068.5,11653.5,12928.5,15652.5,18280.5,16099.5,224.0,6185.0,51682.0,724.0,1517.5,9649.5,123.0,256.0,10906.0,3191.0,"{""type"":""Point"",""coordinates"":[81.49576709071067,21.289751644793572]}",81.49576709071067,21.289751644793572
1972,53.66565446000004,0.0162157424180447,0.1260827397077021,-0.1687058537685913,21824.0,0.0,9337.5,10158.5,11975.0,13065.5,16835.5,17390.5,15221.0,224.0,6357.5,52023.0,14037.5,1469.0,9486.5,580.0,488.5,11482.5,3069.0,"{""type"":""Point"",""coordinates"":[81.65545814448544,21.15011517940223]}",81.65545814448544,21.15011517940223
1973,46.65529544000003,0.00033697768458888723,0.1353546521517264,-0.1380890470811398,21824.0,0.0,8519.0,8998.0,10110.0,10166.5,13349.5,13358.5,11542.5,209.0,6207.0,49972.0,4838.0,1510.0,9691.0,55.0,241.0,10845.5,3174.5,"{""type"":""Point"",""coordinates"":[81.68590430088334,21.344662120912794]}",81.68590430088334,21.344662120912794
1974,43.67649101000001,0.0006947124662292551,0.0742676956269189,-0.0840276324052752,21824.0,0.0,8565.0,9379.0,10939.0,11156.0,12946.0,12964.0,11755.5,224.0,6192.0,49100.5,5134.0,1514.0,9658.0,113.0,375.5,10530.0,3183.5,"{""type"":""Point"",""coordinates"":[81.65170951277388,21.25831917790662]}",81.65170951277388,21.25831917790662
1975,44.21312015000001,0.0071855459978581,0.1479757934051009,-0.1603746921306577,21824.0,0.0,8670.0,9164.0,10397.5,10665.0,14369.5,14577.5,12290.0,224.0,6174.0,49257.5,470.5,1521.5,9667.5,83.0,251.0,10331.0,3201.0,"{""type"":""Point"",""coordinates"":[81.539617879754,21.245914793630437]}",81.539617879754,21.245914793630437
1976,48.55913257999998,0.0380727871605257,0.1189662296683069,-0.1467067020826115,21824.0,0.0,9049.0,9602.0,11083.0,11727.0,14894.0,16073.0,14013.0,224.0,5975.0,50529.0,193.0,1575.0,9696.0,74.0,380.0,10591.0,3337.0,"{""type"":""Point"",""coordinates"":[81.5628537798598,21.142473857875387]}",81.5628537798598,21.142473857875387
1977,39.29288036000003,-0.056577960192418,0.0985133522987978,-0.0742618684375841,21824.0,0.0,8355.5,9002.5,10315.5,9823.5,11970.5,10688.5,9508.0,224.0,5694.0,47818.0,380.5,1655.0,9622.0,89.0,285.5,9876.0,3541.0,"{""type"":""Point"",""coordinates"":[81.57358105009527,21.224146698868452]}",81.57358105009527,21.224146698868452
1978,55.96256390000002,0.0457287522603978,0.1354114670292786,-0.1732147621164962,21824.0,0.0,9267.5,9909.0,11621.5,12557.5,16491.0,18071.5,15603.0,209.0,6361.5,52695.0,14012.5,1467.0,9677.0,94.0,234.0,11882.0,3064.5,"{""type"":""Point"",""coordinates"":[81.667563106085,21.16155840930821]}",81.667563106085,21.16155840930821
1979,43.334689010000034,-0.033096699923254,0.192382217793279,-0.2010260413762337,21824.0,0.0,8725.5,9231.5,10746.0,10941.0,16153.5,15118.5,12693.5,224.0,6179.5,49000.5,581.5,1521.0,9565.5,218.0,296.0,10181.0,3199.0,"{""type"":""Point"",""coordinates"":[81.53791746699439,21.30278646168489]}",81.53791746699439,21.30278646168489
1980,46.89455684000001,0.0709815493368786,0.0789741272172635,-0.1167413759501072,21824.0,0.0,9361.0,9878.0,11330.0,12228.0,14325.0,16514.0,14687.0,224.0,5433.0,50042.0,465.0,1723.0,9664.0,94.0,292.0,10424.0,3716.0,"{""type"":""Point"",""coordinates"":[81.60194725727195,21.311460413563676]}",81.60194725727195,21.311460413563676
1981,49.42218263000001,0.0981053835704582,0.1174813528692663,-0.1617977528089887,21824.0,0.0,9440.5,10024.0,11376.5,12453.0,15768.5,19199.0,16203.5,224.0,6196.0,50781.5,5528.5,1509.0,9728.0,66.0,302.0,11147.5,3173.5,"{""type"":""Point"",""coordinates"":[81.74733379819764,21.18792595075129]}",81.74733379819764,21.18792595075129
1982,46.90651991000004,0.0233125146120704,0.1323085262913343,-0.1480449120603015,21824.0,0.0,8877.0,9535.5,10850.5,11204.5,14621.5,15319.5,13218.0,224.0,6194.0,50045.5,4951.0,1515.0,9715.0,64.0,244.0,10885.5,3187.0,"{""type"":""Point"",""coordinates"":[81.67657885962444,21.318599353381035]}",81.67657885962444,21.318599353381035
1983,55.537020410000025,0.0499515406981216,0.1285612470532336,-0.1616349716908376,21824.0,0.0,8900.0,9640.5,11142.5,11921.5,15439.0,17062.5,14603.0,209.0,6366.5,52570.5,13932.0,1463.5,9728.0,88.0,232.0,11878.0,3057.5,"{""type"":""Point"",""coordinates"":[81.71451981136263,21.17823348593444]}",81.71451981136263,21.17823348593444
1984,57.04265822000002,0.0796717997502824,0.1172946441460949,-0.1590415574691127,21824.0,0.0,9416.0,9983.0,11231.0,12229.0,15479.0,18159.0,15743.0,224.0,6367.0,53011.0,10776.0,1465.0,9684.0,75.0,231.0,12011.0,3061.0,"{""type"":""Point"",""coordinates"":[81.69344621133169,21.207249191797125]}",81.69344621133169,21.207249191797125
1985,43.732888340000045,0.0388461198124059,0.115385931884306,-0.1422462142456534,21824.0,0.0,9443.0,10195.0,12235.0,12922.0,16293.0,17610.0,15995.0,224.0,6018.0,49117.0,435.0,1564.0,9695.0,101.0,266.0,10453.0,3309.0,"{""type"":""Point"",""coordinates"":[81.67453376014647,21.328288023128284]}",81.67453376014647,21.328288023128284
1986,47.70120956000005,-0.0082147931603272,0.1696032738433557,-0.1820096499961706,21824.0,0.0,8612.0,9195.0,10680.5,10957.5,15433.5,15182.0,12506.0,224.0,6198.0,50278.0,5017.0,1512.5,9706.0,72.0,255.5,10962.0,3181.0,"{""type"":""Point"",""coordinates"":[81.70093836857127,21.297661230696377]}",81.70093836857127,21.297661230696377
1987,50.53474814000003,0.1434066657884336,0.0785920445874664,-0.1455551249075085,21824.0,0.0,10125.0,10431.0,12125.0,13887.0,16256.0,21699.0,17585.0,194.0,5982.0,51107.0,280.0,1571.0,9641.0,88.0,290.0,10768.0,3329.0,"{""type"":""Point"",""coordinates"":[81.54641374290101,21.16017583430965]}",81.54641374290101,21.16017583430965
1988,50.92611142999999,0.0850226585029761,0.1090104516417859,-0.1453365341868943,21824.0,0.0,9701.5,10409.5,12015.5,12936.5,16102.0,19094.5,16473.0,224.0,5903.0,51221.5,5417.0,1592.0,9666.0,89.0,340.0,11108.5,3384.0,"{""type"":""Point"",""coordinates"":[81.66061322313955,21.20772835208293]}",81.66061322313955,21.20772835208293
1989,44.89672415000001,-0.0108494956739352,0.1668633633369149,-0.1787817855045643,21824.0,0.0,9246.0,9914.5,11537.5,11824.5,16561.0,16205.5,13988.5,224.0,5899.0,49457.5,5340.0,1595.0,9785.5,66.0,312.0,10594.0,3390.5,"{""type"":""Point"",""coordinates"":[81.62510871461218,21.22681652883813]}",81.62510871461218,21.22681652883813
1990,47.02273259000003,-0.034927071750932,0.180182364019467,-0.1935131057891759,21824.0,0.0,8926.5,9541.5,10692.0,10991.5,15823.0,14755.0,12476.5,224.0,6175.5,50079.5,436.0,1520.5,9475.0,280.0,317.0,10518.0,3199.0,"{""type"":""Point"",""coordinates"":[81.53484171595612,21.240655409944342]}",81.53484171595612,21.240655409944342
1991,55.83609716000001,0.0323104400064945,0.1134359587505604,-0.1406698564593301,21824.0,0.0,9012.0,9720.0,11225.0,11864.0,14900.0,15895.0,13826.0,224.0,6367.0,52658.0,10682.0,1466.0,9662.0,62.0,227.0,11861.0,3062.0,"{""type"":""Point"",""coordinates"":[81.6885721130422,21.2160688246328]}",81.6885721130422,21.2160688246328
1992,49.30255193000005,0.053339095962682,0.1062540274125289,-0.1456811500099201,21824.0,0.0,9503.5,10137.0,11841.5,12829.5,15880.0,17669.5,15701.0,224.0,6202.5,50746.5,5243.0,1509.0,9582.0,91.0,277.0,11031.0,3172.5,"{""type"":""Point"",""coordinates"":[81.76276653123,21.249758604957847]}",81.76276653123,21.249758604957847
1993,48.68901734000002,0.0994697385262388,0.0907278901520744,-0.1331390444052458,21824.0,0.0,9386.0,9893.0,11303.0,12317.0,14775.0,18039.0,15392.0,224.0,5978.0,50567.0,297.0,1575.0,9713.0,85.0,271.0,10613.0,3336.0,"{""type"":""Point"",""coordinates"":[81.54684687064335,21.18615146177425]}",81.54684687064335,21.18615146177425
1994,42.748498580000046,-0.0427409914897655,0.2311140162480157,-0.2298048580276855,21824.0,0.0,8650.5,9079.5,10321.0,10292.5,16480.0,15129.0,12271.5,224.0,6171.5,48829.0,430.0,1523.0,9646.0,63.0,261.0,10328.5,3204.0,"{""type"":""Point"",""coordinates"":[81.54836551247824,21.2449821320705]}",81.54836551247824,21.2449821320705
1995,42.01875131000003,-0.0581590246366496,0.1107469089682099,-0.0830258736164312,21824.0,0.0,8310.5,8587.5,9755.0,9224.0,11521.5,10255.0,9106.5,224.0,5889.5,48615.5,5641.5,1598.5,9610.5,122.0,309.0,10213.5,3399.5,"{""type"":""Point"",""coordinates"":[81.61383300757386,21.177420756853238]}",81.61383300757386,21.177420756853238
1996,43.24582049000003,-0.0134171400942826,0.1890511984115728,-0.1832973768574712,21824.0,0.0,8502.5,8886.0,10126.5,10006.5,14672.0,14283.5,11917.0,224.0,6180.0,48974.5,723.0,1520.0,9745.0,74.0,257.5,10293.0,3197.5,"{""type"":""Point"",""coordinates"":[81.53551233927631,21.28922116250238]}",81.53551233927631,21.28922116250238
1997,52.85900174000005,-0.0319674732848657,0.2086386971145335,-0.2234307524145716,21824.0,0.0,8572.0,9378.5,10834.5,11176.0,17069.0,16011.5,13209.0,224.0,6358.5,51787.0,13968.5,1467.5,9661.0,98.0,233.0,11532.5,3066.5,"{""type"":""Point"",""coordinates"":[81.69352610784776,21.156188180336034]}",81.69352610784776,21.156188180336034
1998,47.87723759000005,0.0264269829503335,0.0944583333333333,-0.1104910478364724,21824.0,0.0,8853.0,9396.5,10520.0,10866.5,13133.5,13846.5,12624.5,224.0,6189.0,50329.5,392.0,1517.0,9668.5,174.0,290.0,10678.5,3190.0,"{""type"":""Point"",""coordinates"":[81.58600406827993,21.320575071714437]}",81.58600406827993,21.320575071714437
1999,46.60744316,0.0161461551868929,0.0995962314939434,-0.121523011343111,21824.0,0.0,9563.5,10395.5,12159.0,12711.0,15523.0,16032.5,14865.0,224.0,5900.5,49958.0,5149.5,1594.0,9668.0,119.0,333.5,10691.0,3388.5,"{""type"":""Point"",""coordinates"":[81.67077936829511,21.2560565509903]}",81.67077936829511,21.2560565509903
2000,47.20046963000004,0.0266245978333514,0.1279289663742953,-0.1572975570092767,21824.0,0.0,9072.5,9692.0,11400.5,12105.0,15656.5,16513.0,14643.5,224.0,6207.5,50131.5,5396.0,1505.0,9705.0,44.0,276.0,10910.5,3163.5,"{""type"":""Point"",""coordinates"":[81.76414648360358,21.220360502201327]}",81.76414648360358,21.220360502201327
2001,39.99357445999999,-0.0834512689876403,-0.00010883998345632252,-0.0021161943408163,21824.0,0.0,9090.5,9659.0,11435.0,11486.0,11483.5,9714.5,8966.5,224.0,5704.5,48023.0,324.5,1649.5,9904.0,99.0,318.5,9963.5,3528.5,"{""type"":""Point"",""coordinates"":[81.57878233534258,21.202240919009213]}",81.57878233534258,21.202240919009213
2002,44.41649233999999,-0.0402772758632018,0.1991819886008596,-0.2079423208972305,21824.0,0.0,8507.0,8885.5,10381.5,10573.0,15832.5,14606.5,12328.0,224.0,6180.5,49317.0,772.0,1519.5,9771.0,189.0,263.5,10399.0,3195.5,"{""type"":""Point"",""coordinates"":[81.50894387486866,21.27837051011238]}",81.50894387486866,21.27837051011238
2003,39.89103385999999,-0.0734656891012439,0.2017042310671732,-0.204169515959118,21824.0,0.0,8660.5,9206.5,10765.0,10820.5,16288.5,14059.0,12163.5,224.0,6174.0,47993.0,326.5,1521.0,9707.0,63.0,281.5,9982.5,3200.0,"{""type"":""Point"",""coordinates"":[81.55208662844274,21.22925180338184]}",81.55208662844274,21.22925180338184
2004,51.43710542000002,-0.0442168817331597,0.2357102829924348,-0.2424551889284079,21824.0,0.0,8448.0,9107.0,10756.0,10911.0,17641.0,16147.0,12987.5,224.0,6354.5,51371.0,14091.0,1471.0,9676.5,126.0,239.0,11394.5,3073.0,"{""type"":""Point"",""coordinates"":[81.6298747353932,21.143856477487667]}",81.6298747353932,21.143856477487667
2005,56.25651362000002,0.0554402339429385,0.1196522863608606,-0.159166976571216,21824.0,0.0,9132.5,9890.5,11305.0,12254.0,15585.0,17414.5,14860.0,224.0,6354.5,52781.0,14068.5,1470.0,9663.0,102.0,236.0,11900.0,3071.0,"{""type"":""Point"",""coordinates"":[81.64325496306637,21.12207742728288]}",81.64325496306637,21.12207742728288
2006,45.87256886,-0.0083202459317673,0.1539138082673702,-0.1514041514041514,21824.0,0.0,8786.0,9472.0,11120.0,11063.0,15088.0,14839.0,13237.0,224.0,6025.0,49743.0,197.0,1559.0,9664.0,50.0,315.0,10332.0,3300.0,"{""type"":""Point"",""coordinates"":[81.7185840223744,21.284526661806055]}",81.7185840223744,21.284526661806055
2007,47.54056262000006,0.0541246507107277,0.1406908171861836,-0.1745935955946139,21824.0,0.0,9161.0,9697.0,10942.0,11730.0,15571.0,17353.0,14338.0,224.0,5979.0,50231.0,490.0,1575.0,9736.0,94.0,238.0,10574.0,3336.0,"{""type"":""Point"",""coordinates"":[81.52405932151825,21.230127629642592]}",81.52405932151825,21.230127629642592
2008,57.78607757000003,0.0868790181180596,0.1058340558809477,-0.1526217746546413,21824.0,0.0,9504.0,10111.5,11486.0,12633.0,15623.5,18596.5,16263.0,224.0,6367.5,53228.5,13986.0,1464.5,9678.0,68.0,230.0,12086.5,3059.0,"{""type"":""Point"",""coordinates"":[81.67880652278001,21.193243642821628]}",81.67880652278001,21.193243642821628
2009,37.344608960000016,-0.1568240576949244,0.3121370555437655,-0.2657163062493021,21824.0,0.0,8013.5,8363.5,9864.0,8913.5,17003.0,12393.0,9958.0,224.0,6188.0,47248.0,403.5,1518.0,9639.0,114.0,270.5,9780.0,3191.0,"{""type"":""Point"",""coordinates"":[81.56776200742706,21.3232512146021]}",81.56776200742706,21.3232512146021
2010,43.295381780000014,0.0110703579024937,0.1556738560300622,-0.1718895746918848,21824.0,0.0,8739.5,9321.0,10431.5,10785.0,14762.0,15092.5,12749.0,224.0,6187.5,48989.0,254.0,1518.5,9621.5,200.0,308.5,10292.0,3192.0,"{""type"":""Point"",""coordinates"":[81.58269857438711,21.336334046935672]}",81.58269857438711,21.336334046935672
2011,47.13894527000002,0.0303969805216688,0.0871922764458047,-0.107637819525716,21824.0,0.0,9279.0,9979.0,11590.0,12078.5,14386.0,15288.0,14287.0,224.0,5911.0,50113.5,5331.5,1589.0,9686.0,111.0,320.0,10746.0,3377.0,"{""type"":""Point"",""coordinates"":[81.63635311341184,21.226754147057754]}",81.63635311341184,21.226754147057754
2012,55.18838237,0.0543242325354753,0.1262463729886573,-0.1639284675777842,21824.0,0.0,9254.5,9914.0,11501.0,12421.5,16011.0,17850.5,15421.5,224.0,6371.0,52468.5,13936.5,1461.5,9670.0,90.0,232.0,11794.5,3053.5,"{""type"":""Point"",""coordinates"":[81.71038382119556,21.186576336172763]}",81.71038382119556,21.186576336172763
2013,55.18838237,0.0488582765591075,0.0943201199028373,-0.1336533828279763,21824.0,0.0,9586.0,10418.5,12136.0,13143.0,15880.5,17512.0,16101.5,224.0,6362.5,52468.5,14025.0,1467.0,9720.0,71.0,228.0,11834.5,3064.5,"{""type"":""Point"",""coordinates"":[81.6580224415166,21.182981794358756]}",81.6580224415166,21.182981794358756
2014,40.89593174000004,0.0139562903711636,0.1422478967161633,-0.1512641162908835,21824.0,0.0,8716.0,9221.0,10860.0,11062.0,14731.0,15148.0,12897.0,224.0,5976.0,48287.0,516.0,1576.0,9752.0,53.0,257.0,10125.0,3339.0,"{""type"":""Point"",""coordinates"":[81.5181112543784,21.21398594883604]}",81.5181112543784,21.21398594883604
2015,37.94618048000001,-0.0328346703283467,0.0412123272700779,-0.0148893360160965,22016.0,0.0,8267.5,8864.0,10404.0,9870.0,10718.5,10037.0,9446.5,224.0,5911.0,47424.0,5234.0,1588.5,9690.0,82.0,408.5,9882.5,3376.5,"{""type"":""Point"",""coordinates"":[81.65950784996654,21.238705613565713]}",81.65950784996654,21.238705613565713
2016,46.29811235,-0.0044379191831559,0.1652311920568254,-0.1726529022204908,21824.0,0.0,8577.5,9137.5,10619.0,10782.5,15051.0,14918.0,12452.5,224.0,6202.0,49867.5,5132.0,1509.5,9689.0,65.0,295.5,10819.0,3174.5,"{""type"":""Point"",""coordinates"":[81.7734424420009,21.262262143781996]}",81.7734424420009,21.262262143781996
2017,48.34379732000002,0.0419322263976029,0.1089947495496876,-0.1312574522566899,21824.0,0.0,9084.0,9690.0,11111.0,11624.5,14468.5,15735.0,13920.0,224.0,6176.0,50466.0,400.0,1521.0,9591.5,106.0,281.0,10653.5,3199.0,"{""type"":""Point"",""coordinates"":[81.5559504989057,21.237558067044365]}",81.5559504989057,21.237558067044365
2018,42.721154420000005,2.963753297175543e-05,0.1778258744676394,-0.2027234163904038,21824.0,0.0,9007.0,9654.0,11183.0,11776.0,16870.0,16871.0,13670.0,224.0,6014.0,48821.0,480.0,1566.0,9649.0,140.0,281.0,10247.0,3313.0,"{""type"":""Point"",""coordinates"":[81.60689289978532,21.380705752064866]}",81.60689289978532,21.380705752064866
2019,56.03092430000004,0.0595476621732091,0.107457671907737,-0.1409014895189204,21824.0,0.0,8885.0,9564.5,11045.0,11821.5,14668.0,16525.5,14675.0,224.0,6370.5,52715.0,13898.5,1460.5,9611.0,113.0,238.5,11835.0,3051.0,"{""type"":""Point"",""coordinates"":[81.74077272327084,21.16808114095196]}",81.74077272327084,21.16808114095196
2020,55.265287820000026,0.0351877209183836,0.1223975698303326,-0.1521904472163066,21824.0,0.0,8918.0,9582.0,11147.0,11845.0,15149.0,16254.0,13976.0,224.0,6370.0,52491.0,10999.0,1462.0,9598.0,341.0,339.0,11747.0,3054.0,"{""type"":""Point"",""coordinates"":[81.71868233940658,21.18645843094094]}",81.71868233940658,21.18645843094094
2021,48.492481190000035,0.0599234374802592,0.1533799389270379,-0.2022620778801099,21824.0,0.0,9896.0,10675.0,12343.0,13654.5,18602.0,20973.5,16859.0,177.0,5887.5,50509.5,5816.5,1599.5,9545.5,174.0,328.0,10798.5,3400.5,"{""type"":""Point"",""coordinates"":[81.61495370864263,21.144087949388954]}",81.61495370864263,21.144087949388954
2022,43.03561225999999,0.0456670917592761,0.1429090909090909,-0.1715371999403608,21824.0,0.0,9258.0,9772.0,11113.0,11785.0,15715.0,17219.0,14913.0,224.0,6023.0,48913.0,278.0,1560.0,9736.0,69.0,277.0,10412.0,3302.0,"{""type"":""Point"",""coordinates"":[81.70256678499364,21.298775095494104]}",81.70256678499364,21.298775095494104
2023,49.63580888000001,0.0708411560938202,0.1342888501517205,-0.1734571199572535,21824.0,0.0,9866.0,10606.0,12375.0,13409.0,17569.0,20248.0,17476.0,224.0,5979.0,50844.0,269.0,1574.0,9640.0,135.0,304.0,10629.0,3334.0,"{""type"":""Point"",""coordinates"":[81.56350683713988,21.16868799046443]}",81.56350683713988,21.16868799046443
2024,53.03844779000002,-0.0046256922981186,0.0727860718557568,-0.0825938261394371,21824.0,0.0,8566.0,9100.5,10260.5,10465.0,12108.0,11996.5,11117.0,224.0,6191.5,51839.5,5039.5,1515.5,9683.0,95.0,253.0,11488.0,3187.0,"{""type"":""Point"",""coordinates"":[81.6159342341257,21.305152529863847]}",81.6159342341257,21.305152529863847
2025,43.72947032000002,-0.0035890797834784,0.1398690189788826,-0.1725441671822369,21824.0,0.0,9317.0,9984.0,12037.0,12871.0,17057.0,16935.0,14437.0,224.0,6018.0,49116.0,87.0,1562.0,9654.0,76.0,374.0,10193.0,3306.0,"{""type"":""Point"",""coordinates"":[81.71692962785191,21.274519363441133]}",81.71692962785191,21.274519363441133
2026,56.30436589999999,0.0343622597553873,0.0950721021538913,-0.1287443267776097,21824.0,0.0,9129.0,9892.0,11518.0,12331.0,14922.0,15984.0,14098.0,224.0,6367.0,52795.0,10896.0,1465.0,9617.0,143.0,248.0,11874.0,3060.0,"{""type"":""Point"",""coordinates"":[81.6708331335206,21.19769272550112]}",81.6708331335206,21.19769272550112
2027,45.04711702999998,-0.021317365269461,0.1705098039215686,-0.1665526742618177,21824.0,0.0,8809.0,9264.0,10662.5,10576.0,14924.0,14301.0,12418.0,224.0,6180.0,49501.5,374.0,1519.5,9690.0,69.0,252.5,10482.5,3195.5,"{""type"":""Point"",""coordinates"":[81.57218023629461,21.256334888633038]}",81.57218023629461,21.256334888633038
2028,47.02273259000003,0.031950498767367,0.1353131522009688,-0.1544557154261015,21824.0,0.0,8985.5,9570.5,10857.0,11290.0,14823.5,15802.0,13525.0,224.0,6187.0,50079.5,533.5,1517.0,9722.0,55.0,263.5,10652.0,3190.0,"{""type"":""Point"",""coordinates"":[81.57273761447402,21.29795152949827]}",81.57273761447402,21.29795152949827
2029,45.82984361000001,0.0578204743320324,0.1225409542885757,-0.1483351628247347,21824.0,0.0,9173.5,9869.5,11638.0,12266.0,15692.0,17618.0,15124.0,224.0,5977.0,49730.5,105.0,1575.0,9744.0,105.0,380.5,10377.5,3337.0,"{""type"":""Point"",""coordinates"":[81.58042482277231,21.17494142393069]}",81.58042482277231,21.17494142393069
2030,41.757272779999994,0.001307439650499,0.1615607150804836,-0.1688001492815823,21824.0,0.0,8840.0,9496.0,11136.0,11303.0,15659.0,15700.0,13279.0,224.0,6009.0,48539.0,85.0,1566.0,9707.0,82.0,375.0,10270.0,3316.0,"{""type"":""Point"",""coordinates"":[81.67850586073469,21.284829070059764]}",81.67850586073469,21.284829070059764
2031,46.14088343000003,-0.0305024020845208,0.2141527716484064,-0.2119436144947521,21824.0,0.0,8683.0,9063.5,10286.5,10239.0,15819.5,14883.0,12239.5,224.0,6181.0,49821.5,653.0,1519.0,9554.0,304.0,334.0,10497.0,3195.5,"{""type"":""Point"",""coordinates"":[81.54504133238808,21.27775375667993]}",81.54504133238808,21.27775375667993
2032,48.407030690000056,-0.019782364421314,0.2047018548922346,-0.2120903259818996,21824.0,0.0,8985.0,9606.5,11209.0,11383.5,17243.5,16574.5,13533.0,224.0,5889.5,50484.5,5623.5,1599.5,9477.5,299.0,415.5,10724.5,3399.5,"{""type"":""Point"",""coordinates"":[81.60348150123133,21.175148141584117]}",81.60348150123133,21.175148141584117
2033,48.665091200000006,0.0703611630960029,0.1177082983510763,-0.1623245093245791,21824.0,0.0,9766.0,10439.0,11993.0,13136.0,16641.0,19160.0,16244.0,224.0,6011.0,50560.0,239.0,1565.0,9653.0,82.0,320.0,10609.0,3312.0,"{""type"":""Point"",""coordinates"":[81.56439233581573,21.36317885861116]}",81.56439233581573,21.36317885861116
2034,41.22406166000002,-0.0509873642770969,0.2052280918920886,-0.2202890002948982,21824.0,0.0,8681.0,9209.0,10576.0,10915.0,16552.0,14946.0,12800.0,224.0,6000.0,48383.0,377.0,1570.0,9595.0,180.0,277.0,10015.0,3323.0,"{""type"":""Point"",""coordinates"":[81.5638964235933,21.32963190456205]}",81.5638964235933,21.32963190456205
2035,43.23898445000003,-0.0063536776212832,0.1930169566991948,-0.1954565734681737,21824.0,0.0,8813.0,9306.0,10819.5,10874.5,16076.5,15873.5,13084.0,224.0,5713.5,48972.5,354.0,1646.5,9674.0,109.0,288.5,10327.0,3520.5,"{""type"":""Point"",""coordinates"":[81.58075100686565,21.244897597166908]}",81.58075100686565,21.244897597166908
2036,45.77173727000002,0.0179278003028674,0.1015890410958904,-0.1274324703243294,21824.0,0.0,9440.0,10226.5,11669.5,12297.0,15078.0,15628.5,14402.5,209.0,6191.5,49713.5,5092.5,1514.0,9697.0,65.0,302.0,10751.5,3184.0,"{""type"":""Point"",""coordinates"":[81.63011204419047,21.271904663492055]}",81.63011204419047,21.271904663492055
2037,48.66850922000003,0.0415153087701089,0.1296636085626911,-0.1517655312183334,21824.0,0.0,8966.0,9458.0,10882.0,11384.0,14776.0,16056.0,13832.0,224.0,6004.0,50561.0,302.0,1567.0,9500.0,514.0,453.0,10503.0,3317.0,"{""type"":""Point"",""coordinates"":[81.54076616643246,21.343151273870482]}",81.54076616643246,21.343151273870482
2038,47.80204115000003,-0.0084039218301874,0.1673100679431748,-0.1755924032424236,21824.0,0.0,8721.0,9150.5,10602.5,10785.0,15119.0,14867.0,12964.0,224.0,6189.5,50307.5,701.5,1516.0,9748.0,90.0,266.0,10633.0,3187.0,"{""type"":""Point"",""coordinates"":[81.5145610956284,21.307713874883277]}",81.5145610956284,21.307713874883277
2039,43.75681448,0.028160845469777,0.1169870014442839,-0.1468441064638783,21824.0,0.0,9283.0,9888.0,11219.0,11922.0,15081.0,15955.0,14063.0,224.0,5437.0,49124.0,454.0,1721.0,9695.0,100.0,292.0,10255.0,3712.0,"{""type"":""Point"",""coordinates"":[81.60203936918302,21.30988036232412]}",81.60203936918302,21.30988036232412
2040,52.93761619999998,0.0047520409406604,0.1542021408132264,-0.1823116450749077,21824.0,0.0,9255.0,9895.0,11298.0,11971.0,16336.0,16492.0,13718.0,224.0,6359.0,51810.0,10991.0,1470.0,9661.0,123.0,239.0,11544.0,3071.0,"{""type"":""Point"",""coordinates"":[81.59622643842081,21.196220673015304]}",81.59622643842081,21.196220673015304
2041,44.354967980000026,-0.0052441939281509,0.1569935740828183,-0.1561628097817167,21824.0,0.0,8482.5,8915.5,10283.0,10265.5,14089.0,13942.0,11945.5,224.0,6181.5,49299.0,712.5,1519.5,9793.5,98.0,267.0,10384.5,3195.5,"{""type"":""Point"",""coordinates"":[81.52913020249385,21.29339769588778]}",81.52913020249385,21.29339769588778
2042,44.08836242000001,0.0012438017214215,0.1188644892802734,-0.1468616697135892,21824.0,0.0,9044.0,9770.5,11200.0,11857.0,15056.0,15093.5,13317.0,224.0,5386.0,49221.0,484.0,1783.5,9661.5,120.0,357.5,10260.5,3879.5,"{""type"":""Point"",""coordinates"":[81.62342200775346,21.38454192296636]}",81.62342200775346,21.38454192296636
2043,57.48016478,0.0761691072272083,0.1086232551548218,-0.1508219631495715,21824.0,0.0,9449.5,10114.5,11545.0,12580.0,15646.0,18226.0,16022.5,192.0,6366.5,53139.0,13987.5,1465.0,9672.0,81.0,232.0,12048.0,3059.5,"{""type"":""Point"",""coordinates"":[81.67781711892528,21.1923295511316]}",81.67781711892528,21.1923295511316
2044,44.24900936000006,-0.0404664148464444,0.1985924286281855,-0.1954938294901309,21824.0,0.0,8630.5,9253.5,10658.5,10590.0,15838.5,14606.5,12057.5,224.0,6189.0,49268.0,5040.5,1516.5,9664.0,69.0,294.5,10584.5,3189.0,"{""type"":""Point"",""coordinates"":[81.6810107619154,21.28016223048409]}",81.6810107619154,21.28016223048409
2045,46.146010460000014,0.0380984874331854,0.1609361059639009,-0.1868378586964147,21824.0,0.0,9374.0,9949.0,11590.0,12226.0,16916.0,18256.0,15314.0,224.0,5983.0,49823.0,314.0,1572.0,9650.0,94.0,280.0,10431.0,3330.0,"{""type"":""Point"",""coordinates"":[81.55669933228076,21.183128612145545]}",81.55669933228076,21.183128612145545
2046,41.21551661000001,-0.1487653284058458,0.2809485455260644,-0.2560565708513178,21824.0,0.0,8296.5,8664.5,10126.0,9597.0,17096.5,12668.5,10316.0,224.0,6182.0,48380.5,709.5,1519.5,9826.0,128.0,273.0,10199.0,3195.5,"{""type"":""Point"",""coordinates"":[81.52808338924055,21.294887430727687]}",81.52808338924055,21.294887430727687
2047,55.84635122000003,0.0573445308877324,0.1212673704208736,-0.1804632556939157,21824.0,0.0,9988.5,10942.0,12702.0,14338.5,18296.0,20522.0,17084.5,160.0,6355.0,52661.0,14184.0,1471.0,9505.0,259.0,298.0,11729.5,3073.0,"{""type"":""Point"",""coordinates"":[81.5892246908619,21.140470570666338]}",81.5892246908619,21.140470570666338
2048,57.302427739999985,0.0812200279163614,0.113657302712029,-0.1635135371637585,21824.0,0.0,9701.5,10382.0,11949.0,13228.0,16620.5,19559.0,17248.5,160.0,6367.5,53087.0,13979.0,1464.5,9673.0,71.0,230.0,12029.0,3059.0,"{""type"":""Point"",""coordinates"":[81.68275792340275,21.192814919157012]}",81.68275792340275,21.192814919157012
2049,50.02033613000003,0.0451745379876796,0.1506052297197886,-0.1852438688343896,21824.0,0.0,9531.0,10268.5,11827.0,12701.0,17205.0,18833.0,15608.5,209.0,5895.0,50956.5,5668.0,1597.0,9598.5,225.0,347.5,10970.0,3394.0,"{""type"":""Point"",""coordinates"":[81.58475539414286,21.173577086800723]}",81.58475539414286,21.173577086800723
2050,42.895473440000046,0.0071829787234042,0.1387961498662605,-0.1500907011593974,21824.0,0.0,8722.0,9335.0,10776.0,11027.5,14582.0,14793.0,12657.5,224.0,5719.0,48872.0,420.5,1645.5,9702.0,107.0,279.0,10218.0,3517.0,"{""type"":""Point"",""coordinates"":[81.5993878470833,21.312749920852884]}",81.5993878470833,21.312749920852884
2051,48.181441370000016,0.0441309099802809,0.1166827386692381,-0.1591376721597123,21824.0,0.0,9351.0,9895.5,11340.5,12366.0,15633.0,17076.5,15368.5,224.0,6191.5,50418.5,713.0,1514.5,9690.5,139.0,263.5,10620.0,3184.5,"{""type"":""Point"",""coordinates"":[81.5058492741184,21.304152413369987]}",81.5058492741184,21.304152413369987
2052,54.21082865000005,0.0369470102090422,0.1336397288935782,-0.1722977346278317,21824.0,0.0,8933.5,9586.0,11189.5,12111.5,15848.0,17064.0,14366.0,224.0,6356.5,52182.5,14018.0,1468.5,9709.5,90.0,232.0,11715.5,3068.5,"{""type"":""Point"",""coordinates"":[81.66782884430437,21.132950890933074]}",81.66782884430437,21.132950890933074
2053,36.66784100000001,-0.0567015194111886,0.2180308767841538,-0.2117216647951606,21824.0,0.0,8715.0,9235.0,10881.0,10738.0,16726.0,14931.0,12707.0,224.0,6008.0,47050.0,30.0,1566.0,9686.0,87.0,508.0,9632.0,3315.0,"{""type"":""Point"",""coordinates"":[81.67296086414976,21.284452958124735]}",81.67296086414976,21.284452958124735
2054,47.00222446999999,0.0313116102892093,0.145416498403025,-0.1685830929997378,21824.0,0.0,9148.0,9690.0,11099.0,11639.0,15600.0,16608.5,13949.5,224.0,6190.0,50073.5,194.0,1518.0,9473.0,391.0,506.5,10493.0,3191.0,"{""type"":""Point"",""coordinates"":[81.58939145155698,21.357021576554672]}",81.58939145155698,21.357021576554672
2055,47.13723626000001,0.0183306638191849,0.0559183239391683,-0.073824922670935,21824.0,0.0,8873.5,9402.5,10704.5,11096.5,12411.0,12874.5,12314.0,224.0,5717.5,50113.0,423.0,1646.5,9706.5,102.0,293.0,10588.5,3518.5,"{""type"":""Point"",""coordinates"":[81.59369495295752,21.314755824016835]}",81.59369495295752,21.314755824016835
2056,46.83645050000001,0.0445474239967862,0.1399325584978004,-0.1726299478799831,21824.0,0.0,9371.0,10092.5,11747.0,12561.5,16649.0,18201.5,15120.5,209.0,6360.0,50025.0,14136.0,1470.0,9624.0,125.0,235.0,10883.0,3070.5,"{""type"":""Point"",""coordinates"":[81.60288038348129,21.203460102191528]}",81.60288038348129,21.203460102191528
2057,44.84374484,0.0390239097088335,0.1619193466054109,-0.1878511663506532,21824.0,0.0,9404.0,10114.5,11672.0,12313.5,17071.5,18458.0,15895.0,224.0,5703.5,49442.0,370.5,1650.5,9706.5,82.0,289.0,10270.0,3530.0,"{""type"":""Point"",""coordinates"":[81.5770416972827,21.213597311205024]}",81.5770416972827,21.213597311205024
2058,42.86300225000002,-0.034445387713816,0.1972655433373751,-0.1826780109036841,21824.0,0.0,8338.0,8743.0,9894.5,9599.5,14317.5,13364.0,11000.5,209.0,6190.5,48862.5,4949.5,1516.5,9684.0,79.0,271.5,10466.0,3190.0,"{""type"":""Point"",""coordinates"":[81.67192436107806,21.305804566036944]}",81.67192436107806,21.305804566036944
2059,55.79508092000003,0.0781599717281187,0.1043996754048618,-0.1533954825159365,21824.0,0.0,9268.0,9903.0,11488.0,12692.0,15651.0,18305.0,16004.0,224.0,6370.0,52646.0,11010.0,1462.0,9691.0,90.0,232.0,11877.0,3054.0,"{""type"":""Point"",""coordinates"":[81.72714431504248,21.185119969968163]}",81.72714431504248,21.185119969968163
2060,51.83530474999998,-0.0351240620540441,0.2243720052272397,-0.2289894150011842,21824.0,0.0,8274.0,8979.5,10580.0,10683.5,16864.5,15720.0,12734.5,224.0,6372.0,51487.5,13946.5,1461.0,9699.0,56.0,223.0,11457.0,3052.5,"{""type"":""Point"",""coordinates"":[81.70393811413963,21.18653119065209]}",81.70393811413963,21.18653119065209
2061,42.70064630000002,-0.0266008647954896,0.1947225235157097,-0.2007648866966902,21824.0,0.0,9154.5,9836.5,11180.5,11322.0,16797.5,15927.0,15229.0,224.0,5706.5,48815.0,353.5,1650.0,9685.0,127.0,324.5,10217.5,3527.5,"{""type"":""Point"",""coordinates"":[81.57592160777082,21.234534556890893]}",81.57592160777082,21.234534556890893
2062,48.29252702000002,0.0587135859757669,0.131688039982953,-0.1454901960784313,21824.0,0.0,8966.0,9523.0,10895.0,11206.0,14605.0,16427.0,14557.0,224.0,6004.0,50451.0,364.0,1567.0,9615.0,193.0,285.0,10564.0,3317.0,"{""type"":""Point"",""coordinates"":[81.53540615068566,21.347989302158346]}",81.53540615068566,21.347989302158346
2063,44.13279668000001,0.0040103492884864,0.1789296378531506,-0.1883465174609299,21824.0,0.0,8646.0,9202.0,10517.0,10724.0,15398.0,15522.0,12537.0,224.0,6007.0,49234.0,193.0,1566.0,9582.0,243.0,305.0,10355.0,3315.0,"{""type"":""Point"",""coordinates"":[81.55618533776924,21.34680992905262]}",81.55618533776924,21.34680992905262
2064,45.32226764000001,-0.0219836475595664,0.2015821152192605,-0.2244711984999036,21824.0,0.0,8773.0,9419.0,11063.5,11607.0,17468.0,16716.5,13400.0,209.0,6192.5,49582.0,5179.5,1513.0,9662.0,70.0,380.0,10694.0,3182.5,"{""type"":""Point"",""coordinates"":[81.72449809783205,21.246406663455925]}",81.72449809783205,21.246406663455925
2065,42.89205542000002,0.0159752098438581,0.1739707835325365,-0.2001614501155836,21824.0,0.0,9212.0,9677.0,10899.0,11507.0,16354.0,16885.0,14333.0,224.0,6023.0,48871.0,286.0,1561.0,9706.0,88.0,276.0,10379.0,3302.0,"{""type"":""Point"",""coordinates"":[81.7023308150311,21.29972893557001]}",81.7023308150311,21.29972893557001
2066,47.06374883000001,0.0407182160440196,0.1557773164221287,-0.1808281197083935,21824.0,0.0,9157.5,9843.5,11489.5,12097.5,16562.0,17968.0,14875.5,224.0,5702.5,50091.5,293.0,1650.5,9635.0,143.0,329.5,10420.5,3529.5,"{""type"":""Point"",""coordinates"":[81.57154154193525,21.184073153816854]}",81.57154154193525,21.184073153816854
2067,45.60767231,-0.0181518983090692,0.165522941775753,-0.168645439827307,21824.0,0.0,8589.5,9306.5,10783.5,10853.0,15158.5,14618.0,12627.0,224.0,5895.0,49665.5,5232.5,1596.0,9696.0,75.0,407.0,10605.5,3394.5,"{""type"":""Point"",""coordinates"":[81.69103708047601,21.236745187264386]}",81.69103708047601,21.236745187264386
2068,40.056807830000025,-0.0393620321538714,0.1531422092646582,-0.1463650269704532,21824.0,0.0,8432.5,9149.5,10603.0,10457.0,14239.0,13160.5,11222.5,224.0,6188.0,48041.5,238.0,1518.0,9615.0,168.0,380.5,9918.0,3192.5,"{""type"":""Point"",""coordinates"":[81.59011082505351,21.339419523780318]}",81.59011082505351,21.339419523780318
2069,47.41751390000002,0.0236516608037349,0.125714926544802,-0.1481841578495853,21824.0,0.0,9158.0,9744.5,11170.5,11694.0,15057.0,15786.5,13561.5,224.0,6189.0,50195.0,4937.0,1517.5,9716.0,90.0,277.5,10935.0,3191.0,"{""type"":""Point"",""coordinates"":[81.65768851136879,21.30767701819331]}",81.65768851136879,21.30767701819331
2070,51.083340350000014,0.007964192004939,0.1212993492786238,-0.1543462643678161,21824.0,0.0,9039.5,9946.5,11771.5,12592.0,16068.5,16326.5,14511.0,209.0,6366.5,51267.5,13957.5,1464.0,9724.5,60.0,224.0,11395.5,3058.5,"{""type"":""Point"",""coordinates"":[81.69782058039026,21.179034186780285]}",81.69782058039026,21.179034186780285
2071,55.65494210000003,0.0399975941296764,0.1371473354231975,-0.1733872449917294,21824.0,0.0,9051.0,9740.0,11244.0,12111.0,15961.0,17291.0,14609.0,224.0,6369.0,52605.0,10676.0,1465.0,9662.0,62.0,227.0,11842.0,3059.0,"{""type"":""Point"",""coordinates"":[81.68896736824155,21.21674783136513]}",81.68896736824155,21.21674783136513
2072,51.14315570000002,0.0244345912150307,0.1459457434052757,-0.1726160806717533,21824.0,0.0,8888.0,9402.0,10789.5,11396.5,15291.5,16057.5,14026.0,224.0,6185.0,51285.0,717.0,1517.5,9661.5,119.0,254.5,10801.0,3191.0,"{""type"":""Point"",""coordinates"":[81.49436334964305,21.293520289720625]}",81.49436334964305,21.293520289720625
2073,44.95995751999999,-0.0154064607738729,0.1687505107460979,-0.1677961949865273,21824.0,0.0,8570.0,8992.0,10192.0,10172.0,14302.0,13868.0,11551.0,224.0,5999.0,49476.0,534.0,1569.0,9626.0,144.0,272.0,10535.0,3321.0,"{""type"":""Point"",""coordinates"":[81.5847647840935,21.287204240642424]}",81.5847647840935,21.287204240642424
2074,45.95460134000001,-0.003605971758838,0.1598153954004634,-0.1644411425443312,21824.0,0.0,8867.5,9372.5,10684.5,10786.5,14890.0,14783.0,12540.0,224.0,5720.0,49767.0,380.5,1645.0,9576.5,240.0,347.0,10367.0,3516.0,"{""type"":""Point"",""coordinates"":[81.60236492800131,21.327816865051567]}",81.60236492800131,21.327816865051567
2075,46.35109166000001,0.0265342666449617,0.1136631696567136,-0.1280417513780889,21824.0,0.0,8777.5,9267.5,10400.5,10708.5,13455.0,14188.5,12497.0,224.0,5717.5,49883.0,439.5,1646.0,9667.5,122.0,289.0,10646.0,3518.0,"{""type"":""Point"",""coordinates"":[81.59474717190865,21.297786087911177]}",81.59474717190865,21.297786087911177
2076,50.362138130000005,0.0060865891630548,0.1417222352031921,-0.1622571083543748,21824.0,0.0,9375.0,9999.0,11446.5,11938.0,15880.5,16075.0,14231.5,224.0,6210.5,51056.5,5158.5,1505.5,9646.0,208.0,292.5,11192.0,3165.5,"{""type"":""Point"",""coordinates"":[81.75971667234712,21.27197203729585]}",81.75971667234712,21.27197203729585
2077,46.85354060000003,0.075992637391533,0.1172106824925816,-0.1454130600123139,21824.0,0.0,9297.0,9945.0,11798.0,12495.0,15813.0,18414.0,15968.0,224.0,6033.0,50030.0,231.0,1557.0,9706.0,70.0,311.0,10510.0,3295.0,"{""type"":""Point"",""coordinates"":[81.75280111866303,21.301296155562337]}",81.75280111866303,21.301296155562337
2078,56.64616790000002,0.054519590561895,0.1041531238714337,-0.1450721896593697,21824.0,0.0,9068.5,9829.5,11413.5,12403.0,15287.0,17050.0,14788.0,224.0,6358.5,52895.0,13988.5,1467.0,9816.0,38.0,225.0,12069.0,3066.0,"{""type"":""Point"",""coordinates"":[81.68331448335063,21.14174426931994]}",81.68331448335063,21.14174426931994
2079,47.53714460000003,0.03403439086079,0.1267399267399267,-0.1426219304057988,21824.0,0.0,8624.0,9201.5,10675.0,11026.0,14226.5,15229.0,13156.5,224.0,6201.0,50230.0,5235.0,1509.5,9600.0,58.0,269.0,10883.0,3174.0,"{""type"":""Point"",""coordinates"":[81.76462204472864,21.252835550831854]}",81.76462204472864,21.252835550831854
2080,51.48837572000002,0.0731329510249818,0.1010061464980621,-0.1343349803367954,21824.0,0.0,8951.5,9441.0,10731.0,11481.5,14061.5,16280.5,14218.0,224.0,6185.5,51386.0,705.0,1517.5,9674.0,130.0,275.0,10942.0,3191.5,"{""type"":""Point"",""coordinates"":[81.52236323438355,21.29976774553921]}",81.52236323438355,21.29976774553921
2081,49.524723230000006,0.0602154783393501,0.137080262080262,-0.1718717028909052,21824.0,0.0,9591.0,10272.5,11773.5,12643.5,16660.5,18795.5,16414.0,224.0,6189.0,50811.5,5126.0,1515.5,9673.0,72.0,425.5,11124.5,3187.5,"{""type"":""Point"",""coordinates"":[81.70726212483436,21.254754548996377]}",81.70726212483436,21.254754548996377
2082,45.82129856000006,0.0234777191199134,0.1424351695565444,-0.1667156373038726,21824.0,0.0,8876.0,9392.0,10635.0,11177.5,14890.5,15606.5,13116.0,224.0,6183.5,49728.0,754.5,1518.0,9798.5,108.0,242.0,10512.0,3192.0,"{""type"":""Point"",""coordinates"":[81.50993053050713,21.283527819959954]}",81.50993053050713,21.283527819959954
2083,41.54022851000002,-0.1155237559289332,0.2595537643192999,-0.2600341433293378,21824.0,0.0,8497.0,8923.5,10186.0,10196.5,17345.0,13752.5,11844.0,224.0,6184.5,48475.5,687.0,1518.0,9533.5,298.0,343.0,10157.5,3192.0,"{""type"":""Point"",""coordinates"":[81.54807971290246,21.287285250942197]}",81.54807971290246,21.287285250942197
2084,36.946409630000005,-0.0414706242457103,0.164743163413012,-0.1668887669514776,21824.0,0.0,8793.5,9208.5,10628.0,10675.0,14886.0,13700.5,12087.5,224.0,6173.5,47131.5,294.5,1521.5,9613.5,64.0,285.5,9693.5,3200.5,"{""type"":""Point"",""coordinates"":[81.55133086518555,21.225355562463996]}",81.55133086518555,21.225355562463996
2085,48.67192724000006,0.0538060679689248,0.1044519908945031,-0.1267798675093276,21824.0,0.0,9207.0,9907.0,11468.0,11999.0,14798.0,16481.0,14730.0,224.0,6034.0,50562.0,347.0,1557.0,9674.0,215.0,300.0,10664.0,3294.0,"{""type"":""Point"",""coordinates"":[81.73305736971135,21.320677828216873]}",81.73305736971135,21.320677828216873
2086,48.35234237000003,0.0557377049180327,0.0991946872256784,-0.1276429130775254,21824.0,0.0,9261.5,9851.0,11140.0,11801.0,14400.0,16100.0,14375.5,224.0,6200.5,50468.5,4939.0,1512.5,9676.0,112.0,249.5,11003.5,3180.5,"{""type"":""Point"",""coordinates"":[81.6816031369741,21.335105226464794]}",81.6816031369741,21.335105226464794
2087,42.15034508000002,-0.0240761478163493,0.1760923383596437,-0.2001312335958005,21824.0,0.0,9539.0,10498.0,12190.0,12813.0,18290.0,17430.0,14589.0,194.0,5971.0,48654.0,51.0,1577.0,9653.0,91.0,410.0,10009.0,3342.0,"{""type"":""Point"",""coordinates"":[81.57496594822332,21.136363509082855]}",81.57496594822332,21.136363509082855
2088,56.888847320000025,0.0924528827148464,0.1123622342785,-0.1596471257825839,21824.0,0.0,9659.0,10306.0,11812.0,13007.0,16300.0,19621.0,17492.0,160.0,6372.0,52966.0,11022.0,1461.0,9689.0,70.0,229.0,11997.0,3052.0,"{""type"":""Point"",""coordinates"":[81.72841025187488,21.184022050252544]}",81.72841025187488,21.184022050252544
2089,46.176772640000024,0.0197063880439095,0.0946482305377614,-0.1178433405599019,21824.0,0.0,9413.5,10202.5,11698.5,12260.5,14824.0,15420.0,14226.0,224.0,6188.0,49832.0,5253.0,1515.5,9714.0,117.0,262.5,10804.5,3187.5,"{""type"":""Point"",""coordinates"":[81.61372140780465,21.262185837801013]}",81.61372140780465,21.262185837801013
2090,37.915418300000056,-0.0924488355681016,0.1543145946393802,-0.1438423645320197,21824.0,0.0,8429.0,8965.0,10428.0,10207.0,13932.0,11574.0,10156.0,224.0,5418.0,47415.0,393.0,1731.0,9664.0,99.0,535.0,9720.0,3733.0,"{""type"":""Point"",""coordinates"":[81.61252846942259,21.367050017172964]}",81.61252846942259,21.367050017172964
2091,39.48087146,-0.0659320644750022,0.0825934147243803,-0.0627865801062332,21824.0,0.0,8358.0,8961.0,10322.0,9919.0,11705.0,10257.0,9351.0,224.0,6031.0,47873.0,253.0,1556.0,9682.0,68.0,291.0,9800.0,3292.0,"{""type"":""Point"",""coordinates"":[81.74102084587688,21.278915490249172]}",81.74102084587688,21.278915490249172
2092,42.485311040000056,-0.0179041600842548,0.1483310437010359,-0.1652475322130962,21824.0,0.0,8987.0,9556.0,11078.0,11469.0,15464.0,14920.0,13168.0,224.0,6002.0,48752.0,452.0,1567.0,9688.0,70.0,261.0,10319.0,3316.0,"{""type"":""Point"",""coordinates"":[81.58075237563466,21.262327997408825]}",81.58075237563466,21.262327997408825
2093,54.19032053000001,0.0437722770882348,0.136270800549101,-0.1796173030466292,21824.0,0.0,9318.0,10078.0,11801.0,12898.5,16968.5,18522.0,15704.0,224.0,6356.5,52176.5,14002.5,1468.0,9738.5,61.0,226.0,11736.5,3068.0,"{""type"":""Point"",""coordinates"":[81.67571592632811,21.13887964659023]}",81.67571592632811,21.13887964659023
2094,49.86310721000001,0.0496380053689091,0.1204158355071351,-0.1532872655478775,21824.0,0.0,9152.0,9624.0,10721.5,11464.5,14603.5,16129.0,14192.0,224.0,6179.5,50910.5,690.0,1520.0,9498.0,177.0,276.5,10714.5,3197.0,"{""type"":""Point"",""coordinates"":[81.53612846368868,21.274244024462842]}",81.53612846368868,21.274244024462842
2095,50.5450022,0.0661855902582027,0.1042877007181089,-0.1341432400179979,21824.0,0.0,9220.0,9677.5,11065.0,11756.0,14493.5,16548.0,14469.0,224.0,6188.0,51110.0,713.0,1516.5,9802.0,42.0,251.0,10869.5,3188.5,"{""type"":""Point"",""coordinates"":[81.49626900951331,21.299254241379877]}",81.49626900951331,21.299254241379877
2096,48.682181300000025,0.0130137746286873,0.1209808086990962,-0.1394012589664763,21824.0,0.0,9340.0,10041.0,11757.5,12206.5,15566.5,15977.0,14367.5,224.0,5901.0,50565.0,5292.0,1593.5,9706.0,69.0,307.5,10905.5,3387.5,"{""type"":""Point"",""coordinates"":[81.66463782595154,21.233575456668586]}",81.66463782595154,21.233575456668586
2097,56.984551880000026,0.0714651716550622,0.1010990974890537,-0.1442898798358189,21824.0,0.0,9326.5,10016.5,11518.5,12574.5,15403.0,17774.0,15511.0,224.0,6362.5,52994.0,13999.5,1466.5,9763.0,53.0,227.0,12066.5,3063.5,"{""type"":""Point"",""coordinates"":[81.67287981102245,21.175965566052337]}",81.67287981102245,21.175965566052337
2098,55.36099238000003,0.0553809553621736,0.1229997469447297,-0.1876702192975551,21824.0,0.0,10044.5,11064.0,12900.0,14729.0,18860.5,21072.0,17262.5,145.0,6351.5,52519.0,14147.5,1472.0,9594.5,129.0,244.0,11748.5,3076.5,"{""type"":""Point"",""coordinates"":[81.60586308328755,21.129451811673892]}",81.60586308328755,21.129451811673892
2099,54.66200729000002,0.0559369438087973,0.093928959434327,-0.1324437666793747,21824.0,0.0,8926.0,9691.0,11378.0,12301.5,14852.0,16612.0,14721.0,224.0,6370.0,52314.5,13951.0,1462.5,9738.5,69.0,227.0,11792.5,3055.0,"{""type"":""Point"",""coordinates"":[81.70103287743017,21.18810042249924]}",81.70103287743017,21.18810042249924
2100,55.74039260000001,0.0383190824349071,0.12595315245603,-0.1737106558892231,21824.0,0.0,9689.5,10638.5,12292.5,13554.5,17461.0,18852.5,15889.5,224.0,6358.5,52630.0,14040.5,1469.0,9614.0,143.0,248.0,11807.0,3068.5,"{""type"":""Point"",""coordinates"":[81.65240852022089,21.163970864205076]}",81.65240852022089,21.163970864205076
2101,51.18588095000001,0.1449417885353551,0.0635258838383838,-0.0969842497252859,21824.0,0.0,9088.0,9617.0,11094.0,11867.0,13477.0,18046.0,14304.5,224.0,6196.5,51297.5,5487.0,1509.0,9687.0,54.0,298.5,11297.5,3174.0,"{""type"":""Point"",""coordinates"":[81.7365835190179,21.19604926436199]}",81.7365835190179,21.19604926436199
2102,50.00153702,0.0213901877311745,0.098145936527204,-0.1182439841304651,21824.0,0.0,9429.5,9902.5,11057.0,11516.0,14022.5,14635.5,13083.5,224.0,6190.5,50951.0,4944.5,1517.0,9679.0,132.0,258.0,11174.0,3190.0,"{""type"":""Point"",""coordinates"":[81.65128146486973,21.32758864014826]}",81.65128146486973,21.32758864014826
2103,47.70291857000001,0.0262722584411793,0.1226370996391376,-0.1464304126171882,21824.0,0.0,9155.0,9744.5,11176.0,11731.0,15010.5,15820.5,14062.0,224.0,6189.0,50278.5,498.0,1516.0,9664.0,45.0,270.5,10581.5,3188.5,"{""type"":""Point"",""coordinates"":[81.56544532401176,21.305205830316957]}",81.56544532401176,21.305205830316957
2104,47.036404670000024,0.0260263929618768,0.1393209371223638,-0.1593875203300408,21824.0,0.0,8950.0,9389.0,10595.5,11039.5,14613.5,15394.5,13533.5,224.0,6179.0,50083.5,657.0,1519.0,9649.5,64.0,236.0,10613.5,3195.5,"{""type"":""Point"",""coordinates"":[81.49479812728809,21.257470878309114]}",81.49479812728809,21.257470878309114
2105,52.14976259000002,0.0128926650557331,0.1421201681127004,-0.1714491868790586,21824.0,0.0,8865.5,9563.5,11196.0,11890.0,15829.5,16243.0,13879.5,224.0,6352.5,51579.5,14099.5,1472.0,9645.5,120.0,238.0,11446.5,3075.5,"{""type"":""Point"",""coordinates"":[81.62449375630577,21.15502423911464]}",81.62449375630577,21.15502423911464
2106,45.421390220000035,0.0005429149597749371,0.1532985287138111,-0.1676629442404905,21824.0,0.0,8842.0,9302.5,10826.0,11150.0,15187.5,15204.0,13047.5,224.0,5976.0,49611.0,446.0,1576.0,9756.0,122.0,256.5,10371.5,3339.0,"{""type"":""Point"",""coordinates"":[81.5249551498976,21.216869276536475]}",81.5249551498976,21.216869276536475
2107,47.520054500000015,0.0514032496307237,0.1512674339392635,-0.1872365599349257,21824.0,0.0,9167.0,9765.0,10991.0,11836.0,16055.0,17795.0,15450.0,224.0,6033.0,50225.0,261.0,1556.0,9623.0,114.0,292.0,10452.0,3292.0,"{""type"":""Point"",""coordinates"":[81.73279831391348,21.292490408309565]}",81.73279831391348,21.292490408309565
2108,51.03377906000003,0.0542448311940936,0.136275915794692,-0.1659187937142338,21824.0,0.0,9309.5,9980.5,11478.0,12196.0,16044.5,17885.0,14934.5,224.0,5895.0,51253.0,5498.0,1595.5,9606.0,135.0,358.5,11082.5,3393.0,"{""type"":""Point"",""coordinates"":[81.65503049398876,21.193316863546844]}",81.65503049398876,21.193316863546844
2109,37.97694266000002,-0.2253250672079881,0.4138575000791314,-0.3768571604709944,21824.0,0.0,8148.0,8542.0,10108.0,9259.0,22334.0,14120.0,10362.0,224.0,5986.0,47433.0,497.0,1573.0,9548.0,75.0,281.0,9706.0,3331.0,"{""type"":""Point"",""coordinates"":[81.56935044391413,21.23243961154434]}",81.56935044391413,21.23243961154434
2110,48.976131020000025,0.0554377650286854,0.1336726292942145,-0.153881313323684,21824.0,0.0,9081.0,9671.0,11107.0,11575.0,15147.0,16925.0,14697.0,224.0,6008.0,50651.0,235.0,1566.0,9652.0,131.0,273.0,10601.0,3314.0,"{""type"":""Point"",""coordinates"":[81.5533795805036,21.3511340215531]}",81.5533795805036,21.3511340215531
2111,47.465366180000046,0.0147248397697768,0.1351294816550224,-0.1429955557427807,21824.0,0.0,8626.0,9095.0,10172.0,10336.5,13566.5,13972.0,12210.0,224.0,6187.5,50209.0,435.0,1517.5,9647.0,38.0,279.5,10630.5,3190.5,"{""type"":""Point"",""coordinates"":[81.58429717577678,21.308757476645727]}",81.58429717577678,21.308757476645727
2112,44.19944807000002,0.012272244464417,0.1354824165915239,-0.1555844453791152,21824.0,0.0,8963.5,9536.5,11042.0,11505.0,15111.0,15486.5,13432.0,224.0,6172.5,49253.5,391.0,1522.5,9547.5,104.0,266.5,10330.5,3202.5,"{""type"":""Point"",""coordinates"":[81.5424658909243,21.23876004143189]}",81.5424658909243,21.23876004143189
2113,55.51822130000005,0.0785407138407305,0.0987426169511178,-0.1403535163595336,21824.0,0.0,9146.5,9836.5,11429.0,12436.0,15161.0,17745.5,15419.0,224.0,6366.5,52565.0,13919.0,1462.5,9666.5,111.0,237.0,11824.0,3055.5,"{""type"":""Point"",""coordinates"":[81.72596891445315,21.16191411865176]}",81.72596891445315,21.16191411865176
2114,42.28364786000003,-0.0294742960277765,0.2269802205815331,-0.2274725074316561,21824.0,0.0,8728.0,9259.5,10590.0,10601.0,16826.5,15863.0,12873.0,224.0,6174.0,48693.0,356.0,1522.0,9625.5,95.0,288.5,10254.5,3201.0,"{""type"":""Point"",""coordinates"":[81.56720505680283,21.243011223418403]}",81.56720505680283,21.243011223418403
2115,39.169831639999984,-0.0525581279437785,0.0173672166686739,-0.0023019055981394,21888.0,0.0,8274.0,8915.5,10510.5,10198.5,10559.0,9504.5,8905.5,208.0,6200.5,47782.0,5267.5,1508.5,9749.0,86.0,321.5,10140.0,3173.0,"{""type"":""Point"",""coordinates"":[81.73619167807944,21.232269859188158]}",81.73619167807944,21.232269859188158
2116,45.46924250000001,-0.00410466039425,0.1813430314592897,-0.1825651023534326,21824.0,0.0,8639.0,9104.5,10272.5,10298.5,14861.0,14739.5,12117.5,224.0,6190.0,49625.0,4942.0,1516.5,9622.0,104.0,281.5,10681.0,3190.0,"{""type"":""Point"",""coordinates"":[81.6686932959744,21.30563482992358]}",81.6686932959744,21.30563482992358
2117,46.22462492,0.0070184974979615,0.1429044604740173,-0.1742352629787877,21824.0,0.0,9159.0,9768.0,10919.5,11644.5,15527.5,15747.0,13944.0,224.0,6185.5,49846.0,468.0,1518.5,9505.0,374.0,368.0,10397.5,3193.0,"{""type"":""Point"",""coordinates"":[81.55509958704761,21.31798357785625]}",81.55509958704761,21.31798357785625
2118,45.34619378000002,0.0062366435518339,0.0677100417037627,-0.0776069992906124,21824.0,0.0,8352.0,8806.0,9752.0,9948.0,11393.0,11536.0,10715.0,224.0,6028.0,49589.0,517.0,1559.0,9578.0,324.0,338.0,10532.0,3298.0,"{""type"":""Point"",""coordinates"":[81.6665635301582,21.34958864762922]}",81.6665635301582,21.34958864762922
2119,53.56824089000003,0.0337304110673053,0.1682897659320006,-0.2002387137541248,21824.0,0.0,9170.5,9820.5,11391.0,12170.0,17095.0,18288.5,15216.0,224.0,6351.5,51994.5,14075.0,1472.0,9631.0,62.0,227.0,11584.5,3075.5,"{""type"":""Point"",""coordinates"":[81.63827513107714,21.135103806301807]}",81.63827513107714,21.135103806301807
2120,44.440418480000005,-0.0133598541355876,0.1733906567886069,-0.1671184758123019,21824.0,0.0,8799.0,9307.0,10907.0,10767.0,15284.0,14881.0,12695.0,224.0,5991.0,49324.0,464.0,1573.0,9562.0,293.0,315.0,10153.0,3331.0,"{""type"":""Point"",""coordinates"":[81.55101402610144,21.320794395282775]}",81.55101402610144,21.320794395282775
2121,46.80568832000006,0.0380655409778196,0.1172230004441559,-0.1528698350021153,21824.0,0.0,9492.0,10194.0,12014.0,12919.0,16350.0,17644.0,15744.0,224.0,5980.0,50016.0,305.0,1573.0,9711.0,46.0,272.0,10614.0,3332.0,"{""type"":""Point"",""coordinates"":[81.5402276479727,21.17156668487077]}",81.5402276479727,21.17156668487077
2122,50.444170610000015,0.0557336068200756,0.1135972786544458,-0.1393712053830388,21824.0,0.0,9115.5,9741.0,11127.5,11726.0,14731.5,16470.5,14367.5,224.0,6204.5,51080.5,5015.0,1510.5,9703.0,87.0,248.0,11244.5,3175.0,"{""type"":""Point"",""coordinates"":[81.72205226035196,21.309801223382387]}",81.72205226035196,21.309801223382387
2123,55.748937650000016,0.0798551307847082,0.0917911302952748,-0.1272060418433143,21824.0,0.0,8909.0,9550.5,11065.5,11888.0,14291.0,16771.5,14497.5,224.0,6357.5,52632.5,13955.5,1468.0,9727.5,59.0,227.0,11897.5,3067.5,"{""type"":""Point"",""coordinates"":[81.70182836542976,21.156959561619132]}",81.70182836542976,21.156959561619132
2124,49.30767896000003,-0.0088566367636135,0.1167615433270082,-0.1210633254317643,21824.0,0.0,8699.5,9210.0,10382.0,10473.0,13242.0,13009.5,11702.5,224.0,6186.0,50748.0,5216.5,1517.0,9684.0,55.0,244.5,11099.5,3190.0,"{""type"":""Point"",""coordinates"":[81.60463702679958,21.27554271620321]}",81.60463702679958,21.27554271620321
2125,50.41169941999999,0.0794433737301146,0.0909126100841962,-0.1291595712711609,21824.0,0.0,9076.5,9539.0,10867.0,11742.0,14090.5,16522.5,14552.0,224.0,6184.5,51071.0,716.5,1518.5,9638.5,81.0,258.5,10788.5,3192.5,"{""type"":""Point"",""coordinates"":[81.51686518006774,21.30293987630616]}",81.51686518006774,21.30293987630616
2126,50.54158418000003,-0.0351145038167938,0.1769407775221024,-0.1778442146089205,21824.0,0.0,8575.0,9026.0,10175.0,10194.0,14577.0,13588.0,11488.0,224.0,6372.0,51109.0,10088.0,1465.0,9621.0,113.0,234.0,11268.0,3060.0,"{""type"":""Point"",""coordinates"":[81.65066570119961,21.272206328078003]}",81.65066570119961,21.272206328078003
2127,47.34573548000003,0.0370449842899839,0.1397162863258716,-0.16739441461194,21824.0,0.0,8985.0,9735.5,11202.5,11856.0,15707.0,16915.5,14419.0,224.0,5891.0,50174.0,5729.0,1598.0,9597.5,150.0,443.0,10759.0,3397.5,"{""type"":""Point"",""coordinates"":[81.59096789810903,21.155013905199112]}",81.59096789810903,21.155013905199112
2128,42.64083095000001,-0.0330920372285418,-0.0364893104002571,0.0410476756410842,21952.0,0.0,9040.5,9627.5,11387.5,11284.0,10489.5,9817.5,9237.0,208.0,6196.5,48797.5,4967.0,1513.0,9792.5,55.0,245.5,10506.0,3182.0,"{""type"":""Point"",""coordinates"":[81.634258832334,21.314063627530246]}",81.634258832334,21.314063627530246
2129,44.31907877000003,-0.0511414687815164,0.1653351222784655,-0.1654298900115884,21824.0,0.0,8541.0,8980.5,10262.5,10264.5,14331.0,12936.5,11137.5,224.0,6194.0,49288.5,4961.5,1515.0,9683.0,97.0,249.5,10614.5,3186.0,"{""type"":""Point"",""coordinates"":[81.67945005042019,21.313573016750542]}",81.67945005042019,21.313573016750542
2130,58.01850293000001,0.0802152742183495,0.117604318040274,-0.1611963906963367,21824.0,0.0,9577.0,10242.5,11666.5,12751.5,16150.5,18967.5,16579.5,224.0,6367.5,53296.5,13987.5,1464.0,9682.0,81.0,232.0,12115.5,3058.5,"{""type"":""Point"",""coordinates"":[81.67804784869047,21.18956390834523]}",81.67804784869047,21.18956390834523
2131,53.56994989999998,0.0524603111918489,0.1202330706308594,-0.1511255253411119,21824.0,0.0,9165.0,9789.5,11058.5,11777.0,14996.0,16656.5,14680.5,209.0,6357.5,51995.0,14085.0,1469.5,9738.0,107.0,235.0,11671.5,3070.0,"{""type"":""Point"",""coordinates"":[81.63096644297529,21.15618438838402]}",81.63096644297529,21.15618438838402
2132,57.40496833999998,0.0104700919547206,0.1540721339326797,-0.1806068506046781,21824.0,0.0,9193.5,9861.5,11315.0,11950.0,16303.0,16648.0,14232.0,224.0,6361.5,53117.0,14071.0,1467.5,9598.5,136.0,247.0,11976.5,3066.0,"{""type"":""Point"",""coordinates"":[81.6364092055994,21.169283512605375]}",81.6364092055994,21.169283512605375
2133,54.13050518,0.0051533070854172,0.1290845726510472,-0.1679129115731239,21824.0,0.0,9017.0,9861.0,11656.5,12620.0,16361.0,16530.5,14415.0,224.0,6360.0,52159.0,13966.5,1467.0,9631.0,81.0,230.0,11645.5,3064.5,"{""type"":""Point"",""coordinates"":[81.69473859187845,21.156724703244993]}",81.69473859187845,21.156724703244993
2134,47.692664509999986,0.0236001407054459,0.0888698691202168,-0.1144854269705984,21824.0,0.0,9420.0,10298.0,12130.0,12774.5,15266.5,16004.5,14805.0,224.0,5903.0,50275.5,5381.0,1592.0,9667.0,110.0,297.0,10787.0,3384.5,"{""type"":""Point"",""coordinates"":[81.6640428163445,21.22331745972597]}",81.6640428163445,21.22331745972597
2135,42.65963006000004,0.0174812927877726,0.1653888280394304,-0.172786012922843,21824.0,0.0,8813.0,9475.0,10882.0,11049.0,15428.0,15977.0,13411.0,224.0,6004.0,48803.0,27.0,1568.0,9670.0,112.0,529.0,10074.0,3319.0,"{""type"":""Point"",""coordinates"":[81.6856854842902,21.261247727393734]}",81.6856854842902,21.261247727393734
2136,44.26780846999998,0.0180187525479005,0.118852535161548,-0.1325935678013917,21793.0,0.0,9231.0,9929.0,11530.0,11856.5,15055.0,15607.5,13971.5,224.0,5895.5,49273.5,5070.5,1596.5,9663.0,115.0,457.5,10490.0,3394.5,"{""type"":""Point"",""coordinates"":[81.68026452353793,21.265522739718268]}",81.68026452353793,21.265522739718268
2137,45.93409322000002,-0.0205406128730095,0.1725410308644347,-0.1878820918188544,21824.0,0.0,8839.0,9205.0,10428.0,10764.0,15253.0,14639.0,12242.0,224.0,5981.0,49761.0,507.0,1574.0,9733.0,66.0,233.0,10436.0,3334.0,"{""type"":""Point"",""coordinates"":[81.52427013596248,21.234350042123562]}",81.52427013596248,21.234350042123562
2138,47.11331012000005,0.0127568106415787,0.176354862657758,-0.1852863073643265,21824.0,0.0,8907.0,9519.5,10891.5,11094.5,15845.5,16255.0,13425.0,224.0,6195.5,50106.0,5016.5,1514.0,9710.0,101.0,259.0,10904.5,3183.5,"{""type"":""Point"",""coordinates"":[81.69335337808289,21.29885053180776]}",81.69335337808289,21.29885053180776
2139,47.325227359999985,-0.0101172831550457,0.1722255459168411,-0.1924686192468619,21824.0,0.0,8818.0,9346.0,10615.0,11069.0,15675.0,15361.0,12533.0,224.0,6006.0,50168.0,234.0,1568.0,9580.0,213.0,394.0,10377.0,3318.0,"{""type"":""Point"",""coordinates"":[81.58781521010117,21.35801208234314]}",81.58781521010117,21.35801208234314
2140,58.391067109999994,0.041118513652998,0.0858357241525874,-0.1074648864227501,21824.0,0.0,8602.0,9207.0,10294.5,10754.0,12773.5,13869.0,13082.5,224.0,6354.0,53405.5,14091.5,1470.5,9556.5,145.0,252.0,12046.5,3072.5,"{""type"":""Point"",""coordinates"":[81.63048744673277,21.133154794685645]}",81.63048744673277,21.133154794685645
2141,52.96154234000005,0.0221170977452847,0.1215473506200676,-0.151236800231448,21824.0,0.0,9304.0,10104.0,11735.0,12467.0,15917.0,16637.0,14638.0,224.0,6370.0,51817.0,10815.0,1463.0,9666.0,57.0,224.0,11554.0,3057.0,"{""type"":""Point"",""coordinates"":[81.6708654083974,21.20512488921751]}",81.6708654083974,21.20512488921751
2142,57.99286777999998,0.0619708447386848,0.0920847847031794,-0.1317588325652841,21824.0,0.0,9071.0,9773.0,11304.5,12250.5,14735.5,16682.5,14846.5,209.0,6361.5,53289.0,13977.5,1466.5,9752.0,65.0,230.0,12168.0,3063.5,"{""type"":""Point"",""coordinates"":[81.68657137075594,21.168106409404682]}",81.68657137075594,21.168106409404682
2143,56.93328158000003,0.0593607305936073,0.0850142405680621,-0.1177877368918185,21824.0,0.0,8938.0,9553.5,10974.5,11726.0,13905.0,15660.0,13909.5,192.0,6354.5,52979.0,14120.5,1470.0,9739.0,72.0,230.0,12038.0,3071.5,"{""type"":""Point"",""coordinates"":[81.61792642353706,21.12633417560505]}",81.61792642353706,21.12633417560505
2144,51.21664313000002,0.0931149083850475,0.1337647534654557,-0.1612405144331255,21824.0,0.0,9323.0,9887.0,11136.0,11779.5,15417.5,18583.5,15969.0,209.0,6189.5,51306.5,5425.5,1513.0,9613.0,190.0,364.0,11247.0,3182.5,"{""type"":""Point"",""coordinates"":[81.72943303948927,21.203049362212276]}",81.72943303948927,21.203049362212276
2145,48.603566839999985,0.0286241920590951,0.1326947352788297,-0.1584143377885783,21824.0,0.0,9199.0,9744.0,11082.0,11680.0,15254.0,16153.0,13698.0,224.0,6013.0,50542.0,155.0,1565.0,9628.0,313.0,408.0,10738.0,3312.0,"{""type"":""Point"",""coordinates"":[81.58829053123647,21.372102668382496]}",81.58829053123647,21.372102668382496
2146,43.48679090000002,-0.0018536317451599,0.1446387951996235,-0.1637625104669245,21824.0,0.0,8704.0,9096.0,10486.0,10905.0,14593.0,14539.0,13333.0,224.0,5982.0,49045.0,680.0,1573.0,9701.0,87.0,229.0,10414.0,3332.0,"{""type"":""Point"",""coordinates"":[81.49271465966102,21.24225664164743]}",81.49271465966102,21.24225664164743
2147,54.76112986999999,-0.054174537211938,0.2274126858449899,-0.2352368304559539,21824.0,0.0,8630.5,9288.5,10797.5,10977.5,17440.0,15647.5,12916.5,224.0,6358.5,52343.5,13990.0,1468.0,9650.0,123.0,240.0,11729.0,3067.0,"{""type"":""Point"",""coordinates"":[81.6801592965189,21.158369763801964]}",81.6801592965189,21.158369763801964
2148,41.76069080000002,-0.0606112344203517,0.1976094081357239,-0.1870366123977681,21824.0,0.0,8856.0,9206.0,10636.0,10405.0,15530.0,13755.0,12071.0,224.0,5978.0,48540.0,285.0,1576.0,9674.0,66.0,275.0,10077.0,3338.0,"{""type"":""Point"",""coordinates"":[81.54469259392896,21.227140604838336]}",81.54469259392896,21.227140604838336
2149,45.800790440000014,0.0486943316496649,0.1356954242698932,-0.1515345268542199,21824.0,0.0,9035.0,9529.0,10616.0,10965.0,14408.0,15883.0,14162.0,224.0,5989.0,49722.0,729.0,1570.0,9670.0,117.0,238.0,10524.0,3325.0,"{""type"":""Point"",""coordinates"":[81.50160219975074,21.238512225514167]}",81.50160219975074,21.238512225514167
2150,48.596730800000046,0.0440609137055837,0.0850843160603849,-0.1038686987104337,21824.0,0.0,9290.0,9823.0,11466.0,11909.0,14124.0,15426.0,13479.0,224.0,5984.0,50540.0,272.0,1571.0,9504.0,673.0,559.0,10536.0,3327.0,"{""type"":""Point"",""coordinates"":[81.54204013844715,21.156965576251093]}",81.54204013844715,21.156965576251093
2151,45.29834149999999,0.0381455028127172,0.0984985201761351,-0.1374381014668784,21824.0,0.0,9416.5,10019.5,11540.0,12488.5,15217.5,16424.5,14416.0,224.0,6191.0,49575.0,5177.5,1515.0,9658.0,103.0,264.0,10681.5,3185.0,"{""type"":""Point"",""coordinates"":[81.61278238216521,21.274440106281247]}",81.61278238216521,21.274440106281247
2152,39.01260272000002,-0.0921173838662982,0.1173593034736558,-0.1065579235094113,21952.0,0.0,8182.5,8747.0,10051.0,9833.5,12448.5,10348.5,9193.5,224.0,6200.0,47736.0,5215.0,1509.5,9671.0,105.0,400.0,10088.0,3174.0,"{""type"":""Point"",""coordinates"":[81.74950294603863,21.239148619934994]}",81.74950294603863,21.239148619934994
2153,58.57564019000006,0.0640026698007806,0.0997681396617566,-0.1517023441823927,21824.0,0.0,9434.0,10217.5,11878.5,13201.0,16127.0,18332.5,16060.5,224.0,6362.5,53459.5,13994.5,1467.0,9678.0,86.0,234.0,12172.0,3064.5,"{""type"":""Point"",""coordinates"":[81.67520222875544,21.179175604691018]}",81.67520222875544,21.179175604691018
2154,49.58282957000006,-0.0103175325266126,0.1191920820818803,-0.1288400935244485,21824.0,0.0,8791.5,9386.5,10712.0,10924.0,13880.5,13597.0,12426.5,209.0,6195.0,50828.5,5097.5,1513.0,9654.0,108.0,259.0,11109.0,3182.0,"{""type"":""Point"",""coordinates"":[81.61082791922604,21.29209014484022]}",81.61082791922604,21.29209014484022
2155,47.67386540000001,0.0365892459433662,0.0991812205057879,-0.1175722780397785,21824.0,0.0,8943.0,9570.0,10759.0,11167.0,13626.0,14661.0,12781.0,224.0,6010.0,50270.0,606.0,1567.0,9721.0,108.0,261.0,10847.0,3316.0,"{""type"":""Point"",""coordinates"":[81.62438174319713,21.341121340649252]}",81.62438174319713,21.341121340649252
2156,48.730033580000054,0.0337644884931967,0.1456922464056785,-0.1730070448646644,21824.0,0.0,9086.0,9649.5,11152.0,11795.0,15818.0,16923.5,14214.0,224.0,6196.0,50579.0,5188.5,1512.5,9663.0,166.0,310.5,11034.0,3180.0,"{""type"":""Point"",""coordinates"":[81.7367390488397,21.253648341361075]}",81.7367390488397,21.253648341361075
2157,50.53474814000003,0.0637843770961644,0.1264123257520176,-0.1498651887357699,21824.0,0.0,9209.0,9823.0,11351.0,11907.0,15353.0,17445.0,14937.0,224.0,6004.0,51107.0,431.0,1567.0,9630.0,211.0,288.0,10729.0,3316.0,"{""type"":""Point"",""coordinates"":[81.52903190182106,21.337754776614943]}",81.52903190182106,21.337754776614943
2158,44.51561492000002,0.014321276907307,0.1827798277982779,-0.1971685697008501,21824.0,0.0,8940.0,9570.0,11285.0,11627.0,16828.0,17317.0,13983.0,224.0,6007.0,49346.0,181.0,1566.0,9666.0,68.0,336.0,10316.0,3315.0,"{""type"":""Point"",""coordinates"":[81.56129328084612,21.34909744693656]}",81.56129328084612,21.34909744693656
2159,48.777885860000026,0.0215609170887763,0.1360637659850258,-0.1493384482893603,21824.0,0.0,9028.0,9619.0,10865.5,11164.0,14680.5,15327.5,13117.0,224.0,6189.5,50593.0,4936.0,1517.5,9639.0,133.0,283.0,11022.0,3190.5,"{""type"":""Point"",""coordinates"":[81.66046100371408,21.309242315917633]}",81.66046100371408,21.309242315917633
2160,48.90435260000004,0.031433033971105,0.1348074723598932,-0.1594733561857276,21824.0,0.0,9072.0,9554.0,10789.0,11347.0,14883.0,15849.0,13723.0,224.0,6184.5,50630.0,522.5,1517.5,9655.5,124.0,261.5,10706.5,3190.5,"{""type"":""Point"",""coordinates"":[81.56162594524656,21.269790987263395]}",81.56162594524656,21.269790987263395
2161,49.188048260000016,0.0217330173141043,0.0460481099656357,-0.0643356643356643,21824.0,0.0,8812.0,9182.0,10704.0,11104.0,12176.0,12717.0,12270.0,224.0,5428.0,50713.0,547.0,1726.0,9633.0,170.0,313.0,10607.0,3722.0,"{""type"":""Point"",""coordinates"":[81.6101366580021,21.33513737524128]}",81.6101366580021,21.33513737524128
2162,48.70098041000006,0.0132556490643977,0.1506578474369113,-0.1718898733250347,21824.0,0.0,9127.0,9786.0,11309.5,11813.5,16004.5,16434.5,13845.0,224.0,5897.0,50570.5,5606.0,1596.0,9704.0,82.0,301.0,10936.0,3392.0,"{""type"":""Point"",""coordinates"":[81.57846212960817,21.18946367816464]}",81.57846212960817,21.18946367816464
2163,48.81035704999999,0.0012156764371032,0.0575351422033344,-0.0805168778573367,21824.0,0.0,8879.0,9578.0,11011.5,11532.0,12940.0,12971.5,12015.5,224.0,6193.0,50602.5,5094.0,1514.0,9666.0,95.0,282.5,11039.0,3184.0,"{""type"":""Point"",""coordinates"":[81.6197849342138,21.28161548624296]}",81.6197849342138,21.28161548624296
2164,47.61063203000003,0.0386597123439228,0.1259533506108848,-0.1522315677805562,21824.0,0.0,9340.0,9866.0,11188.0,11804.0,15206.0,16429.0,14031.0,224.0,6192.5,50251.5,4935.5,1515.5,9719.0,75.0,249.0,10958.0,3187.5,"{""type"":""Point"",""coordinates"":[81.66415019508963,21.317103368811914]}",81.66415019508963,21.317103368811914
2165,44.68651592000003,0.0216901589753491,0.1351755041075429,-0.1659571203927434,21824.0,0.0,8991.0,9662.0,10873.0,11580.0,15200.0,15874.0,13450.0,224.0,6022.0,49396.0,499.0,1562.0,9681.0,93.0,262.0,10536.0,3305.0,"{""type"":""Point"",""coordinates"":[81.6828802220158,21.331254192938843]}",81.6828802220158,21.331254192938843
2166,46.272477200000026,-0.0203052306622027,0.0494633273703041,-0.0423310975880602,21824.0,0.0,8547.0,9120.0,10780.0,10627.0,11733.0,11266.0,10443.0,224.0,6004.0,49860.0,516.0,1568.0,9442.0,470.0,422.0,10402.0,3318.0,"{""type"":""Point"",""coordinates"":[81.5918594468327,21.321695666356664]}",81.5918594468327,21.321695666356664
2167,52.25572121000005,0.0457279089440898,0.1069637982407622,-0.1472899754054404,21824.0,0.0,8805.0,9662.0,11528.0,12513.0,15510.5,16997.0,14762.0,224.0,6369.5,51610.5,13904.0,1461.0,9645.0,131.0,240.0,11456.5,3052.5,"{""type"":""Point"",""coordinates"":[81.73666539276246,21.16636465173954]}",81.73666539276246,21.16636465173954
2168,49.023983300000054,0.0392259192913663,0.1187832599697785,-0.156036794406164,21824.0,0.0,9770.5,10565.0,12432.0,13413.0,17029.0,18419.5,16231.5,224.0,5899.5,50665.0,5349.0,1594.5,9621.0,114.0,292.0,10885.5,3389.0,"{""type"":""Point"",""coordinates"":[81.67230943650193,21.23063792983481]}",81.67230943650193,21.23063792983481
2169,47.465366180000046,0.030758673274876,0.163533180778032,-0.1747375425107201,21824.0,0.0,9072.0,9629.5,11162.5,11423.0,15889.5,16898.0,14034.5,209.0,5977.0,50209.0,144.0,1575.0,9653.0,107.0,360.0,10466.5,3337.0,"{""type"":""Point"",""coordinates"":[81.57741295406949,21.16543757028669]}",81.57741295406949,21.16543757028669
2170,48.31645316000004,0.00949827157303,0.1325612751888587,-0.1482771535580524,21824.0,0.0,9157.5,9745.0,11370.5,11741.0,15329.5,15623.5,13699.5,224.0,5895.0,50458.0,5505.0,1596.0,9651.5,104.0,307.5,10843.5,3393.0,"{""type"":""Point"",""coordinates"":[81.64414880292681,21.198981912986415]}",81.64414880292681,21.198981912986415
2171,45.122313469999995,-0.0222893122815606,0.1840534282609038,-0.2202454386078826,21824.0,0.0,9302.0,10188.0,12009.0,12950.5,18793.0,17973.5,14215.5,177.0,5889.0,49523.5,5720.5,1599.5,9563.5,151.0,310.0,10513.0,3399.5,"{""type"":""Point"",""coordinates"":[81.60751083268443,21.166506610963783]}",81.60751083268443,21.166506610963783
2172,51.196135010000035,-0.0172442519160279,0.0543766864543982,-0.0758353340234796,21824.0,0.0,8401.0,9215.0,10489.5,10951.5,12211.0,11797.0,10871.5,224.0,6185.0,51300.5,475.5,1519.0,9566.0,242.0,354.0,10783.0,3194.0,"{""type"":""Point"",""coordinates"":[81.56014354003402,21.3182216842597]}",81.56014354003402,21.3182216842597
2173,49.44439976000001,0.0381063510585097,0.0672486498483391,-0.0935000947508053,21824.0,0.0,9263.0,10093.0,11959.0,12608.0,14426.0,15569.0,14080.0,224.0,6040.0,50788.0,254.0,1554.0,9674.0,72.0,289.0,10770.0,3287.0,"{""type"":""Point"",""coordinates"":[81.75004024293582,21.318213156788307]}",81.75004024293582,21.318213156788307
2174,49.65289898000003,0.0828152200945038,0.1016971303747129,-0.1444974591721944,21824.0,0.0,9182.0,9666.5,11027.0,12028.5,14752.0,17416.0,14910.0,224.0,5989.0,50849.0,672.0,1570.0,9741.0,110.0,249.5,10780.5,3324.0,"{""type"":""Point"",""coordinates"":[81.4877634199493,21.230597374450266]}",81.4877634199493,21.230597374450266
2175,55.14223909999998,0.0043896073081029,0.1567593645542575,-0.1913685406019307,21824.0,0.0,9102.0,9881.0,11392.0,12235.0,16784.0,16932.0,14045.0,209.0,6356.5,52455.0,14093.5,1470.5,9647.0,97.0,234.0,11770.0,3072.0,"{""type"":""Point"",""coordinates"":[81.62596800924922,21.166698580625972]}",81.62596800924922,21.166698580625972
2176,46.05372392000004,0.0640492017146052,0.1041811719007658,-0.1323137048588929,21824.0,0.0,9377.0,9987.0,11545.0,12223.0,15066.0,17128.0,15102.0,224.0,6030.0,49796.0,366.0,1559.0,9693.0,91.0,267.0,10677.0,3297.0,"{""type"":""Point"",""coordinates"":[81.7001086900498,21.330531137981623]}",81.7001086900498,21.330531137981623
2177,48.92998775000001,0.0012250027840972,0.1602720484956014,-0.1735895614461435,21824.0,0.0,9125.0,9778.5,11052.0,11359.0,15695.0,15733.5,13278.0,224.0,6189.0,50637.5,5113.0,1515.5,9653.0,108.0,384.5,11061.0,3187.5,"{""type"":""Point"",""coordinates"":[81.70536430012164,21.258624196238134]}",81.70536430012164,21.258624196238134
2178,47.2978832,0.0256881984191877,0.1084925772316756,-0.1343461187576851,21824.0,0.0,9110.0,9673.0,10912.0,11500.0,14299.0,15053.0,13071.0,224.0,6011.0,50160.0,594.0,1566.0,9649.0,113.0,263.0,10663.0,3315.0,"{""type"":""Point"",""coordinates"":[81.62678591093325,21.34069747801714]}",81.62678591093325,21.34069747801714
2179,45.85718777,-0.018903259788143,0.157169443459766,-0.1462997102976033,21824.0,0.0,8342.5,8697.5,9724.5,9510.5,13057.5,12573.0,10837.0,224.0,6207.0,49738.5,4772.5,1510.5,9565.0,226.0,288.0,10677.0,3174.5,"{""type"":""Point"",""coordinates"":[81.69682872676454,21.347356515454823]}",81.69682872676454,21.347356515454823
2180,43.10397266000001,0.0011632890467152,0.1835032101273169,-0.1833744378354852,21824.0,0.0,8920.0,9450.0,11258.0,11255.0,16314.0,16352.0,13740.0,224.0,6034.0,48933.0,246.0,1556.0,9588.0,113.0,300.0,10052.0,3292.0,"{""type"":""Point"",""coordinates"":[81.73641658297895,21.306194414068127]}",81.73641658297895,21.306194414068127
2181,56.928154550000045,0.0615293641654477,0.1183888435575995,-0.1534474514679162,21824.0,0.0,9087.0,9715.0,11065.5,11885.0,15077.0,17054.0,14555.5,209.0,6366.5,52977.5,13994.0,1465.0,9664.0,99.0,236.0,11979.5,3060.0,"{""type"":""Point"",""coordinates"":[81.6742125645775,21.189294439106547]}",81.6742125645775,21.189294439106547
2182,47.00051546000003,0.0404446946242611,0.1152619440946041,-0.1557928638020171,21824.0,0.0,9800.5,10582.5,12451.0,13523.0,17046.5,18483.5,16874.5,224.0,5903.5,50073.0,5201.0,1592.5,9624.0,119.0,318.5,10695.0,3385.5,"{""type"":""Point"",""coordinates"":[81.66580368372615,21.249177755592324]}",81.66580368372615,21.249177755592324
2183,49.11626984000003,0.0357110376815109,0.1536703902509792,-0.1735689645630799,21824.0,0.0,9029.5,9672.0,11200.0,11667.5,15904.5,17082.5,14511.0,224.0,6189.0,50692.0,5273.0,1514.5,9710.0,74.0,345.5,11105.0,3185.5,"{""type"":""Point"",""coordinates"":[81.71923222332371,21.230605114913633]}",81.71923222332371,21.230605114913633
2184,46.53908276000004,-0.0100110887254212,0.1770594445051145,-0.1856048106185605,21824.0,0.0,8951.5,9555.0,11105.5,11303.5,16167.5,15847.0,13458.5,224.0,5894.0,49938.0,5486.5,1597.5,9683.5,119.0,314.0,10688.5,3395.5,"{""type"":""Point"",""coordinates"":[81.59776673468322,21.205749288642654]}",81.59776673468322,21.205749288642654
2185,49.917795530000035,0.0014046531152622,0.142767400181069,-0.1558587179966361,21824.0,0.0,9120.5,9761.0,11292.5,11599.0,15462.5,15506.0,13628.5,224.0,5915.0,50926.5,5387.0,1586.0,9605.0,112.0,300.5,10967.5,3371.0,"{""type"":""Point"",""coordinates"":[81.64280964135051,21.223488635118233]}",81.64280964135051,21.223488635118233
2186,42.254594689999976,-0.0677372539121655,0.2288224828437602,-0.2235800282005857,21824.0,0.0,8589.5,9099.5,10737.5,10619.5,16921.5,14774.5,12747.0,224.0,6180.0,48684.5,611.0,1520.5,9783.0,33.0,261.0,10300.0,3198.0,"{""type"":""Point"",""coordinates"":[81.53757927752056,21.299769348970802]}",81.53757927752056,21.299769348970802
2187,50.059643359999995,0.0912462908011869,0.1151960784313725,-0.1567516525023607,21824.0,0.0,9473.0,10126.0,11609.0,12635.0,15925.0,19123.0,16416.0,224.0,5975.0,50968.0,394.0,1575.0,9687.0,46.0,265.0,10902.0,3336.0,"{""type"":""Point"",""coordinates"":[81.51571033478766,21.173869523427577]}",81.51571033478766,21.173869523427577
2188,48.54887852000002,0.0307044504548807,0.162097427960793,-0.1813159028337048,21824.0,0.0,8928.0,9540.0,10928.0,11369.5,15768.5,16767.5,13838.0,224.0,6202.0,50526.0,5192.5,1509.0,9678.0,135.0,302.0,11029.5,3172.5,"{""type"":""Point"",""coordinates"":[81.75131441140749,21.252709550475892]}",81.75131441140749,21.252709550475892
2189,45.47266051999998,0.0066675646551724,0.1330132513923564,-0.155017815889424,21824.0,0.0,8802.0,9444.0,10790.0,11286.0,14749.0,14947.0,12801.0,224.0,5980.0,49626.0,369.0,1575.0,9613.0,82.0,253.0,10547.0,3336.0,"{""type"":""Point"",""coordinates"":[81.53869260077995,21.232181429795034]}",81.53869260077995,21.232181429795034
2190,47.49954638000003,0.062608448300384,0.130846573556158,-0.1595355383532723,21824.0,0.0,9652.0,10321.0,11943.0,12664.0,16477.0,18678.0,16352.0,224.0,6035.0,50219.0,292.0,1556.0,9649.0,97.0,275.0,10466.0,3291.0,"{""type"":""Point"",""coordinates"":[81.73132926440113,21.30562786808848]}",81.73132926440113,21.30562786808848
2191,48.1352981,0.0250443331362971,0.1158269538899768,-0.1512435252194996,21824.0,0.0,9255.0,9919.0,11552.0,12416.0,15669.0,16474.0,14307.0,224.0,5973.0,50405.0,369.0,1576.0,9719.0,86.0,267.0,10689.0,3339.0,"{""type"":""Point"",""coordinates"":[81.512942165078,21.17877257966979]}",81.512942165078,21.17877257966979
2192,48.30107207000003,0.0421796165489404,0.0723440966231205,-0.0939379334911887,21824.0,0.0,8929.5,9534.5,10810.0,11290.5,13051.5,14201.0,13473.5,224.0,6211.0,50453.5,4763.0,1508.5,9671.0,119.0,255.0,10992.5,3170.0,"{""type"":""Point"",""coordinates"":[81.69852850401087,21.3472572812821]}",81.69852850401087,21.3472572812821
2193,47.542271630000016,0.0095160826868143,0.1402331056758702,-0.1493125698707513,21824.0,0.0,8907.0,9389.5,10843.5,11046.5,14650.0,14931.5,12867.0,224.0,5884.5,50231.5,5779.0,1600.5,9609.5,228.0,401.0,10785.5,3404.0,"{""type"":""Point"",""coordinates"":[81.62271396976381,21.14437096594542]}",81.62271396976381,21.14437096594542
2194,48.56425961000002,0.0256471430275557,0.1571248959643002,-0.1719425363631472,21824.0,0.0,9214.0,9785.0,11542.5,11899.5,16336.0,17196.0,14724.5,209.0,6189.5,50530.5,5261.0,1514.5,9622.0,197.0,366.0,10990.0,3185.0,"{""type"":""Point"",""coordinates"":[81.70795424975881,21.2334655896987]}",81.70795424975881,21.2334655896987
2195,46.64162336000004,-0.0170244263508512,0.1249346758178587,-0.1464839242281676,21824.0,0.0,9256.0,10200.0,12019.0,12558.5,16144.5,15604.0,13650.5,224.0,5893.5,49968.0,5482.0,1597.0,9694.0,83.0,311.5,10701.0,3396.0,"{""type"":""Point"",""coordinates"":[81.63380520992413,21.20123866577292]}",81.63380520992413,21.20123866577292
2196,50.715903200000014,0.0597515160018082,0.1212611306303794,-0.1472809236680425,21824.0,0.0,9053.0,9693.0,11207.5,11817.5,15079.0,16995.5,14658.5,224.0,6192.0,51160.0,5368.5,1512.0,9684.0,59.0,302.5,11256.0,3181.0,"{""type"":""Point"",""coordinates"":[81.73727990027385,21.216502770387176]}",81.73727990027385,21.216502770387176
2197,43.10397266000001,-0.0003141492837396331,0.1808640830706471,-0.1800763443649705,21824.0,0.0,8943.0,9411.0,11062.0,11044.0,15921.0,15911.0,13589.0,224.0,6037.0,48933.0,307.0,1555.0,9644.0,68.0,267.0,10153.0,3289.0,"{""type"":""Point"",""coordinates"":[81.73115394896179,21.308177303907808]}",81.73115394896179,21.308177303907808
2198,59.26266221000003,0.0650315521153905,0.0987634025608709,-0.1367828256104014,21824.0,0.0,9257.0,9930.0,11419.5,12335.0,15038.5,17130.5,15033.0,209.0,6358.0,53660.5,14068.5,1469.0,9676.0,148.0,253.0,12245.0,3068.5,"{""type"":""Point"",""coordinates"":[81.63947483655538,21.151284745460035]}",81.63947483655538,21.151284745460035
2199,49.66315304,0.0797193688759953,0.0992539160567165,-0.1286668602962532,21824.0,0.0,9495.0,10020.0,12000.0,12737.0,15544.0,18237.0,15998.0,224.0,6036.0,50852.0,343.0,1556.0,9678.0,66.0,265.0,10674.0,3292.0,"{""type"":""Point"",""coordinates"":[81.73723576576971,21.320708102467453]}",81.73723576576971,21.320708102467453
2200,46.76638108999998,-0.0230835554162094,0.1373240970679214,-0.1326116667028223,21824.0,0.0,8296.5,8796.5,9996.0,9900.5,13052.5,12463.5,10980.0,224.0,6202.0,50004.5,4894.5,1512.0,9639.0,163.0,261.5,10814.5,3179.0,"{""type"":""Point"",""coordinates"":[81.66682483343399,21.346927287804963]}",81.66682483343399,21.346927287804963
2201,52.00449674000003,0.0327655744808506,0.1217287100390428,-0.1479093318564816,21824.0,0.0,8840.0,9469.0,10770.0,11360.0,14509.0,15492.0,13313.0,224.0,6368.0,51537.0,10382.0,1466.0,9641.0,137.0,242.0,11435.0,3062.0,"{""type"":""Point"",""coordinates"":[81.68967431949368,21.24295880087418]}",81.68967431949368,21.24295880087418
2202,39.99357445999999,-0.0870051442630284,0.2024600593807436,-0.2299793918796775,21824.0,0.0,8385.0,9328.0,10649.0,11282.0,17010.0,14287.0,11401.0,224.0,5996.0,48023.0,557.0,1570.0,9535.0,418.0,381.0,9898.0,3324.0,"{""type"":""Point"",""coordinates"":[81.53766564326563,21.316841817948905]}",81.53766564326563,21.316841817948905
2203,46.42970611999999,0.0547911006681841,0.0948306656007076,-0.1321126413733664,21824.0,0.0,9197.5,10275.5,12335.5,13303.5,16091.0,17956.5,15794.5,224.0,6197.0,49906.0,5389.0,1509.5,9693.0,74.0,292.0,10814.0,3175.0,"{""type"":""Point"",""coordinates"":[81.75531295218494,21.216544086074673]}",81.75531295218494,21.216544086074673
2204,48.950495870000054,0.0547109872320743,0.1551985720660419,-0.2094747169576254,21824.0,0.0,9961.5,10866.5,12690.5,14199.0,19416.0,21663.5,17230.5,192.0,5888.0,50643.5,5857.0,1599.0,9542.5,128.0,397.5,10838.5,3400.5,"{""type"":""Point"",""coordinates"":[81.6001096363146,21.13183727714061]}",81.6001096363146,21.13183727714061
2205,46.880884760000015,0.1350278469012916,0.0730219396567564,-0.1092622141174682,21824.0,0.0,9455.0,10103.0,11723.0,12612.0,14599.0,19157.0,15677.0,224.0,6034.0,50038.0,128.0,1556.0,9663.0,102.0,354.0,10447.0,3291.0,"{""type"":""Point"",""coordinates"":[81.76190670051903,21.284663828102996]}",81.76190670051903,21.284663828102996
2206,47.29617418999999,0.0216283952023695,0.1354373241165694,-0.1544059757666532,21824.0,0.0,9302.5,9847.0,11009.0,11444.0,15029.5,15694.0,13389.0,192.0,6191.0,50159.5,5096.5,1514.5,9680.0,112.0,295.0,10897.0,3185.0,"{""type"":""Point"",""coordinates"":[81.62394442475572,21.27716001445786]}",81.62394442475572,21.27716001445786
2207,46.22633393000001,-0.009898748099505,0.1635855385762206,-0.1651924010002612,21824.0,0.0,9143.5,9854.0,11183.5,11220.5,15609.5,15303.5,13426.0,224.0,6194.5,49846.5,5187.5,1512.5,9670.0,120.0,295.5,10778.5,3180.5,"{""type"":""Point"",""coordinates"":[81.630471718198,21.26009741748982]}",81.630471718198,21.26009741748982
2208,48.20194949000006,0.0326151471984805,0.1509630492735201,-0.1728070806648917,21824.0,0.0,9515.5,10110.0,11495.5,12023.0,16298.5,17397.5,14539.0,224.0,5893.0,50424.5,5168.0,1597.5,9547.0,201.0,464.0,10758.0,3396.0,"{""type"":""Point"",""coordinates"":[81.69195321222347,21.247301432954586]}",81.69195321222347,21.247301432954586
2209,50.180983070000025,-0.0026347305389221,0.0899622444994141,-0.0985675232367414,21824.0,0.0,8667.5,9133.5,10304.5,10485.0,12558.0,12492.0,11982.5,224.0,6188.0,51003.5,526.5,1516.5,9668.0,46.0,262.5,10893.5,3189.0,"{""type"":""Point"",""coordinates"":[81.5710764949044,21.300028508935807]}",81.5710764949044,21.300028508935807
2210,43.14327989000003,-0.0604433796234674,0.2057374430375489,-0.223826591568527,21824.0,0.0,8915.0,9641.5,11369.0,11808.5,17926.0,15882.5,12705.5,224.0,5702.0,48944.5,287.0,1651.0,9633.0,79.0,322.0,10082.5,3530.0,"{""type"":""Point"",""coordinates"":[81.57299646002129,21.187016625742146]}",81.57299646002129,21.187016625742146
2211,45.37695596000003,-0.0770254332113587,0.2577341432405707,-0.2494167587573892,21824.0,0.0,8672.5,9170.5,10697.5,10509.0,17807.0,15260.0,11912.5,224.0,6189.5,49598.0,198.5,1518.0,9567.0,313.0,447.5,10398.5,3191.5,"{""type"":""Point"",""coordinates"":[81.5875713841129,21.355465103127102]}",81.5875713841129,21.355465103127102
2212,51.331146800000056,0.0809382226627023,0.1133421492204899,-0.1513243126529437,21824.0,0.0,9698.5,10314.0,11791.5,12739.5,15996.5,18814.0,16783.5,224.0,5980.0,51340.0,285.0,1574.0,9687.0,82.0,280.5,10883.0,3335.0,"{""type"":""Point"",""coordinates"":[81.54818242811658,21.209523701737844]}",81.54818242811658,21.209523701737844
2213,47.46194816000002,0.0398602285376128,0.1258818669971086,-0.1595623394081712,21824.0,0.0,9631.0,10381.5,12347.5,13226.5,17036.0,18450.5,16229.5,224.0,5896.0,50208.0,5459.0,1596.0,9662.0,93.0,314.5,10756.5,3393.0,"{""type"":""Point"",""coordinates"":[81.63425792500013,21.204825399649348]}",81.63425792500013,21.204825399649348
2214,49.23760955,0.0605043217372669,0.1584399112144593,-0.1830529819195826,21824.0,0.0,9194.0,9779.5,11352.5,11943.0,16440.0,18557.5,15611.5,224.0,6186.0,50727.5,5446.0,1515.0,9645.0,89.0,302.5,11075.5,3186.5,"{""type"":""Point"",""coordinates"":[81.7086646590272,21.204612812910455]}",81.7086646590272,21.204612812910455
2215,47.25003092000003,0.0086162410671003,0.0908308814673342,-0.1201851720969679,21824.0,0.0,9701.5,10576.5,12448.5,13210.0,15849.5,16125.0,14868.5,209.0,5900.5,50146.0,5415.5,1594.0,9676.0,80.0,330.5,10749.5,3388.0,"{""type"":""Point"",""coordinates"":[81.63025833182321,21.210630962330566]}",81.63025833182321,21.210630962330566
2216,47.166289430000006,0.0549274038612957,0.1228273681453348,-0.1439300078150315,21824.0,0.0,9095.5,9702.5,11228.0,11721.0,15003.5,16747.5,14413.0,209.0,5909.0,50121.5,5376.5,1589.5,9646.0,112.0,435.5,10785.5,3378.0,"{""type"":""Point"",""coordinates"":[81.66809123509023,21.21161159869163]}",81.66809123509023,21.21161159869163
2217,48.70952546000001,0.0408360235630845,0.0546539073792838,-0.0803313715935075,21824.0,0.0,9352.5,10569.5,12267.0,12916.5,14410.0,15637.0,14845.0,224.0,6189.0,50573.0,5447.5,1513.0,9702.0,86.0,402.0,11055.0,3182.5,"{""type"":""Point"",""coordinates"":[81.69580305707466,21.197786777265176]}",81.69580305707466,21.197786777265176
2218,47.93705294000006,0.0245464247598719,0.0972388955582232,-0.1209484319336564,21824.0,0.0,9265.0,9841.0,11289.0,11844.0,14395.5,15120.0,13611.5,224.0,5717.0,50347.0,399.5,1646.5,9559.5,263.0,345.0,10540.0,3520.0,"{""type"":""Point"",""coordinates"":[81.60240086697524,21.324058927190002]}",81.60240086697524,21.324058927190002
2219,61.368162530000006,0.0833648102292917,0.0997868304882756,-0.1484207943351912,21824.0,0.0,9850.5,10517.5,12146.5,13408.0,16380.5,19360.0,16992.5,160.0,6353.5,54276.5,14055.0,1470.0,9486.0,417.0,401.5,12312.0,3072.0,"{""type"":""Point"",""coordinates"":[81.6487328673034,21.13080459221658]}",81.6487328673034,21.13080459221658
2220,55.05507958999999,0.0404690096633224,0.1004288210069352,-0.1421925084714717,21824.0,0.0,9325.0,10176.5,11708.0,12744.0,15589.5,16904.5,15296.5,209.0,6368.5,52429.5,13978.5,1463.5,9672.5,80.0,230.0,11781.5,3057.0,"{""type"":""Point"",""coordinates"":[81.68471194575955,21.178928012550248]}",81.68471194575955,21.178928012550248
2221,46.99880645000002,0.0294603095512441,0.1450563985744204,-0.163046723391551,21824.0,0.0,9100.5,9617.0,11213.5,11634.5,15582.5,16528.5,14349.0,224.0,6190.5,50072.5,172.5,1518.0,9589.0,287.0,454.0,10562.0,3191.5,"{""type"":""Point"",""coordinates"":[81.5990876096781,21.36556900941364]}",81.5990876096781,21.36556900941364
2222,38.83144765999998,-0.0173089965499955,0.1987491313412091,-0.2108662080584023,21824.0,0.0,8943.0,9497.0,11242.0,11530.0,17250.0,16663.0,13389.0,224.0,5998.0,47683.0,419.0,1570.0,9480.0,359.0,365.0,9893.0,3323.0,"{""type"":""Point"",""coordinates"":[81.55736063380782,21.32368260943961]}",81.55736063380782,21.32368260943961
2223,38.88271796000003,-0.0892637077639009,0.1874874674152797,-0.1786716557530402,21824.0,0.0,8352.5,8946.0,10316.5,10130.0,14805.0,12378.5,10483.0,224.0,6173.0,47698.0,341.5,1521.5,9636.5,126.0,289.5,9882.5,3200.5,"{""type"":""Point"",""coordinates"":[81.55894661148086,21.22213239142395]}",81.55894661148086,21.22213239142395
2224,45.06591614000001,-0.0103191457541949,0.1959142487918001,-0.2046362339514978,21824.0,0.0,9036.5,9566.0,11151.0,11355.5,16889.0,16544.0,13673.0,224.0,5704.0,49507.0,296.0,1650.0,9674.0,65.0,337.0,10270.5,3529.0,"{""type"":""Point"",""coordinates"":[81.5767791557364,21.19611402390868]}",81.5767791557364,21.19611402390868
2225,49.30255193000005,0.0541262558801324,0.1397879561916092,-0.1720849900149326,21824.0,0.0,9205.5,9923.0,11504.5,12292.0,16287.0,18151.0,15436.5,224.0,6200.5,50746.5,5402.5,1507.5,9683.0,66.0,296.0,11102.5,3170.5,"{""type"":""Point"",""coordinates"":[81.76001430586639,21.212713631379557]}",81.76001430586639,21.212713631379557
2226,47.99515928000005,-0.0106445622140689,0.0581428435929052,-0.0556896143837236,21824.0,0.0,8463.0,8793.0,9979.0,9930.0,11156.0,10921.0,10382.0,224.0,6006.0,50364.0,345.0,1566.0,9645.0,181.0,291.0,10820.0,3314.0,"{""type"":""Point"",""coordinates"":[81.60339671824889,21.27437580206776]}",81.60339671824889,21.27437580206776
2227,53.221311860000014,0.05087019000479,0.1116846199880311,-0.1470361222599567,21824.0,0.0,8909.0,9642.0,11051.0,11875.0,14861.0,16454.0,14105.0,224.0,6367.0,51893.0,10466.0,1466.0,9680.0,88.0,230.0,11594.0,3063.0,"{""type"":""Point"",""coordinates"":[81.70287710395671,21.235074596377018]}",81.70287710395671,21.235074596377018
2228,47.84134838,0.0083259235308382,0.0580422595946528,-0.0801672903367818,21824.0,0.0,8584.0,9201.0,10447.0,10922.0,12268.0,12474.0,11664.0,224.0,6020.0,50319.0,640.0,1563.0,9621.0,234.0,297.0,10704.0,3307.0,"{""type"":""Point"",""coordinates"":[81.65262693331415,21.34911061196304]}",81.65262693331415,21.34911061196304
2229,48.25834682000004,0.0413958262059527,0.1098348318612112,-0.1128763205973469,21824.0,0.0,9167.0,9650.0,11168.0,11237.0,14010.0,15220.0,13249.0,224.0,6010.0,50441.0,606.0,1567.0,9609.0,163.0,276.0,10828.0,3315.0,"{""type"":""Point"",""coordinates"":[81.62230627222213,21.346243428914846]}",81.62230627222213,21.346243428914846
2230,49.61017373000004,0.0319725295688668,0.154952658412236,-0.1790620294811978,21824.0,0.0,8905.5,9536.5,11041.0,11602.5,15857.5,16905.0,14159.5,224.0,5893.0,50836.5,5668.0,1597.5,9674.0,96.0,314.0,10979.0,3396.5,"{""type"":""Point"",""coordinates"":[81.58841595536762,21.172342496858803]}",81.58841595536762,21.172342496858803
2231,45.653815580000014,-0.0055042675492074,0.1121686189889025,-0.1268886893374458,21824.0,0.0,9057.0,9698.5,11181.5,11520.5,14431.5,14273.5,12660.5,224.0,6193.0,49679.0,5234.0,1513.0,9691.0,95.0,293.0,10741.5,3181.5,"{""type"":""Point"",""coordinates"":[81.64725221193862,21.249580009397185]}",81.64725221193862,21.249580009397185
2232,44.83007276000001,0.0105160416863448,0.1704219582138467,-0.1862826513664502,21824.0,0.0,8882.5,9378.5,10778.5,11137.5,15713.5,16047.5,13165.0,224.0,6198.5,49438.0,5217.5,1510.5,9667.0,100.0,407.5,10651.5,3175.5,"{""type"":""Point"",""coordinates"":[81.74809293891565,21.238359936507226]}",81.74809293891565,21.238359936507226
2233,45.92383916000006,0.0162322120196701,0.0557138187082613,-0.0556645185392733,21824.0,0.0,8437.0,8943.0,10111.0,10110.0,11303.0,11676.0,11040.0,224.0,6031.0,49758.0,456.0,1559.0,9667.0,110.0,267.0,10649.0,3298.0,"{""type"":""Point"",""coordinates"":[81.66100589984936,21.381240802833034]}",81.66100589984936,21.381240802833034
2234,48.09940889000001,0.0163979605897753,0.0870208414915372,-0.0950972012185767,21824.0,0.0,8706.5,9093.0,10322.0,10491.5,12491.5,12908.0,12031.0,224.0,6188.5,50394.5,475.0,1516.5,9684.0,104.0,274.5,10616.0,3189.0,"{""type"":""Point"",""coordinates"":[81.5736089845667,21.304428427636225]}",81.5736089845667,21.304428427636225
2235,50.052807320000056,0.0730306424284196,0.1148027906334185,-0.1516340802055087,21824.0,0.0,9721.0,10283.0,11889.0,12815.0,16139.0,18682.0,16714.0,224.0,5979.0,50966.0,298.0,1573.0,9656.0,102.0,284.0,10770.0,3333.0,"{""type"":""Point"",""coordinates"":[81.55070398977175,21.162747745777725]}",81.55070398977175,21.162747745777725
2236,47.39016974000003,0.0037094509716988,0.1552394824779367,-0.1734377719756309,21824.0,0.0,9432.0,10100.5,11871.5,12324.0,16853.5,16979.0,14829.0,209.0,5893.0,50187.0,5153.5,1597.5,9654.0,89.0,316.0,10735.0,3397.0,"{""type"":""Point"",""coordinates"":[81.68895104881173,21.255525637174546]}",81.68895104881173,21.255525637174546
2237,48.492481190000035,0.0217325787764122,0.1350311789731336,-0.149523884473125,21824.0,0.0,8779.5,9386.0,10807.0,11131.5,14607.0,15256.0,13134.5,209.0,6207.0,50509.5,5216.5,1506.0,9626.0,114.0,306.0,10980.0,3167.0,"{""type"":""Point"",""coordinates"":[81.75362128646773,21.245093752761974]}",81.75362128646773,21.245093752761974
2238,41.750436740000055,-0.0228960396039603,0.1794038370065007,-0.1777698610616316,21824.0,0.0,8647.0,9103.0,10386.0,10351.0,14877.0,14211.0,12227.0,224.0,6023.0,48537.0,461.0,1561.0,9730.0,85.0,261.0,10288.0,3303.0,"{""type"":""Point"",""coordinates"":[81.68535599679919,21.325817070846387]}",81.68535599679919,21.325817070846387
2239,48.36088742000004,0.0073542930685787,0.1204537986614323,-0.1447047598855083,21824.0,0.0,9365.5,10242.5,12102.0,12714.5,16197.0,16437.0,14805.0,224.0,5904.5,50471.0,5350.0,1592.0,9597.0,158.0,316.0,10800.5,3383.5,"{""type"":""Point"",""coordinates"":[81.6623847769082,21.22629978026749]}",81.6623847769082,21.22629978026749
2240,46.93899110000001,0.0110218687872763,0.1561645873231318,-0.1699121371187748,21824.0,0.0,8785.5,9480.5,11030.0,11346.0,15545.5,15892.0,13301.0,209.0,6195.0,50055.0,4979.5,1515.0,9633.0,138.0,259.0,10829.0,3185.5,"{""type"":""Point"",""coordinates"":[81.68657333932528,21.31320325476481]}",81.68657333932528,21.31320325476481
2241,41.029234520000045,0.0013761742356249,0.1659098847362906,-0.1961156699036084,21824.0,0.0,9270.0,9896.0,11217.0,11940.0,16690.0,16736.0,14959.0,224.0,6000.0,48326.0,405.0,1569.0,9523.0,346.0,361.0,10136.0,3322.0,"{""type"":""Point"",""coordinates"":[81.56113938209943,21.32796912756988]}",81.56113938209943,21.32796912756988
2242,47.697791540000026,0.0416983503778767,0.1577269915071523,-0.1735461801596351,21824.0,0.0,8789.0,9396.5,10872.0,11231.5,15438.0,16781.5,14049.0,224.0,6185.0,50277.0,5379.0,1515.5,9711.0,82.0,307.0,10966.0,3188.5,"{""type"":""Point"",""coordinates"":[81.7091336530228,21.214122423204113]}",81.7091336530228,21.214122423204113
2243,42.87154730000003,-0.0006482791136256483,0.1715715025012937,-0.1805729383952162,21824.0,0.0,9199.0,9984.0,11785.0,12006.0,16979.0,16957.0,14442.0,224.0,6028.0,48865.0,128.0,1559.0,9662.0,62.0,351.0,10216.0,3298.0,"{""type"":""Point"",""coordinates"":[81.76821662997082,21.282911277281308]}",81.76821662997082,21.282911277281308
2244,44.88305207000002,-0.0951417298761046,0.2775692521951799,-0.2658947864427316,21824.0,0.0,8757.5,9325.5,10905.5,10634.0,18805.5,15538.0,12204.0,224.0,5887.5,49453.5,5577.0,1600.0,9821.5,57.0,313.5,10633.0,3402.5,"{""type"":""Point"",""coordinates"":[81.61412540096929,21.184662579730663]}",81.61412540096929,21.184662579730663
2245,49.22735549000003,0.02312592721878,0.1116849067471746,-0.1286777309483958,21824.0,0.0,9000.5,9592.5,10802.0,11181.0,13992.5,14655.0,12860.0,224.0,6196.0,50724.5,4937.5,1515.0,9668.0,134.0,255.5,11085.0,3186.0,"{""type"":""Point"",""coordinates"":[81.67108050290436,21.336216078535042]}",81.67108050290436,21.336216078535042
2246,45.27099734000001,0.0105514796801582,0.0693095768374164,-0.078097633268963,21824.0,0.0,8652.0,9209.0,10264.0,10447.0,12003.0,12259.0,11404.0,224.0,6038.0,49567.0,197.0,1556.0,9686.0,72.0,316.0,10600.0,3292.0,"{""type"":""Point"",""coordinates"":[81.68999058826212,21.368697203711747]}",81.68999058826212,21.368697203711747
2247,47.68411946000003,0.0121077735415636,0.1174305304944063,-0.1411513230633154,21824.0,0.0,9520.0,10275.5,11652.0,12228.0,15482.0,15861.5,14510.0,224.0,6189.0,50273.0,5171.5,1516.0,9613.0,134.0,272.0,10886.5,3187.5,"{""type"":""Point"",""coordinates"":[81.61246322224177,21.275546492230788]}",81.61246322224177,21.275546492230788
2248,43.21676732000003,-0.0230465186986926,0.1849138993555657,-0.1896057981262153,21824.0,0.0,9189.0,9763.0,11461.0,11573.0,16824.0,16066.0,13793.0,224.0,5985.0,48966.0,219.0,1573.0,9677.0,104.0,321.0,10113.0,3332.0,"{""type"":""Point"",""coordinates"":[81.59091249049492,21.217554489659474]}",81.59091249049492,21.217554489659474
2249,48.23954771000001,0.0289346921388078,0.1354022988505747,-0.1631439505445981,21824.0,0.0,8840.0,9383.5,10660.5,11283.0,14817.0,15700.0,13505.5,224.0,6185.5,50435.5,738.5,1517.5,9629.5,106.0,256.5,10561.0,3191.5,"{""type"":""Point"",""coordinates"":[81.52052514321586,21.29385209142044]}",81.52052514321586,21.29385209142044
2250,39.316806499999984,-0.1064662570782335,0.2147725471548581,-0.2268506990146206,21824.0,0.0,8762.5,9277.0,10867.0,11146.5,17244.0,13925.5,12670.0,224.0,6176.0,47825.0,417.0,1520.0,9646.5,96.0,290.0,10043.0,3198.5,"{""type"":""Point"",""coordinates"":[81.56530310092842,21.226406665711256]}",81.56530310092842,21.226406665711256
2251,46.6655495,-0.02550682599237,0.1997344251410866,-0.2066330316070633,21824.0,0.0,8692.0,9296.0,10693.0,10848.0,16263.0,15454.0,13023.0,224.0,5975.0,49975.0,297.0,1575.0,9563.0,241.0,320.0,10515.0,3337.0,"{""type"":""Point"",""coordinates"":[81.53206290114797,21.164782344587806]}",81.53206290114797,21.164782344587806
2252,54.49623331999999,0.0864495492875836,0.1140780141843971,-0.1578889175542697,21824.0,0.0,9150.5,9845.5,11424.5,12491.5,15708.5,18681.5,16149.0,224.0,6364.5,52266.0,13907.0,1463.0,9714.5,94.0,232.0,11751.0,3057.5,"{""type"":""Point"",""coordinates"":[81.73537624933255,21.159438904021336]}",81.73537624933255,21.159438904021336
2253,50.435625560000005,0.019041543428251,0.0906589863732106,-0.1017652039863647,21824.0,0.0,8628.5,9170.0,10342.5,10577.0,12686.0,13178.5,11891.5,209.0,6199.0,51078.0,4912.5,1513.5,9601.0,127.0,255.0,11161.0,3182.0,"{""type"":""Point"",""coordinates"":[81.67587888617045,21.340943340871167]}",81.67587888617045,21.340943340871167
2254,46.834741490000056,0.0069839627521986,0.11826390911739,-0.1415402914064823,21824.0,0.0,9450.5,10137.5,11548.0,12108.0,15356.0,15572.0,14208.5,209.0,6193.0,50024.5,5134.0,1513.5,9617.0,291.0,348.5,10804.0,3182.5,"{""type"":""Point"",""coordinates"":[81.62266404415875,21.271946583696625]}",81.62266404415875,21.271946583696625
2255,43.96189568,0.0146503450970178,0.1385043635269335,-0.153166196753791,21824.0,0.0,8856.0,9560.0,11113.0,11451.0,15133.0,15583.0,13633.0,224.0,6034.0,49184.0,217.0,1557.0,9691.0,55.0,317.0,10213.0,3293.0,"{""type"":""Point"",""coordinates"":[81.754372816769,21.30055041326089]}",81.754372816769,21.30055041326089
2256,50.435625560000005,0.0388285248389544,0.137012987012987,-0.1622286428236764,21824.0,0.0,9050.0,9531.0,10728.5,11296.5,14883.5,16086.0,13892.5,224.0,6173.5,51078.0,464.0,1522.0,9378.0,425.0,407.0,10770.5,3201.0,"{""type"":""Point"",""coordinates"":[81.52776175712445,21.23969774445301]}",81.52776175712445,21.23969774445301
2257,56.07364955000003,0.0492872639380305,0.0821193589552362,-0.1213698112559465,21824.0,0.0,9307.0,10577.0,12790.0,13846.0,16323.5,18016.0,16079.5,224.0,6356.0,52727.5,14023.5,1469.0,9721.5,76.0,230.0,11928.5,3069.5,"{""type"":""Point"",""coordinates"":[81.66325904755985,21.14575658644666]}",81.66325904755985,21.14575658644666
2258,49.34869520000001,0.0446954515090787,0.1422451350566366,-0.16349247439074,21824.0,0.0,9317.0,9977.0,11310.0,11813.0,15731.0,17203.0,14545.0,224.0,6015.0,50760.0,176.0,1565.0,9693.0,85.0,364.0,10659.0,3311.0,"{""type"":""Point"",""coordinates"":[81.59510776976556,21.38058836588574]}",81.59510776976556,21.38058836588574
2259,48.64800109999999,0.0831736297431966,0.1295450968046592,-0.1745449783946576,21824.0,0.0,10136.0,10833.0,12608.0,13825.0,17940.0,21195.0,18328.0,224.0,5980.0,50555.0,247.0,1573.0,9695.0,80.0,304.0,10599.0,3332.0,"{""type"":""Point"",""coordinates"":[81.559614130985,21.148781907349278]}",81.559614130985,21.148781907349278
2260,47.75418887000001,0.0192526915769474,0.1247004139734185,-0.1456896073390423,21824.0,0.0,9207.5,9841.5,11547.5,12052.0,15486.0,16094.0,14509.5,209.0,5895.5,50293.5,5124.5,1596.5,9683.0,87.0,311.5,10788.0,3394.5,"{""type"":""Point"",""coordinates"":[81.6926460953083,21.26184795283916]}",81.6926460953083,21.26184795283916
2261,44.81298265999999,0.0051295095171478,0.0715981735159817,-0.0736572421996523,21824.0,0.0,8418.0,8912.0,10124.0,10166.0,11734.0,11855.0,11147.0,224.0,6045.0,49433.0,322.0,1552.0,9667.0,89.0,269.0,10543.0,3282.0,"{""type"":""Point"",""coordinates"":[81.67923934002694,21.363624186688842]}",81.67923934002694,21.363624186688842
2262,50.45955170000002,0.0603162099814325,0.1379803761242845,-0.1723702221754238,21824.0,0.0,9703.0,10339.0,11790.0,12651.0,16701.0,18845.0,16140.0,224.0,5982.0,51085.0,345.0,1574.0,9630.0,84.0,281.0,10662.0,3334.0,"{""type"":""Point"",""coordinates"":[81.55545978335466,21.217220813049227]}",81.55545978335466,21.217220813049227
2263,42.33150014,-0.0578934262948207,0.2217109992810927,-0.2124282096101024,21824.0,0.0,8561.0,9395.0,11039.0,10826.0,16994.0,15134.0,12962.0,224.0,6012.0,48707.0,76.0,1561.0,9662.0,115.0,399.0,10030.0,3305.0,"{""type"":""Point"",""coordinates"":[81.64059905940893,21.23312185180584]}",81.64059905940893,21.23312185180584
2264,50.529621109999994,0.0827508648056144,0.1278487659723437,-0.1643716794969099,21824.0,0.0,9571.0,10162.5,11560.5,12456.5,16108.5,19015.0,16487.0,209.0,6189.0,51105.5,5337.5,1513.5,9639.0,107.0,382.0,11197.5,3184.0,"{""type"":""Point"",""coordinates"":[81.72049846890829,21.217587740907472]}",81.72049846890829,21.217587740907472
2265,49.96564781000001,-0.0012770819797011,0.0645291917772325,-0.0637183728845833,21824.0,0.0,8254.5,8741.0,9834.0,9818.0,11172.5,11144.0,10567.5,224.0,6205.5,50940.5,4724.5,1511.5,9711.0,82.0,244.0,11195.0,3177.5,"{""type"":""Point"",""coordinates"":[81.65813498557222,21.37453737461086]}",81.65813498557222,21.37453737461086
2266,47.73880778,-0.0240246323380464,0.0694309287074254,-0.0795250704706585,21824.0,0.0,8584.0,9234.0,10776.0,10997.0,12638.0,12045.0,11296.0,224.0,6004.0,50289.0,256.0,1568.0,9640.0,210.0,295.0,10538.0,3319.0,"{""type"":""Point"",""coordinates"":[81.57474388412234,21.340032576598077]}",81.57474388412234,21.340032576598077
2267,48.91460666,0.0052541621826929,0.1321733491840484,-0.1591915019179699,21824.0,0.0,9223.0,9818.0,11398.0,12045.0,15714.0,15880.0,14334.0,224.0,5981.0,50633.0,265.0,1572.0,9574.0,175.0,314.0,10573.0,3331.0,"{""type"":""Point"",""coordinates"":[81.5407079658018,21.167871458187317]}",81.5407079658018,21.167871458187317
2268,48.80523002000001,0.0289652038923175,0.0708141962421712,-0.0905766286783466,21824.0,0.0,8857.0,9463.0,10693.0,11127.0,12823.0,13588.0,12550.0,224.0,6013.0,50601.0,635.0,1566.0,9734.0,87.0,257.0,10969.0,3314.0,"{""type"":""Point"",""coordinates"":[81.63288372767323,21.356452359596293]}",81.63288372767323,21.356452359596293
2269,48.039593540000055,-0.0003006471826194281,0.0958448177232305,-0.1219849848250891,21824.0,0.0,9432.5,10456.0,12367.5,13039.5,15804.0,15794.5,14424.0,224.0,5896.5,50377.0,5446.5,1596.0,9699.0,68.0,270.5,10844.0,3393.5,"{""type"":""Point"",""coordinates"":[81.60425361321751,21.224123882623587]}",81.60425361321751,21.224123882623587
2270,39.90812396000001,-0.0312511612351826,0.1438463440771576,-0.1261615874690581,21824.0,0.0,8560.0,9286.0,10767.0,10386.0,13876.0,13035.0,11200.0,224.0,6038.0,47998.0,287.0,1555.0,9695.0,85.0,275.0,10097.0,3290.0,"{""type"":""Point"",""coordinates"":[81.72251949539077,21.32639163118289]}",81.72251949539077,21.32639163118289
2271,50.83895192,0.0544004979179324,0.1256747697844265,-0.1630153464805161,21824.0,0.0,9265.0,9909.5,11480.5,12390.5,15952.5,17788.0,15339.0,224.0,6203.5,51196.0,5135.0,1509.5,9651.0,122.0,272.0,11247.5,3173.5,"{""type"":""Point"",""coordinates"":[81.76008498204456,21.27402795501592]}",81.76008498204456,21.27402795501592
2272,42.61519580000004,-0.0386510389570646,0.1961655036300839,-0.2129225930955614,21824.0,0.0,8763.0,9426.0,11012.0,11404.0,16970.0,15707.0,13258.0,224.0,6010.0,48790.0,159.0,1566.0,9673.0,100.0,340.0,10161.0,3314.0,"{""type"":""Point"",""coordinates"":[81.68540331731495,21.287301552676695]}",81.68540331731495,21.287301552676695
2273,50.138257820000035,-0.0432157563856445,0.2286927405157237,-0.2423951552383113,21824.0,0.0,8552.5,9284.0,10852.5,11172.0,17797.0,16322.5,12977.0,209.0,6368.5,50991.0,13915.5,1462.0,9596.5,101.0,231.0,11197.5,3054.5,"{""type"":""Point"",""coordinates"":[81.72727481425098,21.17309042302449]}",81.72727481425098,21.17309042302449
2274,47.33206340000004,0.0374276194481286,0.1410821796985849,-0.1542728577524341,21824.0,0.0,8901.0,9460.0,10901.0,11199.0,14878.0,16035.0,14078.0,224.0,5996.0,50170.0,565.0,1570.0,9733.0,84.0,250.0,10560.0,3324.0,"{""type"":""Point"",""coordinates"":[81.52243342792976,21.326585897161372]}",81.52243342792976,21.326585897161372
2275,56.72990938999999,0.0761215950342228,0.1130585741232243,-0.1654286463340033,21824.0,0.0,9508.5,10301.5,11937.5,13283.5,16670.0,19417.0,16664.5,224.0,6357.5,52919.5,13961.0,1467.5,9589.0,636.0,531.5,11890.5,3066.5,"{""type"":""Point"",""coordinates"":[81.69996370669146,21.143046447021753]}",81.69996370669146,21.143046447021753
2276,50.88680420000003,0.0063441204742069,0.1075714285714285,-0.1356794960999011,21824.0,0.0,9334.0,10213.0,11801.0,12494.0,15506.0,15704.0,13494.0,224.0,6369.0,51210.0,10313.0,1466.0,9668.0,108.0,233.0,11338.0,3061.0,"{""type"":""Point"",""coordinates"":[81.67755660183344,21.2501133063872]}",81.67755660183344,21.2501133063872
2277,49.593083630000024,0.0580294958140069,0.1490733279613215,-0.1808673423463968,21824.0,0.0,9131.0,9848.0,11375.5,12144.0,16399.0,18419.5,15740.5,224.0,6200.0,50831.5,5329.5,1509.0,9662.0,90.0,286.5,11125.0,3173.0,"{""type"":""Point"",""coordinates"":[81.75962972766555,21.230959349894437]}",81.75962972766555,21.230959349894437
2278,55.23623465000003,0.0653255690841715,0.086580391053594,-0.1376288659793814,21824.0,0.0,9268.0,9915.5,11711.0,12987.0,15449.0,17608.5,15734.5,224.0,6353.5,52482.5,14019.0,1470.0,9711.0,60.0,227.0,11828.0,3072.5,"{""type"":""Point"",""coordinates"":[81.66577011259734,21.144196714214402]}",81.66577011259734,21.144196714214402
2279,50.59285448000003,-0.0043538442179438,0.0436192468619246,-0.0334576341412885,21888.0,0.0,7995.5,8424.0,9331.0,9143.0,9977.0,9890.5,9521.5,224.0,6203.0,51124.0,4762.5,1512.5,9657.0,161.0,264.5,11223.0,3179.5,"{""type"":""Point"",""coordinates"":[81.65659769510023,21.36984069101622]}",81.65659769510023,21.36984069101622
2280,46.51857464,0.0210992445949466,0.1353474320241691,-0.1487085434815833,21824.0,0.0,9118.0,9591.0,11140.0,11448.0,15032.0,15680.0,13613.0,224.0,5979.0,49932.0,118.0,1575.0,9723.0,70.0,370.0,10426.0,3336.0,"{""type"":""Point"",""coordinates"":[81.577118000168,21.184902650847707]}",81.577118000168,21.184902650847707
2281,44.51561492000002,0.0328482879777254,0.1348891481913652,-0.1584087660790852,21824.0,0.0,8677.0,9275.0,10599.0,11121.0,14589.0,15580.0,13147.0,224.0,5971.0,49346.0,536.0,1577.0,9633.0,67.0,258.0,10501.0,3342.0,"{""type"":""Point"",""coordinates"":[81.51170929681052,21.195067217189447]}",81.51170929681052,21.195067217189447
2282,46.11353927000005,-0.040139740481962,0.1918630774886646,-0.1779096524161317,21824.0,0.0,8463.5,8863.5,10182.0,9892.0,14589.0,13463.0,11416.5,209.0,6191.5,49813.5,4949.5,1515.0,9615.0,240.0,358.0,10736.5,3186.5,"{""type"":""Point"",""coordinates"":[81.65066549754981,21.29363050184949]}",81.65066549754981,21.29363050184949
2283,44.36864006000002,-0.0060682282659959,0.1721308472837832,-0.1867813960388695,21824.0,0.0,8958.0,9651.0,10963.0,11300.0,15999.0,15806.0,13538.0,224.0,6013.0,49303.0,176.0,1565.0,9627.0,105.0,332.0,10210.0,3311.0,"{""type"":""Point"",""coordinates"":[81.69012406463845,21.290295713285513]}",81.69012406463845,21.290295713285513
2284,49.196593310000026,0.0304701227090267,0.1610044818502172,-0.1784827490406487,21824.0,0.0,8902.5,9570.0,11828.0,12261.5,16967.5,18034.0,14963.0,224.0,6189.5,50715.5,5346.0,1513.5,9696.0,36.0,390.5,11106.5,3183.5,"{""type"":""Point"",""coordinates"":[81.73145603072955,21.215602190364326]}",81.73145603072955,21.215602190364326
2285,48.08060978000003,0.0402957706584773,0.1714524875350292,-0.1911775590259788,21824.0,0.0,9094.5,9638.0,10928.0,11383.0,16094.0,17445.5,14165.5,224.0,6188.0,50389.0,5121.5,1516.5,9603.0,156.0,405.5,10926.0,3189.0,"{""type"":""Point"",""coordinates"":[81.70301401779341,21.25665908033231]}",81.70301401779341,21.25665908033231
2286,50.57405537,0.0243247105902529,0.1447639808837092,-0.1748670556043161,21824.0,0.0,9466.0,10222.0,11986.5,12750.5,17067.0,17918.0,15063.0,224.0,5891.5,51118.5,5617.5,1597.5,9705.5,81.0,295.0,11096.5,3397.0,"{""type"":""Point"",""coordinates"":[81.62586987013549,21.18329802197918]}",81.62586987013549,21.18329802197918
2287,44.81981870000004,0.0143474977689297,0.1395238095238095,-0.1378531521179221,21824.0,0.0,8885.0,9386.0,10879.0,10842.0,14358.0,14776.0,13022.0,224.0,6015.0,49435.0,400.0,1565.0,9677.0,148.0,278.0,10544.0,3312.0,"{""type"":""Point"",""coordinates"":[81.66772592764222,21.32664428194329]}",81.66772592764222,21.32664428194329
2288,50.811607760000015,0.0623572621035058,0.1381926656074705,-0.1752318457263383,21824.0,0.0,9949.0,10692.5,12317.5,13289.5,17551.5,19886.0,17413.5,224.0,5888.0,51188.0,5857.0,1599.0,9683.0,82.0,312.5,11097.0,3400.5,"{""type"":""Point"",""coordinates"":[81.60637393360783,21.135892959178644]}",81.60637393360783,21.135892959178644
2289,56.15226401000001,0.0676869084946638,0.1120833118877279,-0.1576447055881985,21824.0,0.0,9338.5,10193.0,11791.5,12938.5,16205.0,18558.0,16091.5,209.0,6357.5,52750.5,13992.0,1468.0,9681.0,92.0,234.0,11904.0,3068.0,"{""type"":""Point"",""coordinates"":[81.68012790016007,21.14947910670952]}",81.68012790016007,21.14947910670952
2290,46.82277842000002,0.0096461119659131,0.1485929993136582,-0.1812246338450679,21824.0,0.0,9379.0,9881.0,11600.0,12405.0,16735.0,17061.0,14832.0,224.0,5978.0,50021.0,440.0,1573.0,9681.0,69.0,287.0,10454.0,3333.0,"{""type"":""Point"",""coordinates"":[81.517090877295,21.168074545635015]}",81.517090877295,21.168074545635015
2291,47.605504999999994,0.0522554971388735,0.1324448146605581,-0.175148568341437,21824.0,0.0,9498.0,10012.0,11451.0,12498.0,16314.0,18113.0,15982.0,224.0,5984.0,50250.0,275.0,1572.0,9739.0,54.0,287.0,10536.0,3329.0,"{""type"":""Point"",""coordinates"":[81.55263524232251,21.184180251428277]}",81.55263524232251,21.184180251428277
2292,47.01247853000001,0.0255658739387374,0.1638667453054546,-0.1823576025821913,21824.0,0.0,8965.5,9470.0,10576.0,10987.0,15293.5,16096.0,13573.0,224.0,6184.5,50076.5,554.5,1518.5,9736.0,76.0,263.5,10579.5,3193.0,"{""type"":""Point"",""coordinates"":[81.56133978790328,21.29778064122534]}",81.56133978790328,21.29778064122534
2293,45.800790440000014,0.0143948432682027,0.1316538571021918,-0.1539703561256145,21824.0,0.0,9321.0,10047.5,11658.5,12202.0,15902.0,16366.5,14939.5,224.0,6195.5,49722.0,5057.5,1513.0,9602.0,90.0,386.0,10696.5,3181.5,"{""type"":""Point"",""coordinates"":[81.70705236102863,21.268683048092672]}",81.70705236102863,21.268683048092672
2294,42.59468767999999,-0.0013428364838343,0.1174210404979635,-0.125420842846639,21824.0,0.0,9139.0,9697.0,11300.0,11485.0,14541.0,14502.0,13417.0,224.0,6003.0,48784.0,332.0,1566.0,9684.0,114.0,273.0,10291.0,3315.0,"{""type"":""Point"",""coordinates"":[81.59758309139114,21.256374887595147]}",81.59758309139114,21.256374887595147
2295,48.24296573000004,0.0114716069782961,0.1212514417531718,-0.1365936535194285,21824.0,0.0,9428.5,10200.5,11815.5,12190.0,15554.0,15915.0,14506.0,224.0,5910.0,50436.5,5282.5,1588.5,9634.0,123.0,347.5,10814.5,3377.5,"{""type"":""Point"",""coordinates"":[81.65822179935303,21.232077612390547]}",81.65822179935303,21.232077612390547
2296,47.904581750000034,0.0148368908578332,0.1326283036689941,-0.1564237358647555,21824.0,0.0,9030.5,9665.5,11152.5,11708.0,15288.5,15749.0,14022.5,224.0,6196.0,50337.5,5160.5,1512.5,9683.0,74.0,300.5,10964.5,3180.0,"{""type"":""Point"",""coordinates"":[81.72822345481667,21.25518312863454]}",81.72822345481667,21.25518312863454
2297,50.203200200000026,-0.032055091411193,0.1967086863118641,-0.1860362350861688,21824.0,0.0,8637.0,8942.0,10131.0,9909.0,14762.0,13845.0,11563.0,224.0,6375.0,51010.0,10092.0,1464.0,9718.0,67.0,224.0,11306.0,3057.0,"{""type"":""Point"",""coordinates"":[81.6571870379424,21.271351089611095]}",81.6571870379424,21.271351089611095
2298,51.09359441000004,0.0512280270058287,0.1224482369637203,-0.1615454134658834,21824.0,0.0,9362.0,9845.5,11133.0,12058.0,15423.0,17088.5,14761.5,224.0,6181.0,51270.5,758.0,1519.5,9624.0,52.0,236.5,10845.0,3195.0,"{""type"":""Point"",""coordinates"":[81.52492783182124,21.271993924605482]}",81.52492783182124,21.271993924605482
2299,50.17927406000001,0.0645985401459854,0.146914047709201,-0.1813153696153164,21824.0,0.0,9303.0,9969.5,11545.5,12391.5,16659.5,18960.5,16239.0,224.0,6205.0,51003.0,5056.5,1508.5,9683.0,89.0,283.0,11205.0,3172.5,"{""type"":""Point"",""coordinates"":[81.75303266427831,21.281221043575858]}",81.75303266427831,21.281221043575858
2300,46.27931324000002,0.1599830964613776,0.0680391380578021,-0.1185547164223308,21824.0,0.0,11375.0,12711.0,14881.0,16478.0,18884.0,26077.0,25701.0,224.0,6014.0,49862.0,133.0,1564.0,9655.0,116.0,354.0,10423.0,3310.0,"{""type"":""Point"",""coordinates"":[81.70514243023855,21.28343504491595]}",81.70514243023855,21.28343504491595
2301,43.75681448,-0.0036505086774386,0.1307308522114347,-0.1648954643328471,21824.0,0.0,9512.0,10246.0,12023.0,12893.0,16771.0,16649.0,14638.0,224.0,5441.0,49124.0,398.0,1720.0,9680.0,95.0,302.0,10263.0,3708.0,"{""type"":""Point"",""coordinates"":[81.59046536500055,21.26047282892265]}",81.59046536500055,21.26047282892265
2302,57.36566111000002,0.0709596748984057,0.0964477706334984,-0.143035053661038,21824.0,0.0,9443.5,10113.5,11698.0,12858.0,15603.0,17986.5,16312.0,224.0,6364.5,53105.5,13981.5,1465.0,9641.5,66.0,230.0,12008.0,3060.5,"{""type"":""Point"",""coordinates"":[81.68400290174228,21.172830451533354]}",81.68400290174228,21.172830451533354
2303,45.72901202000003,0.0479050731678591,0.123675157243632,-0.1517720391807658,21824.0,0.0,9447.0,10265.0,11907.0,12609.0,16168.0,17795.0,15672.0,224.0,6037.0,49701.0,133.0,1556.0,9688.0,95.0,350.0,10646.0,3292.0,"{""type"":""Point"",""coordinates"":[81.72245184055996,21.34055621897416]}",81.72245184055996,21.34055621897416
2304,47.96781512000001,0.0416256378121922,0.1420139382733608,-0.1767852562928223,21824.0,0.0,9269.0,9745.0,11234.0,12065.0,16059.0,17454.0,14763.0,224.0,5980.0,50356.0,244.0,1572.0,9691.0,43.0,302.0,10660.0,3330.0,"{""type"":""Point"",""coordinates"":[81.53350366206661,21.15488415397188]}",81.53350366206661,21.15488415397188
2305,48.86504537000002,0.0423708975139285,0.1399008006538983,-0.1607960349589497,21824.0,0.0,9126.0,9695.5,11090.5,11575.0,15340.5,16698.0,14249.5,209.0,6176.5,50618.5,709.5,1521.0,9599.5,110.0,248.5,10666.5,3198.5,"{""type"":""Point"",""coordinates"":[81.51142654563365,21.261753480100378]}",81.51142654563365,21.261753480100378
2306,43.90378934,-0.0094708601351132,0.1531218845770409,-0.1496410822749862,21824.0,0.0,9178.0,9892.0,11550.0,11468.0,15615.0,15322.0,13401.0,224.0,6022.0,49167.0,215.0,1561.0,9695.0,74.0,309.0,10193.0,3302.0,"{""type"":""Point"",""coordinates"":[81.71049502286888,21.288886319781025]}",81.71049502286888,21.288886319781025
2307,49.00347518000001,0.0072617961968453,0.0891573408434002,-0.1134176831578149,21824.0,0.0,9318.0,10225.0,11702.0,12290.0,14696.0,14911.0,14031.0,224.0,6376.0,50659.0,10108.0,1463.0,9735.0,66.0,223.0,11193.0,3055.0,"{""type"":""Point"",""coordinates"":[81.63386917197347,21.272227687460315]}",81.63386917197347,21.272227687460315
2308,48.46684604000001,0.0042800890258517,0.1371489512975471,-0.155218490429758,21824.0,0.0,9355.0,10064.0,11696.0,12136.0,15994.0,16131.5,14367.0,224.0,5899.5,50502.0,5412.5,1594.0,9645.0,112.0,321.0,10847.5,3389.0,"{""type"":""Point"",""coordinates"":[81.6287490954929,21.212492491978438]}",81.6287490954929,21.212492491978438
2309,40.31486834000003,-0.0608117764756324,0.1947686116700201,-0.1933279742765273,21824.0,0.0,8273.0,8683.0,10035.0,10005.0,14845.0,13143.0,11055.0,224.0,6002.0,48117.0,378.0,1570.0,9532.0,441.0,454.0,9922.0,3323.0,"{""type"":""Point"",""coordinates"":[81.5980663214783,21.34580183452679]}",81.5980663214783,21.34580183452679
2310,51.59604335000006,0.0420722336065573,0.1268337696088586,-0.1537541938220662,21824.0,0.0,9082.5,9643.5,10972.0,11591.5,14959.0,16273.0,14375.5,224.0,6184.5,51417.5,720.5,1517.5,9592.5,267.0,309.0,10797.5,3191.5,"{""type"":""Point"",""coordinates"":[81.49711851923263,21.292471640168692]}",81.49711851923263,21.292471640168692
2311,44.87450702000001,-0.0924917404619306,0.2706918636275903,-0.2574534215415603,21824.0,0.0,8433.0,9043.5,10691.0,10391.0,18104.5,15039.0,11922.0,209.0,5896.0,49451.0,5282.0,1595.5,9719.0,80.0,366.5,10553.5,3392.5,"{""type"":""Point"",""coordinates"":[81.69350050638907,21.229362346386015]}",81.69350050638907,21.229362346386015
2312,41.43768791000002,-0.0325731412314199,0.213394357635785,-0.2097607928416099,21824.0,0.0,9001.5,9529.5,11083.5,10999.5,16967.5,15897.0,13346.0,224.0,5986.0,48445.5,212.0,1573.0,9775.5,117.0,326.5,10016.5,3331.0,"{""type"":""Point"",""coordinates"":[81.58740390085525,21.21171251737913]}",81.58740390085525,21.21171251737913
2313,42.29390192000005,-0.0030891595355608,0.1175946988428444,-0.1255876962307753,21824.0,0.0,8959.5,9548.5,10973.0,11152.5,14125.0,14038.0,12744.0,224.0,5719.0,48696.0,513.5,1644.5,9651.0,76.0,296.0,10240.5,3515.5,"{""type"":""Point"",""coordinates"":[81.58970565024852,21.27018663289907]}",81.58970565024852,21.27018663289907
2314,49.79303779999998,0.0804615306070352,0.1466496896387076,-0.1930579935746696,21824.0,0.0,9805.0,10501.0,12182.0,13404.0,18011.0,21163.0,17979.0,224.0,5980.0,50890.0,311.0,1573.0,9585.0,255.0,328.0,10664.0,3332.0,"{""type"":""Point"",""coordinates"":[81.55134271532702,21.161360306665703]}",81.55134271532702,21.161360306665703
2315,45.028317920000006,0.0068262795111717,0.1222907886815171,-0.138266610693432,21824.0,0.0,9265.0,9968.0,11290.0,11663.0,14913.0,15118.0,13614.0,224.0,6020.0,49496.0,164.0,1562.0,9647.0,94.0,336.0,10287.0,3305.0,"{""type"":""Point"",""coordinates"":[81.7105633370854,21.28247039025816]}",81.7105633370854,21.28247039025816
2316,45.20947297999999,-0.0236155546027243,0.1864665965784191,-0.193378451126663,21824.0,0.0,8808.5,9284.0,10488.5,10640.0,15517.5,14801.5,12603.0,224.0,6178.0,49549.0,585.0,1520.5,9710.5,94.0,277.5,10417.0,3198.0,"{""type"":""Point"",""coordinates"":[81.54185436279465,21.265168554434283]}",81.54185436279465,21.265168554434283
2317,47.98832324,-0.0161491568928023,0.0896024464831804,-0.1269521211402364,21824.0,0.0,8796.0,9508.0,11041.0,11908.0,14252.0,13799.0,12477.0,224.0,6376.0,50362.0,673.0,1464.0,9702.0,59.0,227.0,10748.0,3056.0,"{""type"":""Point"",""coordinates"":[81.49259153826789,21.247022880616317]}",81.49259153826789,21.247022880616317
2318,43.25778356000001,-0.0697081516269708,0.2237786391372759,-0.2004216232495106,21824.0,0.0,8622.0,9083.0,10620.0,10113.0,15944.0,13866.0,11708.0,224.0,6015.0,48978.0,132.0,1564.0,9777.0,94.0,353.0,10221.0,3309.0,"{""type"":""Point"",""coordinates"":[81.70983125532757,21.279179814109416]}",81.70983125532757,21.279179814109416
2319,43.12106276000003,-0.1061388774443,0.2752850043846828,-0.2452103178850476,21824.0,0.0,8303.0,8770.0,10578.0,9917.0,17451.0,14102.0,11598.0,224.0,6028.0,48938.0,230.0,1558.0,9654.0,99.0,305.0,10114.0,3296.0,"{""type"":""Point"",""coordinates"":[81.72288141020759,21.286446976951687]}",81.72288141020759,21.286446976951687
2320,43.623511699999995,0.0320115820799485,0.0954851629346441,-0.0869761560693641,21824.0,0.0,8375.0,8762.0,10109.0,9937.0,12035.0,12831.0,11600.0,224.0,6038.0,49085.0,292.0,1556.0,9679.0,108.0,276.0,10437.0,3291.0,"{""type"":""Point"",""coordinates"":[81.67756968744445,21.37581995052485]}",81.67756968744445,21.37581995052485
2321,53.026484719999985,0.0109165412811729,0.1243085880640465,-0.1599339240126145,21824.0,0.0,8849.0,9698.0,11188.0,12032.0,15448.0,15789.0,13747.0,224.0,6368.0,51836.0,10427.0,1466.0,9680.0,41.0,223.0,11574.0,3062.0,"{""type"":""Point"",""coordinates"":[81.6955100613983,21.238707645611466]}",81.6955100613983,21.238707645611466
2322,47.37478865000003,0.0237098588029488,0.136906818967242,-0.1603549417093636,21824.0,0.0,9242.0,9900.5,11307.5,11863.0,15626.5,16385.5,14327.0,224.0,5721.0,50182.5,245.0,1645.5,9762.0,56.0,338.0,10571.0,3516.5,"{""type"":""Point"",""coordinates"":[81.59249837279658,21.37220453935876]}",81.59249837279658,21.37220453935876
2323,49.832345030000056,0.0259939691757873,0.1801820088636286,-0.2032214672507157,21824.0,0.0,9034.5,9906.5,11550.5,12116.5,17442.5,18373.5,15054.0,224.0,6190.5,50901.5,5124.5,1515.0,9672.0,56.0,399.5,11157.0,3186.5,"{""type"":""Point"",""coordinates"":[81.70901276583837,21.25558092333356]}",81.70901276583837,21.25558092333356
2324,48.17460533000002,0.040128460481418,0.1593532625925442,-0.178495602062481,21824.0,0.0,8934.5,9503.0,10834.0,11269.5,15542.0,16841.5,13915.5,224.0,6188.5,50416.5,5279.0,1514.5,9685.0,77.0,370.0,10989.0,3185.5,"{""type"":""Point"",""coordinates"":[81.72051553665831,21.228561909560586]}",81.72051553665831,21.228561909560586
2325,47.61234104000005,0.0197913149729095,0.1310687716824666,-0.1567782942794801,21824.0,0.0,9020.5,9617.0,11110.5,11709.5,15242.0,15857.5,13974.0,224.0,6207.0,50252.0,5187.5,1506.5,9732.0,56.0,285.0,10972.0,3168.0,"{""type"":""Point"",""coordinates"":[81.7710556037088,21.255040741087296]}",81.7710556037088,21.255040741087296
2326,46.51515662000003,0.0211024978466838,0.1570374141002799,-0.1727289478533259,21824.0,0.0,9095.0,9695.0,11224.0,11592.0,15911.0,16597.0,14106.0,224.0,5979.0,49931.0,241.0,1575.0,9687.0,97.0,297.0,10404.0,3336.0,"{""type"":""Point"",""coordinates"":[81.56867155565021,21.19050084473589]}",81.56867155565021,21.19050084473589
2327,45.455570420000015,0.0056213017751479,0.1684744819913781,-0.189103131080842,21824.0,0.0,9069.0,9825.0,11460.0,11959.0,16805.0,16995.0,14894.0,224.0,6035.0,49621.0,153.0,1555.0,9672.0,68.0,339.0,10301.0,3290.0,"{""type"":""Point"",""coordinates"":[81.74295406524143,21.292836600175544]}",81.74295406524143,21.292836600175544
2328,37.43347748000002,-0.0509588770264926,0.0315585203153426,-0.0112958074718793,21824.0,0.0,8737.5,9213.5,10394.0,9981.0,10631.5,9600.5,8961.0,224.0,5710.5,47274.0,365.5,1650.5,9692.0,70.0,410.5,9727.0,3528.0,"{""type"":""Point"",""coordinates"":[81.60270144628838,21.361742503201356]}",81.60270144628838,21.361742503201356
2329,50.14851188,0.0548966157236899,0.102316928800947,-0.1466267921541032,21824.0,0.0,9509.0,10296.0,12127.5,13270.0,16295.0,18188.0,16139.5,224.0,6202.0,50994.0,5238.0,1509.0,9691.0,59.0,270.5,11201.0,3173.0,"{""type"":""Point"",""coordinates"":[81.76242345549298,21.25146549083255]}",81.76242345549298,21.25146549083255
2330,53.877571699999976,0.0198707789832987,0.1085450346420323,-0.1514088288997887,21824.0,0.0,9169.0,10003.0,11851.0,12931.0,16080.0,16732.0,14728.0,194.0,6366.0,52085.0,10878.0,1465.0,9675.0,92.0,231.0,11657.0,3060.0,"{""type"":""Point"",""coordinates"":[81.70903898914892,21.19748472773573]}",81.70903898914892,21.19748472773573
2331,48.21562157000005,0.0520183486238532,0.1233149731845194,-0.1347878610389135,21824.0,0.0,10071.0,10783.0,11817.5,12096.5,15499.5,17200.5,16341.5,224.0,6193.0,50428.5,5261.0,1513.0,9693.0,93.0,273.5,10999.5,3181.5,"{""type"":""Point"",""coordinates"":[81.62851410548359,21.253265238835393]}",81.62851410548359,21.253265238835393
2332,41.96919002000004,0.0181139122315592,0.1110798055927308,-0.1338820400388168,21824.0,0.0,9705.0,10299.0,12049.0,12620.0,15774.0,16356.0,14954.0,224.0,6008.0,48601.0,176.0,1564.0,9701.0,98.0,331.0,10250.0,3310.0,"{""type"":""Point"",""coordinates"":[81.62135186858576,21.247919093102986]}",81.62135186858576,21.247919093102986
2333,45.15649367000003,0.0019644221324893,0.1034025096525096,-0.127898371978293,21824.0,0.0,8730.5,9318.5,10606.5,11146.5,13717.5,13771.5,12390.0,224.0,6187.0,49533.5,562.0,1516.0,9652.5,73.0,273.0,10403.0,3189.0,"{""type"":""Point"",""coordinates"":[81.57926226719803,21.27999080748342]}",81.57926226719803,21.27999080748342
2334,39.76114910000001,-0.1080848897515033,0.2179478212212352,-0.2180756182015319,21824.0,0.0,8445.0,9065.0,11178.0,11181.0,17413.0,14016.0,11634.0,224.0,5976.0,47955.0,341.0,1575.0,9624.0,95.0,270.0,10199.0,3337.0,"{""type"":""Point"",""coordinates"":[81.53376581962591,21.172496546396697]}",81.53376581962591,21.172496546396697
2335,50.350175060000026,0.0070143545593304,0.1442009367033575,-0.1603671489839272,21824.0,0.0,8724.0,9152.0,10474.0,10826.5,14475.0,14679.5,12726.0,224.0,6185.5,51053.0,670.5,1518.0,9670.5,99.0,268.5,10814.0,3192.0,"{""type"":""Point"",""coordinates"":[81.51789041551224,21.308155722013574]}",81.51789041551224,21.308155722013574
2336,46.436542160000045,-0.0272957629021394,0.1867056949127422,-0.2002248454187745,21824.0,0.0,8771.0,9263.0,10671.0,10975.0,16014.0,15163.0,13149.0,224.0,6373.0,49908.0,823.0,1466.0,9629.0,80.0,234.0,10485.0,3062.0,"{""type"":""Point"",""coordinates"":[81.49127373368198,21.263739820456173]}",81.49127373368198,21.263739820456173
2337,50.15876594000002,-0.0114390144849059,0.1568251756372292,-0.168494516450648,21824.0,0.0,8803.0,9285.0,10633.5,10891.5,14943.0,14605.0,12617.0,224.0,6186.0,50997.0,736.0,1516.5,9561.5,120.0,253.5,10665.0,3189.0,"{""type"":""Point"",""coordinates"":[81.49290112335584,21.28329334990668]}",81.49290112335584,21.28329334990668
2338,49.15386806000003,0.0597128181181414,0.1464664436694897,-0.1728004077026682,21824.0,0.0,9181.0,9785.0,11362.0,11993.0,16109.0,18155.0,15006.0,224.0,5978.0,50703.0,353.0,1575.0,9670.0,49.0,277.0,10572.0,3337.0,"{""type"":""Point"",""coordinates"":[81.55762658049025,21.197215769024364]}",81.55762658049025,21.197215769024364
2339,47.062039819999995,0.0509238395673726,0.1347364876241791,-0.1626927987302025,21824.0,0.0,9642.0,10487.0,12133.0,12847.0,16848.0,18656.0,16003.0,224.0,6024.0,50091.0,309.0,1560.0,9593.0,52.0,265.0,10496.0,3301.0,"{""type"":""Point"",""coordinates"":[81.70676047342164,21.3003714020832]}",81.70676047342164,21.3003714020832
2340,41.40692573000001,-0.0765345515377686,0.2310493883932677,-0.2257958166965823,21824.0,0.0,8610.0,9134.5,10567.5,10451.0,16731.5,14352.5,12340.5,224.0,6174.5,48436.5,402.0,1521.5,9660.5,86.0,274.0,10104.5,3200.5,"{""type"":""Point"",""coordinates"":[81.55237790936863,21.239319897371573]}",81.55237790936863,21.239319897371573
2341,48.61211189000005,0.024521330198186,0.1179119990761057,-0.138600274455989,21824.0,0.0,9126.0,9749.0,10985.0,11457.0,14520.0,15250.0,13447.0,209.0,6191.5,50544.5,4952.5,1517.0,9745.0,59.0,240.5,11078.0,3189.5,"{""type"":""Point"",""coordinates"":[81.6436606211423,21.335168564748123]}",81.6436606211423,21.335168564748123
2342,57.20330516000001,0.0749604271188259,0.1108998936752907,-0.1636713410621171,21824.0,0.0,9859.0,10634.0,12390.0,13797.5,17239.5,20033.5,17565.5,224.0,6361.0,53058.0,13999.5,1467.0,9673.0,76.0,231.0,12015.5,3065.0,"{""type"":""Point"",""coordinates"":[81.6742593388351,21.166320130573233]}",81.6742593388351,21.166320130573233
2343,54.39711074000002,0.0251200698588269,0.1607201649656033,-0.1919285383821488,21824.0,0.0,8999.5,9741.5,11353.0,12108.5,16746.0,17609.0,14663.0,224.0,6358.5,52237.0,14025.5,1468.5,9643.0,105.0,236.0,11685.0,3068.0,"{""type"":""Point"",""coordinates"":[81.66083287870185,21.159581062520875]}",81.66083287870185,21.159581062520875
2344,49.58282957000006,0.0378215736422446,0.1580567476053379,-0.1804791612831776,21824.0,0.0,9002.0,9666.0,11100.0,11624.5,15989.0,17246.0,14276.5,224.0,6193.5,50828.5,5136.5,1513.5,9677.0,52.0,336.0,11135.5,3182.5,"{""type"":""Point"",""coordinates"":[81.72356479804043,21.25545885209628]}",81.72356479804043,21.25545885209628
2345,43.886699239999984,0.0263342589484605,0.1532039466551013,-0.1797678030022924,21824.0,0.0,9140.0,9791.0,11092.0,11715.0,15954.0,16817.0,14522.0,224.0,6023.0,49162.0,413.0,1561.0,9615.0,83.0,264.0,10416.0,3304.0,"{""type"":""Point"",""coordinates"":[81.69996111575179,21.311718586099953]}",81.69996111575179,21.311718586099953
2346,52.40782310000003,0.0658459490933289,0.0948796942635417,-0.1153219719540777,21824.0,0.0,9090.0,9708.0,11135.0,11605.0,14038.0,16017.0,14258.0,224.0,6007.0,51655.0,244.0,1567.0,9580.0,248.0,360.0,10915.0,3316.0,"{""type"":""Point"",""coordinates"":[81.57268986046378,21.35857300397508]}",81.57268986046378,21.35857300397508
2347,49.92463157000003,0.0688052678350305,0.1203617688815662,-0.1521891955224687,21824.0,0.0,9521.0,10064.0,11758.5,12546.5,15980.0,18341.5,15858.0,224.0,5710.0,50928.5,240.0,1646.0,9635.0,95.0,316.5,10676.0,3520.5,"{""type"":""Point"",""coordinates"":[81.567506765643,21.16625184942438]}",81.567506765643,21.16625184942438
2348,48.00199531999999,0.018893055173512,0.1723958964067609,-0.1975260646757377,21824.0,0.0,9183.5,9738.5,11353.0,11959.5,16942.0,17594.5,14577.0,224.0,5979.0,50366.0,451.5,1574.0,9463.0,388.0,379.0,10466.0,3333.0,"{""type"":""Point"",""coordinates"":[81.553445551963,21.162263537215534]}",81.553445551963,21.162263537215534
2349,45.91700312,0.0147789330782758,0.1548226103938374,-0.1716660245473058,21824.0,0.0,9127.0,9710.5,11287.5,11685.0,15966.0,16445.0,13660.5,224.0,5980.0,49756.0,328.0,1574.0,9614.0,68.0,273.0,10338.0,3335.0,"{""type"":""Point"",""coordinates"":[81.54939643620445,21.202908171090908]}",81.54939643620445,21.202908171090908
2350,49.71271433000004,0.0508474576271186,0.1716664924567088,-0.1988805504554448,21824.0,0.0,9347.5,9888.0,11235.5,11887.0,16814.0,18615.5,15468.5,209.0,6199.5,50866.5,5151.0,1511.0,9693.0,57.0,274.5,11164.5,3177.0,"{""type"":""Point"",""coordinates"":[81.73261280603482,21.265662655898048]}",81.73261280603482,21.265662655898048
2351,42.56392549999998,-0.0004165059776320864,0.1892030659771885,-0.2017641390556667,21824.0,0.0,8739.5,9275.0,10769.0,11054.0,16213.0,16199.5,13196.5,224.0,6191.0,48775.0,220.0,1516.5,9559.0,340.0,359.5,10204.0,3188.5,"{""type"":""Point"",""coordinates"":[81.56802673666937,21.34487359421994]}",81.56802673666937,21.34487359421994
2352,47.183379530000025,-0.004591338326278,0.1272448252553117,-0.1389176018901358,21824.0,0.0,9288.0,9938.5,11662.5,11943.0,15425.5,15284.5,13300.5,224.0,5892.5,50126.5,5138.0,1597.5,9691.0,82.0,428.5,10746.0,3397.5,"{""type"":""Point"",""coordinates"":[81.69392675549106,21.25295824296156]}",81.69392675549106,21.25295824296156
2353,55.43789783,0.0208257327009607,0.1288225294849552,-0.1551594275671604,21824.0,0.0,9309.5,10144.5,11777.5,12428.0,16103.5,16788.5,14448.0,224.0,6357.5,52541.5,14083.5,1469.5,9647.0,95.0,234.0,11801.5,3070.0,"{""type"":""Point"",""coordinates"":[81.63078516378494,21.16376766597767]}",81.63078516378494,21.16376766597767
2354,51.85923089000005,0.0075611564121571,0.1150394569721198,-0.1242153878450719,21824.0,0.0,8721.0,9277.0,10429.5,10625.5,13388.0,13592.0,12050.0,224.0,6205.5,51494.5,4673.0,1511.5,9547.0,339.0,360.5,11272.5,3177.0,"{""type"":""Point"",""coordinates"":[81.69741041695136,21.357491601795346]}",81.69741041695136,21.357491601795346
2355,46.880884760000015,0.0472279911853766,0.1195395018721707,-0.1523844221587313,21824.0,0.0,9159.0,9753.5,11051.0,11816.0,15024.5,16514.0,14398.0,224.0,6187.5,50038.0,458.5,1517.0,9660.0,86.0,294.5,10538.5,3191.0,"{""type"":""Point"",""coordinates"":[81.56752282229417,21.312497559412222]}",81.56752282229417,21.312497559412222
2356,48.730033580000054,0.0506669272487418,0.1150858935608524,-0.1428067286201623,21824.0,0.0,9028.5,9597.0,10930.5,11564.5,14572.5,16128.0,14420.0,224.0,6191.5,50579.0,536.5,1516.0,9630.5,150.0,294.5,10627.0,3186.5,"{""type"":""Point"",""coordinates"":[81.51838751293185,21.33052787737114]}",81.51838751293185,21.33052787737114
2357,46.97829833000003,0.0106828827348179,0.0643386009503812,-0.07486272934244,21824.0,0.0,8613.0,9161.0,10362.0,10583.5,12039.0,12299.0,11614.0,209.0,6209.5,50066.5,4712.5,1509.0,9610.0,123.0,253.5,10818.0,3172.5,"{""type"":""Point"",""coordinates"":[81.66856681503872,21.367601753825195]}",81.66856681503872,21.367601753825195
2358,50.08698751999998,0.0739713622729073,0.1027835815865741,-0.1608371763036537,21824.0,0.0,9622.0,10181.0,11828.0,13312.0,16362.0,18976.0,16549.0,224.0,5979.0,50976.0,231.0,1573.0,9503.0,562.0,507.0,10721.0,3332.0,"{""type"":""Point"",""coordinates"":[81.54109007611314,21.161173264970458]}",81.54109007611314,21.161173264970458
2359,42.950161760000015,0.0154436116437162,0.0920691388577394,-0.1088774588715693,21824.0,0.0,9232.0,9662.0,11348.0,11740.0,14121.0,14564.0,13490.0,224.0,6000.0,48888.0,454.0,1567.0,9686.0,56.0,259.0,10284.0,3318.0,"{""type"":""Point"",""coordinates"":[81.57686141190376,21.262245123545217]}",81.57686141190376,21.262245123545217
2360,42.457966880000015,-0.0322645023948909,0.175663901200894,-0.176555332297077,21824.0,0.0,8925.0,9619.0,10860.0,10880.0,15517.0,14547.0,13318.0,224.0,6007.0,48744.0,207.0,1564.0,9633.0,57.0,322.0,10280.0,3311.0,"{""type"":""Point"",""coordinates"":[81.60740202715299,21.24424070329263]}",81.60740202715299,21.24424070329263
2361,49.05303647000005,-0.0161074102336708,0.054199208302129,-0.0677242485317383,21824.0,0.0,8795.0,9457.0,10754.5,11050.5,12317.0,11926.5,11033.0,224.0,6193.0,50673.5,4940.0,1516.0,9718.0,69.0,246.0,11099.0,3187.5,"{""type"":""Point"",""coordinates"":[81.67083125981485,21.319751516926473]}",81.67083125981485,21.319751516926473
2362,42.539999360000024,-0.022785702742805,0.2148815132795867,-0.2145212218481237,21824.0,0.0,9038.5,9725.5,11256.5,11248.0,17405.0,16629.5,13197.5,224.0,5705.5,48768.0,164.5,1649.5,9683.0,111.0,351.0,10059.0,3527.5,"{""type"":""Point"",""coordinates"":[81.59567723415907,21.21421455153749]}",81.59567723415907,21.21421455153749
2363,46.586935040000014,0.0192745750832311,0.0592855453039981,-0.055938119045373,21824.0,0.0,8302.0,8809.0,10008.0,9941.0,11194.0,11634.0,10914.0,224.0,6028.0,49952.0,442.0,1561.0,9666.0,100.0,266.0,10712.0,3301.0,"{""type"":""Point"",""coordinates"":[81.66247942274788,21.38014948205353]}",81.66247942274788,21.38014948205353
2364,45.57349211000002,-0.0143317173289925,0.1212423477869702,-0.1296380224240871,21824.0,0.0,8755.0,9537.5,11042.5,11232.5,14332.0,13927.0,12486.0,224.0,6193.5,49655.5,5238.5,1512.5,9671.0,102.0,298.5,10719.0,3180.0,"{""type"":""Point"",""coordinates"":[81.64770557913502,21.247139825595156]}",81.64770557913502,21.247139825595156
2365,50.56209230000002,0.0511232742423004,0.1088708137625539,-0.1436110509422444,21824.0,0.0,9194.5,9716.5,10872.5,11668.0,14519.0,16083.5,14088.0,224.0,6177.5,51115.0,653.0,1519.5,9679.5,70.0,236.5,10830.0,3196.5,"{""type"":""Point"",""coordinates"":[81.4865214748043,21.255681188115165]}",81.4865214748043,21.255681188115165
2366,47.50809143000003,0.0244993358107312,0.1326434986333463,-0.1481100336433801,21824.0,0.0,8977.0,9534.0,10761.5,11106.5,14503.5,15232.0,13098.5,224.0,6186.0,50221.5,534.5,1518.0,9722.0,55.0,263.0,10711.0,3191.5,"{""type"":""Point"",""coordinates"":[81.57226373567967,21.29820016547249]}",81.57226373567967,21.29820016547249
2367,41.24115175999998,-0.0449661758853959,0.0376370641114294,-0.0187178741150227,21824.0,0.0,8567.0,9028.0,10118.0,9742.0,10504.0,9600.0,9010.0,224.0,6019.0,48388.0,663.0,1564.0,9646.0,71.0,251.0,10188.0,3308.0,"{""type"":""Point"",""coordinates"":[81.64393738791809,21.35857037491665]}",81.64393738791809,21.35857037491665
2368,47.56619777000003,0.0406077144332177,0.1502900396151669,-0.1693364255793466,21824.0,0.0,9180.5,9773.0,11551.0,12011.5,16260.5,17637.0,14913.0,224.0,6190.0,50238.5,5196.5,1514.5,9671.0,77.0,410.5,10924.0,3185.0,"{""type"":""Point"",""coordinates"":[81.70705299077876,21.242415392549646]}",81.70705299077876,21.242415392549646
2369,47.26712101999999,0.0080539143837168,0.1473765162372846,-0.1753562987896584,21824.0,0.0,9400.0,10032.0,11514.5,12195.5,16411.5,16678.0,14333.0,224.0,6187.5,50151.0,5147.0,1516.5,9693.0,65.0,433.5,10908.5,3189.5,"{""type"":""Point"",""coordinates"":[81.69841623957724,21.25097760336374]}",81.69841623957724,21.25097760336374
2370,41.29754909000002,-0.0064863725977094,0.1958943547377644,-0.2063131313131313,21824.0,0.0,9024.5,9539.5,11000.5,11242.0,16719.5,16504.0,13969.5,224.0,5709.0,48404.5,351.5,1648.5,9683.0,66.0,292.0,10158.5,3524.5,"{""type"":""Point"",""coordinates"":[81.58233205698818,21.242012009736264]}",81.58233205698818,21.242012009736264
2371,41.69233040000006,-0.0837994406711945,0.2123345064521535,-0.2119734172266795,21824.0,0.0,8549.0,9108.0,10583.0,10575.0,16276.5,13759.5,11310.0,224.0,6175.5,48520.0,392.5,1521.0,9616.0,139.0,292.0,10136.0,3199.5,"{""type"":""Point"",""coordinates"":[81.56327668178444,21.23733246578357]}",81.56327668178444,21.23733246578357
2372,46.83303248000004,-0.0663111696948817,0.2388493465360318,-0.2286291227282925,21824.0,0.0,8538.0,9140.0,11173.5,10934.5,17797.0,15583.5,12686.5,224.0,5894.0,50024.0,5621.0,1597.0,9633.5,67.0,367.5,10680.0,3395.5,"{""type"":""Point"",""coordinates"":[81.59103955626293,21.176611489108726]}",81.59103955626293,21.176611489108726
2373,43.775613590000034,-0.0008266325993837829,0.1858883031770907,-0.1971666396994049,21824.0,0.0,8996.0,9605.5,11164.0,11428.5,16647.5,16620.0,13904.0,209.0,6192.5,49129.5,5236.5,1513.0,9667.0,106.0,443.0,10555.0,3182.0,"{""type"":""Point"",""coordinates"":[81.72679688154649,21.233955173600396]}",81.72679688154649,21.233955173600396
2374,45.51367676000001,0.0630454816501328,0.1559657570893526,-0.1932343803935105,21824.0,0.0,9439.0,10014.0,11686.0,12620.0,17284.0,19610.0,16321.0,224.0,5981.0,49638.0,274.0,1573.0,9631.0,60.0,287.0,10475.0,3331.0,"{""type"":""Point"",""coordinates"":[81.5443576364454,21.170408099409784]}",81.5443576364454,21.170408099409784
2375,45.06249811999999,0.005714712583573,0.0870186614398301,-0.1064926427799484,21824.0,0.0,8905.0,9415.0,10748.0,11179.0,13310.0,13463.0,12479.0,224.0,5436.0,49506.0,469.0,1722.0,9677.0,107.0,292.0,10255.0,3713.0,"{""type"":""Point"",""coordinates"":[81.60454039803777,21.314558907875295]}",81.60454039803777,21.314558907875295
2376,53.065791950000005,-0.0057555244087913,0.2010042198600502,-0.218490886428094,21824.0,0.0,8659.5,9329.5,10815.5,11218.5,16863.0,16670.0,13405.5,224.0,6352.0,51847.5,14054.5,1471.0,9708.0,99.0,233.0,11590.0,3073.5,"{""type"":""Point"",""coordinates"":[81.65011408147656,21.122221280068917]}",81.65011408147656,21.122221280068917
2377,43.90891637000004,0.0120087832210191,0.1632078162886892,-0.1872759367436443,21824.0,0.0,9153.0,9712.5,11165.0,11733.5,16310.5,16707.0,14434.5,224.0,6177.5,49168.5,556.5,1522.0,9622.5,208.0,292.5,10219.0,3201.0,"{""type"":""Point"",""coordinates"":[81.54205712541362,21.303219899819997]}",81.54205712541362,21.303219899819997
2378,44.68651592000003,0.0142142508540751,0.143838040631415,-0.1564445716739426,21824.0,0.0,9386.0,9978.0,11787.0,12095.0,16159.0,16625.0,14750.0,224.0,5428.0,49396.0,132.0,1724.0,9658.0,91.0,365.0,10227.0,3720.0,"{""type"":""Point"",""coordinates"":[81.6402041068897,21.205007339357007]}",81.6402041068897,21.205007339357007
2379,45.74268410000002,0.0461145385430298,0.1219261919595411,-0.1522234140649993,21824.0,0.0,9236.5,9851.5,11262.5,11980.0,15307.0,16787.0,14596.0,224.0,6194.0,49705.0,172.5,1516.5,9759.0,90.0,379.5,10615.0,3188.0,"{""type"":""Point"",""coordinates"":[81.6004812196614,21.373876031812628]}",81.6004812196614,21.373876031812628
2380,58.80806555000004,0.0729334169142296,0.1037917998474843,-0.1561076745292638,21824.0,0.0,10070.0,10783.5,12414.5,13809.0,17007.5,19683.5,17336.5,160.0,6352.5,53527.5,14100.0,1471.0,9713.5,90.0,236.0,12223.5,3073.5,"{""type"":""Point"",""coordinates"":[81.6284065151733,21.11895857093876]}",81.6284065151733,21.11895857093876
2381,43.08517355000003,-0.033745937348731,0.1659094897342406,-0.1584779913205207,21921.0,0.0,8666.5,9302.0,10859.0,10694.5,14949.0,13973.0,12517.0,209.0,5899.0,48927.5,5114.5,1595.0,9694.0,60.0,451.5,10402.5,3391.5,"{""type"":""Point"",""coordinates"":[81.66142615949984,21.258547040156873]}",81.66142615949984,21.258547040156873
2382,42.41353262000001,0.0158279732627065,0.1581759489443805,-0.1704225880235479,21824.0,0.0,9038.0,9701.0,11062.0,11344.0,15607.0,16109.0,13573.0,224.0,6007.0,48731.0,27.0,1567.0,9670.0,112.0,529.0,10138.0,3316.0,"{""type"":""Point"",""coordinates"":[81.68560168719382,21.262383243808042]}",81.68560168719382,21.262383243808042
2383,52.80089540000006,0.0269957131270999,0.1157908722513784,-0.1582649472450175,21824.0,0.0,9321.0,10123.0,12206.0,13310.0,16796.0,17728.0,15784.0,224.0,6372.0,51770.0,10975.0,1461.0,9590.0,226.0,276.0,11477.0,3051.0,"{""type"":""Point"",""coordinates"":[81.7189204357365,21.18849160695034]}",81.7189204357365,21.18849160695034
2384,50.379228230000024,0.0573661610700936,0.1189790791910376,-0.148848854501986,21824.0,0.0,9224.0,9819.5,11303.5,12012.5,15257.0,17114.0,14911.0,224.0,5975.0,51061.5,398.0,1576.0,9668.0,76.0,251.0,10727.5,3339.0,"{""type"":""Point"",""coordinates"":[81.53338891006935,21.198466270049057]}",81.53338891006935,21.198466270049057
2385,50.676595969999994,0.0678391226995654,0.1190434508595637,-0.1567708427586456,21824.0,0.0,9456.0,10127.0,11649.0,12580.5,15980.5,18306.5,15822.5,224.0,6207.5,51148.5,5126.0,1507.5,9671.0,93.0,265.0,11244.5,3169.5,"{""type"":""Point"",""coordinates"":[81.7478837347776,21.275687765944063]}",81.7478837347776,21.275687765944063
2386,57.252866450000056,0.0452740758979409,0.1183617550564228,-0.1499110320284697,21824.0,0.0,9094.0,9860.5,11466.0,12227.0,15510.0,16981.0,15086.0,224.0,6352.5,53072.5,14082.5,1471.0,9683.5,87.0,234.0,12026.5,3073.5,"{""type"":""Point"",""coordinates"":[81.63548391553496,21.130702189762367]}",81.63548391553496,21.130702189762367
2387,53.97669428000006,0.0382861819032031,0.1407078725690713,-0.1781596849266022,21824.0,0.0,9267.0,9988.0,11477.0,12394.0,16453.0,17763.0,15105.0,224.0,6369.0,52114.0,10753.0,1464.0,9687.0,63.0,226.0,11679.0,3058.0,"{""type"":""Point"",""coordinates"":[81.6779260727571,21.210173988211018]}",81.6779260727571,21.210173988211018
2388,47.83622135000002,0.0270157538422048,0.1376638967567669,-0.1570673636415666,21824.0,0.0,9036.0,9648.0,11046.0,11493.0,15162.5,16004.5,13770.0,224.0,6191.0,50317.5,4937.0,1516.5,9637.0,252.0,316.0,10930.0,3189.0,"{""type"":""Point"",""coordinates"":[81.6661170813939,21.310974790970466]}",81.6661170813939,21.310974790970466
2389,51.46615859000002,0.0167602654802713,0.1620922694986552,-0.1902668149953205,21824.0,0.0,9168.5,9791.0,11464.0,12150.5,16851.5,17426.0,14479.0,192.0,5893.0,51379.5,5725.5,1597.0,9658.5,119.0,305.5,11159.5,3395.5,"{""type"":""Point"",""coordinates"":[81.58575042324141,21.167061899653593]}",81.58575042324141,21.167061899653593
2390,43.65085585999998,-0.0525767664973017,0.2388752692964861,-0.2357539829566506,21824.0,0.0,8595.0,8983.5,10313.5,10245.5,16676.5,15010.5,12091.0,224.0,6179.0,49093.0,716.0,1521.0,9595.5,186.0,302.5,10234.5,3198.0,"{""type"":""Point"",""coordinates"":[81.53893631177758,21.288249528190057]}",81.53893631177758,21.288249528190057
2391,56.35221818000002,0.0479108803284627,0.1213155555555555,-0.1576397173534,21824.0,0.0,9343.0,10002.0,11474.0,12356.5,15768.5,17355.5,15174.5,209.0,6360.0,52809.0,14072.5,1468.0,9618.0,79.0,231.0,11878.5,3067.5,"{""type"":""Point"",""coordinates"":[81.6357682627173,21.169785557481823]}",81.6357682627173,21.169785557481823
2392,48.80523002000001,0.0557611411582376,0.095841133502184,-0.1380105590180494,21824.0,0.0,9418.0,9927.5,11306.5,12316.0,14927.0,16690.0,15025.0,224.0,6184.0,50601.0,711.0,1517.5,9651.0,95.0,244.5,10658.0,3191.0,"{""type"":""Point"",""coordinates"":[81.51944364759333,21.26258081075175]}",81.51944364759333,21.26258081075175
2393,41.31976622000002,-0.0580604883462819,0.1506921655162008,-0.1612043698374633,21824.0,0.0,8826.0,9548.0,11018.0,11258.0,15253.0,13579.0,11786.0,224.0,5997.0,48411.0,292.0,1569.0,9684.0,81.0,280.0,10104.0,3322.0,"{""type"":""Point"",""coordinates"":[81.5987686223449,21.24349946298043]}",81.5987686223449,21.24349946298043
2394,38.73232508000001,-0.1251776256297636,0.3030144363826763,-0.2608113487496833,21824.0,0.0,8106.0,8525.0,10213.0,9318.0,17420.0,13544.0,10594.0,224.0,6000.0,47654.0,355.0,1570.0,9591.0,186.0,279.0,9818.0,3323.0,"{""type"":""Point"",""coordinates"":[81.57163642937421,21.329743354114783]}",81.57163642937421,21.329743354114783
2395,49.95026672000006,0.0655014727660336,0.1084858312099451,-0.1369288033578839,21824.0,0.0,9061.5,9602.5,10898.0,11546.0,14356.0,16368.5,13533.5,224.0,6205.0,50936.0,5185.0,1508.0,9591.0,66.0,263.0,11117.0,3171.0,"{""type"":""Point"",""coordinates"":[81.74762804412558,21.264200865017944]}",81.74762804412558,21.264200865017944
2396,53.42126603000003,0.010774186382317,0.1496619495586788,-0.1943741303874071,21824.0,0.0,9328.5,10260.0,12014.5,13174.5,17812.0,18200.0,14963.0,224.0,6354.5,51951.5,14110.0,1471.0,9646.5,270.0,298.0,11582.5,3073.0,"{""type"":""Point"",""coordinates"":[81.62152767347506,21.139452219937354]}",81.62152767347506,21.139452219937354
2397,48.712943480000035,0.0147458926450914,0.1234595409903501,-0.1647031647031647,21824.0,0.0,9228.0,9958.5,11752.0,12785.0,16386.5,16877.0,14798.0,224.0,6203.0,50574.0,5396.0,1507.0,9625.0,126.0,299.5,11003.0,3169.0,"{""type"":""Point"",""coordinates"":[81.76401283853646,21.216560296776045]}",81.76401283853646,21.216560296776045
2398,43.19796821,0.038674350756672,0.1495694914671662,-0.1719256443050615,21824.0,0.0,9489.0,10196.0,11816.0,12371.0,16722.5,18068.0,15546.0,224.0,5982.0,48960.5,152.5,1575.0,9723.0,68.0,352.0,10141.0,3335.0,"{""type"":""Point"",""coordinates"":[81.59102769549395,21.207028854564882]}",81.59102769549395,21.207028854564882
2399,44.061018260000026,-0.0655743209213309,0.209266880048773,-0.1968622718358726,21824.0,0.0,8678.0,9063.0,10648.0,10376.0,15868.0,13915.0,11687.0,224.0,6003.0,49213.0,382.0,1567.0,9605.0,341.0,338.0,10305.0,3317.0,"{""type"":""Point"",""coordinates"":[81.53268253959827,21.340355272608566]}",81.53268253959827,21.340355272608566
2400,47.81058619999999,0.0573677619416781,0.117813450251043,-0.1500181884321571,21824.0,0.0,9360.0,10111.0,11683.0,12475.0,15807.0,17731.0,15639.0,224.0,6033.0,50310.0,307.0,1556.0,9692.0,63.0,266.0,10519.0,3293.0,"{""type"":""Point"",""coordinates"":[81.72821819175641,21.29829173456741]}",81.72821819175641,21.29829173456741
2401,50.08698751999998,0.0734330749206167,0.1225480002772579,-0.168133294864397,21824.0,0.0,9690.0,10206.0,11533.0,12659.0,16195.0,18762.0,16464.0,224.0,6004.0,50976.0,375.0,1567.0,9602.0,271.0,313.0,10672.0,3317.0,"{""type"":""Point"",""coordinates"":[81.53270177732117,21.343866677626767]}",81.53270177732117,21.343866677626767
2402,49.08721667000003,0.0534438255671783,0.1638465264670018,-0.1947597654240543,21824.0,0.0,9331.5,10053.5,11740.0,12514.5,17419.0,19386.0,16077.0,209.0,6201.0,50683.5,5498.5,1506.5,9689.0,75.0,296.5,11084.0,3168.5,"{""type"":""Point"",""coordinates"":[81.7597609853436,21.195661415569624]}",81.7597609853436,21.195661415569624
2403,47.62772213000005,0.0471539975220465,0.1482724094925257,-0.1754657268215493,21824.0,0.0,9403.0,10037.0,11463.5,12122.0,16342.5,17960.0,15149.0,224.0,6208.5,50256.5,4946.0,1508.5,9708.0,69.0,244.0,10960.5,3171.5,"{""type"":""Point"",""coordinates"":[81.71274506224312,21.3205673218185]}",81.71274506224312,21.3205673218185
2404,39.32022452000001,-0.0355015487252799,0.0945265278710544,-0.1003460207612456,21824.0,0.0,8410.0,9084.0,10660.0,10786.0,13038.0,12144.0,10593.0,224.0,6003.0,47826.0,324.0,1570.0,9625.0,119.0,430.0,9843.0,3323.0,"{""type"":""Point"",""coordinates"":[81.59655690954881,21.358989157614708]}",81.59655690954881,21.358989157614708
2405,47.10305606000003,0.0070961928362243,0.1584584551696947,-0.1808439383791024,21824.0,0.0,9671.0,10311.0,12230.0,12807.0,17630.0,17882.0,15425.0,224.0,6030.0,50103.0,130.0,1558.0,9618.0,75.0,350.0,10412.0,3295.0,"{""type"":""Point"",""coordinates"":[81.75130600221496,21.28525421468105]}",81.75130600221496,21.28525421468105
2406,40.04142674000002,-0.082295311406578,0.2464539007092198,-0.2003104384943733,21824.0,0.0,8522.0,8738.0,10304.0,9350.0,15466.0,13114.0,10692.0,224.0,6023.0,48037.0,415.0,1561.0,9680.0,114.0,268.0,10097.0,3303.0,"{""type"":""Point"",""coordinates"":[81.67732650399613,21.325132700312956]}",81.67732650399613,21.325132700312956
2407,46.13917442000002,-0.0481024897268552,0.192847317744154,-0.1929410839916676,21824.0,0.0,8588.0,9077.0,10267.0,10269.0,15176.0,13783.0,11647.0,224.0,6372.0,49821.0,10075.0,1465.0,9687.0,96.0,227.0,10861.0,3060.0,"{""type"":""Point"",""coordinates"":[81.64928188680378,21.27363170166226]}",81.64928188680378,21.27363170166226
2408,45.69995885000003,0.0132862945641092,0.1476218261213273,-0.1736443956805451,21824.0,0.0,8775.0,9330.5,10732.5,11321.5,15243.0,15653.5,13312.0,224.0,6180.5,49692.5,711.0,1517.5,9703.0,98.0,231.0,10466.0,3192.5,"{""type"":""Point"",""coordinates"":[81.48725232761798,21.23896916380315]}",81.48725232761798,21.23896916380315
2409,52.13096347999999,0.0298396241697715,0.1422903791866941,-0.15475685472986,21824.0,0.0,9089.0,9882.0,10959.0,11242.0,14972.0,15893.0,13997.0,194.0,6370.0,51574.0,9949.0,1466.0,9631.0,102.0,232.0,11444.0,3062.0,"{""type"":""Point"",""coordinates"":[81.66350055878364,21.284001062977765]}",81.66350055878364,21.284001062977765
2410,45.96827342000006,-0.0113617093437341,0.2109029998477234,-0.2282134889308392,21824.0,0.0,8833.0,9495.0,11243.0,11659.5,17892.0,17490.0,14165.5,224.0,6187.0,49771.0,5436.5,1514.0,9673.0,74.0,306.5,10755.5,3185.0,"{""type"":""Point"",""coordinates"":[81.71170117780618,21.203555083880765]}",81.71170117780618,21.203555083880765
2411,47.56448876000002,-0.0418976889295827,0.20015625,-0.1957888181835873,21824.0,0.0,8443.0,8953.5,10331.5,10238.0,15362.0,14126.5,11636.5,224.0,6200.5,50238.0,5260.0,1510.0,9613.0,140.0,286.0,10890.0,3174.5,"{""type"":""Point"",""coordinates"":[81.7647242664213,21.24747127565362]}",81.7647242664213,21.24747127565362
2412,56.164227080000046,0.0601295362830841,0.1345213743369275,-0.1765996080757959,21824.0,0.0,9135.5,9901.5,11450.0,12481.5,16361.5,18455.0,15398.5,224.0,6359.5,52754.0,13980.5,1467.5,9640.5,134.0,245.0,11874.0,3066.0,"{""type"":""Point"",""coordinates"":[81.68577733596743,21.162161464591314]}",81.68577733596743,21.162161464591314
2413,49.76911166000002,0.0337488396764354,0.1074549737822023,-0.1365621587895804,21824.0,0.0,9069.0,9665.0,11071.0,11745.0,14573.0,15591.0,13678.0,224.0,5980.0,50883.0,343.0,1575.0,9711.0,83.0,281.0,10634.0,3335.0,"{""type"":""Point"",""coordinates"":[81.55478103037738,21.212748197845475]}",81.55478103037738,21.212748197845475
2414,51.16879085000005,0.0008137689709891362,0.0586054531738333,-0.0707449475680743,21824.0,0.0,8867.5,9479.5,10656.0,10919.0,12278.5,12298.5,11687.5,224.0,6194.0,51292.5,5000.5,1514.5,9690.0,65.0,280.5,11296.5,3183.5,"{""type"":""Point"",""coordinates"":[81.62768561541226,21.297076482246073]}",81.62768561541226,21.297076482246073
2415,46.51857464,0.0373151705670043,0.1800763549434474,-0.1922425291085397,21824.0,0.0,8890.0,9426.0,11204.0,11490.0,16537.0,17819.0,14747.0,224.0,6036.0,49932.0,176.0,1555.0,9641.0,66.0,339.0,10376.0,3289.0,"{""type"":""Point"",""coordinates"":[81.74320674444357,21.29557287311711]}",81.74320674444357,21.29557287311711
2416,46.11353927000005,-0.035282178139321,0.2111677951952509,-0.2123598009358984,21824.0,0.0,8406.5,9041.0,10604.0,10630.5,16322.0,15209.5,12581.5,209.0,6196.5,49813.5,5143.5,1511.5,9715.0,56.0,295.5,10807.0,3179.0,"{""type"":""Point"",""coordinates"":[81.72769422223465,21.259257054342275]}",81.72769422223465,21.259257054342275
2417,45.26757931999998,-0.0184788834292949,0.1675305826249222,-0.1891035793474818,21824.0,0.0,9241.0,9848.0,11520.0,12045.0,16893.0,16280.0,14047.0,224.0,5999.0,49566.0,385.0,1570.0,9534.0,371.0,355.0,10209.0,3323.0,"{""type"":""Point"",""coordinates"":[81.55476569996542,21.327081474112745]}",81.55476569996542,21.327081474112745
2418,57.91083530000003,0.0465537541889321,0.1104235157609746,-0.150785264001749,21824.0,0.0,9421.0,10076.5,11652.5,12650.0,15790.5,17332.5,15111.0,177.0,6355.0,53265.0,14120.0,1470.0,9665.0,111.0,240.0,12084.5,3071.5,"{""type"":""Point"",""coordinates"":[81.61783919717855,21.128402746682973]}",81.61783919717855,21.128402746682973
2419,43.64572883000005,-0.0940848652591027,0.1965965802176225,-0.1787556415215989,21824.0,0.0,8399.5,8816.0,10190.0,9820.0,14626.0,12110.5,10124.0,209.0,6194.5,49091.5,4673.5,1516.5,9702.0,63.0,242.0,10559.0,3188.0,"{""type"":""Point"",""coordinates"":[81.62832703068014,21.37841827375673]}",81.62832703068014,21.37841827375673
2420,48.453173960000015,0.0183673469387755,0.0950004377900359,-0.1218155722999641,21824.0,0.0,9635.0,10450.5,12237.5,12920.0,15632.5,16217.5,14927.0,224.0,5893.5,50498.0,5445.0,1598.0,9666.0,90.0,293.0,10861.5,3397.0,"{""type"":""Point"",""coordinates"":[81.60546673662604,21.21810621613862]}",81.60546673662604,21.21810621613862
2421,46.56813593000004,-0.0271370638113709,0.1808281275913538,-0.1893758004343226,21824.0,0.0,8810.0,9521.5,10918.5,11113.5,16020.0,15173.5,13440.0,209.0,6194.5,49946.5,5473.5,1510.0,9730.0,69.0,419.0,10864.5,3175.5,"{""type"":""Point"",""coordinates"":[81.72578824053569,21.19173712681676]}",81.72578824053569,21.19173712681676
2422,42.24263162,-0.0096843615494978,0.1705755156353958,-0.1517060796988789,21824.0,0.0,8719.0,8995.0,10367.0,9973.0,14075.0,13805.0,11285.0,224.0,6022.0,48681.0,408.0,1562.0,9680.0,91.0,265.0,10302.0,3305.0,"{""type"":""Point"",""coordinates"":[81.6774392455096,21.324362825347418]}",81.6774392455096,21.324362825347418
2423,40.34392151000003,-0.0843211659222942,0.2240333586050037,-0.2238941742788917,21824.0,0.0,8317.0,8746.0,10238.0,10235.0,16145.0,13634.0,11173.5,224.0,6179.0,48125.5,698.0,1520.0,9808.5,72.0,235.5,10163.0,3196.5,"{""type"":""Point"",""coordinates"":[81.49909513429334,21.267191471962107]}",81.49909513429334,21.267191471962107
2424,42.57759758000003,-0.0198916273378779,0.151393164417081,-0.1443028044714649,21824.0,0.0,8940.0,9409.0,10908.0,10751.0,14587.0,14018.0,12533.0,224.0,6004.0,48779.0,348.0,1565.0,9684.0,114.0,272.0,10258.0,3314.0,"{""type"":""Point"",""coordinates"":[81.59704204116947,21.25747462503477]}",81.59704204116947,21.25747462503477
2425,55.865150330000006,0.0680738170898807,0.1109527864180582,-0.1549662174368609,21824.0,0.0,9345.5,10040.5,11694.0,12790.5,15983.0,18318.0,15671.5,224.0,6359.5,52666.5,14002.0,1468.0,9746.0,78.0,230.0,11927.0,3066.5,"{""type"":""Point"",""coordinates"":[81.67315339612908,21.162866427834672]}",81.67315339612908,21.162866427834672
2426,47.39016974000003,0.0693962526023594,0.1375361480624638,-0.152061855670103,21824.0,0.0,8905.0,9469.0,10857.0,11184.0,14751.0,16951.0,14538.0,224.0,6007.0,50187.0,368.0,1566.0,9589.0,386.0,368.0,10559.0,3314.0,"{""type"":""Point"",""coordinates"":[81.53508845619433,21.348159292533296]}",81.53508845619433,21.348159292533296
2427,46.25196907999998,0.0451372731503024,0.1769627855190796,-0.2035190615835777,21824.0,0.0,9360.0,9993.0,11543.0,12197.0,17442.0,19091.0,15827.0,224.0,6011.0,49854.0,36.0,1564.0,9668.0,104.0,479.0,10455.0,3311.0,"{""type"":""Point"",""coordinates"":[81.71023200979609,21.25385321175531]}",81.71023200979609,21.25385321175531
2428,48.046429579999995,0.0660894150910054,0.1060341820718521,-0.1411811278655486,21824.0,0.0,9403.0,10218.0,11932.0,12815.0,15855.0,18099.0,16174.0,224.0,6030.0,50379.0,136.0,1558.0,9685.0,89.0,348.0,10535.0,3295.0,"{""type"":""Point"",""coordinates"":[81.74926427719737,21.28621011072355]}",81.74926427719737,21.28621011072355
2429,44.93603138000003,-0.0147722757973055,0.1191841937539834,-0.128988186128747,21824.0,0.0,8915.0,9499.0,10838.0,11056.0,14048.0,13639.0,12305.0,224.0,5431.0,49469.0,490.0,1724.0,9702.0,57.0,287.0,10276.0,3718.0,"{""type"":""Point"",""coordinates"":[81.60207868887557,21.315064703885422]}",81.60207868887557,21.315064703885422
2430,49.45807184,0.067231211250567,0.122506915125928,-0.1616134985499604,21824.0,0.0,9330.0,9857.0,11130.0,12055.0,15421.0,17644.0,14915.0,224.0,6002.0,50792.0,452.0,1568.0,9667.0,190.0,279.0,10677.0,3319.0,"{""type"":""Point"",""coordinates"":[81.52953365520018,21.334505857532797]}",81.52953365520018,21.334505857532797
2431,49.11626984000003,0.0336874432014039,0.1370206489675516,-0.1616937914406268,21824.0,0.0,9188.0,9771.0,11126.0,11702.0,15418.0,16493.0,14126.0,224.0,5423.0,50692.0,538.0,1728.0,9653.0,131.0,347.0,10729.0,3727.0,"{""type"":""Point"",""coordinates"":[81.6136803471394,21.34345134406792]}",81.6136803471394,21.34345134406792
2432,46.48439444000002,-0.0224970722988104,0.1244210478751045,-0.1167758729018939,21824.0,0.0,8349.5,8818.0,9840.0,9688.5,12442.0,11894.5,10450.5,224.0,6200.0,49922.0,4772.5,1514.0,9637.0,115.0,248.5,10790.5,3182.5,"{""type"":""Point"",""coordinates"":[81.65153807232471,21.372812179553197]}",81.65153807232471,21.372812179553197
2433,37.477911740000025,0.0152846905997387,0.0793577094215515,-0.0978787043960801,21824.0,0.0,8937.0,9751.0,11461.0,11897.0,13948.0,14381.0,12921.0,224.0,5417.0,47287.0,377.0,1731.0,9572.0,59.0,577.0,9775.0,3734.0,"{""type"":""Point"",""coordinates"":[81.60842775902024,21.363822773949327]}",81.60842775902024,21.363822773949327
2434,46.78176217999999,0.0604633931741351,0.1102477107730473,-0.1384270083232021,21824.0,0.0,9260.5,9810.0,11516.0,12194.5,15216.5,17175.0,14537.0,224.0,6192.0,50009.0,4972.5,1515.5,9682.0,98.0,290.0,10851.0,3187.0,"{""type"":""Point"",""coordinates"":[81.67707252124521,21.29607465420061]}",81.67707252124521,21.29607465420061
2435,43.589331500000014,-0.0338994338994339,0.2122915934559369,-0.2053262937225824,21824.0,0.0,8529.5,8975.0,10235.0,10087.0,15524.0,14506.0,11787.0,224.0,6189.5,49075.0,4956.5,1517.0,9692.0,96.0,280.5,10539.0,3190.0,"{""type"":""Point"",""coordinates"":[81.67267853125128,21.302311025475568]}",81.67267853125128,21.302311025475568
2436,56.19157124000003,0.0591596896843075,0.1200643757201119,-0.1584980610990258,21824.0,0.0,8950.0,9606.0,11121.5,12028.5,15311.0,17236.5,14447.0,224.0,6359.5,52762.0,14024.0,1468.5,9583.0,103.0,237.0,11831.0,3068.5,"{""type"":""Point"",""coordinates"":[81.65930082847018,21.177805081004475]}",81.65930082847018,21.177805081004475
2437,49.023983300000054,0.0365526063319475,0.1405046279646419,-0.1591766063870719,21824.0,0.0,9087.5,9651.5,10926.5,11352.0,15063.5,16206.5,13918.0,224.0,6201.0,50665.0,4985.5,1512.0,9648.0,107.0,251.0,11057.0,3178.5,"{""type"":""Point"",""coordinates"":[81.69160580206588,21.32021159093116]}",81.69160580206588,21.32021159093116
2438,45.61621736000001,-0.0007375991148810622,0.183384212821631,-0.2064915335877579,21824.0,0.0,8815.0,9391.0,10708.0,11235.0,16281.0,16257.0,13125.0,224.0,6010.0,49668.0,223.0,1565.0,9678.0,77.0,264.0,10494.0,3312.0,"{""type"":""Point"",""coordinates"":[81.55756924051458,21.352314514488572]}",81.55756924051458,21.352314514488572
2439,50.45955170000002,0.0365371189201768,0.093569033831149,-0.1124431583298883,21824.0,0.0,8934.0,9517.5,10735.0,11152.5,13455.0,14475.5,12914.0,224.0,6192.5,51085.0,4935.5,1516.5,9688.0,110.0,253.5,11226.5,3188.0,"{""type"":""Point"",""coordinates"":[81.66173249839818,21.32390495826877]}",81.66173249839818,21.32390495826877
2440,44.20628411000001,-0.0134009512047717,0.2133710869907188,-0.238304703804784,21921.0,0.0,9297.0,10174.5,11861.5,12501.5,19283.5,18773.5,15187.5,192.0,5889.5,49255.5,5839.0,1599.0,9707.0,83.0,434.0,10543.0,3399.5,"{""type"":""Point"",""coordinates"":[81.59774488182148,21.13385648940531]}",81.59774488182148,21.13385648940531
2441,45.41968121000002,0.0029746835443037,0.1382636655948553,-0.167169874228981,21824.0,0.0,9214.5,9793.0,11240.5,11926.0,15753.0,15847.0,14355.5,224.0,6185.5,49610.5,622.5,1515.5,9659.0,97.0,245.5,10430.0,3188.0,"{""type"":""Point"",""coordinates"":[81.51660538452104,21.25075292236079]}",81.51660538452104,21.25075292236079
2442,47.76102491000006,0.0377960747082221,0.1298798654493032,-0.1534703008182728,21824.0,0.0,9059.5,9502.0,10785.0,11317.0,14695.5,15850.0,13635.0,224.0,6185.0,50295.5,628.5,1518.0,9718.0,75.0,275.5,10698.0,3192.0,"{""type"":""Point"",""coordinates"":[81.56224273976142,21.29099271547659]}",81.56224273976142,21.29099271547659
2443,47.06887586000005,0.0627107986051563,0.1004026845637584,-0.131343798516474,21824.0,0.0,10008.0,10724.0,12589.0,13404.0,16396.0,18590.0,16763.0,224.0,6036.0,50093.0,229.0,1555.0,9677.0,66.0,301.0,10503.0,3290.0,"{""type"":""Point"",""coordinates"":[81.73681924566351,21.302787236272053]}",81.73681924566351,21.302787236272053
2444,55.63785200000001,0.0528997816064062,0.1196614910173199,-0.1580743268303538,21824.0,0.0,9158.0,9872.0,11350.0,12275.0,15612.0,17356.0,15062.0,224.0,6373.0,52600.0,11004.0,1460.0,9681.0,78.0,230.0,11852.0,3051.0,"{""type"":""Point"",""coordinates"":[81.72765215504192,21.18569192430044]}",81.72765215504192,21.18569192430044
2445,44.07469034000002,-0.0174751145520619,0.1946866535564543,-0.1890394770855644,21824.0,0.0,8859.0,9455.0,10980.0,10852.0,16099.0,15546.0,13028.0,224.0,5995.0,49217.0,286.0,1569.0,9654.0,87.0,285.0,10174.0,3322.0,"{""type"":""Point"",""coordinates"":[81.59852050947956,21.228647820686465]}",81.59852050947956,21.228647820686465
2446,44.04392816000001,-0.0465966776441476,0.1941953163926258,-0.1817565485362095,21824.0,0.0,8293.0,8744.5,9957.0,9703.5,14380.5,13100.0,10947.5,224.0,6191.0,49208.0,4939.5,1516.0,9685.0,103.0,304.5,10580.5,3187.0,"{""type"":""Point"",""coordinates"":[81.65655539156921,21.298486122769543]}",81.65655539156921,21.298486122769543
2447,42.902309479999985,-0.0029790660225442,0.0740644938782548,-0.087757596926301,21824.0,0.0,8535.0,9099.0,10447.0,10739.0,12457.0,12383.0,11462.0,224.0,6038.0,48874.0,343.0,1555.0,9672.0,132.0,276.0,10363.0,3290.0,"{""type"":""Point"",""coordinates"":[81.67964322178683,21.359674111158103]}",81.67964322178683,21.359674111158103
2448,48.029339479999976,0.034066734664141,0.0891824395373291,-0.1251379011863745,21824.0,0.0,9875.0,10876.5,12886.5,13859.0,16573.0,17742.0,16349.0,224.0,5904.0,50374.0,5324.5,1592.0,9592.0,344.0,391.5,10767.5,3384.0,"{""type"":""Point"",""coordinates"":[81.66103974074032,21.22857487000228]}",81.66103974074032,21.22857487000228
2449,45.08300624000003,-0.040884200624853,0.1532792376982059,-0.1785469760365158,21824.0,0.0,8752.0,9411.0,10798.0,11374.0,15492.0,14275.0,12829.0,224.0,5977.0,49512.0,360.0,1576.0,9688.0,78.0,244.0,10300.0,3339.0,"{""type"":""Point"",""coordinates"":[81.5365452689947,21.2273000260165]}",81.5365452689947,21.2273000260165
2450,46.20411680000001,0.0050916835834803,0.1361900237529691,-0.1546200637250169,21824.0,0.0,8849.0,9468.5,10944.5,11364.5,14948.0,15101.0,13085.5,224.0,6192.0,49840.0,4968.0,1516.0,9662.0,74.0,265.0,10776.5,3187.5,"{""type"":""Point"",""coordinates"":[81.67894374417759,21.304281774465743]}",81.67894374417759,21.304281774465743
2451,54.80385511999998,0.0384887705684103,0.1380778384901612,-0.1747811342953043,21824.0,0.0,9784.0,10501.0,11924.0,12856.0,16975.0,18334.0,15692.0,194.0,6373.0,52356.0,10161.0,1465.0,9650.0,116.0,238.0,11745.0,3059.0,"{""type"":""Point"",""coordinates"":[81.64705184156796,21.266051925197868]}",81.64705184156796,21.266051925197868
2452,48.81206606000001,0.0089165090516076,0.1169505794687158,-0.1388599711431337,21824.0,0.0,9411.5,10131.5,11787.5,12324.5,15589.0,15869.5,14215.5,224.0,5898.5,50603.0,5463.5,1595.5,9644.0,108.0,276.5,10878.5,3391.5,"{""type"":""Point"",""coordinates"":[81.59672741792238,21.22221716188124]}",81.59672741792238,21.22221716188124
2453,51.013270939999984,0.0715979438865636,0.1067099197541403,-0.1431426723884545,21824.0,0.0,9115.5,9513.5,10932.0,11772.0,14584.5,16834.0,14230.5,224.0,6187.0,51247.0,718.0,1517.0,9729.0,70.0,243.5,10844.0,3189.5,"{""type"":""Point"",""coordinates"":[81.512274196656,21.30040787968804]}",81.512274196656,21.30040787968804
2454,53.75452298000005,-0.0170961836361075,0.2066695626023323,-0.2271723247357868,21824.0,0.0,9257.0,9932.0,11371.0,11871.0,18056.0,17449.0,14008.0,224.0,6358.0,52049.0,11712.0,1469.0,9732.0,57.0,225.0,11687.0,3069.0,"{""type"":""Point"",""coordinates"":[81.5714865449395,21.133560988663977]}",81.5714865449395,21.133560988663977
2455,43.94138756000001,0.0420213302829458,0.1203619909502262,-0.1457889018550561,21824.0,0.0,8905.0,9445.0,10614.0,11178.0,14237.0,15486.0,13410.0,224.0,6005.0,49178.0,211.0,1568.0,9711.0,83.0,315.0,10422.0,3319.0,"{""type"":""Point"",""coordinates"":[81.57601870325756,21.351745462139437]}",81.57601870325756,21.351745462139437
2456,48.42412079000002,0.035022005805787,0.1455940117097754,-0.1683894253481736,21824.0,0.0,8954.5,9571.5,11002.0,11528.5,15457.5,16579.5,13950.0,224.0,6202.5,50489.5,5244.5,1507.5,9627.0,300.0,414.5,10978.0,3170.5,"{""type"":""Point"",""coordinates"":[81.74349636451403,21.235280229341882]}",81.74349636451403,21.235280229341882
2457,57.63397568000005,0.0375379135709714,0.1331411348447123,-0.1842569291082464,21824.0,0.0,9159.0,10117.5,11912.5,13230.0,17294.0,18643.0,15258.5,224.0,6353.5,53184.0,14042.0,1470.0,9680.0,58.0,229.0,12064.0,3071.0,"{""type"":""Point"",""coordinates"":[81.65651734471095,21.120561775268758]}",81.65651734471095,21.120561775268758
2458,46.82619643999999,0.0182540433178851,0.1584821428571428,-0.1845258473125642,21824.0,0.0,8881.5,9425.0,10719.0,11310.0,15570.0,16149.0,13865.5,224.0,6181.0,50022.0,694.0,1519.0,9706.5,84.0,238.0,10614.5,3194.0,"{""type"":""Point"",""coordinates"":[81.50107036587413,21.265033629725814]}",81.50107036587413,21.265033629725814
2459,39.21426589999999,-0.1513549239920687,0.1915613637181841,-0.2004642559210765,21824.0,0.0,8961.0,9449.0,11022.0,11228.0,16549.0,12198.0,12445.0,224.0,5980.0,47795.0,280.0,1575.0,9667.0,63.0,277.0,10005.0,3337.0,"{""type"":""Point"",""coordinates"":[81.54516117600504,21.226789732802125]}",81.54516117600504,21.226789732802125
2460,50.34504803000005,0.0167640850787465,0.0792879898411566,-0.0886496932653198,21824.0,0.0,8598.0,9104.5,10139.0,10332.0,12111.5,12524.5,11515.5,209.0,6216.0,51051.5,4677.5,1505.5,9668.0,82.0,248.0,11209.0,3164.5,"{""type"":""Point"",""coordinates"":[81.67543038435089,21.36752071459005]}",81.67543038435089,21.36752071459005
2461,45.10693237999999,0.0576588786423499,0.1010361802471685,-0.1304962533578396,21824.0,0.0,9372.0,10119.0,12300.0,13057.0,15992.0,17949.0,15586.0,224.0,6033.0,49519.0,243.0,1558.0,9620.0,267.0,342.0,10435.0,3296.0,"{""type"":""Point"",""coordinates"":[81.72921352669489,21.329673679359562]}",81.72921352669489,21.329673679359562
2462,55.14223909999998,0.0669311151238862,0.1261567044195934,-0.1663706335109532,21824.0,0.0,9169.0,9771.0,11264.0,12229.0,15760.0,18021.0,15440.0,224.0,6365.0,52455.0,10827.0,1466.0,9636.0,66.0,228.0,11763.0,3062.0,"{""type"":""Point"",""coordinates"":[81.70086781580129,21.20238724595853]}",81.70086781580129,21.20238724595853
2463,43.11593573000005,-0.0575093218634443,0.2102057438294557,-0.2132131066065533,21921.0,0.0,8718.0,9500.0,11081.5,11151.5,17087.5,15229.0,12416.0,224.0,5889.0,48936.5,5563.0,1599.5,9680.5,112.0,460.5,10417.5,3400.5,"{""type"":""Point"",""coordinates"":[81.59951056565212,21.18312306467313]}",81.59951056565212,21.18312306467313
2464,51.34140086000002,0.0010590701796096,0.0605566901489249,-0.0658395406221894,21824.0,0.0,8463.5,9017.0,10127.0,10235.0,11554.5,11579.0,11160.5,224.0,6190.5,51343.0,5014.0,1516.5,9583.0,129.0,259.5,11232.0,3188.0,"{""type"":""Point"",""coordinates"":[81.61886220402596,21.312138173787346]}",81.61886220402596,21.312138173787346
2465,48.30107207000003,0.0373031061386721,0.134460924624859,-0.1634435766514259,21824.0,0.0,9285.5,10024.0,11755.5,12473.5,16349.0,17616.0,14982.0,224.0,6200.0,50453.5,5239.5,1509.5,9627.0,300.0,431.0,10967.0,3173.5,"{""type"":""Point"",""coordinates"":[81.74279918607208,21.235374815422492]}",81.74279918607208,21.235374815422492
2466,57.013605050000024,0.0606159603219387,0.1049781659388646,-0.1488867095274418,21824.0,0.0,9471.0,10192.5,11716.0,12810.0,15815.0,17856.0,15687.5,224.0,6367.5,53002.5,13988.0,1464.5,9672.0,81.0,232.0,11996.5,3059.0,"{""type"":""Point"",""coordinates"":[81.67752307605103,21.19249128554969]}",81.67752307605103,21.19249128554969
2467,52.171979720000024,0.0234808872722548,0.1489491784486052,-0.1682337399953376,21824.0,0.0,8695.0,9333.0,10704.0,11136.0,15034.0,15757.0,13419.0,224.0,6365.0,51586.0,10704.0,1466.0,9691.0,79.0,228.0,11488.0,3063.0,"{""type"":""Point"",""coordinates"":[81.70097954087063,21.21329778427315]}",81.70097954087063,21.21329778427315
2468,40.04313575000003,-0.1524893361221364,0.3010206927324446,-0.2654020722952568,21824.0,0.0,8425.0,8677.0,10156.0,9399.0,17494.5,12865.0,10313.5,224.0,5980.0,48037.5,369.5,1575.0,9639.0,113.0,283.0,9875.0,3336.0,"{""type"":""Point"",""coordinates"":[81.56825144933632,21.211749105500974]}",81.56825144933632,21.211749105500974
2469,45.165038719999984,-0.0392813510600071,0.200272230798599,-0.219832312701385,21824.0,0.0,9129.0,9822.0,11561.5,12044.5,18077.0,16710.5,13444.0,224.0,5890.5,49536.0,5589.0,1598.5,9532.5,345.0,470.0,10481.0,3398.5,"{""type"":""Point"",""coordinates"":[81.6055218321093,21.17971364665864]}",81.6055218321093,21.17971364665864
2470,44.58055730000001,-0.0037781289982689,0.1432735003171664,-0.1618782123878386,21824.0,0.0,9542.5,10251.0,12026.0,12493.0,16671.5,16546.0,14625.5,224.0,5894.5,49365.0,5413.0,1597.0,9676.0,96.0,435.5,10503.0,3395.0,"{""type"":""Point"",""coordinates"":[81.62676232551762,21.207910583953975]}",81.62676232551762,21.207910583953975
2471,49.208556380000005,0.0294565949452341,0.1149570387262287,-0.1257760782862546,21824.0,0.0,9020.0,9489.0,10631.0,10867.0,13690.0,14521.0,12929.0,224.0,6012.0,50719.0,602.0,1566.0,9593.0,276.0,318.0,10808.0,3314.0,"{""type"":""Point"",""coordinates"":[81.62475269765501,21.349859695458044]}",81.62475269765501,21.349859695458044
2472,47.81058619999999,0.015587914555135,0.1275946948822513,-0.1487816745892128,21824.0,0.0,9160.0,9759.0,11371.0,11873.0,15346.0,15832.0,13231.0,224.0,5977.0,50310.0,276.0,1574.0,9463.0,582.0,498.0,10554.0,3335.0,"{""type"":""Point"",""coordinates"":[81.53526371836193,21.165439623447547]}",81.53526371836193,21.165439623447547
2473,57.91767134000003,0.0443779536366432,0.1340113819249722,-0.1744247985291338,21824.0,0.0,9447.5,10319.0,12011.5,13048.5,17087.0,18674.0,15663.5,209.0,6355.0,53267.0,14045.5,1469.5,9468.5,592.0,511.0,11920.0,3070.5,"{""type"":""Point"",""coordinates"":[81.65318793346633,21.133276779198937]}",81.65318793346633,21.133276779198937
2474,46.13233838000002,0.0033171425186589,0.1071193578102382,-0.1107736994982836,21824.0,0.0,8233.0,8738.5,10102.5,10177.5,12619.5,12703.5,11547.0,224.0,6207.0,49819.0,5277.5,1506.0,9639.0,57.0,269.5,10754.0,3166.5,"{""type"":""Point"",""coordinates"":[81.772327423959,21.24476857778378]}",81.772327423959,21.24476857778378
2475,46.09815818000004,0.0701113639085139,0.1138123924268502,-0.153220716539818,21824.0,0.0,9439.0,10047.0,11404.0,12357.0,15531.0,17873.0,15519.0,224.0,6029.0,49809.0,422.0,1559.0,9680.0,89.0,265.0,10672.0,3298.0,"{""type"":""Point"",""coordinates"":[81.69905757563554,21.32451938092376]}",81.69905757563554,21.32451938092376
2476,42.71431838000001,0.011760042283298,0.1151451895478435,-0.1287778742029204,21824.0,0.0,9436.0,10023.0,11545.0,11869.0,14958.0,15314.0,14174.0,224.0,6003.0,48819.0,373.0,1566.0,9626.0,121.0,273.0,10220.0,3316.0,"{""type"":""Point"",""coordinates"":[81.60076697287138,21.261475114376964]}",81.60076697287138,21.261475114376964
2477,43.442356640000014,0.0413722215084157,0.1101852540733576,-0.1290432414027919,21824.0,0.0,9135.0,9735.0,11511.0,11960.0,14922.0,16210.0,14200.0,224.0,6028.0,49032.0,409.0,1559.0,9688.0,79.0,263.0,10310.0,3299.0,"{""type"":""Point"",""coordinates"":[81.71079954786887,21.318202348080007]}",81.71079954786887,21.318202348080007
2478,47.952434030000006,0.0341885220170657,0.1371402651076054,-0.1763703986930376,21824.0,0.0,9116.5,9929.5,11847.5,12840.0,16921.5,18119.5,15255.0,224.0,5889.5,50351.5,5762.5,1599.0,9638.0,139.0,325.5,10807.0,3399.5,"{""type"":""Point"",""coordinates"":[81.59765233536052,21.15358702808682]}",81.59765233536052,21.15358702808682
2479,50.08698751999998,0.0633285166802789,0.1096721372483346,-0.1289565349083749,21824.0,0.0,9293.0,9930.0,11503.0,11962.0,14909.0,16925.0,14833.0,224.0,6034.0,50976.0,195.0,1556.0,9714.0,54.0,316.0,10734.0,3293.0,"{""type"":""Point"",""coordinates"":[81.74253325413382,21.306326978775672]}",81.74253325413382,21.306326978775672
2480,48.05839265000003,-0.0113261076755989,0.07428248534363,-0.0720612767557153,21824.0,0.0,8099.5,8671.0,9873.5,9829.5,11407.0,11151.5,9872.5,224.0,6366.5,50382.5,13981.0,1464.0,9738.0,58.0,222.0,11087.5,3058.5,"{""type"":""Point"",""coordinates"":[81.68368920290045,21.177273416611325]}",81.68368920290045,21.177273416611325
2481,51.27474947000002,0.0289641501806184,0.140764799607795,-0.2007159789076484,21824.0,0.0,9720.5,10665.5,12391.5,14021.0,18615.0,19725.5,15716.5,145.0,6357.0,51323.5,14182.0,1470.0,9633.0,122.0,237.0,11346.0,3071.5,"{""type"":""Point"",""coordinates"":[81.58847960067973,21.15216960793778]}",81.58847960067973,21.15216960793778
2482,44.81298265999999,0.0359344262295081,0.1038780643465855,-0.1356403522323497,21824.0,0.0,9253.0,9898.0,11190.0,11935.0,14702.0,15798.0,13849.0,224.0,6024.0,49433.0,495.0,1561.0,9690.0,95.0,262.0,10553.0,3303.0,"{""type"":""Point"",""coordinates"":[81.67638639337001,21.33323920088631]}",81.67638639337001,21.33323920088631
2483,46.00758065000002,-0.0535012562004767,0.2034808845715126,-0.2073013177808128,21824.0,0.0,8785.0,9447.5,10737.5,10823.5,16353.5,14692.5,12323.0,224.0,6192.5,49782.5,5470.5,1510.5,9730.0,69.0,427.5,10809.5,3177.5,"{""type"":""Point"",""coordinates"":[81.7257571426004,21.192202286992764]}",81.7257571426004,21.192202286992764
2484,42.41353262000001,-0.0296849389910763,0.2001273569887147,-0.2176160223968989,21824.0,0.0,8916.0,9466.0,10899.0,11305.0,16962.0,15984.0,13587.0,224.0,6001.0,48731.0,336.0,1569.0,9782.0,104.0,260.0,10245.0,3321.0,"{""type"":""Point"",""coordinates"":[81.55737878035227,21.333365413537084]}",81.55737878035227,21.333365413537084
2485,37.61805056000003,-0.1235734722088276,0.2865240917289358,-0.2558298300456326,21824.0,0.0,8600.0,8905.0,10355.5,9691.5,17475.5,13631.5,11102.5,224.0,6173.5,47328.0,420.0,1521.0,9692.0,80.0,279.0,9699.0,3200.5,"{""type"":""Point"",""coordinates"":[81.56279212989168,21.219991842124216]}",81.56279212989168,21.219991842124216
2486,49.11968786,0.0408632296132092,0.1434900893898173,-0.159624783225603,21824.0,0.0,8644.0,9226.5,10661.0,11019.0,14711.0,15964.5,13625.0,224.0,6198.5,50693.0,5185.5,1510.5,9696.0,104.0,303.0,11097.5,3177.0,"{""type"":""Point"",""coordinates"":[81.74071983210276,21.251520872199215]}",81.74071983210276,21.251520872199215
2487,43.06979246000003,0.0251762979035706,0.1132976203491126,-0.1265995500977246,21824.0,0.0,9628.0,10137.0,11842.0,12166.0,15275.0,16064.0,14915.0,224.0,6001.0,48923.0,141.0,1566.0,9628.0,105.0,362.0,10074.0,3316.0,"{""type"":""Point"",""coordinates"":[81.61730308352116,21.231951936087373]}",81.61730308352116,21.231951936087373
2488,47.93705294000006,0.0175599048838485,0.1577094410116396,-0.1798345170974591,21824.0,0.0,9027.0,9662.0,11201.0,11723.0,16113.0,16689.0,14095.0,224.0,5974.0,50347.0,376.0,1576.0,9719.0,86.0,268.0,10654.0,3338.0,"{""type"":""Point"",""coordinates"":[81.51272843313997,21.17807678432627]}",81.51272843313997,21.17807678432627
2489,46.14259244000005,-0.0089376396506195,0.1458561624084434,-0.1600171266202172,21824.0,0.0,8847.5,9417.5,10790.0,11107.5,14901.0,14637.0,12489.5,224.0,5717.5,49822.0,399.5,1646.0,9547.0,344.0,367.5,10324.0,3519.0,"{""type"":""Point"",""coordinates"":[81.60107417366888,21.321260501479525]}",81.60107417366888,21.321260501479525
2490,49.48541599999999,0.0468783621776152,0.1193097722103895,-0.1333845085352926,21824.0,0.0,9355.0,9933.0,11854.0,12198.0,15503.0,17028.0,14676.0,224.0,6034.0,50800.0,338.0,1557.0,9678.0,66.0,265.0,10658.0,3295.0,"{""type"":""Point"",""coordinates"":[81.73839768302315,21.321037152715625]}",81.73839768302315,21.321037152715625
2491,44.72240513000003,-0.0679541379480515,0.1858765937237423,-0.1881554144323859,21824.0,0.0,8930.0,9570.5,11090.0,11142.5,16230.5,14165.0,11914.0,224.0,6196.5,49406.5,5225.0,1511.0,9691.0,57.0,284.0,10647.5,3178.0,"{""type"":""Point"",""coordinates"":[81.64232202227205,21.252651300156916]}",81.64232202227205,21.252651300156916
2492,46.59206207,0.0033988346852507,0.1227556470815367,-0.1607591357429184,21824.0,0.0,9618.0,10566.5,12614.0,13631.5,17446.5,17565.5,15755.0,224.0,5893.0,49953.5,5145.0,1597.5,9674.0,57.0,323.5,10671.5,3397.0,"{""type"":""Point"",""coordinates"":[81.6911535761889,21.255480119932113]}",81.6911535761889,21.255480119932113
2493,48.99151211000003,0.0133695898481758,0.1355228106778934,-0.1584188521474724,21824.0,0.0,9029.5,9613.0,11071.0,11601.5,15239.0,15652.0,13732.5,209.0,6208.5,50655.5,5191.5,1506.5,9646.0,139.0,276.5,11050.0,3166.5,"{""type"":""Point"",""coordinates"":[81.7530591395711,21.263302446835034]}",81.7530591395711,21.263302446835034
2494,43.64914685000002,-0.0248972769691482,0.2024266688454939,-0.1912095028026792,21824.0,0.0,8407.0,8810.0,9992.0,9761.5,14716.5,14001.5,11459.5,224.0,6191.5,49092.5,4943.5,1516.5,9680.0,110.0,273.0,10540.0,3189.0,"{""type"":""Point"",""coordinates"":[81.66996740726339,21.30850913579397]}",81.66996740726339,21.30850913579397
2495,49.805000870000015,0.0065330338311699,0.1262343519166472,-0.151619956271119,21824.0,0.0,9226.5,9686.0,10670.5,11237.5,14484.5,14675.0,13247.0,224.0,5718.5,50893.5,332.5,1646.5,9458.0,665.0,574.0,10483.5,3519.5,"{""type"":""Point"",""coordinates"":[81.61770703932322,21.35255180395446]}",81.61770703932322,21.35255180395446
2496,48.47368208,0.0396964652599691,0.1601413171482924,-0.17908963688591,21793.0,0.0,9069.0,9641.5,11145.5,11589.0,16008.5,17332.0,14393.0,224.0,5895.5,50504.0,5526.5,1595.5,9705.5,104.0,454.0,10927.0,3392.0,"{""type"":""Point"",""coordinates"":[81.64799016205842,21.185200108642935]}",81.64799016205842,21.185200108642935
2497,44.83007276000001,0.0722166226266038,0.1345859151175961,-0.1634612099887268,21824.0,0.0,9637.0,10374.0,12244.0,12989.0,17029.0,19680.0,17471.0,224.0,6030.0,49438.0,148.0,1558.0,9651.0,44.0,339.0,10378.0,3296.0,"{""type"":""Point"",""coordinates"":[81.76256444250073,21.28306124615296]}",81.76256444250073,21.28306124615296
2498,47.21243270000002,-0.0727870889400336,0.2595613467946486,-0.2595404661649149,21824.0,0.0,8948.0,9524.5,11166.5,11166.0,18994.5,16417.0,12935.0,224.0,5893.0,50135.0,5482.0,1597.5,9824.0,78.0,312.0,10853.5,3396.5,"{""type"":""Point"",""coordinates"":[81.59901672966224,21.20485341786219]}",81.59901672966224,21.20485341786219
2499,46.77492614000005,0.0170105749855511,0.1090550209721194,-0.1280001433974439,21824.0,0.0,9562.0,10371.0,12162.0,12638.5,15732.5,16277.0,14838.5,209.0,5907.0,50007.0,5391.0,1590.5,9616.0,246.0,335.5,10664.0,3381.0,"{""type"":""Point"",""coordinates"":[81.65929712818371,21.222063904978455]}",81.65929712818371,21.222063904978455
