longitude,latitude,Year,observed_LST,NDVI,NDBI,NDWI,predicted_LST,prediction_error
81.63335441149856,21.11858290235956,2026,49.78449275000003,0.09862902,0.08319396,-0.1398079,50.603085,-0.8185918142089577
81.62163164820946,21.118770800734413,2026,52.37193389000004,0.096673,0.07688471,-0.14242661,48.945923,3.4260110384375366
81.62154404436265,21.11942788107318,2026,52.474474490000034,0.09395593,0.07921693,-0.1382965,49.379753,3.0947213772070654
81.62859319730192,21.119945275066183,2026,51.478121660000056,0.12040291,0.0694678,-0.17373823,47.358128,4.119994066005916
81.62561637104201,21.120315497532825,2026,53.139279380000005,0.097106524,0.08023349,-0.13932082,49.366962,3.772316947138677
81.60644803509958,21.120361761684023,2026,43.13644384999998,0.17151614,0.016594108,-0.19982065,45.389133,-2.252689603369163
81.62286029246017,21.12039563350837,2026,52.08482021000003,0.095647365,0.07805361,-0.14121546,49.291824,2.7929958691797196
81.62962621408052,21.12073345470417,2026,52.52403578000002,0.090106875,0.07743347,-0.13797596,52.01726,0.5067742748730666
81.6055027684062,21.12075966838053,2026,41.56928168000002,0.23987998,-0.075602755,-0.24337615,42.439545,-0.8702629977343577
81.62052723908829,21.12094514268024,2026,49.78449275000003,0.10169372,0.07093971,-0.14318144,47.381786,2.40270640356448
81.5962056223231,21.12118665360553,2026,38.10340940000003,0.28543454,-0.15982273,-0.29135588,36.53483,1.568581213964876
81.65302480819625,21.12179669527496,2026,45.60425429000003,0.18556555,-0.03287312,-0.20253597,43.861134,1.7431207145605754
81.61577848117486,21.122286466834296,2026,45.75293815999999,0.18774097,-0.0055049183,-0.20356467,45.08029,0.6726464119531173
81.66877578240471,21.122545243705204,2026,52.36338884000003,0.096981905,0.0794215,-0.14389329,49.458324,2.9050644076269805
81.63695450495048,21.1225579827077,2026,49.18121222000002,0.15176961,0.012484108,-0.17805716,45.461147,3.720064911650411
81.59526763196466,21.122639581775555,2026,40.839534410000056,0.24242169,-0.102535665,-0.2520209,41.955727,-1.1161922135351006
81.58901871468171,21.12307850352115,2026,42.04951348999998,0.23977564,-0.09042592,-0.25710902,42.191265,-0.1417516162011907
81.63515412333882,21.123114403909543,2026,53.81604734000001,0.09225378,0.07878709,-0.12523685,51.690453,2.1255947643164177
81.60990780404948,21.12322739797519,2026,41.92133774000001,0.2022789,-0.070972376,-0.21400502,42.65006,-0.728721006337878
81.65617589743711,21.12344216443976,2026,46.7680901,0.16462019,0.02393395,-0.19180652,45.095467,1.6726234862304707
81.66883436005777,21.12345322715404,2026,52.16001664999999,0.09656267,0.08079674,-0.14097062,49.378117,2.781900042333973
81.65435982311487,21.124228212235376,2026,46.87917575000006,0.1798757,-0.015507939,-0.20638758,43.636173,3.243002501709043
81.61716869986063,21.124295929426182,2026,47.391878750000046,0.1439836,0.014797461,-0.17728561,45.40866,1.9832178613281712
81.65455671012728,21.12432255281258,2026,46.87917575000006,0.1798757,-0.015507939,-0.20638758,43.636173,3.243002501709043
81.58201751206649,21.124388937891474,2026,40.755792919999976,0.020799318,-0.02271111,-0.008273735,38.22649,2.529302899248023
81.61135471210864,21.124464216991232,2026,46.30494839000005,0.22011547,-0.03854377,-0.22931458,42.591434,3.713513911240284
81.58470882788393,21.124602432378005,2026,44.12425163,0.17620051,0.0012946397,-0.20745692,44.859497,-0.7352454403124966
81.63975879049768,21.12515543677828,2026,50.94491054000002,0.13103908,0.034326725,-0.16854626,48.04968,2.895231737509789
81.58157591165819,21.125235164824044,2026,43.78757666000001,0.19689538,-0.050541688,-0.2080296,41.923485,1.8640918577539196
81.6153533283688,21.125516481985755,2026,46.94240911999998,0.13072327,0.03326502,-0.16182114,46.101265,0.8411441663866981
81.67566065042445,21.125638304645285,2026,50.30061377000004,0.11372562,0.07071797,-0.17375839,48.630665,1.6699489445605877
81.66410413821464,21.12606257575398,2026,44.62157353999999,0.111661956,0.044715986,-0.14081757,46.787987,-2.166413215371101
81.66186613688012,21.126339867183543,2026,49.36236728000006,0.095349744,0.07896584,-0.1415613,49.763348,-0.4009803457323642
81.67705960102354,21.126975259341968,2026,50.83553390000003,0.089883156,0.06123914,-0.14359105,49.460922,1.3746116587890924
81.60301259672296,21.12706533463964,2026,39.69107969000004,0.21865267,-0.089988455,-0.2345425,41.491123,-1.8000435094628529
81.6187830539358,21.128377224506103,2026,48.54033347000001,0.1406101,0.041563556,-0.18476032,46.417686,2.1226470075976636
81.59520696825705,21.12839924208826,2026,40.67717846000005,0.12143082,-0.05629748,-0.13277827,40.48312,0.19405849540044073
81.66305152524775,21.128514839305023,2026,46.89284783000005,0.09609817,0.043767314,-0.1348017,47.023933,-0.13108558064448061
81.59571234469941,21.129044481061268,2026,38.60244032000003,0.19192424,-0.076032944,-0.1861258,41.5365,-2.934058703437472
81.57170557222558,21.12909883643149,2026,47.82767630000001,0.09495102,0.020289322,-0.11917933,45.2235,2.6041770019043042
81.66777506143838,21.12930875083804,2026,46.954372190000015,0.15733154,-0.0060659284,-0.1782048,44.42437,2.5300023779882963
81.64834798048886,21.12960766062037,2026,51.27816748999999,0.11445053,0.06621898,-0.17413731,49.836536,1.441631082529284
81.64324101202298,21.12964189734301,2026,49.615300760000025,0.10152005,0.06022275,-0.12888189,48.13333,1.4819694611719
81.58552959523325,21.129895088994022,2026,39.78336623000001,0.22421859,-0.09586887,-0.21666856,41.856052,-2.072686168681628
81.66401572749425,21.130239342247776,2026,49.51788719000001,0.10410274,0.06527713,-0.1450699,49.142326,0.37556083501954163
81.58206604174116,21.13025386831039,2026,39.12197936000001,0.26308393,-0.11761231,-0.2555841,40.301273,-1.179293985947254
81.67064527364136,21.130662504911445,2026,46.81765139000004,0.1523006,0.016057637,-0.182572,46.649925,0.16772615806644353
81.57701672713951,21.1309100199607,2026,47.49612836000006,0.14415234,0.021451132,-0.17400908,45.882885,1.6132433807520101
81.59160601272943,21.13141692676809,2026,38.06410217000001,0.24634878,-0.11976921,-0.24779205,39.80564,-1.7415390043163939
81.58044486809126,21.131912278354044,2026,44.92577732000001,0.23096801,-0.034304928,-0.23397978,41.30334,3.6224364081347744
81.65969376752568,21.132058232662523,2026,50.89705826,0.13000506,0.04482723,-0.17285003,48.555897,2.3411615009667983
81.63465590231588,21.13222428393116,2026,44.51219690000005,0.23712862,-0.073451795,-0.23964944,41.93909,2.5731061712402834
81.66404534734812,21.13223133823182,2026,49.40509253000005,0.13957167,0.038730387,-0.18776722,48.33073,1.0743620917676253
81.61492283036179,21.132253919142496,2026,44.85570790999998,0.17110613,0.011702067,-0.20532677,45.382107,-0.5263988710058811
81.5672840549844,21.132365391623765,2026,49.00005715999998,0.14650567,0.005080333,-0.17263575,45.314884,3.6851729742089674
81.64854101464145,21.13245640093768,2026,49.909250480000026,0.16383703,0.0031108425,-0.19354898,44.91786,4.991392356220729
81.68977263983285,21.13272568906365,2026,51.26962244000004,0.11936268,0.07365245,-0.16506219,50.48232,0.7873035618262136
81.69288380318766,21.1328543283254,2026,48.28739999000004,0.18091486,0.0064241714,-0.20756534,43.88879,4.3986098593848055
81.64239155019796,21.13296958603587,2026,48.88555349000001,0.15127823,0.041377116,-0.18168075,46.455555,2.4299985278418035
81.66883447403197,21.133014103522147,2026,47.59012390999999,0.14031173,0.04729568,-0.19041677,48.062634,-0.47250960440430845
81.6012783312685,21.133068066050264,2026,39.70987880000001,0.25402695,-0.095156536,-0.260552,41.88641,-2.1765309595214717
81.65395748014363,21.13314577996905,2026,50.389482290000046,0.12927134,0.050687425,-0.16956569,48.31984,2.069642812460984
81.67300236838084,21.133795627578536,2026,47.57986985000002,0.16253336,0.034343135,-0.1938177,46.005962,1.573907478173851
81.66917589860363,21.13380409313164,2026,47.03811368000004,0.11024656,0.0081395,-0.15688992,45.51029,1.527825441474647
81.58739162122355,21.13390842409774,2026,38.81093954000005,0.2457157,-0.09382272,-0.24719201,41.13743,-2.326488743691357
81.68455562750782,21.13425405810118,2026,51.179044910000016,0.103798345,0.07403974,-0.14991815,49.55257,1.6264745669824379
81.57619963060417,21.134690911807706,2026,40.36613864000003,0.24429946,-0.1259089,-0.2548137,39.864082,0.5020563035742498
81.69575979159114,21.134698081484533,2026,47.10305606000003,0.13624996,0.049890008,-0.19232473,48.70953,-1.6064738167089558
81.66556385098653,21.135144254214296,2026,49.01543824999999,0.094714716,0.038313866,-0.13148063,47.1453,1.870136431152332
81.7005190464279,21.13525364567941,2026,45.165038719999984,0.18803923,-0.09483198,-0.19296557,40.145847,5.0191913994433435
81.56708371001167,21.135486433744457,2026,48.254928800000016,0.12015973,0.07302671,-0.16615552,49.019627,-0.7646978174316246
81.58545042388828,21.136164923489904,2026,39.11856134000004,0.25306213,-0.11595245,-0.25351435,40.330074,-1.2115129703026923
81.65179916147737,21.136327225940004,2026,42.90914552000004,0.19838792,-0.03384442,-0.20295216,43.739895,-0.8307493469433211
81.5819816413657,21.136696477274377,2026,40.94036600000004,0.24294849,-0.10609138,-0.24448787,40.781605,0.15876123315433688
81.65352936397723,21.136975777238188,2026,44.58910235000002,0.16468687,0.0039178766,-0.18797429,44.836666,-0.24756375717771562
81.63214413730874,21.13728925006471,2026,46.01612570000003,0.15350398,0.046661325,-0.1898097,46.08903,-0.07290551948238999
81.58358675295122,21.13748864513357,2026,42.35371727000006,0.23319243,-0.09440717,-0.23453495,41.229202,1.1245149994922485
81.65707874523218,21.1378534601984,2026,49.95881177000001,0.13637376,0.055347726,-0.18723418,48.857224,1.1015882592578237
81.62817441960114,21.13786347961459,2026,45.22998110000003,0.1761651,-0.024648536,-0.1858589,43.40183,1.8281523341308912
81.61394588302757,21.137906156371933,2026,46.13746541,0.18319108,-0.008299916,-0.20035526,44.57085,1.566615037685544
81.59293544668523,21.138101225465164,2026,36.99084389000001,0.24261183,-0.087758504,-0.24730127,42.27295,-5.282105328749992
81.67667401522063,21.13817196594539,2026,46.985134370000026,0.15990292,0.007619135,-0.18719175,45.454216,1.530918366582057
81.65667817567207,21.138296298937604,2026,50.669759930000055,0.13226822,0.056515,-0.18304431,48.574505,2.095255077705133
81.68359676331985,21.13836778481954,2026,50.83895192,0.10129011,0.04950495,-0.13657978,47.3687,3.470253799882812
81.62748057125432,21.138407912105144,2026,44.19944807000002,0.18813385,-0.045403942,-0.19103184,42.326912,1.8725361437304855
81.69754455549479,21.13894007779942,2026,45.40771814000004,0.17944539,0.009390859,-0.20977826,44.684475,0.7232431949316833
81.5813799549035,21.138986193111023,2026,44.55492215000004,0.16796944,0.007051253,-0.19251743,45.495396,-0.9404735104003521
81.64503723384308,21.13902483631363,2026,46.01099867000005,0.11414441,0.041219186,-0.15021412,47.045803,-1.0348044000683103
81.6233390714087,21.139095081498567,2026,45.73584806000002,0.12390111,0.03155291,-0.15154412,45.897697,-0.1618493887304453
81.58129627281286,21.139118531988604,2026,44.55492215000004,0.16796944,0.007051253,-0.19251743,45.495396,-0.9404735104003521
81.68289862405058,21.13929619863936,2026,49.85285314999999,0.12606552,0.03781734,-0.17023262,47.32345,2.5294049688476434
81.57610063590099,21.13932712320165,2026,43.47824585000001,0.16328795,0.0074922014,-0.20366149,46.093376,-2.6151303096679612
81.58832198875601,21.13934612034636,2026,40.37297468000003,0.22084136,-0.082929276,-0.24094371,42.67121,-2.298236562675754
81.63725136256748,21.13936200777177,2026,43.94480557999998,0.21885581,-0.07352872,-0.22703503,42.244595,1.70021100602537
81.5579508940157,21.139411365704607,2026,50.58943646,0.13901184,0.034701843,-0.17756043,46.648132,3.9413041357812517
81.61956350934882,21.13965529416003,2026,46.88772080000001,0.12378654,0.03952797,-0.16004103,46.871784,0.015936589794932843
81.64854469391642,21.13995695427589,2026,44.81469167,0.15125321,-0.018680438,-0.16865098,42.907917,1.9067746472949239
81.67382084298671,21.140038490622366,2026,45.16332971000003,0.22286274,-0.07881017,-0.22796032,42.271797,2.8915325298242465
81.69526295857602,21.140059789220697,2026,47.28762914000004,0.17098074,-0.010485822,-0.19433852,43.729645,3.5579843646094176
81.57176758644671,21.14009189561682,2026,49.68707918000001,0.14455816,0.033797327,-0.18873103,46.914894,2.7721850759961058
81.70226307231898,21.14013397911976,2026,45.67774172000003,0.1848519,-0.02057765,-0.20755541,43.62789,2.049850179472685
81.69749676378714,21.14035810048752,2026,45.404300120000016,0.15341291,0.0068321843,-0.18735415,45.81353,-0.4092298482617025
81.64095925507678,21.14092239286952,2026,46.63649633,0.12744586,0.037305105,-0.15560234,46.87383,-0.23733255793945318
81.67101145189186,21.140961540111867,2026,46.19215373000003,0.23124486,-0.0341008,-0.24062303,42.180386,4.01176814040042
81.63980732865627,21.141213592079744,2026,44.14475975000005,0.17292069,-0.004799457,-0.1962373,44.68164,-0.5368808749999516
81.57370751823066,21.14218598118467,2026,48.69585338000002,0.14713131,0.038069736,-0.18263794,47.214794,1.48105922106447
81.59671871549784,21.142213625323635,2026,38.94424232000006,0.23682113,-0.07058047,-0.24117747,42.519035,-3.574793019355411
81.6694735668326,21.1422924601648,2026,45.99903560000001,0.17820738,-0.01915476,-0.20061606,43.580563,2.418473008447279
81.6372512858572,21.142353670111696,2026,46.60231613000002,0.1642391,0.013304996,-0.19589266,44.03869,2.563627470332051
81.57729161557518,21.14261143503021,2026,44.03367409999999,0.1610514,0.024332475,-0.20181836,46.184464,-2.1507894009765707
81.6086962909701,21.142643222347367,2026,42.59126966000002,0.23813766,-0.096252464,-0.24676894,41.770145,0.8211242437402575
81.59360346120471,21.14266619057118,2026,40.91814886999998,0.22409385,-0.07593807,-0.2340989,42.48418,-1.5660315804394713
81.63654764628232,21.142690978676264,2026,47.63114015000002,0.14094792,0.024504827,-0.17061904,46.356426,1.2747139109863497
81.62421273267238,21.142726268055227,2026,44.146468760000005,0.17530659,0.025685625,-0.19291353,44.663746,-0.5172771201269484
81.5924886834714,21.14274499082656,2026,42.44258579000001,0.19453996,-0.018287329,-0.21169305,43.46662,-1.0240356089257716
81.65730613882823,21.142789468060283,2026,48.96074993000002,0.11821545,0.052493684,-0.14920178,47.577908,1.3828423677441606
81.68506351013032,21.14282896026469,2026,50.02717217000003,0.104525864,0.07641017,-0.14854518,48.92625,1.1009217122363566
81.68810773710594,21.1431644066974,2026,46.45875928999999,0.10006352,0.05750045,-0.13488077,46.415474,0.0432853520117078
81.69021654353459,21.143255883891094,2026,45.823007570000016,0.1496155,0.0045180214,-0.16711138,44.514015,1.3089923722461094
81.69207139571348,21.14341468169263,2026,47.49271034000003,0.088699065,0.074839786,-0.1316423,47.53494,-0.04222847225582882
81.62925573758005,21.143636022932203,2026,48.025921460000006,0.11977561,0.029181644,-0.14891943,45.773823,2.2520986755761783
81.59139174819707,21.144015451536248,2026,41.16253730000005,0.22804475,-0.06516814,-0.24393241,43.956615,-2.7940781479980004
81.68068883510705,21.1440150984408,2026,47.61746807000003,0.17360961,-0.0150431795,-0.19923204,44.06658,3.5508863439258107
81.697919830245,21.14406251641463,2026,49.40509253000005,0.09023322,0.07564074,-0.12907197,50.66808,-1.262986846220656
81.62583700118874,21.14428521261852,2026,45.52734884000006,0.16899493,0.022606796,-0.19350883,45.63111,-0.10376230501947248
81.69642511104267,21.144324668310965,2026,50.84920598000002,0.104896426,0.04836921,-0.14030562,47.581676,3.267529496845725
81.68290893175802,21.144406152100498,2026,42.167435179999984,0.050477125,-0.035607524,-0.057123628,40.274097,1.893337737373031
81.69907332098771,21.14446069950464,2026,48.14213414000005,0.1222881,0.06333347,-0.17435321,48.54333,-0.4011970062401815
81.68794679346186,21.14471458207739,2026,46.366472750000014,0.1148235,0.023175254,-0.14990437,45.454105,0.9123673728027484
81.66974934043174,21.14473916743183,2026,49.07012657000001,0.13132145,0.05432042,-0.17604303,47.854218,1.2159090407031385
81.62354787185694,21.14522477363349,2026,44.84374484,0.19364992,-0.018999794,-0.21026106,43.348774,1.4949708837011713
81.70270184784735,21.145267347889607,2026,48.453173960000015,0.12202486,0.07932139,-0.16172013,48.46521,-0.012036000937484914
81.59829405401524,21.14527722973544,2026,39.28091729000005,0.093146876,-0.02761881,-0.089422315,44.813118,-5.532200690956984
81.5613204350718,21.14542033179985,2026,51.03036104,0.11086618,0.06478904,-0.16462752,48.96603,2.064330919150393
81.62208274794342,21.14542048115448,2026,46.146010460000014,0.1652758,0.04110439,-0.19532432,45.028477,1.117533744912123
81.62254662724409,21.14548011348104,2026,45.978527480000025,0.14868824,0.029061444,-0.18097128,47.56415,-1.5856242839159904
81.60226537085273,21.14554887070617,2026,36.30553087999999,0.18914962,-0.11777562,-0.1646776,39.734913,-3.429381992314461
81.54269207581382,21.14576562362022,2026,49.80329186000006,0.12248051,0.07153853,-0.16681267,50.250126,-0.44683402500970715
81.62913105917868,21.145840940727165,2026,48.69414437,0.15310416,0.049450114,-0.19830438,46.51594,2.1782027501269496
81.65791088103667,21.1460662712321,2026,46.73220089000006,0.14626385,0.048086416,-0.17628907,47.026516,-0.2943150706933011
81.63052404399117,21.14612438348896,2026,45.18212882,0.17581657,-0.01241388,-0.1907267,44.12035,1.0617789359667995
81.56596651293025,21.146413703737533,2026,47.95414304000002,0.21437962,-0.04713885,-0.2331963,42.79134,5.162803165732441
81.55433164723495,21.146531277040108,2026,38.69472686000006,0.011450949,-0.055561304,-0.0072070295,37.264427,1.430299674941466
81.6495023280318,21.146552991053795,2026,45.740975090000006,0.15870576,0.03170003,-0.18257284,45.144417,0.596558280917975
81.6265914369981,21.146611185408883,2026,46.68434861000003,0.16693953,0.041679595,-0.194402,45.49087,1.1934771805566697
81.63176307411668,21.14672489002189,2026,46.345964630000026,0.15752721,-0.0034261835,-0.18805937,44.177536,2.1684286192578384
81.62259087192402,21.14691332829357,2026,45.65039755999999,0.15235968,0.04922983,-0.18898974,45.483685,0.16671302020506573
81.62339599775872,21.14693874000604,2026,45.76319222000001,0.19947201,-0.017847931,-0.20889932,43.190456,2.5727358296191483
81.61138974832471,21.146959661560945,2026,40.34733953,0.27665696,-0.11193635,-0.26762697,41.017666,-0.6703263330371101
81.68269866617649,21.14714712472027,2026,43.68674507000003,0.23292978,-0.07766351,-0.2327087,41.31154,2.3752063737109665
81.67722202926025,21.147220426087525,2026,48.73516060999998,0.13876614,0.04212803,-0.19383423,49.900517,-1.1653559000097857
81.6855632456351,21.14726861880084,2026,48.52837040000003,0.12412855,0.037588075,-0.17168531,47.594593,0.9337773519043253
81.69447593914073,21.14731672474564,2026,48.25834682000004,0.12934251,0.057763267,-0.18527082,48.428066,-0.16971943366206688
81.71471988610509,21.14735353148684,2026,53.92029695000002,0.084655784,0.08705159,-0.12616539,48.59213,5.328168196337913
81.64174754968045,21.147642366269874,2026,47.624304110000026,0.13291173,0.04344275,-0.16344704,46.570812,1.0534918846582286
81.61113757901401,21.1476573862798,2026,39.27408125,0.2692301,-0.12857844,-0.25767666,39.03201,0.24207212524414246
81.54764450686163,21.1480853298448,2026,47.37820667000005,0.08541003,0.059400678,-0.11930763,48.425266,-1.0470595958690936
81.62627701343037,21.14817448338968,2026,47.15432636000003,0.15623517,0.00853052,-0.18444364,44.550514,2.603812138808621
81.69528352040395,21.14832846675185,2026,48.29594503999999,0.12760317,0.044713043,-0.17013575,48.657322,-0.3613768899316483
81.56559365949033,21.148602454944456,2026,48.47026405999998,0.12201468,0.06773461,-0.16912276,48.317284,0.15298042962888303
81.603911794905,21.14867202209892,2026,48.61723891999998,0.1097293,0.026118677,-0.14915763,45.978523,2.638715665605446
81.68980308217759,21.14917520743308,2026,44.932613360000005,0.14712839,-0.008021564,-0.16727464,44.332138,0.6004752984765673
81.55273253187676,21.14917581009456,2026,45.29150546000005,0.124431856,0.05069587,-0.1684287,48.372887,-3.0813811977147907
81.68561083130608,21.149284794644743,2026,47.06545784000002,0.14540726,0.014841568,-0.18873617,45.95236,1.1130995941504125
81.58402213197483,21.14939636823543,2026,40.86346055000001,0.27852082,-0.14002745,-0.27440724,38.42865,2.4348106476562634
81.61987659970269,21.149495836140005,2026,41.171082350000006,0.21648465,-0.026661718,-0.22208314,43.33936,-2.1682769334472596
81.70876776644359,21.15001872624646,2026,49.29742490000001,0.11207775,0.078234375,-0.15297669,48.99447,0.30295621103516623
81.71153572100431,21.150070700334023,2026,51.05428718000002,0.086347245,0.06629181,-0.12685071,48.510643,2.5436441746289233
81.66706780174965,21.15011545399248,2026,41.19671749999998,0.18453272,-0.08617099,-0.19401373,41.611694,-0.414976835937523
81.66826622404893,21.15012924898467,2026,42.93307166,0.17501633,-0.022011545,-0.19926302,43.71088,-0.7778086195410125
81.68524577003416,21.15015164520659,2026,46.877466740000045,0.13775723,0.045811288,-0.19232257,48.54363,-1.6661619526269078
81.6866575917718,21.150244216507648,2026,46.06739600000003,0.095036976,0.048910353,-0.14109564,48.138496,-2.0711003989257506
81.57132953647373,21.1505911511599,2026,49.86481622000002,0.10914228,0.05733428,-0.1567957,46.120754,3.7440619780566635
81.69898553256384,21.1507565913334,2026,47.20217864000006,0.13237241,0.049598094,-0.15148912,46.832363,0.3698155113379471
81.59272648412419,21.151031228209707,2026,38.62978448000001,0.20331146,-0.08431592,-0.21935591,42.850075,-4.220290288066394
81.65203934265217,21.151203400534527,2026,46.315202450000015,0.10761425,0.011760609,-0.13984737,45.07537,1.2398316614257965
81.70302892209837,21.15127038460124,2026,48.20365850000002,0.21071538,-0.048067007,-0.21292679,42.770504,5.433154502197283
81.72160408095125,21.15145199108383,2026,50.16731099000003,0.12564024,0.068282,-0.17737845,45.41462,4.752691544199251
81.57039725935083,21.151548794809912,2026,49.239318560000015,0.106333405,0.073771946,-0.15668254,50.00005,-0.760731031064438
81.64339518979807,21.15164125222914,2026,48.39677662999998,0.13744903,0.05124168,-0.1697982,48.84916,-0.4523826107226796
81.54331912855956,21.15197878381825,2026,50.989344800000026,0.09236067,0.084160775,-0.13007398,52.047554,-1.058209216113255
81.59406175467069,21.1519697964386,2026,37.771861460000025,0.26805475,-0.14895678,-0.27468985,38.673958,-0.9020963647070062
81.57741086437069,21.15212005545491,2026,48.06010165999999,0.12474183,0.07692308,-0.17248215,46.900185,1.1599170286523304
81.60826857654489,21.15218087460621,2026,41.982862100000034,0.27519,-0.10590029,-0.26412356,40.033737,1.9491249173828464
81.60681213633728,21.15219848158422,2026,39.20230283000001,0.046374045,-0.03289613,-0.046523836,40.456078,-1.253774745683586
81.62715753546865,21.152219589785105,2026,44.09348944999999,0.2093709,-0.080615625,-0.21268502,42.26486,1.8286312041503834
81.58997285314237,21.1523445374054,2026,40.29265121000003,0.25334972,-0.12891082,-0.25918737,39.95181,0.34084228055667154
81.62161361011532,21.1525656262356,2026,42.13325498000006,0.2548644,-0.09565164,-0.25298733,40.828472,1.3047828425488888
81.65103903203597,21.152629604406822,2026,48.33012524000003,0.13858753,0.05837747,-0.17504288,46.63963,1.6904958759863575
81.59093579911142,21.152834229605222,2026,38.233294160000014,0.28744817,-0.1789386,-0.29182523,35.930576,2.3027178355371234
81.70492352043868,21.152867667189867,2026,51.86264891000002,0.09793368,0.07303897,-0.13397734,51.46422,0.39843077035158103
81.63311399877541,21.1530362840884,2026,44.44212749000002,0.175621,-0.03617322,-0.20108838,43.61842,0.8237078427832216
81.64871116887637,21.153122761003225,2026,49.658026010000015,0.106294855,0.05481834,-0.14509572,47.652977,2.005049020253921
81.69049063640355,21.1533361867444,2026,41.34540136999999,0.20336637,-0.09194132,-0.20840669,41.82078,-0.4753803377636814
81.6712935208261,21.153371292388417,2026,47.05178576000003,0.1485513,-0.0019266055,-0.16912591,43.720463,3.331322960927764
81.69779523629575,21.15341473147725,2026,47.71317263000003,0.19317614,-0.017255297,-0.21119916,43.63374,4.079433158564484
81.65571062305068,21.153586721013635,2026,47.95927007,0.14304407,0.023596622,-0.1676599,45.469616,2.4896541337207054
81.69885528809739,21.153711661267867,2026,48.77446784000006,0.13373253,-0.00975352,-0.15767246,43.627274,5.147194280429744
81.72703360320821,21.15377380215939,2026,49.22906450000005,0.1422726,0.050939083,-0.18913446,47.701916,1.5271487590332526
81.67036027383881,21.15382030342228,2026,47.709754610000005,0.114451155,0.028162746,-0.15321714,46.610863,1.0988918780664108
81.69194022822975,21.15393876240068,2026,41.80341605000001,0.11844034,-0.0551159,-0.10806262,39.048557,2.754858768505869
81.69678082034251,21.15402336809656,2026,47.54398064000003,0.13239238,0.058747616,-0.17518675,47.68115,-0.13716788905270505
81.62402227829344,21.154192107576154,2026,42.69893729,0.15327993,0.008192143,-0.18028066,46.009853,-3.310916073037106
81.56921872442904,21.154212147023404,2026,49.28717084000005,0.10068771,0.049200304,-0.14586775,48.260883,1.0262875087012233
81.62632917628179,21.154463896787863,2026,45.52393082000003,0.16589992,0.0054671,-0.19496086,44.663555,0.8603756747363605
81.7115859941606,21.15466317348372,2026,51.252532340000016,0.11367127,0.06580373,-0.15764262,50.18556,1.0669740209082192
81.55130731894168,21.154813104362866,2026,49.528141249999976,0.11158545,0.038839124,-0.14817913,46.7629,2.7652399438476323
81.713521624332,21.15480022739939,2026,49.93146761000003,0.104281574,0.0572468,-0.14138082,46.780594,3.1508737379297145
81.69332239227093,21.15501082916965,2026,44.33958689000002,0.20889062,-0.06741221,-0.21959949,42.601696,1.737890875595724
81.65959371690845,21.15508964640525,2026,47.82938531000002,0.16670282,0.022406714,-0.18857984,45.544643,2.284741907900411
81.62435904958406,21.15533320316572,2026,43.88499023000003,0.18079576,-0.02481878,-0.1928034,42.753185,1.1318049577832312
81.71969630514513,21.155807165142207,2026,48.39848563999999,0.13538715,0.031124713,-0.16879569,46.145214,2.253271559189443
81.62170635899086,21.155842896442778,2026,42.57076154000004,0.2470633,-0.0904965,-0.24615784,40.491055,2.0797070050879327
81.67439462224566,21.156068316601072,2026,45.780282320000026,0.1696711,-0.020608628,-0.18993974,43.65831,2.1219723834765887
81.61149654625407,21.156147336830752,2026,41.23602473000005,0.23096052,-0.053409394,-0.24170369,43.09623,-1.8602048232226096
81.63436977699585,21.15639128314487,2026,46.75441802,0.15115108,0.03573581,-0.17940591,46.23908,0.5153394982714872
81.70075062361494,21.156634632949405,2026,49.59991967000002,0.14347146,0.04795017,-0.18458112,45.48066,4.1192601851367385
81.72323020919899,21.15688877299328,2026,49.49225204000004,0.13632439,0.05949793,-0.1771305,46.90167,2.590583491416055
81.65404183069201,21.15690854497848,2026,48.554005550000056,0.14492115,0.052327618,-0.17525773,46.029526,2.5244797931641187
81.69552564425665,21.157103117596023,2026,46.730491880000045,0.13084112,0.040518325,-0.15064363,46.66762,0.06287026745121693
81.65362886460254,21.15721862514925,2026,48.92827874,0.13592646,0.058099132,-0.16867667,46.852936,2.075342948984378
81.5368156153091,21.15741923959772,2026,50.98421776999999,0.10698971,0.082650915,-0.1537556,48.01213,2.972087032695299
81.68047263344558,21.157429574879,2026,42.55538045000003,0.17934279,-0.0045232386,-0.2022672,44.97714,-2.4217580692870797
81.7208296896411,21.15763834532872,2026,50.401445360000025,0.0971768,0.085737556,-0.13838834,49.00524,1.3962039659570564
81.66411703937773,21.15771266083369,2026,48.33012524000003,0.11522797,0.015949242,-0.14676452,45.11505,3.2150739704687794
81.55147569947898,21.157741450616115,2026,45.73584806000002,0.13285767,0.022132978,-0.17468318,46.121113,-0.3852647634863047
81.70623868901308,21.1578544843746,2026,50.99276282000005,0.10893998,0.078007504,-0.15282992,47.393482,3.5992806117480995
81.5749839247407,21.15807462138256,2026,46.34425562000001,0.1185567,0.06022122,-0.16244389,46.681175,-0.3369196119335811
81.62899662264606,21.1582471337688,2026,45.611090330000025,0.17427166,-0.009663821,-0.1960339,44.314373,1.2967173136426027
81.59422112463517,21.1585500443954,2026,41.295840080000005,0.26847067,-0.1574378,-0.27698433,38.673958,2.6218822552929737
81.70304998115031,21.15859559100637,2026,52.17539774,0.09671341,0.07165205,-0.13666579,48.777885,3.3975123029882823
81.63885244677603,21.158709444397427,2026,46.27931324000002,0.14595401,0.015178816,-0.17160194,45.66941,0.6099025344336155
81.6772401843794,21.15885694098204,2026,47.80716818000002,0.15751301,0.015045168,-0.17726648,45.264908,2.5422603430859567
81.70071121608191,21.158869217854143,2026,50.05793434999998,0.11492408,0.04150875,-0.15526158,47.55249,2.5054441156249823
81.58156981969941,21.158894315940085,2026,48.82232012000003,0.11697037,0.030245066,-0.15322942,46.283928,2.53839220251956
81.62997851340847,21.159103685603544,2026,45.86231480000004,0.17079839,-0.0073909243,-0.18491653,44.824623,1.0376916920898864
81.59178439352354,21.159424209879774,2026,48.74199665000003,0.15395978,0.03902821,-0.19024204,45.878014,2.863983039160189
81.73125799345499,21.15965475169992,2026,46.96975328000002,0.14539346,0.049734455,-0.1800758,46.71181,0.25794221432619224
81.71126643931457,21.159940937558968,2026,48.518116340000006,0.12327759,0.07397502,-0.1737611,49.379616,-0.8614994436914003
81.72092937636305,21.15994821320597,2026,49.31451500000003,0.12620972,0.062769845,-0.17984809,49.183212,0.13130271972659102
81.60951355113654,21.16000512181123,2026,39.59024810000005,0.14308107,-0.15403552,-0.13463284,43.679943,-4.089694984716743
81.5462215298976,21.16008556884276,2026,51.221770160000005,0.0698533,0.11957999,-0.13948676,48.47025,2.751520983974615
81.58661679908143,21.16009317292592,2026,41.25653284999999,0.2222767,-0.102228396,-0.2447076,42.51406,-1.2575281241211016
81.68230076309062,21.1600925634598,2026,48.14555216000002,0.15449043,0.05441142,-0.18674621,45.587234,2.55831766292971
81.66082887579648,21.160130209356524,2026,47.40896885000001,0.14749166,0.028225869,-0.17594399,45.843647,1.5653218468261798
81.67273725922915,21.160372822847044,2026,47.64993926,0.13169439,0.030479668,-0.16130455,46.389908,1.260031423085934
81.57244982544671,21.160686978792373,2026,50.13825782000004,0.1238952,0.075952314,-0.17408162,46.326756,3.8115022963184018
81.70928638117672,21.160720980158928,2026,49.42047362000005,0.14533922,0.04586313,-0.18967308,45.653435,3.7670388665820838
81.67517062054057,21.16074125461628,2026,48.63603803000001,0.11791693,0.02386513,-0.15336257,46.109444,2.5265943654492276
81.65537512815139,21.16118910154079,2026,46.54250078000001,0.18749785,-0.00023068051,-0.20889385,44.817856,1.7246449450390742
81.66936101514705,21.161281709770783,2026,46.168227590000015,0.17164443,-0.007872334,-0.19482727,44.247746,1.9204820760839993
81.61631760389163,21.16129696701496,2026,41.42572484000004,0.25757888,-0.13134484,-0.25732073,39.68738,1.738343095615278
81.6345179400438,21.16138330300299,2026,43.08346454000002,0.18901122,-0.0025372377,-0.20306623,44.88413,-1.800664030556618
81.56464027574113,21.161401957275643,2026,51.20126204000002,0.08172362,0.06355089,-0.13139686,47.985752,3.2155099342871267
81.55751653231746,21.16148711199048,2026,47.78495105000002,0.1103875,0.052675445,-0.15428013,48.06152,-0.2765685728027165
81.67158193837611,21.16158391875114,2026,47.94047096000003,0.13744435,0.05506998,-0.17987767,50.052673,-2.1122023798437226
81.62714634972835,21.16162318192401,2026,43.38595931000003,0.19521017,-0.026319232,-0.1991825,43.276054,0.10990492767581372
81.56672789048417,21.16176207889511,2026,46.323747500000025,0.114140965,0.06489356,-0.17053655,49.306053,-2.9823056616210692
81.73371236308915,21.16183804539882,2026,50.37581021000005,0.11767254,0.060144786,-0.16900425,48.440857,1.934953276406297
81.71797453409151,21.16212190717641,2026,47.77298798000004,0.14252886,0.031192385,-0.17529185,46.546604,1.2263838235058984
81.5446617487631,21.16213929737402,2026,50.39460932000003,0.08247531,0.07425995,-0.13412614,51.16914,-0.7745305420605177
81.66918256802448,21.16220426311722,2026,48.80864803999998,0.11403603,0.056411818,-0.15189826,47.298454,1.5101937553320113
81.6068619858833,21.1623152976814,2026,42.14521805000004,0.24635564,-0.099985,-0.25529185,41.404896,0.7403222675293364
81.7017864003789,21.16235379872715,2026,46.453632260000006,0.116088666,0.055859,-0.164375,47.632805,-1.1791726106054625
81.64365090470747,21.16249580595057,2026,48.2378387,0.14705354,0.032676175,-0.18133067,46.484188,1.7536506201660131
81.52155240400785,21.162983909245096,2026,50.582600420000006,0.116357386,0.04423822,-0.1609514,48.06844,2.5141609363574275
81.61449541870347,21.163081285469715,2026,37.24548637999999,0.24522927,-0.10247439,-0.24085571,40.766167,-3.5206803070117303
81.68274191466507,21.163182544864817,2026,49.31451500000003,0.12190572,0.050940048,-0.15912376,48.007343,1.3071717077637004
81.56664951958736,21.163242809293795,2026,50.09724158000006,0.10220052,0.06385275,-0.15678635,50.046227,0.05101507853521525
81.6853331324348,21.16338411450466,2026,48.263473850000025,0.13998276,0.038938615,-0.1749153,47.30588,0.9575923497558847
81.55962584084023,21.16341078187701,2026,51.20809808000001,0.09414432,0.06463451,-0.14266089,49.0528,2.1552988551464978
81.52163293694304,21.16349643750923,2026,51.399507200000016,0.15876068,0.0069887387,-0.18929785,46.619385,4.780122434375016
81.5873154517015,21.16353898933816,2026,47.38162469000002,0.14150135,0.045325693,-0.17463057,45.912685,1.4689392957129073
81.73687590868992,21.16355317597236,2026,44.88305207000002,0.22237207,-0.037891913,-0.23692384,43.4034,1.4796516488574412
81.65337266880313,21.16357087209385,2026,46.34083759999999,0.13993266,-0.0054672263,-0.17513168,46.191387,0.14945042348632143
81.71460944953895,21.163839326865144,2026,51.72421910000003,0.10960687,0.06901125,-0.146844,47.614414,4.109804884912137
81.58622778721289,21.16396433468976,2026,47.03127763999999,0.14290874,0.039307937,-0.17450598,46.74939,0.2818879915624919
81.5222031271705,21.164107832310908,2026,50.55183824000005,0.1166137,0.04467087,-0.15786043,47.36832,3.1835177749121613
81.66764864255344,21.164100174592328,2026,39.463781359999984,0.02447224,-0.05624793,-0.02010978,38.743603,0.7201786073144376
81.63337536076679,21.16426258731232,2026,42.14692706000005,0.22646798,-0.11812771,-0.22357963,41.111416,1.0355111969629434
81.57472511912817,21.16429162099055,2026,50.22029029999999,0.13541299,0.0643086,-0.17967889,48.43373,1.7865592208984253
81.69014593332192,21.164391224028662,2026,48.66167317999998,0.1290766,0.061194804,-0.19287129,50.56134,-1.8996671520312702
81.52617163280159,21.16440422580064,2026,49.65973502000003,0.112572566,0.060032282,-0.13940625,48.27537,1.384363468486356
81.5589237918327,21.164546875880287,2026,50.83553390000003,0.12685175,0.06404445,-0.19084467,50.52685,0.30868224594729554
81.59613143492348,21.164715701266573,2026,44.78734751000002,0.22581847,-0.100106396,-0.23620339,42.255707,2.531640722890643
81.63321165122615,21.16490248671979,2026,41.70600248000005,0.23678261,-0.10958456,-0.23314066,40.484467,1.221535927265677
81.70675077453141,21.16497345604835,2026,48.56425961000002,0.13201763,0.028623529,-0.17059639,47.94035,0.6239100311426
81.62767253049925,21.165004923487302,2026,45.47266051999998,0.17857897,-0.010840198,-0.18598267,43.913414,1.559246518535133
81.6404472513622,21.16504382605036,2026,44.16355886000002,0.1677971,0.0010090817,-0.17773895,45.128407,-0.9648476646581798
81.66664999192788,21.165218162845008,2026,44.19773906,0.098756075,0.029627332,-0.13185202,45.96091,-1.763171737119137
81.57461742601178,21.165234800079663,2026,50.14509386000003,0.10956603,0.07032899,-0.1597388,48.389023,1.7560710328515938
81.61075434107336,21.16523931875002,2026,35.29379696000001,0.2594037,-0.15117146,-0.25159428,38.801857,-3.5080600346288975
81.66439556211482,21.16527963566497,2026,47.667029360000015,0.15424228,0.041411042,-0.18496372,45.442963,2.22406671351564
81.68543202702513,21.165401862991285,2026,49.49567006000001,0.11594122,0.054893877,-0.14966507,47.14766,2.3480107582421965
81.6966085013231,21.16540905937016,2026,49.31964203000001,0.16133155,0.0058463076,-0.18021044,44.748913,4.5707292187207145
81.55068452996301,21.16566311470147,2026,50.71419419000006,0.115551166,0.06746164,-0.17101459,48.649086,2.065108191464901
81.66828414418359,21.165753491671136,2026,45.92383916000006,0.122486286,0.07507833,-0.15993501,49.248985,-3.325146130527287
81.5898481218558,21.165810307670377,2026,47.174834480000015,0.13802682,0.051069427,-0.1736455,47.33619,-0.1613547900195158
81.60559082551651,21.165923762873373,2026,38.54433398000003,0.24929479,-0.1115212,-0.25608942,40.531826,-1.9874920392870763
81.54551521548098,21.165965847113164,2026,46.86379466000005,0.10823595,0.06800433,-0.15848027,48.391052,-1.5272575860936968
81.72963989620563,21.16610168057076,2026,48.138716120000026,0.10614112,0.035116028,-0.14683218,47.39362,0.7450965826465108
81.62158459495689,21.16625103764205,2026,41.68549436000001,0.14111386,0.041844353,-0.17439704,46.688,-5.00250536534179
81.67721749539066,21.16630117944357,2026,48.81035704999999,0.13773443,0.057117384,-0.17345957,45.84701,2.963345483837884
81.61467667971668,21.166411014985147,2026,38.29481852000004,0.23947065,-0.103522435,-0.24830139,41.93286,-3.6380428081249576
81.58217045095662,21.16653780375025,2026,49.208556380000005,0.12694003,0.057209276,-0.16979142,48.72476,0.48379823180664516
81.72156316516767,21.166746721797143,2026,46.77321713000004,0.17730196,-0.03493362,-0.20471022,43.7105,3.0627183201855885
81.52145300521478,21.166839603565577,2026,50.52107606000004,0.13123769,0.058078263,-0.1733142,48.37592,2.1451567179590256
81.66216056838329,21.166957439909503,2026,49.748603539999976,0.13375194,0.053167626,-0.17164291,48.13319,1.6154133849706795
81.54945359012626,21.167317459851425,2026,51.54306403999999,0.06236023,0.021806642,-0.10691776,45.442966,6.10009757881835
81.6529171308133,21.167392474298023,2026,48.31303514000001,0.14372979,0.014520573,-0.17657931,45.288177,3.024857649765636
81.59004347497545,21.167497712732445,2026,47.70804559999999,0.15658091,0.0038027163,-0.19024357,45.433,2.275046942773429
81.63133766325677,21.167513718739603,2026,37.64881274000004,0.24767134,-0.11955762,-0.2420407,40.42984,-2.7810273478905856
81.54395807818274,21.16752073157651,2026,50.62703468000001,0.0995061,0.0744115,-0.14361261,48.208332,2.4187026182324303
81.59765505961475,21.167548771792905,2026,44.64379067000005,0.17301849,0.025108226,-0.19823352,44.964622,-0.32083182755854267
81.59352399468759,21.167645396725103,2026,46.53737375000003,0.2187437,-0.06419112,-0.22644763,42.878323,3.6590511486816695
81.54930944759835,21.167652191904327,2026,51.156827780000015,0.08363374,0.047890536,-0.1317345,47.060024,4.096803518525405
81.64375986833392,21.16769774575957,2026,46.28956730000005,0.16024989,0.029736051,-0.1841637,43.65476,2.6348088466309108
81.52648493960203,21.16772222943508,2026,47.28421112000001,0.13150977,0.038836416,-0.16708192,47.821423,-0.5372114569042878
81.58337964219571,21.167821318921053,2026,50.44929764000005,0.113192506,0.04919149,-0.15022182,47.528328,2.920969698105516
81.54563378268044,21.167838672955263,2026,50.77742755999998,0.093318924,0.07586459,-0.13709919,49.676228,1.1011999904199001
81.62647458462384,21.167931980940075,2026,46.40236196000001,0.1442532,-0.012663989,-0.16440174,44.030792,2.3715697236718825
81.58989060551406,21.167967708743348,2026,47.57132480000001,0.18374923,-0.019840095,-0.20012546,43.855392,3.715932343945326
81.54763555551627,21.168050768143345,2026,49.05132746000004,0.111581974,0.05562166,-0.15118831,47.305515,1.745812170693398
81.55736682123563,21.16816604917211,2026,49.434145700000045,0.123262174,0.028547963,-0.15277562,45.875008,3.5591380706055133
81.68935892142837,21.16818164965098,2026,48.483936140000026,0.114568286,0.04909381,-0.14635122,47.254375,1.2295606822363538
81.5720046040436,21.16845146810468,2026,49.42730965999999,0.12057809,0.06204863,-0.15774617,47.85485,1.572458890957023
81.69436695789966,21.16853446439021,2026,46.90993793000001,0.16404808,-0.0081085935,-0.17809682,44.974445,1.9354925869824342
81.6166343405278,21.168714496123748,2026,41.18304541999999,0.24041629,-0.09767935,-0.23779815,41.03241,0.15063575203124202
81.56316388256603,21.168746905323182,2026,49.84430810000004,0.1215792,0.063931495,-0.18318552,47.74652,2.097787103906292
81.53516509677503,21.16894295494612,2026,48.62065694,0.10765019,0.044424586,-0.14492199,47.446285,1.1743716921972691
81.63888277414547,21.16901986240631,2026,48.90777062000001,0.13807811,0.048287775,-0.1873327,49.71245,-0.8046775001171795
81.70980159500184,21.16910067499933,2026,49.44439976000001,0.11789707,0.067481,-0.15711646,48.447433,0.9969662883203227
81.68916448006739,21.169485529638887,2026,48.13358908999999,0.095593065,0.05588284,-0.12794003,47.03453,1.0990584503515493
81.60178137972109,21.16953029511525,2026,40.69426856000001,0.22230153,-0.078421324,-0.24004379,42.67121,-1.9769426826757694
81.57976893748928,21.16953990978185,2026,47.95756105999999,0.11590575,0.038207665,-0.14833479,46.713795,1.243766351748036
81.70034745162992,21.169560528108253,2026,39.28775332999999,0.22880185,-0.098595515,-0.23487219,42.112286,-2.824532284013685
81.64732143175213,21.16987197548282,2026,49.41021956000003,0.10983224,0.04033045,-0.14204985,46.74892,2.661299119326202
81.60780577316929,21.169890683995643,2026,35.58603767,0.30638057,-0.16635554,-0.29402778,37.617157,-2.031119312421872
81.64540134154828,21.169891447468093,2026,44.64379067000005,0.098750345,0.044834543,-0.12695572,47.0535,-2.4097104591503395
81.56843645569496,21.1700712161894,2026,47.844766400000026,0.13822442,0.024476256,-0.17400374,47.015736,0.8290307737793228
81.69208307514775,21.17024778864394,2026,49.68707918000001,0.11604975,0.053276934,-0.15135635,46.93171,2.7553698904492308
81.67712204448272,21.17034175324219,2026,51.52939196,0.10723276,0.07297609,-0.15580001,47.913673,3.615718559121092
81.6325132624881,21.17030032400489,2026,44.898433160000025,0.1712022,0.012425367,-0.17728531,44.964558,-0.06612448770505353
81.55099002045382,21.17041385760531,2026,45.37695596000003,0.15814665,0.028522039,-0.19652484,47.218056,-1.8410997650976242
81.61637974358862,21.17044447046305,2026,40.89934976000001,0.20151755,-0.043105654,-0.20720921,42.54658,-1.64723150831054
81.55188144154233,21.170487228705348,2026,46.604025139999976,0.13138662,0.053828865,-0.17874825,47.423744,-0.8197190616601802
81.74249331789888,21.17064385089896,2026,49.528141249999976,0.13306592,0.06099459,-0.19309478,50.94968,-1.4215390783691646
81.72386097082355,21.17089574172993,2026,45.32226764000001,0.14636046,0.007749326,-0.16693743,45.26623,0.056036103134772475
81.53151237958481,21.17099720314904,2026,50.22199931,0.10595751,0.04435734,-0.14097965,47.14345,3.078547619326173
81.74383141336632,21.17112703345437,2026,49.93146761000003,0.13474232,0.077782914,-0.19343421,46.237682,3.69378526747073
81.6311714435367,21.17117819387933,2026,45.60938132000001,0.18026622,-0.054278374,-0.19833782,42.99407,2.615313174248058
81.54125405105596,21.17118254918223,2026,48.70610743999998,0.11061932,0.051244594,-0.16095339,47.95678,0.7493279600195137
81.74011020420974,21.17129795528368,2026,50.80818973999999,0.12368768,0.05622342,-0.17178865,47.688644,3.1195453308203014
81.61365933709205,21.17132676763496,2026,39.62442829999998,0.2174311,-0.06118066,-0.22376336,42.68057,-3.0561403950683825
81.56002422007494,21.171458416425,2026,45.265870310000025,0.1795836,-0.03852871,-0.20479211,43.780445,1.4854252111230721
81.68770109449817,21.1715889856659,2026,47.41238686999998,0.14218591,-0.0003323679,-0.16696516,44.549362,2.86302468738279
81.59434446525725,21.171596988520463,2026,45.18554684000003,0.1612857,-0.0019765287,-0.19016874,44.331467,0.8540801651953416
81.58444352622172,21.171731883824496,2026,41.29925810000003,0.21123014,-0.05994707,-0.21191461,42.40999,-1.110730303320281
81.60386019597239,21.171841182662902,2026,37.84705789999998,0.28657994,-0.15289883,-0.27539945,37.71475,0.13230951743162223
81.61459029105275,21.171887270076454,2026,41.52142939999999,0.1978779,-0.03246908,-0.2138204,43.564255,-2.0428253607421993
81.67375418659226,21.17179978733203,2026,50.50740398000005,0.12927002,0.05203978,-0.17663148,48.239365,2.2680393559766117
81.60833764142245,21.17197112598533,2026,38.29310951000002,0.20727152,-0.13660422,-0.21604203,41.142456,-2.849346544687478
81.64244248479945,21.172179977624104,2026,48.22074859999998,0.110093586,0.05306402,-0.14734997,47.05114,1.1696087684570102
81.6266945563021,21.172300708575,2026,45.93580223000004,0.17599638,-0.015777586,-0.18271703,43.79509,2.1407125083203553
81.65288447887366,21.17232657726792,2026,43.59616754000001,0.18347679,-0.027660662,-0.1946827,43.144905,0.4512624496679791
81.57231637630586,21.172426540204967,2026,46.63136930000002,0.15511401,0.024106996,-0.1994994,47.501125,-0.8697560356933423
81.7336717296826,21.172532239983067,2026,48.69756239000003,0.12489977,0.08683489,-0.17852291,45.763035,2.9345275694433894
81.71708460859122,21.172755022853764,2026,47.26541200999998,0.17852259,-0.0024474997,-0.19892308,44.388546,2.876866020009743
81.53356489588462,21.17276668745625,2026,47.904581750000034,0.11545782,0.07296198,-0.16050212,50.342148,-2.4375660771484036
81.67605159436344,21.17288789058122,2026,53.24865602,0.09631441,0.061346572,-0.1493975,48.86534,4.383314833476561
81.56424002927022,21.17302605592006,2026,44.33616887000005,0.15633713,-0.023270065,-0.17461728,43.84383,0.49233876135747323
81.69812979662278,21.17322498124052,2026,46.95779020999999,0.14738794,0.00034390466,-0.18001306,46.015396,0.9423940918359293
81.66316046070523,21.173315214031145,2026,47.79691412,0.1442154,0.028794628,-0.1668024,45.77027,2.0266428187304655
81.56391934150889,21.17335414105146,2026,42.04096844000003,0.19227278,-0.06313949,-0.20535977,42.504593,-0.46362445550778375
81.72564915411459,21.173421365980747,2026,43.92771548000002,0.25897324,-0.07572901,-0.25795546,40.643578,3.284137904316424
81.71805102785262,21.17342296575838,2026,49.51959620000002,0.10980002,0.060121346,-0.13890308,48.063747,1.4558487939941571
81.52139635698602,21.17343159419504,2026,49.188048260000016,0.11635784,0.06564758,-0.16956583,50.237656,-1.049607379648421
81.71258206217246,21.173446188102684,2026,48.039593540000055,0.12978353,0.042684518,-0.17515652,48.160812,-0.12121883792963217
81.7023701514649,21.17348155358372,2026,46.566426920000026,0.16338314,0.007552464,-0.19101526,45.42146,1.1449677220019794
81.69323203047843,21.17353457406321,2026,50.15876594000002,0.14658533,0.035522863,-0.18701755,47.300568,2.8581983130468984
81.69844444887856,21.173655642092143,2026,46.49123048000001,0.13466842,0.030674469,-0.16223851,45.698025,0.7932057302441535
81.60122440048512,21.17383672193756,2026,43.93967855000005,0.17073171,0.0114304805,-0.20084687,45.935406,-1.9957271812011186
81.51486704498872,21.174044146597524,2026,50.62361666000004,0.11970469,0.057413436,-0.16012238,47.186413,3.437203848720742
81.51404155237904,21.174136193653723,2026,51.04745114000002,0.103388794,0.06101104,-0.14699839,48.725437,2.3220139756933804
81.67426341631959,21.17413815757541,2026,52.70006381000002,0.10960131,0.063235685,-0.14598554,47.9208,4.779264554628924
81.67345869743981,21.174160573368653,2026,52.02500486000002,0.10505793,0.08255099,-0.14568976,50.150772,1.8742327652734545
81.63417553195384,21.174284846646284,2026,43.91746142,0.1704699,-0.03385839,-0.19071439,43.195023,0.7224388369921897
81.62478685432102,21.174331042821688,2026,46.21095284,0.20273308,-0.034303226,-0.2185846,43.71801,2.4929428912695286
81.74018644562416,21.174359065373707,2026,49.66657106000002,0.08839214,0.100790635,-0.14177331,50.922497,-1.2559257356542801
81.54952071234611,21.17448739230016,2026,46.48781245999999,0.10567528,0.07148884,-0.157574,49.28486,-2.797046243613295
81.70167745488621,21.174495866997425,2026,46.56129988999999,0.18356174,-0.00076628354,-0.20303042,44.99594,1.5653587278906116
81.53323596015683,21.174501003660584,2026,48.83428319000001,0.10293496,0.047298975,-0.15230992,48.259296,0.5749867727636797
81.6169574216267,21.17454305538297,2026,42.26997577999998,0.18204755,-0.074522726,-0.19396985,41.742455,0.5275212511913878
81.55688574086147,21.174590694648003,2026,49.09063469,0.11859938,0.049371835,-0.16440687,48.489674,0.6009610754980486
81.65836713972348,21.17514684898872,2026,48.98296706000002,0.12346856,0.042964723,-0.14982918,46.32104,2.661925952822287
81.5521310678528,21.17515450991265,2026,48.00541334000002,0.16140708,0.04323782,-0.20845032,46.08592,1.9194949134863464
81.69646546567775,21.1753151260244,2026,46.798852280000006,0.10612259,0.015111378,-0.14773823,46.39468,0.40417225680664615
81.70885120917119,21.175495923219223,2026,49.33160510000005,0.15429246,0.04339063,-0.19558099,46.166847,3.164757870996141
81.72638247333327,21.175400276612617,2026,48.14213414000005,0.14606254,0.06051976,-0.1815977,47.028313,1.1138214568945841
81.56601555598198,21.175621413586136,2026,47.41409587999999,0.12756677,0.042234004,-0.16470072,48.498966,-1.0848703370410249
81.57785802725256,21.17577573007713,2026,47.21926874000002,0.13188584,0.04419081,-0.1757506,47.814934,-0.5956650368554506
81.57499706831645,21.17577675634236,2026,47.42605895000003,0.13576503,0.026813094,-0.16703802,46.11827,1.307788075976589
81.67830913766393,21.17583870449646,2026,47.69950055000004,0.15780354,-0.00873643,-0.18504263,45.205883,2.493617523876992
81.60453698341597,21.17583980207253,2026,43.67478200000005,0.14835651,0.03214648,-0.18258335,46.053635,-2.3788526435546373
81.67077574011408,21.17601790262019,2026,47.55252569000004,0.14067663,0.034732092,-0.1633398,45.208153,2.344372919003945
81.5165542891634,21.176050920058376,2026,51.85752188000004,0.09938024,0.077431396,-0.13920894,49.446938,2.4105843189648866
81.68302099447735,21.17611276546747,2026,44.081526380000014,0.033348303,-0.04926924,-0.02151819,39.205936,4.875589948115248
81.72857477616363,21.176177631507432,2026,50.10407762,0.12561536,0.07674617,-0.18952627,44.886726,5.217351240605467
81.6928629520297,21.176353432834595,2026,51.39267116000002,0.10490042,0.05710184,-0.14993599,48.310726,3.081944994228536
81.63707124221648,21.176368633081644,2026,48.80864803999998,0.15358986,0.038313862,-0.19763972,46.945736,1.8629121086034957
81.61489686099104,21.176393831953543,2026,39.91496000000001,0.23642263,-0.066593654,-0.24014007,42.60318,-2.6882199316406172
81.59126785067288,21.17643910523288,2026,44.18406698000001,0.21723506,-0.0662341,-0.21973984,42.69118,1.4928857971386833
81.68543386886704,21.17652570160903,2026,49.282043810000005,0.11635602,0.05642582,-0.15622152,47.573242,1.7088016225000047
81.62689749261014,21.176546553416472,2026,42.95357978000004,0.18007551,-0.04583401,-0.19323994,42.382687,0.5708931650098066
81.72816611601874,21.1767742188176,2026,50.11262267000001,0.13218153,0.057424482,-0.18651865,46.653244,3.45937865144532
81.73645729404592,21.176790061786903,2026,50.49031388000003,0.11450432,0.07974179,-0.16882391,49.19369,1.2966226263379212
81.73906617230978,21.176831651426127,2026,50.01862712000002,0.12917525,0.07210836,-0.18885164,50.12411,-0.10548405553709017
81.62582255925979,21.17719797407732,2026,46.41432502999999,0.1000713,0.026101502,-0.13161948,46.07639,0.3379357172558528
81.72477879109101,21.17721002385042,2026,48.116498990000025,0.12174943,0.07762305,-0.17164592,48.89032,-0.7738208342187249
81.6428306075636,21.1772673841612,2026,46.125502340000025,0.12467211,0.03678742,-0.1617055,46.969254,-0.843751200039037
81.63274187245005,21.177278170967263,2026,45.44189834000002,0.13598953,0.0260695,-0.17303179,46.026505,-0.5846061766015396
81.70734806688108,21.17739196239696,2026,46.29811235,0.20803311,-0.0128860185,-0.21828195,44.023167,2.274945693505856
81.63818589501443,21.17744604545826,2026,46.24855106000001,0.15440527,-0.0002943081,-0.17960642,45.40183,0.8467222941308705
81.6963859598757,21.17750605543438,2026,47.03469566000001,0.1574741,0.01459932,-0.18743336,45.076176,1.9585199703027456
81.7417651423585,21.17755807843368,2026,50.16560198000002,0.12267554,0.08952002,-0.16876298,48.39472,1.7708838098340038
81.60110063316974,21.177723359102004,2026,44.02000201999999,0.1356287,0.0076008453,-0.16256557,45.46385,-1.4438460940136792
81.5528552409581,21.177758599775643,2026,48.56596862000004,0.10976183,0.058780015,-0.16056833,48.634468,-0.06849945861323903
81.57482871304987,21.17781548639813,2026,48.76250477000002,0.14983666,0.040133324,-0.17672406,46.03453,2.7279741303515834
81.71563244751705,21.17807257995319,2026,49.20513835999998,0.12289372,0.028671447,-0.15954141,46.798607,2.4065314874413843
81.74755719264722,21.17814383512624,2026,42.60835975999999,0.2289587,-0.06837086,-0.26241645,44.717777,-2.1094174921972737
81.71656895597408,21.178147214635825,2026,49.94001265999998,0.12531614,0.07558378,-0.16128439,46.53398,3.406031336757792
81.52497568423797,21.17830200755198,2026,49.89557839999998,0.13533705,0.056585506,-0.17809388,47.001297,2.894281402929664
81.60876927769343,21.17833110416805,2026,39.456945320000045,0.27775818,-0.14118204,-0.26543167,39.567818,-0.11087236798823596
81.55702018058663,21.178393851755413,2026,49.16924915000004,0.1262346,0.036474254,-0.17609285,47.436523,1.7327257125000415
81.52982546231486,21.17865258369028,2026,50.69881310000005,0.11462401,0.06609429,-0.17138354,50.725513,-0.02670035825190098
81.70430522870717,21.17890562180187,2026,44.96166653,0.22330548,-0.036075886,-0.22925009,42.16993,2.791737025605471
81.74786143643627,21.178920894312306,2026,45.226563080000005,0.115689166,0.04869352,-0.15986031,48.598633,-3.3720697324999946
81.57943766652595,21.179027808995475,2026,46.7680901,0.117398605,0.036540397,-0.15817046,47.042946,-0.27485576181640425
81.73899906072279,21.179036276102035,2026,49.86139820000005,0.13319379,0.06404698,-0.18541688,47.809616,2.051782111132866
81.71075430767391,21.17904568778535,2026,48.113080970000055,0.14376004,0.044378478,-0.18525782,46.026146,2.0869350349414617
81.51578212960771,21.17912584109452,2026,50.79451766,0.12127913,0.06414151,-0.17659658,49.123966,1.6705514429589812
81.59068177274797,21.179182435841103,2026,45.58887320000002,0.14692533,0.032722108,-0.17040192,45.95791,-0.36903543037107056
81.68078074723944,21.179181755050337,2026,46.052014910000025,0.14532147,0.004045811,-0.1760901,44.762463,1.2895522940332285
81.68744948566173,21.17927040726632,2026,47.92850788999999,0.13123582,0.043635115,-0.17647888,48.38693,-0.4584206683496177
81.53365329462275,21.179371610380496,2026,49.42730965999999,0.1023816,0.053723015,-0.15407488,48.464096,0.9632135906640542
81.67093210114463,21.179396350202623,2026,49.15557707000005,0.15129177,0.041708667,-0.19085744,45.83126,3.3243163888477056
81.52148038414848,21.1794340928525,2026,50.315994860000046,0.12607849,0.028629733,-0.17203172,46.716194,3.599800707168015
81.66841432524646,21.179649402348108,2026,48.554005550000056,0.15268879,0.028636746,-0.18718407,46.229782,2.3242234455078687
81.70670943926623,21.17993745771448,2026,45.38379200000003,0.20879634,-0.03218838,-0.2163713,43.476604,1.9071875383301062
81.5342343389544,21.17995759655478,2026,49.30084292000004,0.11776461,0.06768744,-0.16750982,48.721058,0.5797850281543404
81.68633821435758,21.180042177855164,2026,43.66452794000003,0.041854475,0.006101806,-0.06279559,48.235107,-4.570579481874972
81.60379660908266,21.18007873947421,2026,35.83384411999998,0.29210535,-0.16442426,-0.2779883,38.6279,-2.7940550499218944
81.62708912080181,21.1800808771242,2026,44.34471392,0.14123651,0.027928391,-0.17420417,46.471447,-2.1267330709668
81.6042205000212,21.1802131016888,2026,35.64414400999999,0.27005768,-0.14710619,-0.26038614,40.071728,-4.427583742685556
81.5847614364244,21.180283391889454,2026,48.61382090000001,0.14191163,0.039462913,-0.18240122,47.99011,0.6237124100097731
81.74436965264438,21.18032836817836,2026,52.05234902000001,0.10168223,0.07446285,-0.16691366,49.02608,3.02626793479493
81.73925384417694,21.18044527668444,2026,51.10213945999999,0.05439953,0.01688295,-0.08030485,47.281376,3.820763574990224
81.73818680080842,21.180450721378403,2026,50.61507161000003,0.14024876,0.049521197,-0.1877331,48.28341,2.3316624913476858
81.61080326563734,21.180527888629765,2026,43.09371859999999,0.3062428,-0.1567416,-0.28041172,36.726566,6.367152285302723
81.66333383044633,21.18055250660503,2026,46.45021424000004,0.19235583,0.00866648,-0.19833283,42.99785,3.452365729257849
81.71423054810332,21.18066721983527,2026,46.49806652000001,0.1733956,0.019912548,-0.19184422,45.136795,1.3612714760546964
81.69722450694759,21.18077710500912,2026,45.06420713,0.117617525,0.004821508,-0.14797695,44.448284,0.6159229808300779
81.67134133223429,21.180898138477804,2026,48.817193090000046,0.15659508,0.04198795,-0.18851331,46.435658,2.381535588779343
81.52764523680298,21.180901302958,2026,50.66121487999999,0.11173639,0.07856551,-0.16613105,48.99416,1.6670551815136605
81.74551596300485,21.18093880979149,2026,50.41169941999999,0.1390127,0.068406515,-0.1814584,44.331436,6.080263262773428
81.59228227314178,21.180969227229408,2026,49.37262134000002,0.11063124,0.03436484,-0.13684626,46.389557,2.9830644552343983
81.6541191212175,21.18104287438131,2026,47.403841820000025,0.1527876,0.020051477,-0.17613763,44.762115,2.6417263414844
81.68847986324037,21.181210231524588,2026,43.98923983999998,0.082177624,0.0035494042,-0.090206966,46.44023,-2.4509914832422055
81.5185576537481,21.181285273220347,2026,50.34675704000006,0.12298486,0.068944015,-0.17260218,49.40636,0.9403964137793537
81.62663553206905,21.181544131395448,2026,46.80227030000003,0.15848921,0.005035682,-0.17643191,44.905277,1.8969930478027663
81.66896120108896,21.181630866203736,2026,48.12675305000005,0.15199465,0.032701753,-0.17950863,45.82179,2.3049642621582507
81.69344936780175,21.18171401602656,2026,46.53395573,0.18629417,-0.021038136,-0.20617111,43.782623,2.7513324389843774
81.673969039333,21.18191448738011,2026,47.10476506999999,0.15488023,0.049028676,-0.17522137,45.666817,1.4379483585742108
81.60508026109875,21.18231316141033,2026,37.78895155999999,0.2732248,-0.15257744,-0.266251,39.493477,-1.7045253076757945
81.61939716401021,21.1823721505599,2026,44.81981870000004,0.20761585,-0.05374841,-0.2154923,43.23033,1.5894872791016041
81.7092201839672,21.18243150668574,2026,45.746102120000046,0.12651776,0.027750826,-0.15499885,45.600357,0.14574506433598344
81.59145246315745,21.18247164157429,2026,48.777885860000026,0.13268492,0.02978115,-0.1648565,46.49344,2.2844471392969012
81.65555076179923,21.18253762627736,2026,46.14088343000003,0.10479159,0.016302463,-0.14879122,46.156906,-0.016022697929656715
81.70150252055585,21.182584617217508,2026,45.09838733000004,0.11821292,-0.0036820865,-0.14594655,43.798588,1.2997995309277712
81.60926362670934,21.18260438970133,2026,41.31976622000002,0.18849449,-0.008245786,-0.20956987,44.787777,-3.468010727021465
81.6149395198215,21.182658836933136,2026,44.228501240000014,0.19214475,0.009308431,-0.21736261,43.665955,0.5625466501562641
81.57331865623044,21.182807878953504,2026,47.49612836000006,0.118493676,0.032364048,-0.14956407,45.399254,2.0968745147852133
81.66152694264034,21.18286772863948,2026,47.41409587999999,0.13366516,0.02449471,-0.15731691,45.314526,2.099570275751944
81.51270837013011,21.18287121375256,2026,44.30369768000003,0.171153,-0.0580043,-0.17257263,42.630344,1.6733532891308869
81.52771381895269,21.182875178629512,2026,51.21151610000004,0.10561639,0.06343507,-0.14618427,49.824047,1.387469011376993
81.51718887128405,21.18294430781361,2026,49.76911166000002,0.13409337,0.030935606,-0.17935146,47.414154,2.3549576072656464
81.72773854706159,21.183044726484468,2026,48.14897017999999,0.13222302,0.07438212,-0.17009653,45.736,2.412970118964836
81.63104819839643,21.18358119138147,2026,49.01543824999999,0.11728384,0.049602665,-0.15652975,48.21834,0.7970964226074102
81.53554911325105,21.18398668687232,2026,44.553213140000025,0.12157419,-0.021953937,-0.13950321,43.69305,0.8601627554785409
81.74423740668749,21.183989369679683,2026,50.989344800000026,0.13674252,0.055243228,-0.19438362,48.84167,2.147673810009792
81.53089094490268,21.18411814548616,2026,49.51276016000003,0.15104114,0.0394168,-0.18713552,46.09368,3.419078824550809
81.5202426702036,21.18414626606639,2026,48.43950188000002,0.09888258,0.034289576,-0.13467504,46.55175,1.8877516968945542
81.69045321966416,21.18416405250701,2026,45.40600913000003,0.14646028,0.037915908,-0.19120345,47.29996,-1.8939519600878612
81.51544860120873,21.18422277539815,2026,49.78107473,0.10959433,0.04003056,-0.14998284,46.61816,3.162914482197266
81.73726512933486,21.184239575822488,2026,46.63136930000002,0.17367087,-0.016524289,-0.1926288,43.480198,3.1511713935058765
81.67166390373102,21.18431608978261,2026,47.882364619999976,0.14349873,0.021190811,-0.1777736,45.785496,2.096868861943335
81.50898470627745,21.18436790577416,2026,49.48712501,0.12220775,0.059233256,-0.1713327,48.80143,0.6856952614648435
81.54504963717294,21.18469655749293,2026,47.78666006000003,0.10322013,0.04137488,-0.14701793,47.746998,0.039662226748077956
81.56215453118729,21.18494779788179,2026,44.958248509999976,0.17649403,-0.01913614,-0.20641084,43.103065,1.8551830192773195
81.69927917906791,21.18518902370407,2026,47.17312547000006,0.1451178,0.054545455,-0.18696472,46.959816,0.21330949099615282
81.51579996879556,21.18517992177431,2026,50.43733457000002,0.09428496,0.05942275,-0.13241707,50.140907,0.2964272824023624
81.64187400306523,21.18526758877053,2026,45.24707120000005,0.14701109,0.0022714715,-0.16899838,43.670166,1.5769051843750503
81.68688151070832,21.18545352077313,2026,48.76592278999999,0.16538037,0.02336741,-0.19445913,45.63663,3.1292917780371
81.70643242282604,21.185494484544524,2026,45.51709477999998,0.19723924,-0.012106084,-0.20920002,43.743023,1.7740718612988076
81.51963817082374,21.185517374861448,2026,50.07331543999999,0.117683515,0.05778887,-0.15890186,48.991173,1.0821426494726438
81.57578462057256,21.185500080878263,2026,49.61871878,0.10811009,0.05715579,-0.14870468,48.66181,0.9569069513867206
81.62966110471444,21.185903625202183,2026,47.57816084000001,0.15886599,-0.0065925545,-0.17327106,44.14654,3.431619244541025
81.51055416385468,21.186104807847283,2026,44.38231214000001,0.129932,0.03939449,-0.17765489,47.99099,-3.6086775450585833
81.65578597562745,21.18616227402421,2026,47.80716818000002,0.09852936,0.035788283,-0.13823198,46.392334,1.4148341956250192
81.63362747141286,21.1861782850454,2026,48.09086384,0.15525603,0.030653004,-0.18225774,45.18316,2.9077049654882785
81.67578336495825,21.1862144983066,2026,48.30790811000003,0.13057645,0.04651619,-0.1637858,47.515026,0.7928820174707312
81.5500488483814,21.186348379194445,2026,50.84578796000005,0.08401487,0.07279995,-0.13766581,47.25789,3.58789916605474
81.57824806070268,21.186404400558263,2026,45.927257180000026,0.14077027,0.035549387,-0.18510269,46.368385,-0.4411281349413798
81.70215541189133,21.186738528568515,2026,43.95164162000003,0.19053505,-0.05053212,-0.20947921,42.53655,1.415093005498079
81.7005744552255,21.18692172954688,2026,48.00199531999999,0.1103941,0.045155194,-0.14859438,46.947227,1.054767841972648
81.69952116100903,21.18699673796911,2026,48.077191760000005,0.12588365,0.04140492,-0.15719676,46.400402,1.6767896909082083
81.53854009453093,21.1870369867008,2026,48.26860088000001,0.14801618,0.038669873,-0.18842655,46.559,1.709602772089852
81.65890914918238,21.18704657158123,2026,46.81936040000005,0.120301425,0.0367765,-0.15149839,45.8423,0.977059984960988
81.74554737431106,21.187115050733183,2026,50.29890476000003,0.116698906,0.065219864,-0.17031188,49.13091,1.1679957939355745
81.61286652509695,21.18713062955265,2026,44.97875663000002,0.1786044,-0.016533183,-0.19647188,43.611225,1.3675315018261927
81.53076767853217,21.18716731856646,2026,51.51913790000003,0.11615861,0.0722867,-0.1609756,50.10859,1.4105487276367512
81.72066681965667,21.18734459481933,2026,46.64504138000001,0.08691867,0.03938699,-0.123919204,45.7434,0.9016408062695405
81.73338039350148,21.18745961481337,2026,46.03663382000002,0.21838742,-0.049031075,-0.2277638,41.88232,4.154313415947286
81.54038105508461,21.18748186644365,2026,49.86481622000002,0.11111111,0.059369516,-0.16496688,47.975117,1.8896994902636948
81.54730734329686,21.187685660570967,2026,48.189986420000025,0.10108003,0.040106226,-0.14805457,47.170174,1.019812774980494
81.56082451877474,21.18812780037768,2026,47.59525094000003,0.070663266,0.027893588,-0.10690805,45.521057,2.074193811093778
81.51334927213355,21.188159414135345,2026,50.62019864000001,0.11857693,0.05078726,-0.15085453,47.564266,3.055932435166028
81.57588378535696,21.188201198322822,2026,40.89593174000004,0.23473006,-0.10528788,-0.24967498,42.211693,-1.3157610700585565
81.62984541538322,21.188290542589023,2026,45.13940357000001,0.17400795,0.0061436896,-0.18644771,44.414593,0.7248108270800913
81.56519900796164,21.18833636918866,2026,46.81252436,0.1153417,0.01657085,-0.15380175,45.46298,1.3495459969628882
81.72724987511666,21.188375138765423,2026,47.39700578000003,0.13954544,-0.01709618,-0.1588724,44.00364,3.393366558808623
81.5504980014681,21.18847352509595,2026,51.156827780000015,0.0824245,0.073817074,-0.13645038,48.12025,3.0365770780957178
81.60787452864844,21.18849317441862,2026,37.248904400000015,0.124900445,-0.09709061,-0.10446828,37.274532,-0.025627918115219472
81.55605592265482,21.18852894620477,2026,48.87359042000003,0.095545955,0.05850574,-0.14187856,48.93613,-0.06254010368161289
81.5742709203259,21.18863868129471,2026,46.950954170000045,0.13145539,0.028741118,-0.16089894,46.551117,0.39983722664067045
81.5676226855256,21.18868202006896,2026,48.24809276000002,0.12375831,0.054156844,-0.15356897,47.014286,1.2338067187402544
81.58761011897494,21.18868401863149,2026,47.82938531000002,0.14765175,0.00027338663,-0.16972114,45.755814,2.073571711367208
81.72268734224807,21.18893850798075,2026,45.85889678000001,0.14885865,0.00440688,-0.1664098,44.941425,0.917471456513681
81.65764362033102,21.189002690212465,2026,46.15284650000001,0.20304294,-0.037466146,-0.21452855,43.285545,2.867301150878916
81.64928802593501,21.189110552390144,2026,45.084715250000045,0.19501764,-0.07711087,-0.20699771,42.09302,2.991693857177779
81.67948020212182,21.18918456321528,2026,49.51617818,0.13670762,0.061014436,-0.17432094,46.681606,2.834571887275388
81.66953261547671,21.18920112322863,2026,45.19409188999998,0.20479698,0.006015818,-0.21412186,42.37527,2.818821046494122
81.54188687787573,21.18926737569968,2026,47.21585072000005,0.11431522,0.030319167,-0.14102213,45.927586,1.288265118193408
81.7245717270412,21.18930449512213,2026,47.53714460000003,0.15342541,0.050567016,-0.19239469,46.472916,1.0642289505859708
81.71702764689344,21.189459749107243,2026,46.00587164000001,0.13713852,0.013797025,-0.16954747,46.3116,-0.3057280914453031
81.75243163472885,21.189586762923284,2026,49.34869520000001,0.13379005,0.05797991,-0.18239126,49.673893,-0.32519777485350687
81.70809444438049,21.18963789938873,2026,47.47220221999999,0.1654536,0.03829603,-0.18478966,44.492104,2.9800986433398364
81.68210209783794,21.189644313506324,2026,48.04813859000001,0.16232853,0.03996165,-0.19641565,45.25434,2.7937974645117265
81.71249089274913,21.18971463334595,2026,45.61963537999998,0.14106494,0.041781396,-0.17158854,46.927456,-1.3078205220996324
81.5485572744508,21.189910693083245,2026,49.587956599999984,0.09909464,0.05154576,-0.14497292,48.06081,1.527146510888656
81.67666124097836,21.189970476330185,2026,49.73322245000003,0.13780677,0.053301692,-0.18399118,45.701122,4.032100166064481
81.52173708580193,21.18998326327652,2026,47.991741260000026,0.1132463,0.034601197,-0.15360644,45.92361,2.068130572744167
81.71458198172012,21.19013715653473,2026,46.59548009000002,0.16539624,0.0045160693,-0.18209033,44.778564,1.8169156368750166
81.57297288136768,21.19019953948644,2026,45.447025370000006,0.1694601,-0.016596451,-0.18997273,43.427715,2.019310068486334
81.61558227774896,21.19031680285291,2026,45.94092926000002,0.16802317,0.021003304,-0.1900564,45.158485,0.7824438474023623
81.59136190661417,21.190425327813685,2026,47.87381957000002,0.14493863,0.027305352,-0.20403664,50.44512,-2.5713021951366954
81.64048947544781,21.190471167373268,2026,46.73561891000003,0.14889038,0.007089387,-0.17002623,46.348827,0.386791547939481
81.62159197536108,21.19053534363776,2026,38.65541962999998,0.2647064,-0.13329771,-0.24933052,39.432873,-0.7774531422168138
81.59380444897776,21.19067225415724,2026,39.750895040000046,0.15763775,-0.0074362606,-0.1782756,45.37811,-5.627213938271439
81.62025724390972,21.190817789855625,2026,40.38322874000005,0.26846066,-0.1506057,-0.25585338,39.31114,1.0720905869238777
81.72298390847536,21.190843937874146,2026,46.292985320000014,0.17932665,-0.028112704,-0.19599882,43.50021,2.7927755116504045
81.75614724537344,21.19121236665947,2026,47.978069180000034,0.16093765,0.02684636,-0.2073705,45.304436,2.6736334500195653
81.59671528427475,21.19125042595719,2026,36.82848794000006,0.24457899,-0.11910267,-0.23713359,40.496807,-3.6683191583886128
81.57996122877084,21.191310444051663,2026,48.600148820000015,0.13832174,0.044623442,-0.16910277,46.531933,2.0682159891894685
81.62293161769989,21.19140919957191,2026,39.36465878000001,0.27616975,-0.15395212,-0.2663859,39.493477,-0.12881808767576786
81.51185692781625,21.19142265018236,2026,44.53099601000002,0.20243669,-0.07022766,-0.22153665,42.948544,1.5824524614160325
81.67195621980322,21.191528682295065,2026,45.31714061000002,0.1724895,0.01482094,-0.18231264,45.593296,-0.2761554410253737
81.63134721437022,21.19153338631781,2026,46.56984494000005,0.17811814,-0.015039573,-0.19248126,43.82824,2.741605499082084
81.64925387705048,21.19153712675618,2026,46.74245495000002,0.13141684,0.018745106,-0.16063192,46.02709,0.7153667847168137
81.66301884717949,21.19153879665178,2026,48.26176484000001,0.10025698,0.04090486,-0.13306497,47.22615,1.0356143273046996
81.71267662330774,21.19165433202788,2026,47.85160244000002,0.13347785,0.041978862,-0.15891549,46.1063,1.7453020859961157
81.68652595032187,21.191663547787904,2026,48.26176484000001,0.1502781,0.046937674,-0.19378574,47.950302,0.3114627159765746
81.66191667628463,21.19176715486395,2026,46.34083759999999,0.13244028,0.033476945,-0.16510983,46.39174,-0.0509012916015692
81.6748203134014,21.19179438625593,2026,46.89968386999999,0.17878492,-0.013049179,-0.19937915,44.541786,2.3578976761523336
81.51781213170315,21.191849112219387,2026,47.12185517,0.12821078,0.04453517,-0.16627991,48.119823,-0.9979682858105434
81.63725607528197,21.19184987308978,2026,45.602545280000015,0.13188082,0.0073394496,-0.15687792,45.59811,0.004435081025405907
81.67960507854369,21.19190520818213,2026,49.11968786,0.15990806,0.038055,-0.18748902,45.039474,4.080213372695312
81.69601874354545,21.192119273481666,2026,49.157286080000006,0.07385697,0.036391728,-0.10623844,45.841965,3.3153213583203183
81.63641956904189,21.19218258443645,2026,45.312013579999984,0.15130366,-0.0045903465,-0.17375758,44.430668,0.8813457028027187
81.63281347516259,21.192309989081387,2026,47.35598954,0.15017629,0.025803743,-0.16963585,46.517906,0.8380833510351593
81.65316074008653,21.19244130407737,2026,47.08938397999998,0.13137169,0.0030843373,-0.15422386,45.061596,2.0277880632519327
81.59282747997278,21.192463043701387,2026,38.286273470000026,0.26611552,-0.14242078,-0.2504751,39.8296,-1.5433278178417709
81.5447210012748,21.19270066612428,2026,47.28250211,0.124106325,0.058196034,-0.17385402,47.849476,-0.5669737505957002
81.70791440037327,21.192701746361035,2026,47.30130122000003,0.118588455,0.011469072,-0.14334688,44.39915,2.9021503716113557
81.66501715948456,21.192720823790594,2026,47.51492747000003,0.12599625,0.034151677,-0.16542014,47.248455,0.26647242239261004
81.66291844095986,21.19275448487513,2026,48.46513703000005,0.06595042,0.059473492,-0.11513199,47.53686,0.9282756103223164
81.70396329237232,21.19301928741105,2026,49.24102757000003,0.097918324,0.026713338,-0.13667904,46.288883,2.9521443607715128
81.61409024766061,21.19307003572545,2026,45.62134438999999,0.12707102,0.023538897,-0.16302015,45.663975,-0.042630371962900426
81.64078201921791,21.19309313878165,2026,46.06910501000005,0.09681324,0.022529047,-0.13630582,45.450775,0.618329863515676
81.56073342519822,21.19315506741505,2026,45.64697954000002,0.141673,-0.0014238541,-0.17704031,45.643215,0.0037643605566586302
81.64820001570352,21.19319837674359,2026,46.53908276000004,0.1326816,0.018074675,-0.16370668,45.31336,1.2257244531152764
81.5776125598018,21.19338590435665,2026,46.72023782000002,0.12761529,0.01405192,-0.15581433,45.247066,1.4731713221972882
81.67491259920583,21.19340199419214,2026,47.55423470000005,0.15372339,0.038466137,-0.18441205,45.000732,2.553502278125052
81.57621899549534,21.193403932045342,2026,42.16230815000006,0.016203085,-0.029660078,-0.0099225035,40.434956,1.72735255307623
81.5979929637858,21.193518006401515,2026,42.52120024999999,0.18279494,0.0030237453,-0.20284697,44.500412,-1.979211737304695
81.5212369379271,21.19352953739721,2026,47.85160244000002,0.113042206,0.04027822,-0.14776164,46.767384,1.0842188645605688
81.66694951921404,21.193566829949045,2026,41.965772000000015,0.055605788,-0.037846968,-0.0518018,39.98239,1.9833806425781404
81.71184960048532,21.19358321256093,2026,47.83793036000003,0.14510344,0.041603494,-0.17459491,46.359215,1.478715577285186
81.64756531815836,21.193612879220016,2026,45.98365451000001,0.15089467,-0.025751429,-0.16064234,42.62942,3.3542332758691487
81.56601369680034,21.19362176135379,2026,46.37159978,0.15085831,0.015048323,-0.16924617,44.98157,1.3900285824902312
81.61959487453571,21.19368457525874,2026,47.47562024000001,0.11844566,0.045234155,-0.16178004,47.981945,-0.5063247978417849
81.55209040080405,21.1937113110998,2026,48.98296706000002,0.12421325,0.036421426,-0.16742624,47.6241,1.3588673285547088
81.5141174425574,21.19373537554456,2026,48.83599220000002,0.10042735,0.048156895,-0.1297989,47.453934,1.3820584841797086
81.5569581002662,21.193809224569232,2026,50.4424616,0.11007232,0.049625468,-0.15546334,47.90301,2.539450277978517
81.62650230662892,21.19438501341945,2026,45.90162203,0.14209704,0.026664695,-0.15744847,45.36121,0.540412160615233
81.64323233448394,21.194577889048684,2026,45.68115974,0.097724274,0.027145727,-0.13570416,46.29609,-0.614929432363283
81.71291586916297,21.194737360880165,2026,46.00587164000001,0.1816796,-0.03783508,-0.1969268,42.650425,3.3554466827246188
81.68513492349928,21.1948244284147,2026,51.03036104,0.10496469,0.096803546,-0.15891261,47.05189,3.9784697130957056
81.73440047712711,21.194885572385765,2026,47.403841820000025,0.15785268,-0.014221628,-0.18215531,44.82307,2.5807712938769782
81.7420564533677,21.195131180692325,2026,45.75635618000001,0.18357238,0.022530224,-0.19662145,44.791615,0.9647416475293085
81.73342250163677,21.19531022532736,2026,46.79543425999998,0.14157005,0.06637676,-0.17493254,47.735107,-0.9396731618750209
81.59525084065756,21.195320601625934,2026,46.20582581000002,0.13673282,0.046027265,-0.1671991,47.015785,-0.8099594072851346
81.60578047794601,21.19544386110346,2026,39.68595266,0.31497988,-0.09773054,-0.28959537,40.129723,-0.44376993521484565
81.52335831047982,21.195691965460405,2026,47.058621800000026,0.139866,0.010901162,-0.16764809,44.89943,2.1591924787109633
81.58357164860304,21.19575163291108,2026,46.48439444000002,0.14748704,0.027628286,-0.1783171,46.402267,0.08212698394532936
81.5026168070299,21.19581185680173,2026,39.74405899999999,0.21453601,-0.09218534,-0.22969776,41.9753,-2.231240835205085
81.70156624320882,21.195837311809687,2026,49.25299064000001,0.11531559,0.065538846,-0.14789301,47.683662,1.569328225449226
81.61319236323774,21.19592742399579,2026,45.82129856000006,0.14001787,0.019384995,-0.16452809,45.20817,0.6131267155176374
81.65945118075301,21.19593962828545,2026,47.00906051000004,0.14914593,0.007857076,-0.17446667,46.329575,0.6794859250391028
81.52195502456762,21.19605278251403,2026,48.401903660000016,0.111160316,0.032705776,-0.15193021,46.256256,2.1456475564843913
81.64680561181758,21.196189652256457,2026,45.1958009,0.1804326,-0.013286955,-0.19112961,43.532764,1.6630364651855487
81.70601233484173,21.19641575417678,2026,46.74416396000004,0.24355574,-0.07616245,-0.26118296,42.00927,4.734894245644568
81.5531345194919,21.196422673229847,2026,46.90139288,0.11233351,0.029175164,-0.15187655,46.14609,0.7553014188183624
81.65747475951375,21.19647281771801,2026,46.908228920000056,0.16424379,0.011074058,-0.17736952,45.09569,1.8125372390918528
81.5924408600516,21.196560322482863,2026,39.279208280000034,0.277569,-0.16723616,-0.26258552,38.2496,1.029608823212925
81.73013122936838,21.19663480506897,2026,45.75977420000004,0.15689912,0.000282921,-0.18407923,44.210735,1.5490388789551162
81.58860721138589,21.19667197893525,2026,46.28785829000003,0.13624717,0.025956744,-0.1612225,45.940586,0.3472721999121404
81.6058849939683,21.196673737452667,2026,40.50798646999999,0.25269628,-0.0874959,-0.24818656,40.632233,-0.12424619601563336
81.74390719021547,21.19672713110716,2026,50.91756638000004,0.12426774,0.07999092,-0.16891916,46.648315,4.269250950312539
81.72515611530841,21.196730606375784,2026,44.79247454000006,0.20899022,-0.069543295,-0.2280856,42.726643,2.0658319313574793
81.51852048421303,21.19683473141663,2026,45.53076686000003,0.10706622,0.040620692,-0.14787678,47.1454,-1.6146341409765341
81.69867045317113,21.197264434422085,2026,47.465366180000046,0.123367734,0.06895177,-0.15617147,47.325706,0.13965969806645262
81.75799449195102,21.19741419046048,2026,48.70610743999998,0.13666208,0.071039684,-0.18707563,46.494774,2.2113335752538887
81.62035522586487,21.19749135386592,2026,40.509695480000005,0.24154553,-0.14702764,-0.22810867,38.885193,1.6245026089062549
81.5448203783666,21.19757110711711,2026,52.07627516000002,0.060354568,0.06909762,-0.10752075,47.45505,4.621223737880882
81.56392297827004,21.19766990508591,2026,45.61279934000004,0.16229102,-0.03304807,-0.20663388,43.382614,2.2301852042578503
81.72667188432189,21.19777996989225,2026,47.98832324,0.122505836,0.016946917,-0.14743121,44.751564,3.2367592141210935
81.58454525415988,21.19803308566702,2026,46.09132213999999,0.16063842,-0.0044935322,-0.18841514,44.342037,1.749284939072254
81.60943857108484,21.19809820067088,2026,43.09884563000003,0.29392755,-0.105315164,-0.2865962,40.08042,3.0184241822461217
81.54988605065823,21.198150763587623,2026,48.72832457000004,0.13766983,0.023753865,-0.17598969,46.82562,1.9027058261035563
81.74614362382052,21.19823002027501,2026,50.45613367999999,0.12207094,0.090795174,-0.17545961,47.207306,3.2488277717968685
81.59153437750486,21.1982431979774,2026,43.44748367,0.1317971,0.001003009,-0.15875801,45.06795,-1.6204675323925812
81.60102459756312,21.19825475370736,2026,39.95084921,0.16648096,-0.031722568,-0.18809739,43.575264,-3.62441476705078
81.62391602317447,21.19836444662775,2026,42.929653640000026,0.22759059,-0.06199395,-0.2257291,42.078632,0.8510212852636982
81.74678533003255,21.198410279102468,2026,51.51913790000003,0.104304045,0.09096746,-0.15448481,47.90249,3.6166491915039387
81.63849437532686,21.19846958518337,2026,44.63524561999998,0.1286316,0.020342257,-0.15502632,45.62452,-0.9892737281445534
81.6216236421049,21.19862555202634,2026,44.47801670000001,0.22074063,-0.06257491,-0.22246815,42.497406,1.980610694140637
81.59771688031626,21.198685906759493,2026,40.64641628000004,0.23190641,-0.09562637,-0.22594583,40.667244,-0.020827677519491772
81.75846649461398,21.19882530551001,2026,49.70075126,0.13124593,0.078925006,-0.18266444,47.30291,2.3978414089257782
81.5292729532685,21.19883797544348,2026,48.863336360000005,0.11749347,0.024592673,-0.14580253,45.71468,3.148656641982427
81.54135402060663,21.19890292267324,2026,49.88532434000001,0.059170935,0.1313571,-0.12324097,46.890198,2.995126586093761
81.59650864757319,21.19892147043349,2026,41.36761850000005,0.24177092,-0.09846642,-0.23882526,41.34301,0.024608551269579948
81.56093887269567,21.19899136224437,2026,47.13040022000001,0.2140343,-0.031803012,-0.21691982,43.53486,3.5955415163867315
81.55864643903695,21.199064254162984,2026,47.84989343000001,0.14630237,0.02916943,-0.17167677,46.242397,1.6074961216503993
81.54043280008614,21.199229645988908,2026,48.64458308000002,0.14626335,0.007803612,-0.17976564,45.956696,2.687887523359393
81.63080347379494,21.19924540325761,2026,46.021252730000015,0.123800285,0.023536248,-0.15739624,45.78293,0.2383242632031397
81.65593926268807,21.19925046154412,2026,45.87940490000005,0.1829325,-0.0006650544,-0.2053747,44.985874,0.8935307239746564
81.52324360219829,21.199350791787424,2026,48.52495238000006,0.09471308,0.05321053,-0.13031316,47.38511,1.1398434322461526
81.58804847136994,21.19939424421765,2026,46.64333237000005,0.14483273,0.016146526,-0.168596,44.551132,2.0922001678516153
81.52714317766736,21.199586281176128,2026,48.53178842,0.10500379,0.042598613,-0.13884982,46.679493,1.852295469560545
81.60707328163987,21.199757903303304,2026,45.82129856000006,0.15108119,0.016407415,-0.17991601,45.855865,-0.0345669185155657
81.65156687014921,21.19981757945084,2026,34.16585036000004,0.007418398,-0.065432295,0.010492568,36.301544,-2.135693829453082
81.65733396632871,21.199906838762686,2026,46.77150812000002,0.1236415,0.039599482,-0.16180816,46.846233,-0.07472524791990054
81.591958714504,21.20006209891212,2026,37.616341550000016,0.2289821,-0.1086575,-0.21962923,41.17954,-3.563197176806625
81.74570140468525,21.200341635186422,2026,48.92486072000003,0.085273735,0.07358904,-0.115683295,47.345116,1.5797450583789328
81.54313970733239,21.200406759004046,2026,42.99117799999999,0.070866145,-0.07140883,-0.06845539,40.042004,2.949174368408194
81.71755736589049,21.200452004860534,2026,47.14749032000003,0.14304651,0.061643835,-0.16433677,46.095417,1.0520732972949531
81.64877129297155,21.20046327803448,2026,38.07606524000005,0.20709477,-0.02062482,-0.20549911,42.80503,-4.728965582753858
81.75888779339859,21.200493363664663,2026,49.56744848000005,0.155944,0.033007707,-0.18134984,45.339615,4.22783361183599
81.6069375167994,21.200536897445392,2026,46.03663382000002,0.21045142,-0.01964251,-0.21954016,43.08545,2.95118460125002
81.71293533772752,21.20057657739012,2026,48.10453591999999,0.1315662,0.08046534,-0.1645181,46.68909,1.4154451912402237
81.6973087249257,21.20087859797909,2026,47.26370300000002,0.18878046,0.0062897,-0.2009483,43.21493,4.0487715119629115
81.51447022513211,21.200937127468897,2026,40.32341339000004,0.077806264,-0.03277415,-0.07566149,42.568436,-2.245022278945271
81.53412218357718,21.2009557791806,2026,48.84966428000001,0.11060528,0.055133358,-0.16788162,47.56629,1.283372470917982
81.72000304170722,21.201007463578364,2026,46.419452060000026,0.18425325,-0.043430205,-0.1968827,42.579212,3.840239871279323
81.57269817956022,21.201060529709864,2026,45.26757931999998,0.15976228,-0.011455122,-0.1798229,44.12307,1.1445095568163879
81.64648431990288,21.201082824104567,2026,43.51413506000006,0.17733715,-0.026332857,-0.18964027,43.306717,0.20741814105474532
81.51117081484266,21.20117872115742,2026,46.86379466000005,0.09980116,0.04537157,-0.1413945,47.199795,-0.33600010928705615
81.66630378935169,21.201299620743704,2026,47.41751390000002,0.07871903,0.032383095,-0.11940406,46.54222,0.8752928306640797
81.54471663997923,21.20155244022993,2026,48.008831360000045,0.15162395,0.00528481,-0.1834491,45.029633,2.9791987916406697
81.51873784958941,21.201576455827777,2026,48.63774704000002,0.106264986,0.04043162,-0.14629601,47.327133,1.3106138612890845
81.65675572891676,21.201676888971065,2026,43.21164028999999,0.23379897,-0.033972967,-0.22974792,40.83488,2.3767594611425693
81.7347474909696,21.20169537284277,2026,48.62065694,0.12586734,0.05583195,-0.17460547,47.101654,1.5190028872656285
81.52773930303853,21.201788439596022,2026,48.41899376000004,0.13871501,0.02462022,-0.1804587,47.046825,1.372168351064495
81.69537697681106,21.20182114824312,2026,46.41261602000003,0.094495125,0.04575324,-0.13764827,47.583416,-1.170799965107392
81.55063958585728,21.201905972599643,2026,47.00393348,0.1033798,0.043976042,-0.14107426,47.788734,-0.7848009560351557
81.60650538323569,21.20200298679028,2026,42.17427122000004,0.23058039,-0.0894696,-0.21790941,41.196392,0.977879160673865
81.65055905103367,21.202317770293664,2026,38.72719805000003,0.13470432,-0.09150132,-0.117287084,40.472565,-1.7453666472655982
81.61511409958996,21.20237619490176,2026,44.03538311,0.25217485,-0.11023431,-0.24664997,39.96147,4.07391155238281
81.56989903988463,21.20243010055105,2026,45.800790440000014,0.19529036,-0.037831698,-0.20170984,43.007782,2.7930084575781393
81.66919673827648,21.20245934947344,2026,48.09769988000005,0.096894845,0.043007113,-0.14031033,47.34833,0.7493684285840345
81.6536754950567,21.20244999106584,2026,39.87565276999999,0.2830929,-0.10157381,-0.26649296,40.184643,-0.308990021748059
81.72374931897055,21.20250905720924,2026,47.092802000000006,0.19372164,0.010199098,-0.22031736,43.384174,3.708627653076178
81.57484203352142,21.20268225065612,2026,46.04688787999999,0.13797562,0.0041701687,-0.1656639,45.396473,0.6504149490917897
81.7515406713461,21.202747774679523,2026,48.798393980000014,0.10145437,0.0879367,-0.15132377,49.670544,-0.8721496906542825
81.73518326596722,21.20277975075308,2026,45.59570924000002,0.089803316,0.0029596307,-0.09357687,45.07546,0.5202507133886911
81.60734448633532,21.20284591945564,2026,42.81514996999999,0.25022262,-0.07513909,-0.24416313,40.67444,2.140711493437493
81.58188340762054,21.202920091781817,2026,45.91187609000002,0.1492356,-0.00669587,-0.17145458,45.020874,0.8910020665625211
81.64739565188673,21.203003144182027,2026,46.72194682999998,0.117249094,0.0100073535,-0.14505482,44.925632,1.7963143531933383
81.56994191502923,21.203032376846625,2026,45.571783100000005,0.17601971,-0.01749281,-0.18072951,43.111973,2.459810291162114
81.66332420171499,21.203030088590943,2026,46.47755840000002,0.14443506,0.008683994,-0.16902623,44.36556,2.1119997757324427
81.73166793311465,21.203058671157173,2026,48.71294348000004,0.12378062,0.048574574,-0.16094357,48.24645,0.46649496315433936
81.72550752302693,21.2030712099131,2026,48.682181300000025,0.13498034,0.059149936,-0.18695197,49.149582,-0.46740060917966275
81.54912025541702,21.203077407078208,2026,46.733909900000015,0.108732924,0.048108954,-0.15121987,47.977726,-1.243816082666001
81.50870789874864,21.20308411291605,2026,46.91848298000002,0.11552159,0.04018641,-0.14762232,46.496014,0.4224693386425997
81.67636543514853,21.2031685345543,2026,47.09963804000006,0.13134557,0.009774484,-0.15650065,45.62989,1.4697475981055277
81.58649908290928,21.20320287605165,2026,44.40794729000004,0.15824853,-0.012222385,-0.17545621,43.416794,0.9911534667578508
81.67427391330445,21.203288055087203,2026,42.73482650000005,0.2799496,-0.09779672,-0.24755245,40.090595,2.6442312546387186
81.56672463038608,21.20354736930742,2026,46.51515662000003,0.1497684,0.007678152,-0.16771206,45.06576,1.4493950538379181
81.71150990170476,21.20368124240134,2026,45.49658666000005,0.15891108,0.0352552,-0.18980819,45.515736,-0.019148966220654984
81.76292470276225,21.2037063400691,2026,49.1777942,0.116905294,0.076614,-0.16992295,49.209034,-0.031239766064452112
81.7528913596753,21.203708606369336,2026,51.006434900000045,0.116483785,0.07589557,-0.17908327,49.206757,1.7996783082031698
81.5479572651631,21.20407570802944,2026,47.72171767999998,0.117054455,0.047709282,-0.15391453,46.995987,0.7257307415234209
81.50179828102982,21.204097171705108,2026,41.97260804000001,0.24028187,-0.089202836,-0.22966489,41.266808,0.7058004838476677
81.6505907435743,21.204103886065017,2026,47.35940756000002,0.11815372,0.029167527,-0.15124927,46.27694,1.0824681679101786
81.68711546097167,21.204114304675706,2026,48.17289632000001,0.13412762,0.034954596,-0.16473371,47.030006,1.1428899113086004
81.6799902592768,21.204128701500363,2026,46.42287008000005,0.11712296,0.007276341,-0.13693099,45.27345,1.1494211359082556
81.63570538945582,21.204192933246983,2026,46.54933682000001,0.082688056,0.027812267,-0.11837172,46.40229,0.14704647576172647
81.64299179149545,21.20410045062697,2026,45.893076980000046,0.09968047,0.018232558,-0.1318974,45.288445,0.6046324609570775
81.61399068034922,21.204375736199854,2026,45.79053638000005,0.12788562,0.016253456,-0.15204546,44.864815,0.9257216216992674
81.60578468225599,21.20459790142904,2026,40.58660093000003,0.25501946,-0.086202346,-0.2514716,41.06843,-0.48183092424801544
81.58036768490425,21.20499186168016,2026,46.69460267,0.12544274,0.030614248,-0.16401885,46.190086,0.5045163052539081
81.65526107518077,21.2050138992123,2026,46.42287008000005,0.09080452,0.039442863,-0.12899505,46.685135,-0.26226480769526006
81.56401794022321,21.20525057080227,2026,46.614279200000055,0.13465206,0.029333675,-0.1621601,45.78645,0.8278297676270086
81.68774225175187,21.20525625312596,2026,48.336961280000025,0.12227544,0.042301722,-0.1552192,47.24423,1.092732916962916
81.55629557362505,21.20527892309006,2026,47.403841820000025,0.114378594,0.047154263,-0.14510992,46.828396,0.5754459764941657
81.62070495433586,21.20570171243128,2026,44.06785430000002,0.14973858,-0.011623271,-0.17191885,44.284348,-0.2164932341796657
81.62248332356911,21.20583631631417,2026,46.39894393999998,0.13684827,0.03297388,-0.16831087,46.14875,0.25019363482419976
81.7225765520833,21.206101626543305,2026,49.39312946000001,0.12102094,0.07923724,-0.16064496,48.968132,0.4249974409570427
81.5437794212638,21.206202478061027,2026,47.45853013999999,0.08817929,0.034473795,-0.12881291,45.70981,1.7487217903906185
81.62420627393192,21.20634059891664,2026,45.653815580000014,0.15211278,0.012977001,-0.16517518,44.675613,0.9782021766797016
81.59054855372112,21.20634667299224,2026,39.10147124000002,0.2897157,-0.17529716,-0.27122325,39.03769,0.0637820310156485
81.68815572548276,21.206396363306848,2026,49.827218000000016,0.14514212,0.047493484,-0.18083209,46.579433,3.247784558837907
81.7505626872694,21.20671704307869,2026,49.42047362000005,0.13536586,0.07730426,-0.17389208,45.69203,3.72844175964849
81.54822985489851,21.206725636896312,2026,47.21414171000004,0.10840572,0.045073405,-0.16524655,48.179092,-0.96495069722652
81.71443549427693,21.20702117406601,2026,47.352571520000026,0.10712554,0.02669467,-0.15179022,46.80875,0.5438213674121357
81.50062151137804,21.207068724296988,2026,42.41865965,0.22240509,-0.117766716,-0.23613219,42.229725,0.18893476596679903
81.71847706739744,21.20709293718441,2026,44.87450702000001,0.18566678,-0.015066696,-0.19531398,43.491924,1.3825827341113381
81.55121749343999,21.2071008300722,2026,49.39312946000001,0.107833564,0.05954891,-0.16174462,48.619736,0.773393742226574
81.70116232767805,21.20711014217113,2026,44.700188000000026,0.19684751,-0.044649683,-0.20604455,42.44519,2.2549975703125256
81.72960568922532,21.207122497715456,2026,46.74074594000001,0.10764724,0.040130544,-0.15501255,47.14578,-0.40503271600584867
81.74345901914674,21.207276482762467,2026,48.58305872000005,0.16074717,0.020364143,-0.17967914,45.714695,2.868363743193406
81.73249740502577,21.207394049031425,2026,46.75441802,0.16659398,0.032666344,-0.20026922,44.695503,2.0589147851367215
81.66571109009563,21.20785974452877,2026,47.00735150000003,0.10339007,0.020846337,-0.1337308,46.149635,0.8577161850586208
81.72427957797815,21.20804045478626,2026,47.868692539999984,0.14866854,0.036398843,-0.19201528,47.07523,0.793462895224593
81.72714681843986,21.208115699228983,2026,46.877466740000045,0.20329806,-0.012807529,-0.22140804,44.81248,2.0649858134863734
81.65319316867763,21.20818848018773,2026,49.33502312000002,0.09408726,0.06634055,-0.13609642,50.878178,-1.543154522822249
81.67693225724781,21.2081987608751,2026,46.504902560000005,0.080108136,0.029844783,-0.12323405,45.90545,0.5994536464257862
81.60465478540402,21.208214505940504,2026,44.185775990000025,0.25630355,-0.10519166,-0.24451575,40.353294,3.832481617441431
81.64739675534075,21.20826881184569,2026,46.96633526000005,0.14963908,0.019475522,-0.17926812,46.689835,0.27650066527348827
81.67684899489015,21.208351652887327,2026,46.504902560000005,0.080108136,0.029844783,-0.12323405,45.90545,0.5994536464257862
81.655170295138,21.20852230883923,2026,47.605505,0.09536986,0.03806901,-0.12696907,46.821648,0.7838573559570321
81.75061915041083,21.20853716097345,2026,49.07183558000003,0.121364675,0.07796308,-0.16280468,48.109222,0.9626131678906518
81.67936148779562,21.20861072414424,2026,46.997097440000005,0.1547285,0.016246634,-0.18416548,45.371227,1.6258701755957077
81.59259711568117,21.20878576121073,2026,44.53270501999998,0.17820232,-0.009571518,-0.19813156,44.35041,0.18229455857419907
81.67556151013704,21.208816831792987,2026,45.53760290000002,0.1503838,-0.030805994,-0.16597268,43.361435,2.17616796347658
81.53545763563575,21.208876856992152,2026,49.76569364,0.11001985,0.04330937,-0.15947019,47.827106,1.938587164169924
81.74271791524507,21.208894178749635,2026,47.08254794000004,0.18333334,0.010971871,-0.22287615,45.713566,1.3689821135840248
81.75593754379851,21.208924082842792,2026,51.08163134000006,0.12779821,0.072358675,-0.15693446,47.261955,3.8196760787695894
81.68343651179497,21.208973662896124,2026,46.306657400000006,0.16886397,0.0021242192,-0.19301039,44.865982,1.4406753443359435
81.61994085838023,21.20902372900809,2026,44.47630769,0.14662671,0.01077314,-0.17450292,45.743473,-1.267165362978517
81.6608798910236,21.20904667751544,2026,49.28375282000002,0.11384615,0.048910886,-0.15312245,48.37411,0.9096416444629085
81.59328590903596,21.209068823078145,2026,42.46138489999999,0.3068696,-0.14175424,-0.29407272,37.577698,4.883687146093742
81.72088011605071,21.209068707887585,2026,47.403841820000025,0.13942064,0.07329397,-0.17805661,46.30541,1.098433342216822
81.67142778112954,21.209123610261337,2026,49.41021956000003,0.07512859,0.077602014,-0.122923836,45.52727,3.882948289248077
81.61121195301635,21.209182087055463,2026,46.750999999999976,0.14209421,0.020429352,-0.17304176,45.97765,0.7733503112792732
81.59448462193198,21.20918428119377,2026,42.00166121000001,0.18469761,-0.013849882,-0.1971121,43.93341,-1.9317494345312411
81.72850950533604,21.20927282821643,2026,48.09428186000002,0.14133434,0.013622554,-0.17031008,45.56014,2.5341431576074385
81.5625750249208,21.20942257357229,2026,47.06887586000005,0.12187534,0.04437323,-0.15937044,47.65137,-0.5824951421972173
81.51504677076537,21.20960230570444,2026,46.04176085000006,0.1293365,-0.033115298,-0.14465642,41.996204,4.045556473779357
81.64921460197566,21.20981828532508,2026,48.333543260000056,0.095577545,0.04965237,-0.1375336,47.694237,0.6393065046289621
81.60291026362776,21.209895370041288,2026,43.07662850000003,0.21131258,-0.05596978,-0.20695402,42.59705,0.479578786865261
81.73404561891594,21.209897444869824,2026,43.76023250000003,0.089831114,-0.041418087,-0.07782516,41.28396,2.4762740649414354
81.61257671491289,21.209970932455303,2026,46.877466740000045,0.13353314,0.01986755,-0.15725456,45.100998,1.7764688151953578
81.49342668991468,21.20999296894397,2026,52.361679830000014,0.09813448,0.069111966,-0.1335436,51.75513,0.6065490621777485
81.72855533861674,21.210045907661417,2026,47.718299660000014,0.15089552,0.035118554,-0.17761722,45.746193,1.9721067278711075
81.73424043273812,21.210073732472203,2026,44.293443620000005,0.13715926,-0.024850225,-0.14895478,44.36511,-0.07166486999022936
81.67998557387737,21.21022240172534,2026,47.960979080000016,0.14316462,0.041794457,-0.1743809,46.88125,1.0797306058789218
81.50915261361253,21.2103203491756,2026,45.88282292000002,0.120078675,0.025035786,-0.17451945,47.27735,-1.3945284593945146
81.66943249539297,21.210363839307657,2026,47.83793036000003,0.19924407,0.14056303,-0.20768054,41.82436,6.013570466201202
81.6305327044603,21.210395850602325,2026,45.77344628000003,0.07422725,0.03159341,-0.10472708,45.42765,0.3457958283398739
81.6046890187332,21.21045680408736,2026,45.06591614000001,0.11473897,0.03797856,-0.14326271,46.174126,-1.1082095313867057
81.60314796920528,21.2105239899902,2026,43.61325764000003,0.14886649,-0.011955512,-0.17106825,44.425354,-0.8120963639062211
81.67425022552906,21.21055919668782,2026,46.83303248000004,0.13123277,-0.020748718,-0.15926482,44.695793,2.137239328144574
81.52138464075414,21.21059570987137,2026,47.77640600000001,0.11273099,0.030455079,-0.14981923,45.77603,2.0003745058593836
81.68581309263054,21.210621450917166,2026,44.52586898000004,0.074488364,0.020941895,-0.10948525,44.662632,-0.1367630085253495
81.70359550978685,21.21063756379862,2026,47.69437352,0.1630849,-0.0021992032,-0.17820743,45.684128,2.0102457123828117
81.61115394879867,21.21068868411541,2026,45.68286875000001,0.16176856,0.02954021,-0.17284928,44.130985,1.5518834899902458
81.50318515049582,21.210701364603665,2026,51.55673611999998,0.08711028,0.066233724,-0.11570472,48.232155,3.324581273808576
81.60868555547547,21.21071097407085,2026,40.94891104999999,0.263466,-0.100832984,-0.25522652,40.418125,0.5307858974121018
81.5778823207792,21.21090846498763,2026,46.33400156000005,0.16280752,0.0067064315,-0.18584658,45.3993,0.9347019384180157
81.6099905208045,21.21102072276985,2026,42.91085453000005,0.21036851,-0.004061329,-0.20073041,43.61862,-0.7077672961718235
81.63136800249106,21.211156162029525,2026,45.78711836000002,0.1144967,0.018623738,-0.14171349,45.52186,0.26526014466799097
81.76250885645521,21.211178980778083,2026,46.30323938000004,0.14102428,0.014952926,-0.17679924,46.168407,0.1348319398144966
81.76579539413166,21.211218214929342,2026,50.859460040000045,0.10404047,0.055391274,-0.14491576,48.23562,2.6238414486914508
81.52276552646931,21.21149451600381,2026,45.89991301999999,0.12246781,0.028890662,-0.15892337,46.406498,-0.5065849353222731
81.53347863065395,21.211508156236395,2026,49.661444029999984,0.11099871,0.047079064,-0.16139737,47.911247,1.7501967765820154
81.50223554898375,21.21157922687417,2026,50.52962111,0.10805028,0.045862805,-0.14103043,47.1118,3.4178199625390633
81.6676034730854,21.2117299796759,2026,48.53178842,0.115551144,0.05587306,-0.13972647,46.972057,1.5597310774707012
81.67477789790568,21.211798350277448,2026,46.33400156000005,0.13900042,-0.0067302985,-0.16282685,44.381023,1.9529781530176251
81.70226561279293,21.211819402183345,2026,48.00541334000002,0.1590024,0.011182109,-0.17510821,45.1474,2.8580134376562683
81.56133597174825,21.21186263175619,2026,47.52859955000002,0.13287629,0.044421267,-0.1680948,47.111877,0.4167221085937669
81.55453698121107,21.211872534478776,2026,46.40236196000001,0.11818806,0.050167613,-0.16671441,48.69377,-2.29140940230468
81.65307821983596,21.211888081088684,2026,46.06397798,0.13861237,-0.0015471213,-0.16072178,44.30075,1.763227247578122
81.57765287569605,21.21197741197496,2026,46.70998376,0.15529723,0.009814157,-0.18321808,45.28244,1.427543574453125
81.71653982749243,21.212054495014904,2026,43.89353528000004,0.17867436,0.018537404,-0.19424775,44.632072,-0.7385371687304314
81.67052946497253,21.21215135480812,2026,47.79349610000003,0.12242879,-0.007409222,-0.1544048,45.303677,2.4898194947754178
81.56793264040527,21.21225525851079,2026,44.87279801,0.12348724,0.015513486,-0.15216751,45.023346,-0.1505479372656282
81.5793508054966,21.21231794524461,2026,46.23829699999999,0.14819624,0.038340487,-0.18311743,47.074936,-0.8366389130859488
81.66832114960788,21.21235928840377,2026,49.88874236000004,0.11619019,0.074499816,-0.15442744,48.18638,1.7023638809961312
81.50221702283764,21.21237312004457,2026,50.245925450000016,0.14160515,0.02417758,-0.18129785,47.5303,2.7156253096191563
81.7301235703897,21.212404191828096,2026,46.26222314000006,0.1928686,-0.024702828,-0.2043683,44.104813,2.1574105179297476
81.59239603305332,21.21240528798721,2026,38.56313309000001,0.038475152,-0.04139732,-0.02295931,39.510902,-0.9477693147851483
81.54406826936425,21.212610169847864,2026,49.72125937999999,0.119372495,0.036792867,-0.15864204,47.47479,2.246470714228508
81.52333830312818,21.212707817794207,2026,41.69574842000003,0.23564038,-0.11213471,-0.23466827,40.78724,0.9085093452929982
81.58206729270113,21.212897658417987,2026,47.058621800000026,0.11728804,-0.00039504873,-0.1449887,44.63405,2.4245733380859633
81.69816740069936,21.213110062547567,2026,43.18600514000002,0.22958302,-0.05033095,-0.21869059,41.25306,1.932945752792989
81.74525347705905,21.21317348621242,2026,48.159224240000015,0.14701611,0.033447932,-0.19018404,45.88077,2.278452603037124
81.72933091934043,21.21328600361712,2026,46.58009900000002,0.1913243,-0.029559234,-0.21280175,44.204502,2.3755968942871277
81.69512827215962,21.21330493228647,2026,45.893076980000046,0.18440075,0.011045389,-0.21052048,44.33704,1.5560370324902806
81.7393539960901,21.21341138055801,2026,48.42924782,0.1243943,0.07595268,-0.159838,46.777065,1.6521825429003911
81.67935765453771,21.21347550519589,2026,50.55183824000005,0.109902225,0.059674066,-0.15499316,48.565582,1.9862559646094269
81.49639492712114,21.2137909520352,2026,48.79326695000003,0.11078206,0.056182917,-0.15385492,47.45537,1.3378950933105784
81.73764108270827,21.213808388453145,2026,49.42389164000002,0.11491687,0.058098294,-0.16523314,48.711403,0.7124887469336159
81.52628979885546,21.213919655943684,2026,43.77219557000001,0.1834719,-0.042949833,-0.20102783,43.024876,0.7473199291308674
81.7572872267625,21.21403084979565,2026,50.64070676000006,0.105452284,0.071426496,-0.15485129,49.204292,1.436414462636776
81.7392262701274,21.21406137660208,2026,49.34527718000004,0.11539949,0.06009893,-0.16017696,48.731277,0.6139997141797267
81.74247747848656,21.214134044250887,2026,41.0087264,0.22838728,-0.07064786,-0.25113276,44.128433,-3.119706827539062
81.6341609490284,21.214264927939688,2026,47.45853013999999,0.12206507,0.002044218,-0.14937699,43.597836,3.860694599228509
81.50094502509414,21.214486461647773,2026,50.811607760000015,0.10711809,0.04334429,-0.1350001,46.40337,4.408237856435562
81.74734266121231,21.214480259182213,2026,44.50877888000002,0.060493186,-0.016128303,-0.05329212,43.69716,0.8116200665234601
81.72951844386273,21.214665162746595,2026,51.73789118000002,0.088985324,0.062749006,-0.10515498,47.697918,4.039973241767598
81.59561398134711,21.214798572417013,2026,47.465366180000046,0.14367244,0.015622957,-0.17876162,46.239777,1.2255895686719214
81.74484492311328,21.214860013771,2026,43.81492082,0.13636549,0.016278824,-0.13064654,45.07964,-1.2647186148144556
81.49852474618396,21.215241006145813,2026,44.68309790000001,0.1993583,-0.09287981,-0.19503304,40.232098,4.451000274267585
81.60760721509355,21.21528600974128,2026,47.38675172000001,0.09334317,-0.004676698,-0.12372072,44.588196,2.7985559192187566
81.54262460758919,21.215344827787828,2026,44.895015140000055,0.023178494,-0.013121384,-0.030076986,46.200367,-1.3053518338768981
81.71351666638813,21.215379231032045,2026,46.53224671999999,0.16826737,0.026472399,-0.19089116,45.23234,1.2999049536425673
81.75393858170597,21.215389207697484,2026,45.72217598000003,0.09973674,0.0017410303,-0.12305093,44.551773,1.1704029087109689
81.56356123817129,21.2154665358002,2026,44.958248509999976,0.179638,-0.00701548,-0.20941453,44.789383,0.1688655754296633
81.58595408678312,21.215479010422904,2026,44.24900936000006,0.19284597,-0.043745205,-0.19517042,42.208977,2.0400326143945904
81.49822335418992,21.2155138055938,2026,44.45579957000001,0.18142727,-0.09014797,-0.18282713,41.139,3.316799631035167
81.68299787135794,21.21554474959014,2026,45.50000468000002,0.09958184,0.005255934,-0.12817982,44.480774,1.0192307542187677
81.75861793032566,21.215579974215107,2026,46.01612570000003,0.14244615,0.024342936,-0.16543095,45.665062,0.35106374931643813
81.64151902796647,21.21569271153129,2026,46.56984494000005,0.092991404,0.02428586,-0.11267769,46.24902,0.3208253171973183
81.7225507169911,21.215697545156647,2026,47.30813726000002,0.18833509,-0.023137078,-0.20059153,43.917286,3.3908513408105634
81.69538377003025,21.21573131632416,2026,47.39016974000003,0.10169611,0.04953815,-0.13668016,47.3687,0.021471619882845516
81.56955578646009,21.215733674773404,2026,41.22406166000002,0.16225676,-0.016391285,-0.17481454,43.079247,-1.8551848609960757
81.51432168470886,21.21577194465557,2026,44.04734617999998,0.17768054,-0.039582714,-0.2066521,42.736057,1.3112888985058362
81.70754306763497,21.21596873324289,2026,45.66406963999998,0.14956774,0.03958585,-0.16570096,45.388733,0.2753367298437297
81.49185327446729,21.21599269881757,2026,50.06989742000002,0.087523066,0.056226887,-0.12899403,47.260437,2.809460408281268
81.75065585210773,21.216062431407384,2026,46.14259244000005,0.06530345,0.030279463,-0.110135034,45.727272,0.41532040630864486
81.71345661995991,21.2161243995956,2026,46.01612570000003,0.17755231,-0.0024592131,-0.19922505,44.244347,1.7717790813476881
81.54466186166509,21.216182731303,2026,48.73174259000001,0.10324182,0.05111781,-0.14313814,47.80516,0.9265820675390728
81.6245694368102,21.21622151865421,2026,46.42628810000002,0.09108314,0.009367456,-0.12589177,44.6623,1.7639879901367408
81.74976478964345,21.21632102143996,2026,45.51367676000001,0.11769662,0.051273283,-0.14922787,47.352703,-1.839026334482412
81.64586132769173,21.21635992121425,2026,47.226104780000014,0.101627514,0.00070142624,-0.12672767,44.44254,2.7835655649121236
81.53620794174363,21.216485629456667,2026,42.00337022000002,0.12598121,0.0037122574,-0.15149479,44.34069,-2.3373203927929467
81.64656186199605,21.21677102325776,2026,47.31497330000002,0.08890312,0.024579972,-0.12563923,45.92032,1.3946546964843947
81.53610556743644,21.21683035981296,2026,44.26609946000002,0.13961568,0.03558356,-0.18280835,48.131226,-3.865126125937479
81.51408954794431,21.2169895260924,2026,49.48883402000001,0.09264736,0.05441032,-0.12168344,47.6073,1.881534215312513
81.7302519777196,21.217008790604343,2026,53.35803266000005,0.08816501,0.052666157,-0.10343069,47.09052,6.267513708584033
81.56077588888871,21.217086611755605,2026,35.89878650000003,0.2708432,-0.1450457,-0.254683,38.87741,-2.9786243886718466
81.7359131241936,21.21716056823159,2026,42.81344095999998,0.17221206,-0.0028721741,-0.21493782,45.715126,-2.9016850775976764
81.64998142158498,21.21727707264417,2026,46.06397798,0.113530666,0.018775614,-0.13418038,45.8739,0.1900766128124971
81.61255789913112,21.217320076668145,2026,46.173354620000055,0.15195228,-0.022657309,-0.17165732,43.953983,2.219371313115289
81.70076518551183,21.217453723314065,2026,43.9994939,0.1751235,-0.0027121524,-0.18570325,44.54031,-0.540816006005862
81.62322432417182,21.217472448401107,2026,47.745643820000055,0.09182199,0.024212293,-0.12846743,46.025963,1.719680990410211
81.5198621532348,21.217399709640056,2026,41.73334664000004,0.24488892,-0.09920331,-0.2397648,40.766167,0.9671799529883245
81.69452549373982,21.217681140284032,2026,44.97362959999998,0.21232013,-0.04243379,-0.20058964,42.59899,2.3746382059570124
81.69760870253579,21.217703112797324,2026,41.60004386000003,0.27064013,-0.10701372,-0.25840616,39.887745,1.7122989564355748
81.49733305490538,21.21770451989825,2026,46.457050279999976,0.10043277,0.053492926,-0.13780932,47.10455,-0.6474991279590085
81.52493001816323,21.21776166657743,2026,44.544668090000016,0.1840015,-0.0350972,-0.20000759,43.287563,1.2571047660254067
81.57631209284796,21.217915094143383,2026,46.78176217999999,0.13869035,0.017320871,-0.16600747,44.3926,2.3891611668163932
81.58302036518256,21.217946681828373,2026,44.27122649,0.18751718,-0.0063493913,-0.21561384,45.116364,-0.8451370353906285
81.51080410834646,21.218019957097628,2026,50.74153835000004,0.09200072,0.038519822,-0.12313203,46.877224,3.8643143814941823
81.61366436216876,21.21803492828884,2026,45.83838866000002,0.11616252,-0.003443504,-0.14342293,43.96548,1.8729078555566616
81.51822650976618,21.21811525190374,2026,39.76798514000001,0.20967622,-0.06343857,-0.21290371,42.539864,-2.7718784464257737
81.66872115421522,21.218168546091484,2026,45.34277576,0.1518782,0.026011372,-0.16202728,44.18291,1.159864840810549
81.65577564957015,21.21817222679411,2026,47.079129920000014,0.10598947,0.008260245,-0.12613624,44.394596,2.6845338201464983
81.74366961815194,21.218311830279468,2026,47.82084026000001,0.1263675,0.069645934,-0.1586603,43.73348,4.087361713857433
81.63448561298554,21.218406554310214,2026,41.48383118000004,0.12390738,-0.034475457,-0.13377422,41.727596,-0.24376510295894604
81.58203724918408,21.21860148053756,2026,44.70702404000002,0.18142708,-0.02397987,-0.2036562,43.766903,0.9401211164160372
81.59165284231277,21.21871511585428,2026,46.07252303000001,0.10712244,0.004915141,-0.12751053,44.07228,2.000242146210951
81.6732290208021,21.218780722771243,2026,45.34619378000002,0.13714467,-0.0130854,-0.16364029,44.793636,0.5525574579785371
81.55394219203052,21.2188278426746,2026,48.894098540000016,0.10652721,0.057636797,-0.14911816,47.03271,1.8613875109472815
81.61519603287424,21.218879950353124,2026,46.292985320000014,0.10875085,0.008506556,-0.13551128,44.673546,1.6194394825976701
81.54580602126613,21.21891036125095,2026,51.21835213999998,0.09947934,0.048175633,-0.12721737,47.27141,3.946940244248026
81.66005666131045,21.219141797322507,2026,46.470722360000025,0.10618619,-0.005301953,-0.13509765,45.104706,1.3660165494531498
81.75255848874855,21.21936403658275,2026,41.470159100000046,0.017883288,-0.02323381,0.00835456,38.22649,3.243669079248093
81.72938560075137,21.21940350109506,2026,49.65973502000003,0.12842496,0.03486205,-0.14953236,46.12216,3.537573154765653
81.6230855317723,21.21949530099012,2026,46.357927700000005,0.10172414,0.0038324131,-0.12768851,43.796406,2.5615219077636766
81.50897100346671,21.21954080655519,2026,44.51732393000003,0.10528328,0.018849047,-0.13123906,45.353947,-0.8366227557909838
81.62936431201732,21.21959048333209,2026,45.31543160000001,0.1074374,0.001009897,-0.13211001,44.287468,1.027963643457042
81.7488235508361,21.219635122130832,2026,43.934551520000014,0.086028166,0.011911471,-0.10557074,44.89883,-0.9642788938183458
81.74098836972567,21.21999869797736,2026,48.74028764000002,0.1606543,0.047265097,-0.18567699,45.20635,3.5339392208105664
81.52343946910882,21.22011332962988,2026,44.07810835999999,0.12313217,0.011822258,-0.14981422,45.301563,-1.2234549029394657
81.66281548583913,21.220205846267845,2026,45.76319222000001,0.080671445,0.027185593,-0.105340675,46.219418,-0.45622535202147674
81.73214103692516,21.22027009424146,2026,48.94878686000004,0.1581029,0.014077966,-0.19250078,46.51568,2.4331084542383223
81.53479088619046,21.22035305816002,2026,46.31349344,0.11004354,0.024538258,-0.1395985,45.85182,0.4616715405859395
81.50534605693157,21.220349940246667,2026,44.37376709,0.1423185,0.00143437,-0.1793541,46.01796,-1.6441925047265613
81.5673127791761,21.220536931964865,2026,46.02296174000003,0.16554466,-0.0037432667,-0.19497836,44.583893,1.439068917734403
81.495690539146,21.220722098358337,2026,48.59843981000006,0.11080458,0.024622692,-0.14883712,45.795273,2.8031669828516215
81.55722017943593,21.22072738720228,2026,43.27658267000004,0.22521742,-0.07624638,-0.22289236,42.072502,1.2040805337695701
81.55384361515527,21.220824249573464,2026,46.10670323,0.13486464,0.04408316,-0.16619304,47.041027,-0.9343238390917961
81.60919197926545,21.221222993318424,2026,45.893076980000046,0.07593706,0.022505725,-0.10669975,44.850956,1.0421210168652806
81.68242793181875,21.221347327289315,2026,48.569386640000005,0.11852576,0.033563524,-0.15197699,46.19517,2.374215283798833
81.64318880325001,21.22134921763382,2026,45.46582448000004,0.17232297,-0.03100493,-0.17648391,42.61764,2.848183031025428
81.76560021621673,21.221381444057904,2026,41.68207633999998,0.07725695,-0.015672956,-0.09084516,45.166172,-3.48409568758791
81.72981326144496,21.221448340727232,2026,48.02250344000004,0.2158998,-0.020153465,-0.21702582,42.949123,5.073380057431677
81.50638241090094,21.22161462574857,2026,48.02421245000005,0.13333793,0.028227713,-0.18441531,46.252586,1.7716260852539563
81.62323906757187,21.221638530905743,2026,45.746102120000046,0.09227307,0.0072952886,-0.11200214,45.402405,0.34369733484379594
81.74490830006364,21.221647529669823,2026,47.72513570000001,0.082318336,0.053239215,-0.12583353,46.642014,1.0831221501953223
81.49763722433075,21.221699400336032,2026,49.65118997000002,0.098617874,0.04351636,-0.14378205,46.991577,2.6596128215625185
81.50634598273652,21.22176337071281,2026,48.357469400000014,0.13126929,0.029261721,-0.17714223,47.430874,0.9265955291504042
81.6607531273613,21.22182390637818,2026,45.67432370000006,0.14753503,-0.03111952,-0.16230328,42.951683,2.7226406555664653
81.75162127270755,21.22186146486869,2026,45.24365318000002,0.054309573,0.017934049,-0.09019552,46.54123,-1.2975760680468582
81.61037635342028,21.22192098630341,2026,45.97510946,0.08702268,0.022766504,-0.11730096,45.18274,0.7923702021874988
81.60620761996718,21.2220860593078,2026,46.12892036000005,0.086514734,0.012500412,-0.11633109,44.90031,1.22860984364263
81.61185322096671,21.2221257713375,2026,46.798852280000006,0.10194531,0.032651685,-0.12988362,46.3737,0.42515309176758365
81.62449107230499,21.222210434799184,2026,45.53076686000003,0.101505935,0.0005255551,-0.12804924,44.28307,1.2476972494043252
81.50104436746396,21.2222682673934,2026,45.257325260000016,0.12011242,0.014321284,-0.1503013,44.86895,0.38837536986329724
81.65818047899097,21.22251143827682,2026,46.13233838000002,0.12266949,-0.012870341,-0.14577101,43.80969,2.322649811884787
81.67378398293954,21.22255176133304,2026,46.16651858,0.079211965,0.028229713,-0.10668087,46.127636,0.03888262418945487
81.62949117090157,21.222601190427667,2026,38.182023860000015,0.31493723,-0.15257043,-0.28791147,37.255,0.9270227918847809
81.76580755938564,21.222602802442328,2026,44.72753216000001,0.09881887,0.036939397,-0.13045776,46.73093,-2.003398168369131
81.51178690301357,21.22263978591576,2026,50.46126071000003,0.093681306,0.045836046,-0.12312822,46.954117,3.5071438887109707
81.61193535084607,21.222770414852604,2026,46.52882870000002,0.10481868,0.013340939,-0.13469388,44.77739,1.751439173632832
81.53620342821746,21.22279617589515,2026,46.272477200000026,0.113518745,0.017412445,-0.14748313,45.321957,0.9505205654785414
81.7698676895753,21.222795856612088,2026,45.53076686000003,0.07460815,0.03847677,-0.111840345,45.987232,-0.45646534825192475
81.59334671246486,21.222857999518272,2026,45.35302982000002,0.07586871,0.014606837,-0.10260256,45.15618,0.19684848455079873
81.76508950333081,21.222940265995685,2026,44.67626186000001,0.21428572,-0.053586353,-0.22209056,44.170563,0.505699115859386
81.6974200356015,21.223072386879966,2026,45.87940490000005,0.14503175,0.056625176,-0.17703952,45.368935,0.5104702686523908
81.5587607850772,21.2231258272578,2026,47.07571189999999,0.11328484,0.034754034,-0.14344697,45.864258,1.2114540874999875
81.69219534653669,21.22359236757708,2026,44.85741691999999,0.1539407,-0.020331182,-0.17462187,43.813637,1.0437801402148352
81.55969813576115,21.22359588422804,2026,48.86846338999999,0.118191324,0.031144654,-0.1459631,46.476864,2.3915995289160037
81.60097115404581,21.22350025729869,2026,45.53076686000003,0.08721446,0.013124376,-0.11889441,44.572693,0.9580739889062784
81.62414569251906,21.22366922299276,2026,45.21289100000001,0.09752693,0.006930052,-0.12288539,45.0565,0.1563915187988414
81.69086073518653,21.223686369567258,2026,44.31736976000002,0.25317097,-0.07900649,-0.24178547,40.627865,3.689504922353535
81.4960695933178,21.22395948336251,2026,49.451235800000006,0.11532736,0.04558181,-0.16510543,48.280037,1.171198873730475
81.55803410647673,21.2239730357232,2026,48.61382090000001,0.12249037,0.048830867,-0.15443203,48.165768,0.44805323032227307
81.62726081048496,21.224110083948663,2026,41.89399358000003,0.09809327,-0.0002092488,-0.115258984,44.740883,-2.8468892935351278
81.55106715560417,21.22412660721644,2026,44.56004918000002,0.140098,0.022178594,-0.17623617,46.814518,-2.2544687948534943
81.75264279526583,21.224389757909982,2026,46.13575639999999,0.09781457,0.05174041,-0.13708544,47.41145,-1.2756930323730558
81.55474737972811,21.22452948874034,2026,47.27737508000001,0.13178049,0.0162045,-0.15558699,45.308342,1.9690331000195442
81.49484362402393,21.22455412499319,2026,49.77082067000004,0.09008335,0.06329195,-0.12715958,48.600266,1.1705551670703542
81.69254912803783,21.224549711153085,2026,43.78757666000001,0.17545153,-0.04239532,-0.18076126,42.994705,0.7928714598047009
81.56335091626606,21.224580278546952,2026,49.27349876000005,0.13625883,0.037924506,-0.17427018,46.466618,2.8068811757715366
81.62626126655348,21.22473271309781,2026,44.87450702000001,0.08840162,0.018651929,-0.113300495,45.012413,-0.13790600490233373
81.50150437827735,21.22477344028288,2026,43.620093680000025,0.1726489,-0.0405613,-0.19428489,42.8267,0.7933953767773687
81.51198657582323,21.224796502995712,2026,47.95927007,0.12096194,0.042067975,-0.17449436,47.85176,0.1075092057421898
81.5131599465936,21.22489613555729,2026,48.06181067,0.09716732,0.050782423,-0.13101557,47.423473,0.638337311845703
81.61523091774517,21.224997334825613,2026,44.48827075999998,0.0726042,0.015692428,-0.10229187,45.124138,-0.6358671184179912
81.68531112606878,21.225015702467253,2026,43.34323405999999,0.1588134,0.024894727,-0.16967714,45.517746,-2.1745119116796943
81.54233667790648,21.225023665661062,2026,43.42868456000002,0.20736463,-0.079745136,-0.22560999,43.207874,0.22081026190431885
81.59178636473197,21.22516924989981,2026,45.02660891000005,0.081904694,0.018871093,-0.10999677,45.719418,-0.6928086620214344
81.72241262265153,21.225216084243737,2026,50.26814258000002,0.12976333,0.05276447,-0.14752941,46.92226,3.345882295576189
81.68404137988749,21.22536702765657,2026,44.734368200000006,0.16681188,0.022267945,-0.16954468,45.53212,-0.7977515509765567
81.71084094269882,21.225373292030643,2026,43.51413506000006,0.313005,-0.1157348,-0.2950797,38.23604,5.278096851992245
81.75382323114555,21.2254115447607,2026,46.28614928000002,0.16521202,0.021945607,-0.18395856,45.159027,1.1271221803906428
81.54421156989285,21.22545398427537,2026,40.97796421999999,0.18770492,-0.0395904,-0.2089654,43.188313,-2.2103483105175883
81.57011448135054,21.22545837549137,2026,43.77048656,0.14673272,-0.003371405,-0.16575402,44.25589,-0.48540333257812307
81.73525102971445,21.225688962240795,2026,48.71977952000003,0.12536813,0.04219811,-0.15208182,46.385876,2.3339038180957346
81.74904275786584,21.225857397276364,2026,50.370683180000015,0.11178749,0.047387607,-0.16358371,47.538536,2.832147108222671
81.74380265094523,21.225881782763043,2026,48.11137196000004,0.11477597,0.056372933,-0.147566,47.02974,1.0816325801172297
81.75379115281397,21.225951849758808,2026,45.486332600000026,0.16408917,0.00559311,-0.17623183,43.95401,1.5323225902344006
81.68811895033062,21.226040296935736,2026,46.094740160000015,0.16103952,-0.029523475,-0.17791411,42.824844,3.2698957996484523
81.77145792719335,21.226083133157,2026,48.309617119999984,0.14445134,0.042199932,-0.18114603,47.428745,0.8808718502245938
81.49040869372203,21.226128251664864,2026,47.94730700000002,0.09014303,0.019317087,-0.12847196,45.55952,2.3877862785644766
81.50156037645688,21.22613366647824,2026,41.60004386000003,0.16409217,-0.0128628705,-0.17941917,44.06995,-2.4699062437597377
81.63967545432988,21.22625770040075,2026,43.9994939,0.089485966,0.019540112,-0.11426702,45.990402,-1.9909083216796901
81.65925010213695,21.2262826204012,2026,46.12892036000005,0.11192701,0.003920266,-0.13645667,44.45796,1.670962138564505
81.6372249421136,21.226447957094884,2026,45.38721002,0.09212253,0.011973814,-0.11751391,44.74749,0.639720090800779
81.64856236139745,21.226498888194826,2026,44.734368200000006,0.1306454,-0.020482292,-0.14498113,43.972355,0.7620133110839902
81.76116875315043,21.226648800234408,2026,48.155806220000045,0.13931464,0.031020382,-0.17119394,46.251163,1.9046427373340293
81.56537452187526,21.22671452331016,2026,48.24467474000005,0.1051999,0.023779193,-0.13279133,45.908115,2.33655935303716
81.57005076404177,21.22675555612184,2026,47.29446518000003,0.12469511,0.04303959,-0.1529466,46.905228,0.389237518867219
81.54831710810478,21.226824242613905,2026,44.97704762000001,0.10650842,0.033067312,-0.13930328,45.970768,-0.9937203548535081
81.58565236412824,21.226930545988967,2026,42.63741292999998,0.12422604,-0.008423101,-0.14380328,44.22394,-1.5865288729785334
81.74047480716467,21.22705322043497,2026,49.092343700000015,0.12888955,0.048803408,-0.16318087,48.174004,0.9183400989257962
81.69281522836292,21.22732292048128,2026,44.89159712000003,0.14257655,0.027494999,-0.17386761,46.45605,-1.5644537528027058
81.64443212117075,21.227404774791573,2026,41.16253730000005,0.04045493,-0.04546138,-0.03518785,38.63036,2.5321776503418434
81.64363631091372,21.227413411588355,2026,38.53407992000001,0.1369606,-0.070401214,-0.12864174,42.060837,-3.526756871992177
81.75909102489412,21.22763345509534,2026,49.98444691999998,0.119736746,0.06541823,-0.16102517,48.263084,1.7213625083788884
81.71763577374429,21.22779527247905,2026,48.02250344000004,0.17853457,-0.013495731,-0.20227982,44.622013,3.400490347959021
81.73151696868841,21.22781209352256,2026,47.45511212000002,0.1317145,0.0011280123,-0.1493412,44.57237,2.882743498173845
81.62618069061156,21.22796947087252,2026,40.00041050000005,0.13205951,-0.006393381,-0.15660568,44.75973,-4.759320792724559
81.74561242366286,21.22813811520729,2026,50.30574080000002,0.13164976,0.037561923,-0.1497921,46.00793,4.297810044384782
81.4897019852188,21.22819296738737,2026,52.05747604999999,0.08470305,0.07181129,-0.13324957,50.883568,1.1739082399413974
81.5036210425233,21.228219371836783,2026,49.86139820000005,0.106896065,0.068879105,-0.14766143,48.37263,1.4887671270020064
81.54087368782439,21.22822822064308,2026,44.67284384000004,0.14419226,-0.0017189219,-0.16328649,44.087864,0.5849799178809008
81.75886479580429,21.228298410474103,2026,49.59137462000001,0.120244116,0.0552479,-0.15509,46.916393,2.6749813399707136
81.61213273737958,21.228430018718907,2026,45.028317920000006,0.10335591,0.0070314067,-0.12563577,44.9874,0.0409178650683657
81.61439093188004,21.228560377709137,2026,44.87792504000004,0.07839873,0.020159831,-0.112255946,44.988613,-0.11068808866207291
81.55056677854803,21.228583598556856,2026,42.86471126000004,0.16872627,-0.043190803,-0.18895073,42.999027,-0.134315992197223
81.74792661765912,21.22860240364324,2026,51.16366382000001,0.0693581,0.079900235,-0.1169068,45.67202,5.491643861503917
81.50185226161909,21.22864620067381,2026,45.73243004000005,0.13561606,0.011964604,-0.16399895,45.176277,0.5561528793555155
81.67972601919134,21.22884864193585,2026,45.82471658000003,0.19990543,-0.022704372,-0.1924342,42.90499,2.919725430097685
81.52241985526312,21.228859811120063,2026,50.33821198999999,0.1481854,0.055160362,-0.17846148,45.740658,4.597554183603506
81.6341680212685,21.22892649635164,2026,44.70702404000002,0.11339183,0.00017130915,-0.1296841,44.431854,0.2751697919531466
81.73503826806896,21.22895137519673,2026,46.94924516000003,0.15058982,0.03233706,-0.17140469,45.316284,1.6329609803125322
81.58223081581939,21.22908468829977,2026,46.49123048000001,0.14253448,0.018756943,-0.16810995,45.24186,1.2493710439648567
81.73558117824327,21.229146764556887,2026,47.36624360000002,0.15263821,0.035919722,-0.16984645,46.34982,1.016424416650409
81.53473513307489,21.2292136851589,2026,48.32670722,0.108621225,0.05776543,-0.13538927,47.672417,0.6542905329882842
81.59689950175266,21.22936663380982,2026,46.25026007000002,0.08289223,0.038534194,-0.12425695,46.145638,0.10462255779298602
81.61258252822596,21.229465238775223,2026,45.1958009,0.10426171,-0.0021543019,-0.12576571,43.923283,1.2725182767089862
81.55959733879786,21.22963854804385,2026,42.82027700000003,0.23498799,-0.11189384,-0.23382053,40.57669,2.243586326171908
81.66417549260497,21.22972350569784,2026,46.59718910000004,0.16379441,-0.031106647,-0.17804131,42.655453,3.9417363717285525
81.59837388587619,21.22978647993922,2026,45.56494706000001,0.0809078,0.044133753,-0.11986715,46.846764,-1.2818165508398351
81.56770328446153,21.229823172859465,2026,41.38129058000004,0.18324094,-0.030038409,-0.19060448,43.31068,-1.929389809404256
81.69381763189661,21.229819511849108,2026,41.94184586000006,0.14398505,-0.0121633625,-0.17269532,44.44506,-2.503214869980411
81.6082177931683,21.22996581663829,2026,45.18212882,0.10862795,-0.017621739,-0.13036981,43.927017,1.2551116080859401
81.69572631858084,21.22997161089044,2026,44.65917176000005,0.18800119,-0.020701094,-0.19434181,43.260834,1.3983380197656743
81.71779335358517,21.230023502284062,2026,48.90093458000001,0.12850422,0.052957874,-0.15284398,47.516804,1.3841308385449338
81.67325757571822,21.23008537448496,2026,46.83986851999998,0.09421297,0.027274646,-0.1303891,46.459854,0.3800143940234193
81.70830143755902,21.2300853943487,2026,43.82175686000005,0.18649271,-0.0031144563,-0.19437577,43.902637,-0.08088062168940269
81.52772568123407,21.230395401316407,2026,46.38185384000002,0.11490683,0.016241144,-0.14375632,45.218,1.1638553353613474
81.75038465827745,21.23058808870094,2026,49.31109698,0.12022131,-0.002268821,-0.14341739,43.714783,5.596314265156252
81.7285505532883,21.230781320286457,2026,47.12356418000002,0.18271105,-0.009212462,-0.20167588,44.532215,2.5913490615918136
81.6073985742289,21.230816972105806,2026,45.335939720000056,0.093453795,0.006125059,-0.11812812,45.027626,0.30831368240239954
81.70290189396177,21.230867028136,2026,45.39746408000002,0.15904766,0.032642875,-0.17520577,44.475235,0.9222290946484577
81.67136997408667,21.231046825131564,2026,45.93751124000005,0.08481105,0.02638359,-0.10931926,46.13792,-0.20040913963862295
81.6872673005837,21.231097498309047,2026,44.34471392,0.15148975,-0.024679845,-0.17262477,43.688023,0.656691306474606
81.597522803295,21.23124409326988,2026,45.98707252999998,0.12968531,0.0065380423,-0.15377887,44.70496,1.282112660615212
81.72690278974642,21.232000524973223,2026,47.47562024000001,0.14613059,0.05636574,-0.18197963,46.670914,0.8047065437109495
81.70553012407369,21.23202544406699,2026,45.32226764000001,0.14920463,0.040801164,-0.16690902,45.544125,-0.22185696327147753
81.49883118725755,21.23206457438336,2026,45.77002826,0.20304708,-0.02507588,-0.21664912,43.96388,1.8061496284081997
81.72188672576772,21.23212891294821,2026,46.67922157999999,0.14305894,0.026497038,-0.17283861,46.278465,0.4007563090038957
81.72582273432039,21.23213595023733,2026,46.93899110000001,0.1419484,0.045066044,-0.1797674,47.454266,-0.5152744944824121
81.72415010371883,21.232304383129524,2026,47.08596596000001,0.11682692,0.026141638,-0.15695482,46.582573,0.5033930229882912
81.64347069671894,21.232578015339744,2026,45.21972704000001,0.15130515,-0.016589612,-0.15897992,42.24512,2.9746060378027437
81.58298869301981,21.232636349823384,2026,45.66065162000001,0.10988913,0.002887114,-0.13942704,44.04027,1.620379860966807
81.69620158878463,21.232657368286507,2026,47.45853013999999,0.13528539,0.024615483,-0.16410764,45.76646,1.6920697212988216
81.74650367346922,21.23267511320531,2026,50.75691944000005,0.12568647,0.052704033,-0.15377246,47.199852,3.557067450253953
81.59495549160515,21.232676742173552,2026,45.60938132000001,0.11324697,0.0060991435,-0.13791183,44.783035,0.8263460416796988
81.65269254084609,21.232696673283822,2026,44.75145830000002,0.07011511,0.02005613,-0.09877965,45.055866,-0.3044079414550609
81.68779292083204,21.232721831930245,2026,45.165038719999984,0.16368401,-0.0035191942,-0.17512287,44.86746,0.2975803764941247
81.58451743406204,21.232755795584463,2026,46.78518020000001,0.12845694,0.017445575,-0.15598983,45.269413,1.5157672056152478
81.62663484544345,21.232946586015863,2026,44.68651592000003,0.09798871,0.0069882157,-0.120915666,45.145535,-0.4590185953808259
81.72624183921766,21.233142365275857,2026,46.39894393999998,0.20177746,0.0011818236,-0.2174007,44.975067,1.423876801328106
81.51068538066231,21.233183304308056,2026,49.73664047,0.10881872,0.038492706,-0.15239358,46.39064,3.346000211210935
81.76857786346577,21.233305901912768,2026,52.435167260000014,0.09474282,0.07788907,-0.13973169,49.20082,3.2343463371484518
81.59623786554661,21.233477743136607,2026,45.68115974,0.07529242,0.013457898,-0.102974296,44.420418,1.260741954355467
81.49800342215238,21.23350281448119,2026,46.97146228999998,0.1255013,0.04535559,-0.16611572,47.736073,-0.7646102502832264
81.6215240591799,21.23367882517509,2026,43.94138756000001,0.11229135,0.014217099,-0.13946258,44.988873,-1.0474849680761622
81.64625046869116,21.23371633769817,2026,44.23875529999998,0.18588324,-0.055117585,-0.18744361,42.971386,1.267369344189433
81.58437435755856,21.233744219001647,2026,46.5630089,0.116972186,0.0113654705,-0.14388718,44.974102,1.588906879736328
81.74612547861156,21.233775932011472,2026,48.569386640000005,0.10727687,0.030621223,-0.1405204,45.97529,2.5940982488867235
81.5960871823512,21.233986487563204,2026,45.28296040999999,0.14694369,-0.022662649,-0.16122422,43.533237,1.7497229527245963
81.59783381373458,21.234043328732444,2026,43.71067120999999,0.15975203,-0.04719256,-0.16564417,42.893913,0.816757940957018
81.66255017507693,21.23428335578614,2026,45.99903560000001,0.09025777,0.013104232,-0.11957222,45.07459,0.9244468243652477
81.61152606575152,21.2343894472154,2026,45.41797220000001,0.10494753,0.00030519854,-0.13062821,44.45216,0.9658123184082115
81.68087642706489,21.234400540217283,2026,44.99755574000005,0.20682473,-0.041033722,-0.21521595,42.898674,2.098881728769584
81.61818814118611,21.23461832622577,2026,43.85593706000003,0.07646423,0.012922193,-0.1055211,44.669163,-0.81322569024411
81.6602453351809,21.23471523506298,2026,45.54443894000002,0.076858975,0.020028267,-0.1007938,45.816288,-0.27184905438474516
81.52927650533523,21.23506058949188,2026,49.70416928000003,0.13100085,0.0032661487,-0.1563138,45.091614,4.6125555104687805
81.70939340461487,21.23506752022154,2026,45.305177540000045,0.17136472,-0.005041289,-0.19089676,44.20592,1.099256366904342
81.63441017380384,21.23522127833715,2026,42.53658134,0.1353043,-0.026703069,-0.1541715,43.713154,-1.1765724991113302
81.60123471173907,21.23543500952397,2026,45.10693237999999,0.08129488,0.015798671,-0.104798526,44.892384,0.21454880456053615
81.6310910841374,21.235473294539936,2026,46.68947564000001,0.10996699,0.039634496,-0.1603243,47.482956,-0.7934802926171756
81.68715504116776,21.235656714130467,2026,43.55856932000006,0.18042056,-0.016914096,-0.18307781,43.42425,0.13431776360357617
81.6677461114397,21.23569202612555,2026,45.10009634000005,0.22455217,-0.052062657,-0.22069088,43.116207,1.9838892171973157
81.55398742831854,21.2357713157663,2026,46.57155395000001,0.121196195,0.03293783,-0.16260101,46.202297,0.3692567393066497
81.63972943925728,21.2358343996075,2026,44.97362959999998,0.15571056,0.0068418505,-0.17977488,45.854282,-0.8806527791504095
81.75501970254304,21.23584424301057,2026,48.401903660000016,0.13309927,0.03463748,-0.1553169,45.381695,3.0202088662988444
81.68495149409891,21.23588425497677,2026,46.37159978,0.1204395,0.015411277,-0.1461095,44.43287,1.9387308224804656
81.72175821688846,21.236036781381145,2026,45.87598688000003,0.11194141,0.00010079629,-0.13665877,44.45135,1.4246357142285433
81.61163620681613,21.23608344252725,2026,45.99561758000005,0.09315401,0.009466763,-0.11139436,45.29106,0.7045561786328634
81.74901952277524,21.236107600801443,2026,47.64652124000003,0.17215097,0.01011914,-0.19402762,45.025898,2.6206232602636987
81.76208209483325,21.2364270402784,2026,48.569386640000005,0.109419316,0.044668682,-0.14664815,46.881798,1.687588849472661
81.75204522167587,21.23675252525668,2026,43.92771548000002,0.2173108,-0.07310439,-0.21886224,42.169758,1.7579576369824395
81.54326636390996,21.23683524031245,2026,42.51265520000004,0.17057446,-0.019478595,-0.17360581,43.28818,-0.7755261049316005
81.62994235248473,21.23685612132552,2026,45.06249811999999,0.11519642,0.014729042,-0.14768721,45.051964,0.010534313847642807
81.76840590364779,21.23691398081941,2026,49.44439976000001,0.105922684,0.067416094,-0.1438251,48.249126,1.1952733256738384
81.5605209492327,21.23703037912832,2026,44.75658533000001,0.11260747,0.012809911,-0.1458011,44.651688,0.10489770792969466
81.7029233442286,21.23708806114626,2026,46.79543425999998,0.23851684,-0.08118469,-0.241022,41.60484,5.190594935048807
81.76018458449171,21.237108283760243,2026,46.764672080000025,0.17204615,-0.023335883,-0.18415228,43.522026,3.2426460179883065
81.64432380411277,21.237142524272613,2026,43.37741426000002,0.16630171,-0.031442557,-0.16853485,42.716995,0.6604190207422107
81.6860481492542,21.237143972997345,2026,46.30323938000004,0.15045576,-0.006993466,-0.16412358,44.192944,2.1102958070019966
81.69682385235632,21.2371570372188,2026,45.64356152000005,0.101286806,-0.011822731,-0.118998915,44.51963,1.1239310878711422
81.5257500350755,21.237164469689404,2026,46.22120690000003,0.14242266,0.0039078854,-0.16251986,44.43116,1.7900469268554957
81.75111715510663,21.23716838953556,2026,46.31691146000003,0.20133825,-0.024459047,-0.21273528,43.48837,2.828542471962919
81.54683857002148,21.237243772931976,2026,44.12254261999999,0.19097635,-0.07121554,-0.20136109,43.087875,1.0346672537890527
81.53984000032017,21.237260274747257,2026,44.94970346000002,0.1421039,0.017980114,-0.1604838,45.034317,-0.08461355660153913
81.65664459765455,21.23731824565092,2026,41.63422406000001,0.14890762,-0.057515442,-0.15771283,43.274483,-1.640258667050773
81.50620294026199,21.237337705113426,2026,46.96291724000002,0.07291398,0.030434059,-0.11136528,45.074818,1.888099582529314
81.54764375494413,21.23735553030632,2026,43.83884696000001,0.2614453,-0.14623238,-0.25712594,39.31114,4.52770880692384
81.7289156403035,21.23736505511896,2026,49.47857996000005,0.12976614,0.078167535,-0.18016464,47.324738,2.1538424111719223
81.5746261790821,21.23760318812485,2026,41.176209380000046,0.24691288,-0.11689013,-0.23589207,39.863605,1.3126038807324676
81.69417095403875,21.23770165362753,2026,44.68993394000006,0.15126178,-0.05147697,-0.16539069,43.567863,1.1220704756445912
81.66320146215665,21.237785793298023,2026,46.02979778000002,0.06739568,0.030654116,-0.095770806,45.557434,0.47236369796876687
81.51009833467653,21.23780129194753,2026,47.72342669,0.11472838,0.043129627,-0.16410956,47.89866,-0.17523206244140965
81.65400848151793,21.237870315782985,2026,42.84762116000002,0.19047435,-0.06693923,-0.18937083,41.901443,0.9461776785547045
81.55675571641328,21.23794960347734,2026,45.018063859999984,0.14194004,-0.0021294076,-0.16534083,44.31884,0.6992238331445151
81.63548452254506,21.238180873544856,2026,44.785638500000005,0.07073329,0.03690987,-0.100129426,46.432274,-1.6466353647460892
81.58297244037824,21.238202263741623,2026,46.82106941000001,0.09079429,0.0012452193,-0.14297833,45.957344,0.8637253548242256
81.5224360673682,21.238233410018285,2026,46.28614928000002,0.15686806,-0.019823262,-0.17344536,43.757366,2.528783099580096
81.63394826198392,21.23829548619966,2026,45.05908010000002,0.06624581,0.043320164,-0.08851494,48.489254,-3.4301738978027174
81.50010268259928,21.23840889040904,2026,46.272477200000026,0.14404596,0.010420237,-0.16322173,44.832058,1.4404192471191664
81.55030271341701,21.2384576497821,2026,47.97977819000005,0.109295964,0.031074602,-0.1461866,46.294357,1.6854208901953598
81.52932940166735,21.238514846204737,2026,50.509112990000006,0.12872714,0.008022168,-0.15312271,45.533474,4.975639021494146
81.56403394369413,21.23858593501804,2026,46.11353927000005,0.117392614,0.022474498,-0.14980744,45.28743,0.8261094604297341
81.57860053848636,21.23863619177493,2026,46.04688787999999,0.17100106,-0.022661362,-0.17988522,43.559383,2.4875044876660084
81.75053614276199,21.238653286066832,2026,42.10932883999999,0.17159125,0.014434591,-0.18536395,44.018402,-1.9090732596093858
81.52002087368585,21.238694457084087,2026,47.98832324,0.13757002,0.03268618,-0.16176122,46.510128,1.4781952187597653
81.5942374719268,21.23876929104948,2026,43.72605229999999,0.10936602,-0.004369841,-0.12838496,44.41631,-0.690257056689461
81.64164170425381,21.23879737366064,2026,45.24707120000005,0.13576375,-0.03438665,-0.14487332,41.70061,3.546460085498097
81.52647320110923,21.23892354004687,2026,51.52255592000006,0.096728414,0.05368652,-0.13768789,47.42583,4.096725078935606
81.50216024894736,21.238987902764688,2026,47.42776795999998,0.105342664,0.049562484,-0.13175139,47.20734,0.22042771952146722
81.62235057343986,21.239001047776828,2026,44.76854839999999,0.06948089,0.015439555,-0.09496554,45.59404,-0.8254915169921944
81.77220528964462,21.239014704432485,2026,50.669759930000055,0.09587972,0.040548015,-0.13869148,47.530327,3.139433086738336
81.70820155390355,21.23935566071029,2026,45.12402248000001,0.10629567,0.0051145926,-0.14371836,44.944088,0.17993449782227344
81.6337568688989,21.23958975786896,2026,45.02148188000001,0.08622543,0.054818776,-0.10718059,47.401093,-2.3796106492968647
81.59162638178292,21.23966375221768,2026,43.192841180000016,0.17344674,-0.043098062,-0.18630126,42.875015,0.31782592121095377
81.70529940913906,21.23977812092721,2026,44.10203450000006,0.12774113,0.00024491796,-0.16366746,45.327015,-1.2249804230956443
81.52134609008586,21.23979343469085,2026,47.550816680000025,0.10184944,0.038355365,-0.13941586,47.31303,0.2377864370801035
81.49467876088448,21.23984348374558,2026,48.70098041000006,0.11424377,0.044913366,-0.15172265,47.223167,1.4778129905664628
81.73235414728373,21.23987369181523,2026,48.64800109999999,0.13501392,0.066502735,-0.17683528,49.054207,-0.4062057481445436
81.51688774881123,21.239938144626088,2026,48.89751655999999,0.09112952,0.049530044,-0.12140217,47.43068,1.46683723871093
81.55784147536866,21.23994399673998,2026,47.86356551000006,0.11285609,0.026625806,-0.15530698,46.312313,1.5512524301660733
81.5522612175831,21.24000675204626,2026,41.05657868000003,0.27903208,-0.124728985,-0.27608806,38.27648,2.780097051582061
81.55328305487907,21.240024704061984,2026,41.157410270000014,0.2555285,-0.08928234,-0.2561671,40.81375,0.34365904929688895
81.76490635922136,21.24013112580356,2026,50.141675840000005,0.11388817,0.049105152,-0.15731949,48.081024,2.06065167007813
81.61111386696868,21.24015341126924,2026,43.58249546000002,0.19790816,-0.04836406,-0.20573412,42.733997,0.8484981150293152
81.75700218158312,21.24024111467013,2026,42.0512225,0.22657889,-0.075483665,-0.23944588,43.27783,-1.2266057165527329
81.75215321288181,21.24025803044896,2026,47.27395706000004,0.11851852,0.0743967,-0.15013029,47.626358,-0.3524009722265191
81.61695691432922,21.24031014016817,2026,40.84466143999998,0.17581417,-0.048253924,-0.17733353,42.621662,-1.7770006998925965
81.56942921701024,21.240299604985903,2026,46.60231613000002,0.14501588,0.0061811893,-0.16484708,44.996254,1.6060621627148635
81.74538977017137,21.240457952897124,2026,34.251300860000015,0.028294941,-0.039226107,-0.014107884,40.292393,-6.041091870712876
81.51616649200527,21.24052969861163,2026,48.00541334000002,0.100187056,0.04142899,-0.14192522,47.131775,0.8736384376562683
81.60666824588452,21.24061233677292,2026,42.669884120000006,0.13656564,-0.030155677,-0.1416851,43.11021,-0.4403262987011658
81.69952008718862,21.24075459602296,2026,43.10055464000004,0.19864115,-0.046665177,-0.20973273,42.59297,0.5075828382422287
81.57586928113939,21.24077746845036,2026,45.22827209000002,0.21706432,-0.055860896,-0.21979837,43.13599,2.092281947177753
81.57382082020884,21.2407921251684,2026,43.57395041000001,0.15185075,-0.0020083927,-0.17186724,44.370216,-0.7962659596288972
81.6271910961907,21.24079418145901,2026,35.509132220000026,0.012785341,-0.013677339,-0.001228124,40.160477,-4.651344464570286
81.67731860510757,21.24096784342765,2026,45.80420846000004,0.1289106,-0.017415512,-0.14951357,43.75464,2.0495697881250408
81.69374551517535,21.24112937909989,2026,43.05612038000004,0.18285736,-0.038201626,-0.18972738,42.541496,0.5146241031445697
81.68258604406682,21.241321486957133,2026,46.997097440000005,0.20001356,-0.0036019173,-0.23073177,43.98349,3.0136074497656296
81.75505643218021,21.241424077373548,2026,45.83497064000005,0.13762787,0.049514208,-0.1541393,46.582153,-0.7471826803124486
81.50083093002628,21.24146763199838,2026,46.35450967999998,0.1448239,0.012730031,-0.17079276,45.8441,0.5104087278515408
81.60110253619838,21.24149764445996,2026,44.95995751999999,0.14719172,0.025037462,-0.16791324,44.882195,0.07776300095702027
81.6586846864913,21.241540100673056,2026,44.36864006000002,0.09610287,-0.023572009,-0.113370575,44.38335,-0.01471031231443476
81.51980163600376,21.241704904297823,2026,48.44291989999999,0.09814787,0.043156188,-0.1401663,47.718113,0.724806954443352
81.64538053436634,21.24176620699931,2026,43.63376576000002,0.12785317,-0.02130833,-0.14123577,44.260803,-0.627037462656233
81.62675605170112,21.24179095292559,2026,35.724467480000044,0.03862747,-0.033546325,-0.018847497,40.04874,-4.324272906962847
81.51490669179717,21.241859966231747,2026,49.680243140000016,0.1073534,0.067628905,-0.14413945,47.794106,1.8861376102148597
81.61833149325801,21.2419091135006,2026,44.28318955999998,0.091707975,0.0020939892,-0.111961134,44.225018,0.058172012392560646
81.55328630289242,21.241917007727693,2026,45.47095151000002,0.15945093,-0.0013439934,-0.17127539,44.152466,1.3184856896875203
81.52570250320082,21.241920072317424,2026,49.123105880000026,0.11023052,0.047155004,-0.15069899,47.15852,1.9645861351269787
81.67471794326732,21.24210832209713,2026,45.72217598000003,0.108277954,0.00315109,-0.13812032,43.747562,1.9746135715527657
81.59022874301431,21.242178694595392,2026,44.08494440000004,0.16276404,-0.0057157963,-0.18076028,44.82329,-0.7383473785644128
81.62956600725975,21.24217962715,2026,45.44873438000002,0.0832726,0.023781542,-0.10909519,46.048607,-0.5998724925585748
81.55535708428418,21.242192202994207,2026,45.27270635000002,0.15449345,0.006919253,-0.16963367,46.090855,-0.8181482947753693
81.55017010088172,21.24233944383454,2026,44.30882471000001,0.19477056,-0.023751471,-0.1980127,43.48939,0.8194333830957135
81.66328916123244,21.24237072992808,2026,43.914043400000025,0.08056232,0.0062403036,-0.10733769,45.368828,-1.4547844198241933
81.68477013217844,21.242474106251755,2026,44.700188000000026,0.13473223,-0.025115686,-0.15617464,44.32191,0.3782771418457287
81.5469349830569,21.24255282267882,2026,37.93592641999999,0.40889257,-0.25544566,-0.37037438,37.958717,-0.022790926191419203
81.63125709250387,21.24268390540537,2026,44.79589256000003,0.07670588,0.02274426,-0.09881138,45.705505,-0.9096128110937229
81.58242386364951,21.242845263469004,2026,46.35450967999998,0.22259833,-0.037433658,-0.22259833,43.036133,3.3183768674999783
81.70663290520875,21.242975972779675,2026,45.814462520000006,0.17689481,0.021779465,-0.21061184,45.79895,0.015512324687506407
81.59069932220082,21.24299005162463,2026,43.81150280000003,0.21446888,-0.07018625,-0.21564966,42.89187,0.9196342086914342
81.67965972697561,21.243070654029093,2026,44.87450702000001,0.19360079,-0.027888447,-0.20483388,44.227715,0.6467924814257913
81.5771061974977,21.24308022887342,2026,42.33662717000004,0.0870678,-0.06836572,-0.07847458,40.06654,2.2700874055957456
81.74121996805255,21.24315781149745,2026,47.98148720000006,0.13441902,0.047943734,-0.1691623,47.13553,0.8459586355469355
81.64803642620063,21.24326947806197,2026,44.293443620000005,0.1280199,0.019402234,-0.15538183,45.455006,-1.1615620257519481
81.57730669126279,21.24330223723894,2026,42.16914419,0.053127963,-0.04914852,-0.04302358,38.7279,3.441242731259763
81.71526054610133,21.24349711547305,2026,45.98878153999999,0.13935816,-0.021595292,-0.18335399,44.75346,1.235321609580069
81.51474877724213,21.243540271573,2026,46.26905918,0.12599525,0.019839706,-0.1594203,45.497837,0.7712221133496087
81.55973710604782,21.24359967170972,2026,46.60060712000001,0.14543012,0.01713716,-0.17229077,45.388203,1.2124044527636784
81.54299236465077,21.243759218834217,2026,41.010435410000014,0.1875013,-0.028591953,-0.19142917,43.145477,-2.1350418849218613
81.5663249474367,21.24393117054718,2026,45.80933549000002,0.17410176,-0.02370565,-0.17677388,43.27786,2.531476755869157
81.57533081414029,21.24394950133054,2026,45.04882604,0.13992104,-0.024394384,-0.15725683,44.160458,0.8883684289160172
81.69614412718401,21.243987708158645,2026,46.30323938000004,0.122361384,0.042384584,-0.1562885,47.352657,-1.049417938115191
81.69456745205864,21.244021150082705,2026,45.97169144000003,0.13469817,0.024108352,-0.1626089,45.55912,0.4125712617773729
81.72781669746554,21.244193966100603,2026,47.01760555999999,0.1413084,0.05633211,-0.18361324,45.76186,1.2557456662011646
81.48818806446486,21.244212633425544,2026,47.57986985000002,0.10772778,0.029008485,-0.1375967,45.933765,1.6461044386230697
81.49180985972289,21.244271824341684,2026,49.36578530000003,0.05844872,0.0057169166,-0.09198938,45.8563,3.509484945996121
81.72279430917413,21.24433719549463,2026,44.22166520000002,0.16177398,0.03308108,-0.18329239,44.1616,0.06006699443361185
81.50674212958526,21.244377680932185,2026,49.13677796000002,0.09723863,0.045352347,-0.14456254,47.638977,1.4978009092187676
81.75495743666696,21.24443034449558,2026,47.13381823999998,0.10972317,0.039481025,-0.13571693,46.436974,0.6968446682226386
81.68129151950654,21.244606648016568,2026,44.60448344000002,0.18757193,-0.062821835,-0.1919079,41.637,2.9674824024023607
81.62557607409738,21.244696414728768,2026,45.6230534,0.08153846,0.028703671,-0.10196724,46.75259,-1.129536779443356
81.71103977774071,21.244703101179823,2026,46.125502340000025,0.11367973,0.0064165522,-0.14338458,45.17218,0.9533221642187755
81.6344089537856,21.244726279124016,2026,47.24661290000006,0.095490664,0.021080008,-0.11437476,45.521152,1.7254604036621686
81.63052967103897,21.24487368818296,2026,43.93796954000004,0.14373426,-0.026166178,-0.146894,43.169266,0.7687037929297276
81.71449745396211,21.244957177219703,2026,46.68947564000001,0.10335107,0.047021944,-0.13486281,47.147194,-0.4577182686913943
81.73249971859775,21.244982371271675,2026,44.70360602000005,0.2749409,-0.07903989,-0.25929332,40.313923,4.389683137919974
81.51708766298772,21.24501040036389,2026,45.9306752,0.14440462,0.0062931385,-0.16904828,44.352306,1.5783688340332063
81.56546619066104,21.245204689645377,2026,46.590353059999984,0.15059656,-0.017611235,-0.15756188,42.85323,3.737123537294906
81.59341719403768,21.24524038479116,2026,42.31270103000003,0.1766841,-0.044681992,-0.17866218,42.732487,-0.4197856948534877
81.75767297491953,21.245271679944427,2026,48.3403793,0.12852253,0.06169401,-0.16592063,49.210163,-0.869783816455076
81.72486702330444,21.245322843546944,2026,45.58545518000005,0.1944464,-0.028973157,-0.21369854,43.759697,1.8257582195508277
81.66877256727851,21.24541403232235,2026,45.38721002,0.120370716,-0.013956921,-0.13985065,43.778835,1.6083747233691383
81.60302735308473,21.24549591760105,2026,43.08346454000002,0.1671812,-0.016195728,-0.1749004,43.50833,-0.4248667588281023
81.57234403009629,21.245498818346203,2026,46.93899110000001,0.15040307,0.040717028,-0.16675103,45.455845,1.4831462208496191
81.62518355251778,21.24550482309809,2026,44.871088999999984,0.09123772,0.0005173306,-0.1134591,44.48628,0.3848104660644367
81.74064421803463,21.24557036445226,2026,47.56790678000005,0.12854628,0.060509276,-0.17267108,48.581028,-1.0131212046190896
81.65572470739413,21.245603773504108,2026,43.51413506000006,0.18746229,-0.032738484,-0.19096617,42.99214,0.5219933363672453
81.52637984255152,21.245724741436703,2026,46.87063069999999,0.1999547,-0.06222014,-0.20674208,42.201847,4.668783623583977
81.75487927906748,21.2457441934672,2026,45.031735939999976,0.16059238,0.020341331,-0.18521905,45.389313,-0.3575768041406491
81.50155318454706,21.24582575793956,2026,47.30471924000005,0.11469005,0.016357688,-0.13986385,45.310215,1.9945042436621563
81.5050856654001,21.2458719095729,2026,45.81104449999998,0.13846754,0.028580936,-0.15847948,46.235176,-0.4241315864258013
81.76080893308517,21.246039258004373,2026,48.88042646000002,0.12616421,0.053556915,-0.16050203,46.361385,2.5190411145410323
81.68662800459816,21.246163880089,2026,45.55469300000004,0.15232037,0.028341109,-0.1745569,45.579792,-0.025099022705035168
81.71317393699759,21.24622707890439,2026,46.439960180000014,0.12750994,0.038921505,-0.15949632,47.667156,-1.2271960394824077
81.61701190212507,21.24632999536983,2026,43.445774659999984,0.104179375,-0.0039177616,-0.123806566,44.478687,-1.0329126263769695
81.71546263219662,21.24639333658488,2026,45.452152400000045,0.13783413,0.029528346,-0.16443002,46.27334,-0.8211859178710483
81.7607560924811,21.24638993915781,2026,48.77446784000006,0.12359958,0.05203267,-0.15612759,47.00906,1.7654079339941973
81.5206011088137,21.246456254434555,2026,46.87063069999999,0.15434377,0.0022639956,-0.17410083,44.653976,2.216654259570305
81.75767411771675,21.24651328717619,2026,45.81104449999998,0.1396202,0.042805787,-0.16784608,45.775333,0.03571109545896434
81.52413683319696,21.2466636153049,2026,46.467304340000055,0.14040516,0.022108521,-0.17213704,46.56534,-0.09803379476556984
81.76812108483789,21.24675107765184,2026,50.61678061999999,0.034019027,0.021862043,-0.040810186,46.509567,4.1072133592578055
81.55041926008857,21.24676901469852,2026,50.23567138999999,0.08557789,0.036910787,-0.118415006,46.5385,3.69716965049804
81.53422479997299,21.246792906976594,2026,47.60037797000001,0.121482715,0.021554336,-0.14876923,45.25279,2.347589426298839
81.65741673367197,21.24690682791836,2026,43.00826810000001,0.1992733,-0.06357411,-0.19601405,42.018764,0.9895036041504
81.58668784792071,21.24708197361813,2026,45.50854973000003,0.19743374,-0.04778034,-0.20399301,43.05328,2.4552698532910426
81.76543840700805,21.247186526683983,2026,51.105557480000016,0.09399303,0.020912068,-0.14289916,45.68686,5.418698349140641
81.57336038099137,21.24725743046955,2026,45.896495000000016,0.13617021,-0.010390041,-0.15615147,44.08775,1.808745518798844
81.75484517291267,21.247324594407644,2026,41.148865220000005,0.2304879,-0.09747718,-0.22339562,40.612038,0.5368275613085984
81.66151234268534,21.247360808420712,2026,43.52780714000005,0.21181339,-0.06715701,-0.20899332,42.294918,1.2328890796973155
81.63023512917874,21.24736207640401,2026,45.05566208000005,0.06694882,0.027802125,-0.09397191,47.054607,-1.9989453113573745
81.57383426475275,21.247519553959624,2026,46.18360868000002,0.115742296,0.016752789,-0.14648655,45.242535,0.9410740425488484
81.66948962657948,21.24757820254673,2026,44.56346719999999,0.11264933,0.01056118,-0.14408556,44.748398,-0.18493062714844655
81.72256479048777,21.24761372702348,2026,46.14259244000005,0.13554987,0.019365577,-0.16517705,45.699955,0.4426374534277855
81.7169935593567,21.24762004560112,2026,43.87644518000002,0.13800581,0.013634047,-0.16783586,45.452545,-1.5760999860156062
81.67363298246698,21.24784267009111,2026,43.62692972000002,0.31278518,-0.15288052,-0.29951677,37.255,6.371928651884787
81.61495868624286,21.24784425145029,2026,43.94480557999998,0.14692867,-0.032789655,-0.15730125,41.770668,2.174137550214823
81.63076323631304,21.248063263873405,2026,45.27099734000001,0.065441236,0.028513804,-0.09432041,45.751835,-0.48083752938475754
81.59732440516899,21.24814608283038,2026,47.34231746,0.17265245,0.015697666,-0.19705679,45.276188,2.066129563271481
81.54072125307475,21.248146664646605,2026,44.748040280000055,0.11804169,0.030338714,-0.14403628,45.74266,-0.9946202424608828
81.70038323312306,21.24839622860452,2026,45.70850389999998,0.17511144,-0.036025416,-0.17799956,42.975403,2.7331010679687324
81.72490264509386,21.2484206527921,2026,42.604941740000015,0.25262344,-0.076161504,-0.27095172,40.65858,1.9463609599707183
81.73689213187458,21.24847555220404,2026,48.28569098000003,0.121947646,0.06264359,-0.15659373,47.965523,0.32016821388674543
81.60750433352106,21.2486300658492,2026,48.54716951,0.13906519,0.019395411,-0.17060299,46.331932,2.2152374421289096
81.59767514791885,21.248708061171584,2026,49.71271433000004,0.17907625,0.031867303,-0.19319452,43.09483,6.617884770673868
81.50298764925375,21.24872996785641,2026,48.19682246000002,0.13179359,0.035593662,-0.16,46.947033,1.2497895315332244
81.61979420415558,21.248765396712027,2026,43.67820002000002,0.19925198,-0.08001189,-0.20101352,41.910843,1.7673571244922073
81.70558451172259,21.248813998485726,2026,49.24615460000001,0.12561004,0.045441918,-0.17591104,48.199833,1.0463216837402456
81.52367789360758,21.24900412722588,2026,46.798852280000006,0.08742841,0.034595557,-0.11805642,46.00628,0.7925732883007868
81.54704840213027,21.24906875161785,2026,38.79043142,0.1463463,-0.08709624,-0.14265035,40.704594,-1.9141622384472683
81.67647321225242,21.24907972532292,2026,45.00097376000002,0.06465584,0.017486261,-0.08474843,46.429436,-1.4284619699804466
81.66319041437478,21.24911342690526,2026,45.00097376000002,0.10161182,0.030511841,-0.13068347,46.146755,-1.1457814585058372
81.69127965246774,21.249133889463764,2026,44.22166520000002,0.09471774,0.0030537094,-0.11656541,43.850082,0.3715828025390806
81.54739164352571,21.24917897340298,2026,40.402027850000025,0.19308144,-0.095001414,-0.18979856,40.753986,-0.3519585086425536
81.62075240319338,21.24936285291427,2026,44.816400680000015,0.0678446,0.021281013,-0.09576941,44.963356,-0.14695533806639105
81.54638989468557,21.249429574997823,2026,41.57782673000003,0.1957518,-0.052542284,-0.1982971,42.78311,-1.2052848422655984
81.51519671321553,21.249537524430583,2026,47.59183292,0.09128417,0.02370812,-0.11639611,45.899174,1.692659183427736
81.5572143687987,21.249560745829275,2026,42.37935242000003,0.14365199,-0.0077254493,-0.15514305,44.326664,-1.9473115509472336
81.64009298950758,21.24958893961978,2026,44.895015140000055,0.10632592,0.028300254,-0.11330714,45.998825,-1.1038099332421325
81.75398051153186,21.24964436350326,2026,42.20161538000002,0.15299319,-0.015675016,-0.18013804,44.5186,-2.3169850838671664
81.50818787126838,21.24978902022081,2026,46.28614928000002,0.13552804,0.029803174,-0.16175488,46.24254,0.043610827851580325
81.57202443624257,21.24984377826173,2026,46.945827140000006,0.14241388,0.037347358,-0.17331788,46.44654,0.49928630748047453
81.61140919530797,21.25008860283773,2026,42.18452528,0.12627746,-0.022247495,-0.136378,43.543755,-1.3592292976367162
81.74878869667515,21.25035527521416,2026,46.45021424000004,0.1553311,-0.016045846,-0.16271825,43.269073,3.1811407536719116
81.64394948160421,21.25043722848625,2026,44.0507642,0.17669435,-0.07100769,-0.17600614,42.00678,2.0439854829589876
81.49898141959517,21.25056459190684,2026,48.480518120000056,0.10665957,0.036183666,-0.15408094,47.02321,1.4573095018359936
81.69158368118434,21.25061646061023,2026,45.66406963999998,0.12157181,-0.009087291,-0.14134593,43.920776,1.7432932728124797
81.49583615131179,21.25072965287249,2026,49.317933020000055,0.09881923,0.043977056,-0.14115508,47.41958,1.8983544677539612
81.61209117300862,21.25082480607093,2026,44.0507642,0.12671259,-0.01093864,-0.14119953,43.66292,0.38784229448242513
81.65011527723831,21.250961590063906,2026,44.587393340000006,0.10085028,-0.010108548,-0.12348613,44.46222,0.12517410171875554
81.5159366298931,21.25102790111184,2026,46.419452060000026,0.09189695,0.025278643,-0.13834496,46.64606,-0.22660888360348963
81.5415501671037,21.2510829917733,2026,42.07685765000002,0.3930736,-0.21878551,-0.3662395,37.958717,4.118140303808616
81.73269127873769,21.25110820585633,2026,48.32670722,0.12404137,0.026980937,-0.16396488,46.174076,2.1526311396777373
81.64728374129234,21.25112205332013,2026,45.29150546000005,0.07994369,-0.0025432708,-0.102256395,45.38294,-0.09143292500971256
81.71628396609458,21.25124487235037,2026,44.61131948000002,0.12161886,0.007356488,-0.15110831,44.709267,-0.09794718259763613
81.74442240685057,21.25126422079244,2026,49.092343700000015,0.12337457,-0.0046326937,-0.15608907,45.052277,4.04006708867189
81.66771825037908,21.251463274594688,2026,44.95653950000002,0.08682764,0.0155528635,-0.11334938,44.95553,0.001011240722675666
81.57946550489555,21.25150872707985,2026,48.077191760000005,0.111571014,0.0453247,-0.13211381,46.77531,1.3018812436425833
81.67398586929079,21.251642312730493,2026,43.99265786000001,0.092893176,0.0067365267,-0.12505299,44.95727,-0.9646137159277259
81.61245596358363,21.251676740015,2026,44.64208166000003,0.099808976,-0.0049454547,-0.11435484,45.223747,-0.581665593417938
81.6134051067952,21.25175960373205,2026,46.05714194000001,0.08958767,0.02747987,-0.116541915,46.589092,-0.5319503146386637
81.69889328599011,21.25197321297161,2026,46.54591879999998,0.1041726,0.023427168,-0.13842088,45.592327,0.9535916820800594
81.62730888497606,21.25217510623884,2026,47.00051546000003,0.08743169,0.013875124,-0.11186495,44.647717,2.352798937783234
81.7712273449366,21.25247757925704,2026,46.146010460000014,0.09699023,0.037576005,-0.124665685,45.960308,0.18570238504884173
81.52926203403267,21.252625893141573,2026,48.716361500000005,0.13665102,0.042102512,-0.15972772,46.630543,2.085818744873052
81.73419628853364,21.252750832987388,2026,49.564030460000026,0.12316426,0.04015524,-0.15419066,47.10517,2.458859256386745
81.64111411840395,21.25275961932901,2026,43.10739067999998,0.15563372,-0.034642186,-0.16443573,42.10117,1.0062210938183398
81.64129747707723,21.252816471625582,2026,42.87496532,0.09336045,-0.003976899,-0.11743197,44.35003,-1.4750636716992176
81.72179985150095,21.252817968764283,2026,46.737327919999984,0.16421396,-0.0063912417,-0.18317455,45.110954,1.6263736353320155
81.62694584835299,21.25287601599093,2026,46.36818176000003,0.110372774,0.0040607806,-0.13144091,44.088963,2.2792192050683866
81.70311167687686,21.253073215552988,2026,49.95368474000003,0.113863334,0.050469913,-0.14835043,47.302094,2.6515912341406533
81.50371920035091,21.253252584563164,2026,50.38435526000001,0.10592032,0.04767261,-0.14973839,47.639946,2.744409276113288
81.53807997906769,21.25326084952061,2026,45.433353290000014,0.10045869,-0.01953346,-0.12143158,44.046467,1.3868864626074355
81.6516518079824,21.253585765546813,2026,45.028317920000006,0.07833964,0.027838705,-0.10071063,46.711708,-1.68339014884765
81.76534330441808,21.25375336602424,2026,48.34379732000002,0.122492194,0.028152384,-0.15867077,46.406498,1.9372993646777559
81.64967564587279,21.25379542355104,2026,44.79247454000006,0.07552334,0.016936546,-0.10076463,45.105785,-0.3133108298729894
81.73305536461062,21.25389191575519,2026,48.665091200000006,0.12145257,0.026376218,-0.16203104,46.06308,2.602011366015631
81.69900809997083,21.253800303759704,2026,45.67774172000003,0.14586188,0.03571206,-0.16853593,45.79415,-0.11640958615231511
81.75612454790965,21.25413574367366,2026,48.72661556000003,0.14159952,0.042158306,-0.17948125,47.19466,1.5319553732324493
81.62876991193961,21.25422868953797,2026,45.30175952000002,0.08817819,0.041960973,-0.11338506,46.231968,-0.9302084060253719
81.59590961089401,21.2543447911406,2026,45.38037398000006,0.10788101,0.016223421,-0.1312833,45.368176,0.012198473408261634
81.677979908204,21.254391077117788,2026,44.56688522000002,0.16993316,-0.014191169,-0.18187399,44.84495,-0.2780664096386545
81.56039624330927,21.25445315009342,2026,45.03002693000002,0.19827448,-0.06549393,-0.19472674,41.84093,3.1890959912793164
81.51899151008811,21.25460633310608,2026,46.49806652000001,0.111079074,0.027967839,-0.14772896,45.99672,0.5013471596484464
81.5760107876053,21.25465775290004,2026,45.93751124000005,0.081012934,0.021337833,-0.11699296,45.28281,0.6547010288184083
81.56146879620941,21.254843752671803,2026,43.45944674000003,0.1398751,-0.03027257,-0.13938773,42.348938,1.1105087517187826
81.6106569929491,21.25490212736154,2026,42.95357978000004,0.13446303,-0.019614307,-0.15272808,43.59517,-0.6415892873827715
81.7034243953961,21.254927744336808,2026,51.42685136,0.1122514,0.055588942,-0.15119772,47.160904,4.265947429335938
81.69287922312994,21.25498208613245,2026,45.88624093999999,0.13037172,-0.021732718,-0.1525662,44.09603,1.7902097510351496
81.5892693515446,21.254994256554244,2026,46.95608120000003,0.1710677,-0.055541687,-0.18171655,43.46969,3.4863927844726845
81.53627799517201,21.255008868470966,2026,45.231690110000045,0.13088672,0.01208969,-0.15234153,45.230816,0.0008742225488731492
81.7455967049861,21.25512064294933,2026,47.47903826000004,0.13645367,0.024066024,-0.17156363,45.909916,1.5691223359277728
81.59963816915958,21.2551295242368,2026,45.73584806000002,0.083536536,-0.005492801,-0.10228659,46.45426,-0.7184137197851328
81.64024013469614,21.255174749317234,2026,44.67626186000001,0.13028614,0.01079745,-0.15330072,45.057064,-0.3808021963964734
81.53591511616564,21.255263432691773,2026,45.60938132000001,0.12325839,0.017041912,-0.14809346,44.820786,0.7885957975390738
81.52387025411399,21.25529076953257,2026,45.452152400000045,0.12343821,-0.0026870884,-0.15116459,44.422016,1.0301362562012173
81.6396724855361,21.255451549564107,2026,44.45067254000003,0.088433266,0.0003197726,-0.10654029,43.976192,0.4744800656347934
81.66914687979288,21.25551434565876,2026,41.47528613000003,0.11496236,-0.027665636,-0.1291357,43.079258,-1.6039718350878616
81.68322306354675,21.25558501712609,2026,48.42582980000003,0.15634821,0.041183066,-0.17559634,44.74594,3.679888637890656
81.61836286538288,21.255625812895342,2026,44.23533728000001,0.19002281,-0.059498485,-0.19235373,41.67701,2.558327697480479
81.55378795537068,21.255635993568287,2026,47.32864538000001,0.10208836,0.0006412916,-0.121829346,44.980904,2.3477417545117305
81.51044977349348,21.25567749274064,2026,42.69039224000005,0.22354633,-0.09913339,-0.23085706,41.503548,1.1868445715430198
81.71767149789383,21.255679124035623,2026,48.39506762000002,0.16418861,-0.01975255,-0.18764897,43.580544,4.814524101933614
81.58872700660335,21.25569593084458,2026,47.76444293000003,0.077079825,0.02326597,-0.106535226,45.288998,2.4754452798535453
81.59996292511617,21.25575134357732,2026,45.88111391000001,0.08720658,0.00029284594,-0.11323397,44.482735,1.3983792298242292
81.60173091356636,21.255918970594685,2026,46.27589522000005,0.10638461,-0.006167986,-0.12459964,44.42753,1.848366838652396
81.71071163545942,21.25592610209585,2026,48.67876328,0.11946146,0.045667093,-0.15879512,47.645138,1.033625493134764
81.69187694933404,21.255988517833835,2026,44.30369768000003,0.11639412,-0.0036134531,-0.14515276,43.981777,0.32192048883791813
81.6518131580246,21.25607288845551,2026,45.684577760000025,0.087184556,0.011233625,-0.107471935,44.979694,0.7048833935449466
81.57320025818653,21.256160808556825,2026,46.83303248000004,0.11568041,-0.0015381863,-0.13315526,44.705288,2.127744546650433
81.62702131875992,21.2564190454072,2026,42.97750592,0.26605764,-0.06568908,-0.24859448,41.397827,1.5796787715624987
81.55677242790888,21.25647665044844,2026,46.54591879999998,0.1081788,-0.0060962643,-0.13335463,45.38952,1.1564000622070125
81.58020301487207,21.25651279503264,2026,47.45682112999998,0.07767768,0.025240384,-0.10148401,46.135838,1.3209835750683396
81.51001061622078,21.256537565884763,2026,44.34129589999998,0.1791702,-0.031111712,-0.19029793,43.29963,1.041666688574196
81.6095527400989,21.256541621910745,2026,45.32568565999998,0.118550465,0.004209463,-0.14086191,44.04189,1.2837964693261483
81.6062000292727,21.25656725977877,2026,44.471180660000016,0.12136322,-0.019563043,-0.13744076,43.010178,1.4610030476953284
81.77135754370909,21.25658974437087,2026,44.82665473999998,0.13058406,0.0010222589,-0.15555386,45.064465,-0.23780982909181603
81.64586576638648,21.256611360731945,2026,44.980465640000034,0.12121324,0.0036574516,-0.13352826,43.507504,1.4729621304785496
81.53463377508359,21.256798403808727,2026,45.76319222000001,0.12142885,0.010795493,-0.14893617,43.944897,1.8182955220019608
81.71366947599967,21.25681593214983,2026,48.54546049999999,0.12847842,0.045777358,-0.17261925,48.534206,0.011254109619130759
81.51022172677357,21.25684545608748,2026,44.97704762000001,0.14150472,0.020862216,-0.16545519,45.318607,-0.34155971032225807
81.51821228173752,21.25693668990357,2026,50.27497862000001,0.09922288,0.042480133,-0.14014252,47.298645,2.976333600468763
81.70663900132261,21.25694352259042,2026,50.36042912000005,0.12154657,0.057757307,-0.15905662,47.92445,2.435979199345752
81.63861088562979,21.25695857228233,2026,44.11399757000004,0.1107138,-0.010984735,-0.12607625,43.836002,0.2779952201465221
81.5205105425918,21.256988240063656,2026,47.079129920000014,0.10365281,0.026524058,-0.14047407,47.10684,-0.02770830631834542
81.67156319295401,21.257006882552684,2026,44.66600779999999,0.08699505,0.0069491295,-0.11279958,45.051212,-0.38520451079102713
81.6791907928619,21.25701382459953,2026,45.99561758000005,0.14208199,-0.017246516,-0.15796217,43.452747,2.5428702350293477
81.60219664519066,21.25703594536172,2026,46.68434861000003,0.09640558,0.008129284,-0.14079313,44.923504,1.7608447342676072
81.76299714697991,21.25708404578849,2026,50.70906716000002,0.1083622,0.049380098,-0.15775095,47.47591,3.2331569732324397
81.51525975476888,21.25713536320678,2026,47.98148720000006,0.13508646,0.028635634,-0.1695269,46.545223,1.4362639639160761
81.49059584502069,21.25720447480462,2026,47.25857597000004,0.13784167,0.002636335,-0.16788661,44.914425,2.3441510737598037
81.68157960831896,21.257221898760942,2026,45.335939720000056,0.19060524,0.007081513,-0.20895249,44.161385,1.1745551374805245
81.6011001544767,21.25725790313294,2026,46.012707680000005,0.087903485,0.0042630513,-0.110955164,43.64196,2.3707475359570367
81.75532744613753,21.25734951532342,2026,48.83257418000005,0.13082568,0.013077593,-0.15424134,45.22391,3.608662894599661
81.72997095431278,21.257394112397595,2026,47.01076952000005,0.11533006,0.015253203,-0.14361365,45.28998,1.7207876779590379
81.7712002448872,21.25739532524796,2026,44.720696120000014,0.117445104,0.045136448,-0.15850358,48.381256,-3.6605599835156113
81.64047102608954,21.25741499998117,2026,44.30027966,0.09705673,-0.011531886,-0.11406707,44.31207,-0.011789279208983316
81.50794379987512,21.257477050578093,2026,47.04153170000001,0.14268358,0.025483275,-0.17173448,46.183605,0.8579265059082104
81.67547614955163,21.257571710958327,2026,45.08984228000003,0.12172644,-0.013707187,-0.13926914,43.786385,1.3034576974804963
81.54510050627214,21.25757732455073,2026,42.020460319999984,0.20374672,-0.024963105,-0.20963499,43.602978,-1.582517432685563
81.77223732795248,21.2575769201943,2026,42.99801404000005,0.17891264,-0.032806724,-0.19361354,43.309124,-0.3111099529198711
81.49245145570814,21.257630003689712,2026,47.05178576000003,0.10877,0.039436042,-0.13924511,46.504093,0.5476925898340141
81.58027060918606,21.257704671542218,2026,47.06887586000005,0.06940874,0.020391077,-0.101716526,44.96767,2.10120541932622
81.50239101712327,21.257811093118,2026,48.07035572000001,0.12525359,0.033868782,-0.15819187,46.086452,1.9839032358691497
81.73123452679297,21.25781807306374,2026,48.90777062000001,0.12458057,0.058514137,-0.1644428,47.738087,1.1696839195605548
81.5979997564555,21.25784179756038,2026,45.65894261000005,0.06909753,0.004324267,-0.09554882,44.477917,1.1810258924707497
81.67888826218572,21.258030212194384,2026,45.69824984000002,0.09081516,0.031898867,-0.121353514,47.01311,-1.3148612745019364
81.76668651334782,21.25812956742364,2026,45.38721002,0.18543972,-0.026820173,-0.19092599,43.08805,2.2991591777148415
81.72616731126342,21.25835184960615,2026,46.14259244000005,0.13115612,0.02019679,-0.15935813,46.116077,0.026515016904347988
81.772720804603,21.2584077024613,2026,45.69141380000002,0.12433853,0.059477124,-0.17043774,48.160408,-2.4689942200195105
81.69262324303308,21.258483478310616,2026,44.59081136000003,0.15264666,-0.023914529,-0.17261249,43.71372,0.8770929456933914
81.70614062882608,21.25857247319579,2026,47.37649766000004,0.12741204,0.04711544,-0.16491738,48.49973,-1.1232314964940997
81.74877925369216,21.25884295488433,2026,49.06499954000003,0.11303607,0.052093726,-0.16303743,46.872787,2.192212064414093
81.50655725076167,21.25885205888484,2026,47.550816680000025,0.17379332,-0.02279544,-0.19161327,43.702755,3.848061705634791
81.55804173732105,21.25896264326992,2026,47.53714460000003,0.08490038,0.01141128,-0.10267984,45.35657,2.1805734024902677
81.77187466294454,21.259157016237324,2026,48.72148852999999,0.1154019,0.05665637,-0.15243807,47.17238,1.5491099899609253
81.63692867266424,21.25920958429416,2026,44.34813194000003,0.07477236,0.017239593,-0.101746775,44.99983,-0.6516963986230166
81.67748089097914,21.25927022161686,2026,44.440418480000005,0.1821066,-0.025285108,-0.19824198,43.591423,0.8489954453320365
81.64202677300159,21.259302055801328,2026,42.62886788000003,0.19939141,-0.05324337,-0.20030452,43.017456,-0.3885881746874702
81.60776379134735,21.25933331692904,2026,45.814462520000006,0.09785676,0.010483622,-0.12142106,44.868828,0.9456347001757877
81.55154185801743,21.25936457906856,2026,48.74028764000002,0.111618616,0.036551975,-0.14675567,46.504185,2.236102917099629
81.74653068620337,21.25966266772676,2026,51.93955435999999,0.103701144,0.07529125,-0.15416335,48.423286,3.516267922011707
81.63789187754229,21.25978120140029,2026,43.66452794000003,0.100191936,0.0067923483,-0.118700966,45.22948,-1.5649528034081754
81.56599973626858,21.25999248438979,2026,50.07331543999999,0.07962127,0.035924513,-0.10713261,46.582054,3.491261301816394
81.6487271711671,21.26008994279537,2026,43.77732260000005,0.14333333,-0.011223157,-0.15206107,43.59655,0.18077261220707896
81.56341555052235,21.26011537427328,2026,48.015667399999984,0.09661895,0.0045905523,-0.11605512,43.35125,4.664417705175765
81.5186501460186,21.260141082793083,2026,48.14897017999999,0.08267821,0.028986001,-0.11730355,46.00631,2.1426606707226483
81.68715719187031,21.26022243916885,2026,45.011227820000045,0.085572734,-0.011081204,-0.11421858,44.865627,0.14560053118168526
81.57282532580037,21.2603350837669,2026,46.63820534000001,0.05877077,0.025242573,-0.08568323,45.69007,0.9481342340429819
81.71165013751732,21.26051906698677,2026,47.70804559999999,0.12470964,0.050292686,-0.15808356,47.28618,0.4218670111328038
81.75587303654994,21.26056673774461,2026,47.2978832,0.11326199,0.026944196,-0.14444487,45.905727,1.3921558135253917
81.70020586261334,21.26062765655532,2026,44.47459867999999,0.21026161,-0.04860994,-0.20383154,42.341362,2.133236680488274
81.69111423409844,21.260678123227688,2026,45.60938132000001,0.1667111,-0.013599815,-0.1755315,43.67868,1.9307009000781363
81.50766162067616,21.26084432041884,2026,45.26074328000004,0.12813143,0.018251875,-0.16081847,46.04586,-0.7851170105273013
81.6186584065865,21.26094211655902,2026,46.01612570000003,0.07239835,0.038600422,-0.1122155,46.734634,-0.7185086994140306
81.7682140350482,21.26118521912973,2026,48.51469831999998,0.10549394,0.04094876,-0.14097737,47.13933,1.3753665023730264
81.60959554364176,21.26125737279955,2026,46.36818176000003,0.13510384,-0.008551405,-0.157126,44.586082,1.7820993015039335
81.61088322276728,21.26138772625441,2026,45.749520140000016,0.1503032,-0.0152924685,-0.16959666,44.802036,0.9474838545996249
81.56880316182509,21.261517570618683,2026,49.05132746000004,0.06089845,0.020482676,-0.09212294,45.278614,3.7727134158105855
81.52999884695137,21.26159244301523,2026,41.45648702000005,0.2138842,-0.076881744,-0.21685512,42.32764,-0.8711535134472186
81.77200554706754,21.261707893824244,2026,44.14817777000002,0.18165962,-0.028228391,-0.18259925,42.947834,1.2003437551074398
81.67810914279005,21.261933794114807,2026,44.04051014000004,0.14370336,0.026200302,-0.16357517,45.383286,-1.3427753824609
81.72777388386068,21.26199243153842,2026,47.18850656000001,0.11775032,0.03129463,-0.14979549,46.126465,1.0620417162500075
81.5350289487885,21.26206700091359,2026,46.05372392000004,0.18440421,-0.041133814,-0.20255804,43.252285,2.801438916337929
81.73002198408443,21.26211200369115,2026,45.90333104000001,0.11021739,0.016970903,-0.14152665,45.408092,0.495238541220715
81.58106894683561,21.26219869760677,2026,45.92383916000006,0.08132245,0.012795554,-0.114576094,45.24486,0.6789775572168537
81.73139276142419,21.262205706208853,2026,45.84864272000004,0.108491234,0.015095415,-0.14351852,45.837208,0.011434925810590357
81.6467681029016,21.26230915984508,2026,45.21972704000001,0.10820678,-0.0008572371,-0.12721871,44.731094,0.4886326796484468
81.71254105452131,21.26239839342704,2026,47.53714460000003,0.1048572,0.025735294,-0.13860145,45.03977,2.4973763810058927
81.59242663475887,21.262492346997394,2026,45.42822626000003,0.08935572,0.00040724903,-0.1151327,44.91156,0.5166662014062808
81.49354336426435,21.26259284293596,2026,46.15284650000001,0.11835388,0.04306951,-0.14934365,46.207603,-0.054756954589834095
81.71414958516428,21.262589708996742,2026,46.77150812000002,0.120469086,0.028650647,-0.15748899,45.98962,0.781887911259787
81.62592648565968,21.262673815665817,2026,45.18212882,0.16405925,-0.04063664,-0.16933028,42.927563,2.2545661063769558
81.57310913895941,21.26273175073057,2026,45.599127260000046,0.08069867,0.0016984197,-0.10350175,44.85897,0.7401566179102019
81.70878257934635,21.262735639842813,2026,44.85399890000002,0.11708987,0.067229405,-0.13104449,47.154324,-2.3003246778808375
81.59948360555538,21.26275038327981,2026,45.571783100000005,0.11399471,-0.0008466849,-0.14015433,44.72258,0.8492031439453172
81.52467736199686,21.26281406648065,2026,47.44827608000003,0.09877722,0.0150235845,-0.13035773,45.316814,2.131461657392606
81.60060004820558,21.262826225026224,2026,45.23681714000003,0.11770983,0.004979036,-0.14169736,44.65622,0.5805976575781528
81.74606309453813,21.26294176206714,2026,50.72615726000004,0.11174331,0.06939169,-0.1505236,47.395897,3.3302603483789497
81.70251530866084,21.26297087443217,2026,46.65529544000003,0.1559879,0.012788226,-0.16181678,43.15552,3.499774047177766
81.55414915739736,21.26301861471061,2026,45.06591614000001,0.1666534,-0.010831322,-0.17871365,44.444607,0.6213093589941536
81.58136778127901,21.263093747827547,2026,46.85354060000003,0.09450034,0.0017640456,-0.117088735,43.892635,2.9609052545410464
81.54564942909968,21.263192932696725,2026,43.739724379999984,0.13470295,0.035386633,-0.16254638,46.39722,-2.6574962315722814
81.64936579425003,21.263234741082265,2026,45.63672548,0.08219232,-0.006421334,-0.099352226,46.029327,-0.3926019125781224
81.66377781619678,21.263251873113973,2026,45.14794862000002,0.08575635,0.014218643,-0.110065855,44.86192,0.2860292169238505
81.57098553382278,21.263374220015223,2026,48.54204248000002,0.12810028,0.020966152,-0.16139093,46.141693,2.4003493647656455
81.56891793633108,21.263594530817542,2026,49.84772612,0.10856314,0.047410525,-0.124811076,46.53113,3.3165943756152316
81.69039205096611,21.263637914523933,2026,45.031735939999976,0.13801856,0.011683935,-0.1560451,45.06758,-0.035845236757836574
81.72919122254274,21.26365299074624,2026,47.55765272000002,0.12787886,0.051026795,-0.16154495,47.964237,-0.4065844931347442
81.74549319561503,21.26367576430166,2026,52.40440508000006,0.111190334,0.07265262,-0.15530023,48.056484,4.347920857587951
81.64539764503998,21.26380270035132,2026,49.48199798000002,0.10659728,0.040381983,-0.14376931,46.476093,3.005904687763689
81.49622258055226,21.26389862626405,2026,43.727761310000005,0.16166042,-0.008441769,-0.17715447,43.815773,-0.08801170025390093
81.71063013367487,21.263918484257164,2026,46.50148453999998,0.07947697,0.034334898,-0.12392206,46.245926,0.25555863667966605
81.50909802604309,21.264003530245592,2026,45.21289100000001,0.26141727,-0.1385926,-0.24624003,39.310375,5.902515786376966
81.62624248714792,21.26402433820266,2026,46.604025139999976,0.0917438,0.013086114,-0.11942905,44.98447,1.6195547725683355
81.57964713766825,21.26416013774596,2026,47.13894527000002,0.15777454,-0.03311367,-0.17276374,42.672783,4.466162372050803
81.51321744008777,21.264438423406247,2026,50.53645715000005,0.10991641,0.06108281,-0.1469572,47.348034,3.1884232449707497
81.65892058431811,21.26443790078929,2026,46.13917442000002,0.09240615,0.036795035,-0.11111957,47.063282,-0.9241075929394356
81.61302906214945,21.26444823715533,2026,46.24855106000001,0.0872454,0.010834379,-0.11563967,44.694145,1.5544058573632924
81.61827913657383,21.26448793400486,2026,44.53612304000001,0.08214942,0.0043929135,-0.10335196,44.546715,-0.010591742714836982
81.64335275850007,21.26448021992136,2026,46.20753481999998,0.15128006,-0.016703641,-0.16192536,42.431396,3.776138335624978
81.49651446260243,21.26450190665363,2026,42.406696580000016,0.24831572,-0.10878398,-0.2356864,40.16875,2.237945817060563
81.5285444978167,21.26455593963229,2026,48.67534526000003,0.13117296,0.021768274,-0.16689828,46.963593,1.7117527307031537
81.70860913294162,21.264625809600947,2026,43.82175686000005,0.17871237,-0.030086054,-0.18333773,43.46322,0.3585381710352067
81.70792514995624,21.26465609412469,2026,44.42674640000001,0.20255435,-0.037770897,-0.20545186,43.1605,1.266246827246107
81.50609224941088,21.264764748097257,2026,47.11672814000002,0.10173816,0.049231086,-0.12639087,47.030094,0.086633993271505
81.66056879541458,21.264910941272607,2026,45.61621736000001,0.10080292,-0.004496762,-0.12021995,44.953938,0.6622798294824292
81.71755658661628,21.264952656050703,2026,46.83986851999998,0.09342726,0.042809244,-0.14213252,48.318214,-1.4783458965039245
81.61260228731983,21.26496524552936,2026,46.31691146000003,0.0747085,0.012907277,-0.09994169,45.244686,1.072225333291044
81.50185275433273,21.264982336183053,2026,47.23635883999998,0.164685,-0.01183844,-0.1824911,44.17075,3.0656091756933392
81.69905582431048,21.265053360707054,2026,46.24855106000001,0.14396325,0.00041098922,-0.1684405,44.21748,2.0310713541894643
81.60124218828003,21.26517941380741,2026,46.93728209000005,0.13833858,0.016882695,-0.16065724,45.611195,1.3260874794043502
81.64873430515169,21.26522031437288,2026,48.19340444,0.11526568,0.044169612,-0.1515285,47.15178,1.0416252651953144
81.76585648541673,21.26523303852676,2026,48.53520644000002,0.1308017,0.04298031,-0.15922375,47.423412,1.1117941170019705
81.72225199550401,21.26525999575194,2026,49.49225204000004,0.06535376,0.03800303,-0.10413123,46.96915,2.523101496787149
81.50705540935427,21.26520040453071,2026,45.78711836000002,0.115543544,0.03763625,-0.13663414,46.373306,-0.5861879144140403
81.55377224755038,21.26533931414492,2026,42.181107259999976,0.20392603,-0.053932186,-0.19780485,42.964695,-0.7835877168066645
81.72410870528196,21.265515352483284,2026,48.05668364000002,0.19429238,-0.042129733,-0.20484501,43.268024,4.788659195419939
81.62269464956907,21.26551586799285,2026,45.226563080000005,0.078257546,0.0070727332,-0.10183522,46.000942,-0.774379150224604
81.55852296993658,21.26566023175857,2026,47.98490522000003,0.1176423,0.018975196,-0.1438989,45.493767,2.4911384353320614
81.52434375109735,21.26582173014573,2026,49.52130521000004,0.09444997,0.02231971,-0.13592592,45.635845,3.885460025673865
81.59053284530226,21.26596439511485,2026,45.93409322000002,0.09682941,-0.0030239425,-0.11912039,44.129784,1.8043095896289287
81.55860859895529,21.26600234670043,2026,47.52689054000001,0.12842055,0.009898905,-0.15324229,45.366165,2.1607253788671983
81.57425869840392,21.266054716467952,2026,48.44633792000002,0.14417745,-0.016907386,-0.16531357,43.760624,4.685713988115253
81.61800192047515,21.26614921880844,2026,45.26074328000004,0.10813755,0.0044382317,-0.1259189,43.735336,1.525406976289105
81.68080252118008,21.266199308980152,2026,44.71727810000005,0.08440743,0.02126771,-0.12262214,45.316883,-0.5996049871581519
81.66865626841002,21.266283264238915,2026,43.89353528000004,0.12035151,-0.018440675,-0.13918214,43.54622,0.34731640792972485
81.74872587507011,21.26632045626185,2026,48.596730800000046,0.09397861,0.058169957,-0.13321933,49.817287,-1.2205566450683136
81.55196757046976,21.266356637477013,2026,46.21437086000003,0.099047616,0.057897657,-0.14643353,48.97649,-2.762119160751922
81.52489229124053,21.26645178314805,2026,48.77446784000006,0.10714217,0.039060947,-0.14204647,46.628647,2.145820989414119
81.56215859545846,21.266466211480548,2026,46.47755840000002,0.13979103,-0.019854162,-0.15328407,44.40228,2.0752794998535364
81.7636372387833,21.26657535437249,2026,49.70416928000003,0.124892406,0.02292794,-0.139701,45.047432,4.656737334199249
81.66913514212469,21.26658024445812,2026,45.433353290000014,0.09011295,0.016163776,-0.11186506,45.344246,0.08910737935548241
81.56220510113387,21.266623959482065,2026,46.47755840000002,0.13979103,-0.019854162,-0.15328407,44.40228,2.0752794998535364
81.71933007649643,21.26668413212812,2026,45.87598688000003,0.10160312,0.050951846,-0.14137144,47.76211,-1.8861247838183317
81.64149729691925,21.266756545034912,2026,46.00928966000004,0.116363436,-0.005132649,-0.13527451,45.03326,0.9760293145410586
81.64466561728486,21.266936316080635,2026,45.52393082000003,0.1679904,-0.038054902,-0.18007061,43.22693,2.2970021090625323
81.76851983523251,21.266984524804485,2026,48.682181300000025,0.13614266,-0.004164109,-0.16049619,44.813087,3.8690938366211185
81.7094177758747,21.267033331044484,2026,45.93409322000002,0.16873458,0.019220112,-0.19881645,45.93328,0.0008122751758037339
81.70923284576716,21.26725408404653,2026,45.48975062,0.15830731,0.03343078,-0.18886396,45.432137,0.05761408435547111
81.77227286245683,21.26735065576208,2026,50.34504803000005,0.08274654,0.06614611,-0.12033307,48.297966,2.047082026582082
81.5436020998232,21.2674863101992,2026,46.91335594999998,0.12070155,0.0019241653,-0.16061221,45.076317,1.8370391165038882
81.56533753132183,21.2675431166134,2026,46.28785829000003,0.14476569,7.09396e-05,-0.15807419,44.362484,1.9253743117285467
81.57665358211271,21.26759184123297,2026,45.56836508000004,0.10146364,0.00027675915,-0.12469837,43.827446,1.7409190961133234
81.49618127806785,21.267630752942928,2026,45.40088209999999,0.1767377,-0.024945356,-0.17969811,43.125385,2.2754968155761617
81.76221714339081,21.267671260896243,2026,48.309617119999984,0.088674344,0.05873282,-0.12985393,48.038116,0.2715006649218594
81.65933814705657,21.26774723249752,2026,45.68799578000005,0.15036555,0.022071421,-0.15323667,44.725708,0.9622877721875511
81.70673372726532,21.26777103819997,2026,40.62590816,0.098373614,-0.058059864,-0.08403465,38.93676,1.6891482112695329
81.68435243581048,21.267843113028675,2026,44.43700046000004,0.06057051,0.10885791,-0.10010083,45.305138,-0.868137174277301
81.70199084766465,21.26785453754748,2026,45.56494706000001,0.077877134,0.03780279,-0.11746528,46.053352,-0.48840529595702264
81.6549697244796,21.26813202256833,2026,45.84180667999999,0.13514371,0.029717732,-0.15301603,46.01373,-0.17192241545899378
81.73227891881824,21.26814854366185,2026,49.994700980000005,0.09834163,0.053273533,-0.13641645,47.63457,2.3601299045605515
81.60026556103735,21.268181678260223,2026,46.81252436,0.08622229,0.008858568,-0.11398489,45.160095,1.6524291451562476
81.50800427414721,21.268281649420764,2026,44.898433160000025,0.16612948,-0.008214941,-0.18646574,44.301994,0.5964388362695558
81.53517492267986,21.268295869894907,2026,50.63728874000003,0.11313969,0.04641997,-0.15512864,47.19255,3.4447380808203434
81.59688628951903,21.26832335907181,2026,46.06226896999999,0.12973586,-0.011551566,-0.15214963,44.159424,1.902845141874991
81.53934495702853,21.26833648556161,2026,47.61234104000005,0.13376717,0.015921252,-0.16202512,45.455345,2.156995886191453
81.60676242562278,21.26851953948725,2026,45.33252170000003,0.08040876,0.004056795,-0.10699683,44.13141,1.2011130085937793
81.74999819741802,21.268794429902563,2026,44.84032682000003,0.18195467,-0.035784766,-0.1903988,42.96832,1.8720078807910454
81.65098130039904,21.26880154470861,2026,43.5209711,0.22171742,-0.074606165,-0.2124306,42.32991,1.1910608216796845
81.50557516117347,21.268813972897707,2026,44.57372126000001,0.15041506,0.01340373,-0.16750307,44.90477,-0.33104863746092406
81.72623998638984,21.26881841756508,2026,46.173354620000055,0.072778925,0.028460708,-0.11233953,45.03487,1.1384844722949765
81.70619477466418,21.2688460656775,2026,45.18554684000003,0.15310526,0.00020952438,-0.17385346,44.7517,0.43384548501956033
81.69344762594484,21.26906594080236,2026,44.54979512,0.16882938,-0.049097046,-0.19409089,42.90628,1.6435146024218739
81.55306382041393,21.26920106552964,2026,45.36328388000004,0.10612837,-0.012831947,-0.12780705,44.1016,1.2616832330273837
81.5849931130069,21.269210652618323,2026,49.91095948999998,0.07178877,0.031405747,-0.111921,45.437634,4.473325975595685
81.70841524316083,21.26931030928513,2026,43.69187210000001,0.2456364,-0.0916523,-0.24472927,40.98177,2.7101025382324337
81.74086735748736,21.26933657099641,2026,50.38093723999998,0.07882146,0.023351246,-0.117537454,45.197163,5.183774611826152
81.50076414949957,21.26935069780956,2026,41.78119892000001,0.17717764,-0.04844908,-0.19378027,42.713314,-0.9321151363964759
81.54361832854586,21.26938645855214,2026,47.98490522000003,0.12111051,-0.0112904925,-0.13923448,43.333508,4.651397682158233
81.74129333813416,21.26954989305463,2026,51.53964602000002,0.09846725,0.05124862,-0.1338847,47.40793,4.131717553203146
81.73095435242713,21.269588421056884,2026,48.88042646000002,0.107004695,0.042150076,-0.13904777,46.35868,2.5217457349023604
81.6326692624839,21.269703957702525,2026,47.21072369000001,0.088898234,0.016039778,-0.11613701,44.321404,2.88932018658204
81.5632720955744,21.269812226613155,2026,48.27201890000004,0.13293932,0.015273972,-0.15957576,45.38575,2.8862690831055104
81.58050304017335,21.269877423114377,2026,46.67067653000004,0.07248345,0.012675372,-0.10373074,44.92453,1.746146500703162
81.67087842092467,21.26988147999775,2026,45.50342269999999,0.11907558,0.026067998,-0.15785381,46.667892,-1.1644697560547002
81.622206971962,21.270093832289447,2026,46.07765006,0.08784745,0.0020103692,-0.10838654,43.950085,2.1275653737207065
81.75085041532186,21.27036101577106,2026,49.270080740000026,0.06846703,0.08945521,-0.111631416,46.397785,2.8722955532324477
81.67325780580494,21.27038651341397,2026,44.43700046000004,0.103372596,-0.0061877677,-0.13187864,44.90932,-0.47232037129878535
81.66590408566337,21.27059025087569,2026,45.14282159000004,0.08488417,0.0020632516,-0.12050243,44.408863,0.7339585223730865
81.49254855171968,21.270630627916475,2026,50.052807320000056,0.13005358,0.04033092,-0.17502351,47.997673,2.0551342853320875
81.60097750352247,21.2706426650922,2026,47.91654482000001,0.11455944,0.013529422,-0.14090648,44.860985,3.055560017753919
81.51595809922593,21.270661181596537,2026,48.70098041000006,0.121518984,0.050082035,-0.15319082,47.84534,0.8556396812402909
81.72706119875546,21.270782878821503,2026,47.960979080000016,0.081054136,0.03859794,-0.1244383,46.031242,1.9297367093945468
81.60092425330087,21.27086995616433,2026,48.33867028999998,0.121833004,0.03587996,-0.15641855,46.70076,1.6379104023046693
81.54865726337114,21.270918891588632,2026,44.25755441000001,0.15825129,-0.0066973125,-0.17439595,44.354317,-0.09676230142576969
81.7069494584559,21.27112171637326,2026,44.07469034000002,0.22360887,-0.054970093,-0.22141208,43.04133,1.0333619098242366
81.67218472630864,21.271204431106824,2026,44.660880770000006,0.17646648,-0.04587156,-0.19946681,42.97895,1.6819302695117244
81.60254358567016,21.271251707556576,2026,45.38379200000003,0.114111826,-0.026209531,-0.12882438,43.864067,1.5197249223633094
81.63637240698486,21.2713950887238,2026,43.96360469000001,0.18607186,-0.059643876,-0.18508002,41.531353,2.432251693173839
81.66789646810092,21.27142491444592,2026,44.26268144000005,0.1580759,-0.033046447,-0.18203595,43.660328,0.6023535286230981
81.68861486837977,21.271513587076093,2026,43.702126160000034,0.15806715,-0.029998014,-0.16881458,42.734978,0.9671484378320656
81.64020096767686,21.271547301637213,2026,46.17506363000001,0.1804694,-0.03650593,-0.18759282,42.896877,3.2781863411816516
81.69763069571164,21.27175771539476,2026,45.91700312,0.15048814,0.03286072,-0.15562466,44.767075,1.1499285350390593
81.64357964757535,21.27176804609499,2026,39.15274154000002,0.32148865,-0.13865572,-0.29298818,37.577698,1.5750437860937723
81.53317994668483,21.271837808477702,2026,48.32670722,0.09104985,0.029477468,-0.13632251,47.52726,0.7994473933398467
81.52137287469218,21.2718592811839,2026,48.88213546999998,0.11226763,0.006620472,-0.14106151,45.48204,3.4000950647265427
81.5225585839847,21.27186320087231,2026,51.14315570000002,0.085169606,0.058902275,-0.12680571,48.736523,2.4066330254394757
81.7046917732011,21.271919596527283,2026,48.0327575,0.076208845,0.059915468,-0.12225556,45.31092,2.721836784667971
81.73846224737206,21.272167235870253,2026,49.502506100000005,0.105397694,0.050501194,-0.1453687,48.18499,1.3175161708007863
81.64662041330718,21.27230531741191,2026,38.065811180000026,0.3563969,-0.16267678,-0.31945732,37.958717,0.10709383380861937
81.65846577265083,21.272455472746184,2026,43.92771548000002,0.15399466,0.017279977,-0.16824684,44.972946,-1.04523068699217
81.50738962491758,21.272776307962623,2026,46.985134370000026,0.1351491,0.021724977,-0.15578316,45.507923,1.4772112437793226
81.73972105578046,21.272769579904253,2026,48.53862446000005,0.12538204,0.039715957,-0.16112609,46.7186,1.8200232331934103
81.73897693012997,21.272827075391184,2026,48.67534526000003,0.12141554,0.044899482,-0.16005586,47.61496,1.0603855432031537
81.68734992706278,21.2728822030252,2026,46.68605762000004,0.067889094,0.03914234,-0.08664451,46.663624,0.02243381018558921
81.73335319729989,21.27316533235124,2026,47.46194816000002,0.10664311,0.037938133,-0.1490314,47.086716,0.3752324617578324
81.5973082831332,21.273272075539893,2026,49.10772479000002,0.06493839,-0.0027501755,-0.08482821,46.437218,2.6705070775976765
81.52852060950192,21.27332196730456,2026,49.14019598000005,0.13493937,-0.010957415,-0.15346456,44.17395,4.966245784687551
81.57749907542475,21.27375669250821,2026,44.67284384000004,0.0984985,0.018019529,-0.12727273,45.348267,-0.6754227615624586
81.56122864736204,21.27379872757691,2026,50.06306138000002,0.09264432,0.029329658,-0.123280026,46.748928,3.3141333099316626
81.724495400534,21.273904122000125,2026,49.92634057999999,0.09458285,0.06749753,-0.1331534,48.520355,1.4059853553906123
81.55514794718131,21.27393545881945,2026,50.12116772000002,0.10776124,0.009405453,-0.1384087,44.48498,5.636186183134782
81.72084186104226,21.274056641328333,2026,48.60698486000001,0.07057323,0.026356488,-0.113945514,45.53514,3.071843868789074
81.52673420471254,21.274125407212605,2026,49.217101430000014,0.10317185,0.04881534,-0.14144436,48.181877,1.035224293769545
81.6588834694089,21.27415813065349,2026,43.93796954000004,0.1474567,0.0134782605,-0.15407112,43.47179,0.46617922627933694
81.61347091129097,21.27424688845836,2026,45.37011991999998,0.08617608,-0.0019353451,-0.112366706,44.427086,0.9430340435351354
81.50422497302294,21.274642420435708,2026,47.28250211,0.13341999,0.016156333,-0.1579138,44.69617,2.5863313031152373
81.70203852400644,21.27473942101713,2026,45.041990000000055,0.1559619,-0.02482534,-0.16649295,43.697678,1.3443123876953678
81.71074074803488,21.274746021578984,2026,44.898433160000025,0.09147683,0.018068058,-0.1203788,45.6164,-0.7179685123632567
81.64228739182798,21.27478402438701,2026,42.259721720000016,0.20311986,-0.055290543,-0.19592151,43.08833,-0.828607595185531
81.60553396573378,21.27487250718061,2026,48.47197306999999,0.20577744,-0.07954347,-0.19879074,41.723026,6.748946794365224
81.61510873290517,21.27489991941912,2026,45.64356152000005,0.115809776,0.013641133,-0.14363927,44.75746,0.8860999721484859
81.71701070947715,21.275109720342048,2026,44.79589256000003,0.21260986,-0.06585794,-0.2207232,42.888763,1.907129132265652
81.76079237745975,21.275124964739668,2026,50.16731099000003,0.09099358,0.04463472,-0.13152619,47.166996,3.000314987802767
81.63701374374648,21.275194963480345,2026,43.37228722999998,0.18743856,0.0041796225,-0.18543513,43.024128,0.3481592697949054
81.58850411601101,21.27529021515119,2026,47.59525094000003,0.13393764,0.046371862,-0.13813281,45.625698,1.9695528504004187
81.63268985503696,21.275389059263105,2026,45.433353290000014,0.07679607,0.004734405,-0.09995209,45.327972,0.10538087789063866
81.618482058763,21.275520488159508,2026,46.258805120000034,0.09116587,0.0037664145,-0.11664702,43.876617,2.3821876883594086
81.76555366127853,21.275763074498308,2026,49.04790944000001,0.087032795,0.051007878,-0.14011504,47.40711,1.6408011331152466
81.53505736535044,21.27578424967464,2026,48.73686961999999,0.1766502,0.009242823,-0.20185632,45.276295,3.46057491174804
81.571730470005,21.275819644553955,2026,48.113080970000055,0.10166372,0.020361342,-0.13368733,45.814312,2.2987689887988836
81.51834800953728,21.27587814745884,2026,49.9126685,0.11469514,0.048937112,-0.15321915,48.36659,1.5460799074707055
81.74483538240436,21.27590094659346,2026,47.96439710000004,0.12815501,0.04994608,-0.17594576,48.444378,-0.4799807991698799
81.53747121828584,21.27596083168856,2026,49.62213680000002,0.12482158,0.044701032,-0.16687644,47.9346,1.6875359699218961
81.71074263244022,21.276237555282503,2026,41.849559320000026,0.23453023,-0.06825939,-0.222431,41.841625,0.007934106376978889
81.49298203610672,21.27627969769355,2026,51.34140086000002,0.12253148,0.05361263,-0.1659761,48.36441,2.9769904596093966
81.55631271319712,21.276349967353266,2026,48.53862446000005,0.09797513,0.046025973,-0.1298142,47.194542,1.3440825288477072
81.6624444611603,21.276350135947585,2026,42.76217066000004,0.08683323,-0.00038799338,-0.11446422,44.82106,-2.0588895206640245
81.58655461436894,21.27636724315904,2026,49.728095420000045,0.13547339,0.010749376,-0.17142023,45.737427,3.990668662187545
81.50198517545375,21.276463810638933,2026,46.32545650999998,0.12874995,0.016679429,-0.1605957,45.6567,0.6687563757226371
81.59260743806885,21.27655937502701,2026,49.434145700000045,0.07986836,0.013908486,-0.10062996,46.201336,3.2328097930176227
81.53585292362075,21.27661497843317,2026,51.61484245999998,0.12214746,0.043259706,-0.16766511,47.890366,3.7244768594140396
81.57525230726438,21.27672127929975,2026,45.611090330000025,0.16343282,0.016700534,-0.18384588,46.10161,-0.49051794636716295
81.70814382471104,21.27673376611667,2026,46.566426920000026,0.072434686,0.063937455,-0.111384995,45.933716,0.6327110996875263
81.52554304373109,21.276765674470333,2026,46.86037664000003,0.10822207,0.019786594,-0.13780664,45.10058,1.759798331894558
81.70917723940379,21.27677703681689,2026,45.63672548,0.07047803,-0.002750792,-0.10945024,44.653244,0.9834814614453151
81.64375294612759,21.27693291893086,2026,42.82369502000006,0.2166892,-0.06801996,-0.20563161,41.66337,1.160326794902403
81.77044568298977,21.27699736002065,2026,47.57303381000003,0.11539353,0.0544927,-0.15528639,47.624084,-0.05105066265622327
81.63188783980746,21.2771607735974,2026,45.91187609000002,0.11011721,0.0016989702,-0.13233964,44.54863,1.3632463292578336
81.53289929771931,21.277220147034168,2026,50.729575280000006,0.09480848,-0.011738033,-0.121660516,44.46637,6.263205651093756
81.70980624213269,21.27739192831981,2026,42.67330214000003,0.21182446,-0.06932353,-0.2219602,43.11861,-0.4453082420800456
81.55344262495966,21.27745372782654,2026,46.10499421999998,0.086394385,-0.009789097,-0.10614184,44.543835,1.5611595337206836
81.5567542605692,21.2776432608261,2026,45.96485540000003,0.19461344,-0.07129312,-0.19973175,42.494675,3.4701807173828456
81.63505095649121,21.277703446743107,2026,46.33058354000002,0.08598847,0.013710427,-0.10921277,44.856644,1.473939863242208
81.53302088022724,21.277715813142493,2026,51.399507200000016,0.12428571,-0.0950327,-0.16947767,41.53369,9.865815793750016
81.5413625703401,21.27774269344122,2026,47.00051546000003,0.08968156,-0.004060896,-0.12126592,44.848198,2.1523175229883122
81.73168886930425,21.27777574945094,2026,46.457050279999976,0.07891766,0.03103843,-0.1174984,44.6647,1.7923507255566165
81.73909033537804,21.277795090549294,2026,45.73926607999999,0.08930131,0.026979586,-0.12707557,46.372482,-0.6332162198046944
81.56458058824626,21.277882292404616,2026,50.20490920999998,0.092607625,0.05340458,-0.13745001,48.395203,1.8097065732812325
81.49786704187494,21.277949855557004,2026,46.91677397000001,0.15082961,0.009811012,-0.18226361,45.789,1.1277725051562584
81.62006327006344,21.27805133155608,2026,47.63626718,0.08357085,0.019611588,-0.1248128,44.953255,2.683012480292966
81.62817924338908,21.27849171935779,2026,45.746102120000046,0.11437058,-0.011769014,-0.13511999,44.219547,1.5265548482715303
81.60084865093148,21.278525467420216,2026,48.13700711000001,0.13018714,-0.003939142,-0.14641796,43.82817,4.308836333632826
81.74492671310578,21.27929783560543,2026,49.22222846,0.12197966,0.043021448,-0.15884966,47.344997,1.8772310539941373
81.49212637382954,21.27939990143048,2026,51.67636682,0.12644222,0.04840597,-0.17621534,48.59327,3.083097471855467
81.74282267548635,21.27940046192713,2026,48.26860088000001,0.10932073,0.059445016,-0.153345,48.756367,-0.48776584973632
81.63980574495183,21.279503513037,2026,44.100325490000046,0.15707225,-0.04728637,-0.1670342,43.308556,0.7917698869727019
81.64385127886689,21.279580661125824,2026,43.054411370000025,0.22065987,-0.08791788,-0.20746766,41.88416,1.1702522818652596
81.70114651492827,21.279645276708035,2026,45.041990000000055,0.07843206,0.07266163,-0.12123547,46.711994,-1.6700041711425229
81.76214066000358,21.280180814990683,2026,45.17529278000001,0.12344504,0.037553053,-0.15096456,46.203934,-1.028640935820306
81.48957088108443,21.280263791942144,2026,50.00666405000004,0.121246085,0.06611112,-0.17863789,50.346027,-0.3393633242675378
81.59758001410167,21.28032453745512,2026,46.70998376,0.07376776,0.024232415,-0.114760414,45.5377,1.1722831069238282
81.50778332683171,21.28041339274293,2026,44.93603138000003,0.15927343,-0.0009396974,-0.1865709,44.514908,0.4211235430859688
81.74310968540428,21.280561791006768,2026,49.09405271000003,0.10084532,0.069117166,-0.15074994,48.491318,0.6027349609765906
81.5129432462405,21.280742749336,2026,45.89991301999999,0.14747082,-0.0041883746,-0.16907829,43.449097,2.4508163403124925
81.63528337562049,21.280751850242165,2026,47.37649766000004,0.10661103,-0.021877283,-0.12066168,44.46996,2.906538400966838
81.53356862979685,21.280791859258454,2026,53.21447582000002,0.104007885,0.054276157,-0.14436191,48.340363,4.874113271171893
81.6596457497866,21.280837412855483,2026,46.68947564000001,0.13968435,0.03132347,-0.15224543,45.059395,1.6300808035742307
81.51657286624624,21.28086205119137,2026,46.11866630000003,0.14702047,0.015275218,-0.17210032,45.438576,0.6800905553711232
81.53035335729471,21.280893484828773,2026,51.80966960000001,0.10321375,0.042953935,-0.14617385,47.752254,4.057415113916022
81.51182567089784,21.280897033913096,2026,46.06739600000003,0.13886034,-0.0004512792,-0.16350424,43.96295,2.1044443398437807
81.58709568339063,21.28092101317166,2026,48.04984760000002,0.14124462,0.009602372,-0.1638016,44.651695,3.3981523485351772
81.56009675279175,21.28097545301278,2026,48.97442201000001,0.11288611,0.017505795,-0.14994806,45.385956,3.588466199453137
81.716243330871,21.28114392589964,2026,46.59377108000001,0.11091944,0.04521868,-0.15548857,47.541553,-0.9477824173144427
81.66160627511722,21.281860837185835,2026,45.76661023999998,0.130227,0.039392136,-0.14666666,46.01112,-0.24450960252931964
81.53063084907842,21.28201812968738,2026,49.82379997999999,0.12249853,0.02815466,-0.15903825,46.521297,3.3025025251660054
81.66496810874649,21.28210687101782,2026,44.74462226000003,0.18716791,-0.01980164,-0.18806973,43.336304,1.4083185490625283
81.53553266102048,21.282149857904773,2026,49.208556380000005,0.13464542,0.0017864505,-0.16024438,44.67741,4.531146254267583
81.71646740236417,21.282159879430345,2026,45.76661023999998,0.11959095,0.021327654,-0.16148095,46.314312,-0.5477017412011946
81.66122130537745,21.282262970980696,2026,46.05030590000001,0.119254395,0.025775287,-0.1336623,45.55482,0.49548488559571524
81.61958859108721,21.282315657598748,2026,49.51959620000002,0.09551874,0.024683211,-0.12559982,45.233513,4.286083321582048
81.74759830630997,21.28232683911635,2026,45.50171369000003,0.107492946,0.048641235,-0.14262182,47.66332,-2.161604944033172
81.67094335913583,21.28264518722488,2026,43.27829168000005,0.16461807,-0.013508273,-0.17522296,44.151745,-0.8734531625292448
81.65861957798595,21.282645567369663,2026,48.743705660000046,0.11067642,0.05690463,-0.1380582,47.322655,1.4210509358789523
81.76837715766861,21.28273555706233,2026,44.99755574000005,0.11005917,0.031277664,-0.14967082,45.956623,-0.9590673373925256
81.49654461035824,21.28280539484365,2026,49.51788719000001,0.1021167,0.054970723,-0.14338635,47.529213,1.9886742383398541
81.6639493415799,21.28291895300796,2026,43.89011726000001,0.16015796,-0.013959196,-0.15508956,42.52131,1.3688083610742297
81.62510402042979,21.282945172518584,2026,49.08892567999999,0.10742225,0.026958155,-0.13182527,45.72332,3.3656056726757697
81.66364501592454,21.283072468128736,2026,45.42822626000003,0.13189673,0.021505773,-0.14060888,44.961308,0.4669187343652652
81.52066584472803,21.283197946597543,2026,44.871088999999984,0.15530823,0.012064343,-0.17067747,45.207806,-0.3367166335449383
81.60191610219654,21.283226647639243,2026,48.71807051000002,0.097648606,0.011220196,-0.1226573,44.69401,4.024058821767596
81.72776197812738,21.283344640265927,2026,47.896036700000025,0.042127542,0.06533986,-0.0858708,45.741043,2.154993609179712
81.70389743288612,21.283348608817484,2026,44.93603138000003,0.085677706,0.008705817,-0.122826576,44.560375,0.3756561663769844
81.56779783376528,21.28348521558,2026,48.21049454000001,0.10191882,0.049556002,-0.14374353,47.538033,0.6724620082617321
81.53858631238293,21.283728022188647,2026,46.51857464,0.16180371,-0.010093583,-0.17898104,43.748158,2.770417138779294
81.56037622375338,21.28379630128327,2026,48.98125805000001,0.116114385,0.022351077,-0.14540751,45.264378,3.7168804560058675
81.7676832862138,21.283814049323546,2026,44.56175818999998,0.04668857,0.02349219,-0.06419166,47.902035,-3.3402765695215066
81.61869928162473,21.28415555369209,2026,50.36726515999999,0.071839415,0.017480537,-0.09560826,45.33733,5.029935295498035
81.59503058698938,21.28417885319176,2026,48.138716120000026,0.092979565,0.0061709024,-0.11832091,45.253754,2.8849624578906514
81.7096555275521,21.2842378768843,2026,43.66452794000003,0.12767312,0.02720341,-0.15099388,45.83241,-2.167880965029269
81.64131249539369,21.28428238593148,2026,44.62499156000001,0.15496086,-0.04252888,-0.16320767,42.156334,2.4686576366601685
81.5253237038807,21.284341071403748,2026,44.92235930000004,0.205761,-0.041409574,-0.20461051,43.075638,1.8467214826172267
81.56412646167456,21.28470085602223,2026,48.23100266000006,0.09371959,0.02327991,-0.12578495,45.61524,2.6157644703027927
81.52278040482,21.28481655996744,2026,48.61723891999998,0.10642838,0.0499002,-0.14319462,47.137054,1.480184476640602
81.49401764873792,21.284840432923733,2026,48.77446784000006,0.11903771,0.03955662,-0.16243587,47.305267,1.4692005060156816
81.58840838845445,21.28502107969713,2026,47.78666006000003,0.12115965,0.015486882,-0.13955963,44.330658,3.456002101015656
81.69242356502498,21.28506621899505,2026,43.35007010000004,0.071001045,0.010233008,-0.10242587,45.409683,-2.0596131275390235
81.59902368101415,21.285138872108128,2026,49.437563720000014,0.10461218,0.0057624113,-0.12652604,44.48937,4.948195281279311
81.64528536691799,21.285181797107267,2026,43.29025475000003,0.18582022,-0.037112024,-0.18647195,42.48134,0.8089162490234685
81.62915270861804,21.28521808406677,2026,48.62407496000003,0.07795263,0.018573908,-0.09654262,46.4781,2.145975137001983
81.69613547500035,21.28529826103711,2026,44.146468760000005,0.14183246,0.008750369,-0.15606008,44.333286,-0.18681752540038588
81.57792434523898,21.28531530715112,2026,46.04688787999999,0.104725994,0.042195838,-0.12085303,46.473007,-0.4261193221484447
81.72442113847563,21.28535142362273,2026,47.86185650000005,0.0656175,0.0038572634,-0.09519113,44.87655,2.985307732910208
81.5730926434499,21.28557686923665,2026,47.98148720000006,0.12321002,-0.0022293946,-0.14699163,44.330162,3.6513251516602168
81.70623161510123,21.2856346490002,2026,44.97704762000001,0.17608334,-0.017780004,-0.18733567,43.106274,1.8707739688769607
81.56341031000589,21.285662682121,2026,48.95904092000001,0.05347115,0.057751898,-0.08611689,46.51525,2.443789760332038
81.49772536610016,21.285745191856243,2026,50.816734790000055,0.10794157,0.05565596,-0.15075764,48.413395,2.4033398620215394
81.75209434462289,21.28578937650995,2026,47.85502045999999,0.1268231,0.042771988,-0.17269875,48.095722,-0.24070173848633658
81.61890180145133,21.28603990948464,2026,50.84920598000002,0.060693525,0.019687407,-0.08135439,47.2309,3.6183061692090064
81.59385526484337,21.286059517625446,2026,48.77446784000006,0.09922022,0.027526677,-0.12643678,46.29795,2.4765170953711504
81.66618721812816,21.28607428584861,2026,48.630911000000026,0.116743654,0.05385336,-0.1453213,47.1348,1.4961110427246354
81.75072820035697,21.286239355667647,2026,46.69802069000002,0.1065448,0.02479752,-0.15034765,46.451153,0.24686788848634933
81.5398266226823,21.286265168868457,2026,41.65131416000003,0.14095631,-0.057569128,-0.12321474,42.495342,-0.8440280946386451
81.61165389421733,21.28644502369057,2026,48.82573814,0.090043865,-0.003963717,-0.11016521,44.671005,4.154732890976561
81.75721316682441,21.28655767104455,2026,47.80375016000005,0.10566487,0.061376132,-0.14553104,48.86923,-1.0654782030370598
81.50137408515552,21.286587894523976,2026,49.42389164000002,0.10584324,0.020798668,-0.15680048,46.55134,2.872553444199241
81.56303930303207,21.286801404273444,2026,48.48222713000001,0.056905642,0.052517205,-0.077296875,47.459686,1.0225408507031375
81.67863096426991,21.286851246763327,2026,44.15672282000003,0.1456539,0.005107625,-0.15165336,44.270523,-0.11380025128903526
81.61606933772691,21.28688585118489,2026,51.53964602000002,0.07781573,0.020933015,-0.09512062,46.07696,5.462684502666036
81.67597532987516,21.286954111599044,2026,49.16754014000003,0.10649274,0.052056696,-0.14427254,46.481537,2.6860032747656533
81.50340535706542,21.286963566010705,2026,45.77857331000001,0.28308895,-0.14701661,-0.27563515,37.71475,8.063824927431654
81.58094483359767,21.28704864361092,2026,48.26176484000001,0.10023502,0.034657404,-0.12638244,46.172844,2.0889209068945434
81.5147672677042,21.28708658613468,2026,47.36624360000002,0.10979883,0.027159471,-0.14051057,46.178593,1.1876509181152528
81.5345459723801,21.287106453308773,2026,48.83599220000002,0.110734634,0.031978793,-0.13588218,46.228252,2.607739789111349
81.5902405625081,21.287174773910703,2026,48.159224240000015,0.10500483,0.008736652,-0.13083373,44.63686,3.5223643462011864
81.71970657570489,21.287453377762866,2026,46.50319354999999,0.13218467,0.017447624,-0.1540014,45.3337,1.1694952772949136
81.59286441668633,21.287459313995083,2026,48.95562289999998,0.09346555,0.021683715,-0.12729353,45.63398,3.321643102636699
81.51933597482078,21.287553572193744,2026,49.63580888000001,0.11646852,0.058193523,-0.15926236,48.716732,0.9190768548535289
81.66888149452835,21.28759839158448,2026,44.91210524000002,0.1856184,-0.052033994,-0.18176839,42.92255,1.989555038584001
81.56073981087349,21.28762082660421,2026,48.82402912999999,0.09505547,0.018067135,-0.1279314,44.790363,4.033665818232414
81.71250846069654,21.28766714054586,2026,43.616675660000055,0.10192956,0.0032765612,-0.13080603,44.048363,-0.4316870719335384
81.76735147933088,21.28789965868183,2026,45.482914580000056,0.10082801,0.022491764,-0.13493402,45.299973,0.18294204582036855
81.73788820466936,21.28804292933958,2026,47.44827608000003,0.10027259,0.05736543,-0.13922264,47.085255,0.3630214108105747
81.58965751049827,21.28817227784756,2026,48.945368840000015,0.11019888,0.015967218,-0.13300252,45.306763,3.6386061446875146
81.60153174285212,21.288192582945737,2026,50.67488695999998,0.10487496,0.039048087,-0.1362754,46.406017,4.268869656533184
81.69995555741366,21.288259184032583,2026,42.87154730000003,0.15686946,-0.043696154,-0.17135373,42.500595,0.37095220722659406
81.70318727449839,21.28831031011518,2026,44.84374484,0.19696364,-0.0332654,-0.20877348,43.276047,1.5676980870703119
81.54938964671717,21.28832404722073,2026,47.4004238,0.15404952,0.0028861142,-0.17709434,44.135708,3.2647159447753893
81.68760212478605,21.288373055711585,2026,42.14009102,0.1937181,-0.06422148,-0.19079752,41.74761,0.3924828351855467
81.7471647270611,21.288374936844168,2026,49.78107473,0.11886772,0.03699004,-0.1488476,46.32807,3.453003135761719
81.55543173152114,21.28844952642495,2026,46.45021424000004,0.14218724,0.008259265,-0.1683566,44.8686,1.5816153020117554
81.73468884909495,21.288572922299423,2026,46.617697220000025,0.20849074,-0.04856206,-0.20469017,42.88207,3.735628585966822
81.62154802224175,21.2885737745844,2026,50.056225340000026,0.052777667,0.016010674,-0.080366224,46.740414,3.3158116742285415
81.68872746480864,21.28860995760958,2026,42.61861382000001,0.14003111,0.00069920294,-0.15202321,44.23915,-1.6205371809765552
81.6484800279607,21.28862457322512,2026,46.79543425999998,0.106901735,0.02857429,-0.13312826,45.72829,1.067143702138651
81.70882241271283,21.28872106425152,2026,46.52541068000005,0.10793429,0.011322167,-0.14132431,45.235077,1.290333775703175
81.72149042236288,21.28886194074232,2026,44.79247454000006,0.18607011,-0.051902633,-0.19486342,42.030163,2.7623117287207606
81.57420819681695,21.288926235807207,2026,48.06351968000001,0.08927294,0.01795716,-0.120232336,45.036015,3.0275051231152474
81.52243445507077,21.288946508353465,2026,49.64264492000001,0.110586524,0.04347826,-0.15152885,47.153233,2.4894123455371187
81.7553381437505,21.288964942565386,2026,49.24957261999998,0.10456983,0.039757382,-0.14096703,46.55109,2.698482379521465
81.54635070187173,21.28905753467109,2026,49.381166389999976,0.12587583,0.041701727,-0.16719107,47.64571,1.7354563985448976
81.61433724118547,21.28905942290215,2026,51.60458840000001,0.05880239,0.026153782,-0.06859501,46.447086,5.157502065771496
81.6537411767934,21.28909133919557,2026,44.19090302000001,0.117168054,0.019333333,-0.12213934,45.988083,-1.79717986574218
81.68732830174794,21.28910206091753,2026,44.26951747999999,0.1348844,0.014494592,-0.15948951,45.310375,-1.0408577336230564
81.64132247942722,21.2891959641438,2026,45.56152903999998,0.09288008,0.0074099484,-0.11408879,45.7042,-0.1426717046289241
81.55803802422744,21.289239590887103,2026,48.56596862000004,0.09755393,0.049214765,-0.1306727,47.565403,1.0005656353809016
81.61410819827634,21.28927647422116,2026,51.074795300000005,0.046104927,0.028344067,-0.06372087,46.718933,4.355862194531255
81.64573893178738,21.28927597135052,2026,46.16310056000003,0.13979529,0.009331103,-0.15609936,44.79411,1.3689912155176103
81.62632756912674,21.28928789200428,2026,51.009852920000014,0.08969123,0.0009361543,-0.10852584,44.737915,6.271937880937514
81.49602321473765,21.289375066816344,2026,50.60994458000005,0.118970826,0.035234634,-0.16079237,47.88889,2.721055267255906
81.58732786643203,21.289465385005578,2026,47.745643820000055,0.1259624,0.014840651,-0.14698623,44.55947,3.186172689628961
81.62934360202588,21.289545500518155,2026,50.06306138000002,0.086414464,0.057459865,-0.11436004,46.821384,3.2416769500683813
81.7071057093754,21.289706816371183,2026,46.71340178000003,0.106437795,0.014085381,-0.13712159,44.58406,2.129341111054714
81.5663650326586,21.289789470487328,2026,45.29663248999998,0.0759286,0.026848482,-0.10302715,44.9219,0.37473078711911967
81.71021466960549,21.290009739790644,2026,45.79737241999999,0.12533389,0.0004682671,-0.15102276,44.460514,1.3368583513964722
81.65952852393127,21.29027580961236,2026,42.68013818000003,0.1629682,-0.015145791,-0.17158826,43.741253,-1.0611147191698933
81.53461743576709,21.290318821433765,2026,44.748040280000055,0.14135328,0.01553009,-0.17189713,45.60382,-0.8557805207811953
81.69769485122288,21.290327323462336,2026,43.09371859999999,0.088649996,0.00085793954,-0.112172216,44.02468,-0.9309624913086054
81.7083203014851,21.290379749110464,2026,46.54591879999998,0.12959015,0.011828713,-0.15741238,45.292267,1.2536519542968563
81.64797448365702,21.290552714490744,2026,49.27862578999998,0.108851574,0.0665031,-0.16241492,48.891045,0.3875811733007595
81.56305775501355,21.29060627307291,2026,43.51413506000006,0.13892427,-0.012233867,-0.15088856,43.525948,-0.01181251080072343
81.76029340287408,21.290652792289784,2026,49.07354458999998,0.09794736,0.058138844,-0.14016469,49.23469,-0.16114702987306373
81.73400036373344,21.290701530575483,2026,47.99515928000005,0.089567184,0.019785793,-0.120998204,45.805584,2.1895753261426307
81.58572862231897,21.29074754702898,2026,42.89205542000002,0.2419909,-0.10631938,-0.22801058,40.181946,2.7101096192187697
81.55481159084101,21.29090216314804,2026,47.11160111000004,0.099557735,0.05318558,-0.13466397,47.33427,-0.22266936729488407
81.5894667752319,21.290992754261897,2026,47.77982401999998,0.085866034,0.028927665,-0.11879608,46.29499,1.484833480449197
81.5286396458595,21.291008992631102,2026,43.603003580000006,0.20864393,-0.03756345,-0.2264446,41.801468,1.801535684492194
81.65198532188872,21.29101635081024,2026,46.04859689,0.14452682,-0.016596045,-0.15701483,43.18362,2.8649764371191395
81.7387039439726,21.2910493428658,2026,49.23760955,0.07704678,0.073658004,-0.1310042,45.659374,3.578235312939455
81.58813603674125,21.291376958761383,2026,44.83690880000006,0.14482208,-0.018932384,-0.15446958,43.434338,1.4025711840332633
81.61777479670481,21.29146771131536,2026,49.83918107,0.042753372,-0.0031142947,-0.067351505,46.42596,3.413220529228518
81.50966657971547,21.29149077700048,2026,48.75395972000001,0.12762783,0.033422623,-0.16691166,47.643692,1.1102677033984492
81.53320108039352,21.291679350812704,2026,43.52438912000002,0.17648894,-0.021316912,-0.18661793,43.411972,0.11241707410158597
81.72074856307185,21.29169662462237,2026,46.70656574000003,0.13523649,0.03191523,-0.16533323,46.310036,0.3965300344336242
81.71989747090927,21.29173280489414,2026,48.24125672000002,0.115059845,0.051127043,-0.14821465,47.017128,1.2241287292773606
81.66639891625657,21.291740427195545,2026,46.04005184000005,0.11287214,0.020657418,-0.12843677,45.371124,0.6689275724219215
81.59722321636626,21.291792391930382,2026,49.32306004999998,0.07959002,0.02826159,-0.099192515,46.957882,2.3651781225097466
81.70440576451742,21.29189368907977,2026,45.73243004000005,0.106263936,0.044775076,-0.1234817,46.31776,-0.5853304275292501
81.66129197563882,21.291974781723667,2026,41.62396999999999,0.15908578,-0.016606042,-0.14412852,41.71207,-0.08810046508789782
81.54002031998284,21.29204426606523,2026,44.01658400000002,0.14241442,-0.068511195,-0.1521523,41.958138,2.0584464877929918
81.74932771402102,21.292062315939187,2026,44.13279668000001,0.21563682,-0.06696182,-0.21907312,43.00181,1.1309885134961064
81.73100692547501,21.29213217027579,2026,46.42628810000002,0.17446905,-0.0028345035,-0.18732361,44.39107,2.035216780419944
81.53493196562933,21.292264771474866,2026,40.13713130000002,0.22505084,-0.071299195,-0.22422099,42.466934,-2.329802904101541
81.55628641918055,21.29245457736525,2026,48.09086384,0.11310614,0.022848254,-0.13831843,45.271942,2.8189217013281223
81.71633632546737,21.29246878483428,2026,46.59377108000001,0.11021862,-0.004233005,-0.14126727,44.76293,1.8308392562695417
81.63938043698964,21.29248751298721,2026,46.89626585000002,0.06893541,0.017301654,-0.09172694,45.38675,1.5095165824218952
81.62894700326042,21.29250557420434,2026,49.304260940000006,0.089369014,0.013598133,-0.11045299,45.11598,4.188282699033209
81.54888473655821,21.29258650688809,2026,48.99322112000005,0.12513778,0.041683596,-0.17208761,48.11482,0.878402547002004
81.506747927274,21.29272738585922,2026,45.26416130000001,0.16269407,-0.001268664,-0.1862643,44.7846,0.4795619958007933
81.51663788067106,21.29275820167428,2026,50.03229920000001,0.10889418,0.05712701,-0.14746287,47.523716,2.5085832270996207
81.62523507104943,21.29276240378768,2026,48.829156160000025,0.11377093,0.0077618686,-0.125,44.417953,4.4112026687890875
81.55142350565977,21.293217999837253,2026,48.65825516000001,0.104439996,0.01745825,-0.13655867,45.295303,3.3629518152734477
81.51619857405267,21.29327509472384,2026,49.95368474000003,0.12505785,0.029092807,-0.1689599,47.031807,2.921877794199247
81.56877633954693,21.29349776277469,2026,48.54375148999998,0.10238125,0.048329648,-0.14713992,48.4092,0.1345527290136488
81.60305040694821,21.29387582575545,2026,51.02523401000002,0.053347237,-0.00043576438,-0.07670006,46.275257,4.7499768994043166
81.64542227421806,21.29400935244264,2026,45.409427150000056,0.08263313,0.01663119,-0.10781408,45.657402,-0.24797488857416283
81.65276746597925,21.29406428514681,2026,46.58009900000002,0.14360441,-0.008905073,-0.15407456,44.123432,2.4566668405761902
81.74944486301833,21.29408664911404,2026,46.583517020000045,0.21031253,-0.03879523,-0.20807183,42.634716,3.948800986064498
81.65370851068175,21.29408762893213,2026,48.357469400000014,0.10395112,0.011525275,-0.12311964,44.940643,3.4168260894531386
81.57065878065194,21.294162706909763,2026,49.96222979000004,0.09421511,0.044155527,-0.13712472,47.583416,2.3788138048926157
81.5499548504712,21.294241689259422,2026,49.09576172000004,0.10160717,0.04204532,-0.13405055,46.711464,2.384297791777385
81.7111352507917,21.294322592984525,2026,47.152617350000014,0.10586549,0.034017973,-0.14244506,47.12662,0.02599610366212346
81.49920897560189,21.29436537144176,2026,48.31645316000004,0.08805338,0.047042053,-0.117986456,45.831387,2.485066593837928
81.61530115807449,21.2944881855072,2026,49.688788190000025,0.06762936,-0.0074948897,-0.08541685,45.613914,4.0748737002539315
81.64274737250344,21.29458834497224,2026,46.32203849000001,0.07012057,0.0108899195,-0.09273133,45.93377,0.38826926392579253
81.5904093279505,21.29462699337401,2026,47.76273392000002,0.09645684,0.021502795,-0.12030784,45.29637,2.466362460039079
81.62905811270755,21.294633975233587,2026,50.462969720000046,0.07980221,0.02022503,-0.098819435,46.28494,4.178030907744187
81.49692315809703,21.29467931261855,2026,46.04005184000005,0.124543265,0.014477942,-0.14888209,44.614357,1.4256948453711402
81.58261364521496,21.2946829710319,2026,48.972713,0.117149256,0.03174029,-0.14933823,45.848766,3.123946673095702
81.5406357343565,21.294771680401062,2026,38.7015629,0.26745948,-0.12931092,-0.25153327,39.00172,-0.3001575284667979
81.60119812373003,21.294836231331384,2026,51.42685136,0.07754503,0.023431776,-0.11407909,45.74079,5.686060039199219
81.56203848384996,21.29485847545009,2026,43.28854574000002,0.14345363,0.002114715,-0.16823462,44.028385,-0.7398394223534979
81.65953893929462,21.29489058422152,2026,35.80479094999998,0.33668938,-0.16450779,-0.2950808,37.43087,-1.6260791061523605
81.6422050466133,21.295107076836583,2026,46.35621868999999,0.07871425,0.013548881,-0.10000198,46.551357,-0.19513857928711786
81.70348745775807,21.295111394531403,2026,47.12014615999999,0.08073148,0.0155044105,-0.11332333,45.12777,1.9923766897851465
81.68159158774914,21.295201080199444,2026,44.71386008000002,0.09068417,0.0408514,-0.12588836,47.232407,-2.51854653621092
81.61772344972266,21.2952314186892,2026,50.842369940000026,0.036392268,0.0070820935,-0.066720694,48.698967,2.143402960019557
81.63511147270222,21.295252833510474,2026,49.44439976000001,0.07154998,0.00090559205,-0.090167984,46.192253,3.2521466472070415
81.59767206754888,21.29526734869952,2026,50.18952811999998,0.06733019,0.020454368,-0.09435032,45.10794,5.081587446171852
81.51391660544816,21.295295971880176,2026,49.04449141999999,0.11065202,0.056817483,-0.15216002,47.69995,1.3445402481249928
81.52546903498484,21.29535742716253,2026,44.17039490000002,0.19988385,-0.027571416,-0.22441572,45.05101,-0.8806152318359182
81.69012139759609,21.295389470153275,2026,49.01714726,0.094127804,0.08078778,-0.13164996,48.34701,0.6701356938378922
81.53645071915611,21.29551161138989,2026,44.33445986000004,0.19057384,-0.025695069,-0.20369563,44.16138,0.1730790921777725
81.5359989639925,21.29557638661569,2026,43.98923983999998,0.19362237,-0.03950038,-0.20299372,43.331055,0.658185152499982
81.61554283320925,21.29557607711248,2026,50.06989742000002,0.049225286,0.010773076,-0.059051484,47.077362,2.992535359453143
81.6467553769115,21.295609358146603,2026,45.308595560000015,0.071223795,0.023337124,-0.10102556,45.34459,-0.03599367339842274
81.61004528934741,21.2956640832666,2026,50.83553390000003,0.09390743,0.001454231,-0.1115924,44.598755,6.23677901718753
81.5851108136066,21.295697261308696,2026,45.79053638000005,0.17823303,-0.035833552,-0.16895325,42.427567,3.362969851679736
81.59722553092755,21.29581741908384,2026,49.18121222000002,0.07710975,0.018509693,-0.10196045,45.79616,3.3850505683886922
81.70676340960743,21.295925571620973,2026,49.90241444000003,0.09372921,0.06545803,-0.13733344,49.66564,0.23677265533206082
81.763344104587,21.29602306368911,2026,50.80477172000002,0.08073064,0.070295,-0.12164512,46.938274,3.8664973364550974
81.564309641139,21.296131675672964,2026,48.35063336000002,0.104752705,0.01834436,-0.12646697,45.255547,3.095086790175799
81.50104209558123,21.29615981484212,2026,46.51515662000003,0.15834305,0.0010986596,-0.17942256,45.735172,0.7799843482715119
81.65733252309917,21.296258837188816,2026,39.61417424000001,0.36483386,-0.14971845,-0.33282134,37.658703,1.9554713896582143
81.58903224224244,21.29637453699488,2026,43.81833884000002,0.23987487,-0.10762216,-0.22390607,40.10869,3.7096504855078294
81.66495623964208,21.29646481743677,2026,43.18258712,0.1465783,0.024516452,-0.15102006,44.43542,-1.2528338699902335
81.66958617556824,21.29652709028626,2026,41.788034960000005,0.14865303,0.0061496478,-0.1516635,44.43345,-2.6454138315039017
81.5149292257879,21.29657743660995,2026,49.89216038000001,0.117909074,0.045241613,-0.15617147,47.85277,2.039388620966804
81.5532698804938,21.29659548149054,2026,46.49977553000002,0.13464007,0.011154527,-0.15913717,45.154354,1.3454214345410378
81.52249303818438,21.296685428175543,2026,47.027859620000015,0.14939025,0.013206425,-0.19286638,47.077507,-0.049647399042953566
81.57303527389604,21.29685547129568,2026,47.64652124000003,0.11039124,0.012179223,-0.13284677,44.994625,2.6518961484472925
81.60477904336007,21.297193102939627,2026,51.80966960000001,0.100085735,0.0038816703,-0.108993314,44.222378,7.587291822900397
81.63988234274697,21.2972694182101,2026,49.86823423999999,0.10286389,0.008968774,-0.12136526,45.10826,4.759973131601555
81.61713474507549,21.297289667823232,2026,51.009852920000014,0.05000938,0.017859494,-0.06398555,47.308918,3.7009349207324362
81.58118210954635,21.29762727155797,2026,48.71123447000002,0.13011877,0.024999587,-0.15866262,45.746994,2.9642404514453347
81.56455883004756,21.29783848613226,2026,47.47049321000003,0.106180854,0.022219919,-0.13787626,45.28409,2.186405075234404
81.50849106996867,21.29788065986349,2026,47.33206340000004,0.12406165,0.038346983,-0.16312057,47.360527,-0.02846363857418055
81.62426368985787,21.29794732128182,2026,50.975672720000034,0.11260131,0.0058449437,-0.1300351,44.668583,6.3070898037402685
81.64235832947013,21.29809633503073,2026,49.11626984000003,0.099926405,0.0010397326,-0.11243436,44.793606,4.32266403555667
81.60782303034124,21.298282786661016,2026,52.51719974000002,0.044495665,0.0030798886,-0.07188394,44.9581,7.559100374765642
81.60915954244204,21.298279807994145,2026,51.67465780999999,0.05493585,-0.0021150503,-0.07818133,46.558594,5.116064059999992
81.65498096938683,21.29839555053581,2026,46.38527185999999,0.10389388,0.038858462,-0.120336995,46.622005,-0.23673360264649546
81.71074721789356,21.298514397031013,2026,46.64845939999998,0.11722074,0.049934223,-0.162087,47.444958,-0.7964983331543181
81.6339849667547,21.29860061467957,2026,51.29354857999999,0.08530523,0.01689542,-0.10705448,45.46505,5.828498836347649
81.51675295749385,21.29877575494656,2026,50.60652656000002,0.11381088,0.052095477,-0.15758711,47.670483,2.9360439245019734
81.58276819304862,21.29880962644833,2026,51.23544224,0.07873223,0.044005852,-0.09451232,47.45347,3.7819739172460913
81.57804022133374,21.29905404202521,2026,50.52278507000005,0.08036665,0.02242627,-0.10751514,45.59491,4.927875402031297
81.61532616093437,21.29938430631156,2026,51.25936838000001,0.06582044,-0.00051292166,-0.08349,46.947002,4.31236596911134
81.62721817752225,21.299436503085467,2026,48.64458308000002,0.0661793,0.020951843,-0.09452147,44.85544,3.789144847578143
81.51038491180651,21.29948449904296,2026,48.79155794000002,0.11011688,0.057312835,-0.15945809,46.98564,1.8059164605078308
81.56381579048988,21.29959331343183,2026,47.26712101999999,0.047112264,0.06550067,-0.0866908,46.57421,0.6929098993945217
81.70473736110428,21.29960649826344,2026,48.72832457000004,0.08872164,0.06851705,-0.12732019,47.14671,1.5816151278613688
81.50305235092233,21.29961358485872,2026,43.22018534000006,0.21419819,-0.08562429,-0.21559457,42.536156,0.6840296393164635
81.56221727639878,21.300183902295448,2026,47.39700578000003,0.12660877,0.030199887,-0.15206534,45.521465,1.8755404784863572
81.4964297291136,21.300211504970047,2026,51.02352500000001,0.106363505,0.061979648,-0.15481263,48.565933,2.457591772460944
81.55239758535724,21.300231299710315,2026,43.04415731000006,0.20649217,-0.064976774,-0.21375903,42.745975,0.298181815615294
81.68033678796738,21.300276331008,2026,40.36784765000005,0.3039154,-0.11080184,-0.28625062,39.9414,0.4264490293945826
81.51661805707458,21.30034633718711,2026,50.97225470000001,0.09164681,0.06741716,-0.13389784,49.43278,1.5394734805175858
81.6363001993588,21.30034739757325,2026,49.93659464000001,0.061680894,0.0093863355,-0.08556676,46.59887,3.337725316269541
81.53260901398467,21.30048493396925,2026,48.42241178,0.12907189,0.034754932,-0.16440144,46.758858,1.663554052949216
81.5864096919603,21.300731234067005,2026,49.041073400000016,0.08120357,0.013629403,-0.10262775,45.703423,3.3376508536132974
81.70736620175325,21.30075286781109,2026,50.370683180000015,0.08760858,0.06560357,-0.12214179,48.038414,2.332269178535171
81.5855398378545,21.300759025017943,2026,49.56744848000005,0.08019555,0.0022578728,-0.10246422,44.85272,4.714730126728568
81.64913682830213,21.300957017130223,2026,48.1352981,0.11266185,-0.0061278087,-0.12781094,44.754288,3.3810103802734375
81.53355814058511,21.30103259925865,2026,46.20753481999998,0.14567828,0.02498981,-0.17823583,46.180424,0.0271110834277124
81.72854193523057,21.301042630302742,2026,47.48416529000002,0.10229738,0.01422744,-0.13251543,44.909546,2.5746193915625213
81.57842529070396,21.301081994926182,2026,50.315994860000046,0.08968435,0.03683131,-0.11599537,46.599415,3.716580034560593
81.73450685312073,21.30112020312901,2026,50.26643357,0.11645629,0.06338098,-0.1638088,48.341896,1.9245375128710904
81.57029619131845,21.301134014041025,2026,47.28762914000004,0.09505488,0.018406244,-0.12559843,44.77735,2.5102777606055113
81.69444649099712,21.30113701648544,2026,46.79201624000001,0.11517861,0.038394444,-0.14060499,46.769077,0.02293893897461885
81.49649638512413,21.301165846936588,2026,50.08698751999998,0.09167553,0.074739285,-0.13191053,48.85727,1.2297182328906047
81.67428512433516,21.30122736974768,2026,44.08836242000001,0.15122783,0.006798816,-0.1538189,43.35201,0.7363536004199318
81.71603738406034,21.301234103114805,2026,47.81058619999999,0.12346793,0.017071808,-0.15196608,45.145508,2.665078387499989
81.67547548899587,21.3013062558,2026,42.57588857000002,0.17089595,-0.023913825,-0.16701452,43.093155,-0.5172663372265447
81.6136518549353,21.301307310268538,2026,51.07137727999998,0.051245254,0.0294677,-0.066826396,46.15768,4.913696768525369
81.7515989446115,21.301517339684622,2026,51.90195614000004,0.09592838,0.073198564,-0.13497998,48.744812,3.1571441282812884
81.68350966054,21.30166724775332,2026,43.36203317000002,0.22975396,-0.07274035,-0.23048213,42.401142,0.9608910496386898
81.61025797032502,21.30193578442876,2026,49.304260940000006,0.08364115,7.8354555e-05,-0.101054765,45.66463,3.639630050107428
81.7512284039276,21.30195195047354,2026,52.44029429,0.094806775,0.080873504,-0.13707747,49.192776,3.2475185636816377
81.57770526755893,21.301981204718693,2026,49.22222846,0.088046454,0.027522936,-0.118087076,46.48892,2.7333101555566373
81.6626616081113,21.30205268749033,2026,43.9994939,0.13903482,0.015569567,-0.1409762,43.749493,0.2500012547363255
81.64501429443295,21.302064902923927,2026,47.52518153000005,0.13616759,-0.0057172948,-0.13522694,44.378773,3.146408794404344
81.69113398805953,21.30206682077798,2026,48.357469400000014,0.12265097,0.04140063,-0.14415209,45.86085,2.4966181121582167
81.75161029151607,21.3020801467826,2026,52.31211854000003,0.096795194,0.07659043,-0.13842689,48.198864,4.113254556845732
81.55935087780287,21.30219719186346,2026,48.96245894000003,0.103539445,0.054795396,-0.14438523,48.40453,0.5579293684668301
81.55802503172222,21.3022420972343,2026,47.80887719000003,0.092445575,0.021303322,-0.1195992,45.958466,1.8504116138281574
81.64985185922768,21.302327618730963,2026,47.05178576000003,0.08493825,3.6599202e-05,-0.105661444,44.842987,2.2087986994531548
81.53161998579813,21.30233854403724,2026,47.92338086000001,0.112934574,0.055755727,-0.1571621,47.712864,0.21051693788086823
81.51580182179222,21.302399485347177,2026,48.627492980000056,0.08098685,0.049580168,-0.12454169,46.804375,1.8231182851758376
81.59506863699036,21.302644599599017,2026,47.718299660000014,0.054531578,0.020279374,-0.0886814,45.662766,2.0555341570703263
81.67697075473065,21.30286426973651,2026,46.60744316,0.13153946,0.040717553,-0.14684623,46.27758,0.3298628987695338
81.685668195787,21.3031015832312,2026,48.051556610000034,0.10660786,0.057051342,-0.13694675,47.10151,0.950047515761753
81.70293499592101,21.303540997971908,2026,47.62943114000001,0.111154854,0.04278229,-0.13574633,46.725452,0.9039787169043052
81.55635203682252,21.3035395257826,2026,46.51515662000003,0.088016845,0.011392691,-0.11894637,44.4162,2.0989578895312775
81.6307571809852,21.30377322155213,2026,47.30130122000003,0.06952639,0.008207024,-0.09141207,45.210854,2.0904476433398713
81.54498704047133,21.303828411141588,2026,44.618155520000016,0.15172666,0.038712498,-0.19369891,47.33744,-2.71928497072264
81.66245564133412,21.30384995152427,2026,43.74485141000002,0.14257936,0.011935006,-0.1464806,43.581757,0.16309481820314176
81.52725615421372,21.30395008737017,2026,46.34767364000004,0.14238337,0.025860174,-0.17721663,46.044884,0.30278991197269534
81.75518012734467,21.30397264280519,2026,50.33650297999998,0.16828322,-0.0049476046,-0.1906357,44.69216,5.644341419941384
81.58623422846033,21.304072907375904,2026,50.81844380000001,0.102261394,0.05606503,-0.13118042,47.291447,3.5269971142089958
81.55433474460679,21.30408547413121,2026,44.98388366000006,0.13426124,0.017694658,-0.15920438,45.08378,-0.0998947213475958
81.67830003682903,21.304097764629617,2026,46.190444720000016,0.14498127,0.009411311,-0.15226388,44.297386,1.8930585505664226
81.57628343625379,21.30418281637567,2026,49.74176750000004,0.06586315,0.01574772,-0.07858656,46.864918,2.876849744873084
81.58038243483989,21.30424374103073,2026,48.36943246999999,0.08466494,0.036256526,-0.1110397,46.48228,1.8871517387988206
81.67597486619503,21.304284431025444,2026,47.171416460000046,0.13789482,0.035155915,-0.14448214,45.482395,1.6890212878809052
81.555653194289,21.30430782302568,2026,46.83986851999998,0.15251622,0.007906452,-0.16980688,46.25567,0.584199879863263
81.75405432353422,21.304372481640527,2026,51.34481888000005,0.11009305,0.044711348,-0.15522212,47.520576,3.8242424029492668
81.56118389686033,21.304415728807285,2026,49.54010432000001,0.101604275,0.02339914,-0.13659652,45.666336,3.8737682604296992
81.62609589643532,21.304511641915504,2026,46.54933682000001,0.052835245,0.019780371,-0.08747118,45.79471,0.7546285680468827
81.72819130164459,21.304551118221102,2026,49.32647807000001,0.1304808,0.043614496,-0.16314013,47.730724,1.5957537352832105
81.65237112366992,21.30456188825293,2026,46.00928966000004,0.14082313,-0.01084288,-0.15603736,44.02298,1.986309923671918
81.62958761037066,21.30460186540506,2026,46.10841224000001,0.06289258,0.018358056,-0.08859935,46.742756,-0.6343436498925712
81.49847793814924,21.30479724250661,2026,47.77982401999998,0.08294523,0.05130492,-0.123117834,46.55353,1.2262923732714626
81.6418507936547,21.30482881539602,2026,51.01497995,0.07679004,0.031085134,-0.08991546,48.005188,3.009791961718747
81.59594074876968,21.304837866152724,2026,47.41751390000002,0.10309074,-0.004215153,-0.12809098,44.969,2.448512129980486
81.71290909259072,21.30501486074093,2026,47.54739866,0.087461725,0.05648904,-0.12898284,47.260437,0.2869616482812489
81.64971602354635,21.30503273970881,2026,45.71021291,0.07004928,0.016011285,-0.09555315,45.211384,0.4988290904199246
81.55438091016346,21.30513223689712,2026,46.306657400000006,0.18871935,-0.041711017,-0.19996935,43.001892,3.304765310156256
81.52325262639306,21.305147211882936,2026,47.14065428000004,0.10178435,0.040917218,-0.1271169,47.130257,0.01039762716801107
81.73141450119877,21.30548750673243,2026,49.51959620000002,0.0983524,0.07442466,-0.14436626,49.82807,-0.30847539423826476
81.73226468256205,21.30567764573359,2026,47.217559730000005,0.11301881,0.030613227,-0.14571245,45.764347,1.4532126535839893
81.70199051030006,21.305600321862368,2026,46.985134370000026,0.10902941,0.053498745,-0.1387599,46.78415,0.20098520007815068
81.73373005153306,21.30592496469944,2026,47.84647541000004,0.11626112,0.05988515,-0.15055881,48.045048,-0.1985723500097265
81.67782676754814,21.30595616897217,2026,46.30494839000005,0.12711239,0.0013696498,-0.15194169,44.27525,2.0296989087988777
81.65923307031589,21.305965907887767,2026,45.31714061000002,0.13604864,0.0040886593,-0.15093546,44.497864,0.8192768404687669
81.65842138062871,21.30600868713832,2026,45.18725585000004,0.1574744,0.014396456,-0.17615308,44.230705,0.9565505887695736
81.57334417336612,21.30607778289741,2026,50.84578796000005,0.0972383,0.03511961,-0.10583334,46.603645,4.242142635293021
81.71244840678794,21.306500365889224,2026,49.22222846,0.10897342,0.043268926,-0.14643589,46.828407,2.3938211724023404
81.57335222867958,21.30670748104895,2026,50.893640240000025,0.06471156,-0.0009905894,-0.07400027,46.3102,4.583440502451197
81.49909601606255,21.306783509201296,2026,48.630911000000026,0.115662284,0.036616575,-0.1516768,46.609486,2.021425373779323
81.65597091980504,21.306796782313608,2026,45.86744183000002,0.09409955,0.022896102,-0.12098689,45.286194,0.5812479823437684
81.62742768958363,21.306826761805134,2026,46.52541068000005,0.06432377,0.020273732,-0.09108693,45.123978,1.4014330188672375
81.53394388637305,21.30682754039553,2026,44.74120424,0.11472742,0.010319917,-0.1428912,44.826794,-0.08558943065429503
81.60473659075836,21.30685568506252,2026,48.77446784000006,0.070334144,0.009651582,-0.09118588,45.58893,3.1855396173438066
81.75539292611262,21.306991335086835,2026,40.71648569000001,0.02209317,-0.022609575,-0.014994233,44.020046,-3.303560544130846
81.63510453267287,21.30705262242312,2026,49.611882740000055,0.075635366,0.017514596,-0.108662404,44.74073,4.871152454355524
81.70905221257016,21.30707101568934,2026,49.170958160000055,0.093105264,0.052291255,-0.121377185,47.46579,1.7051683650781797
81.5382137523332,21.30728628136391,2026,44.895015140000055,0.05944078,0.10093847,-0.10415507,44.565025,0.32998981041021125
81.60391464539438,21.307332086248937,2026,43.616675660000055,0.029355736,-0.040845558,-0.018190602,40.062424,3.554251953945368
81.69178055323013,21.30741447224752,2026,49.82038196000002,0.115855396,0.033751782,-0.1321066,46.375153,3.445229372109395
81.70809939657317,21.3074505629638,2026,47.77298798000004,0.09628561,0.04884408,-0.12066847,47.23698,0.5360075417676171
81.61043808060121,21.30751516737805,2026,51.09017639000001,0.06337304,0.00059225335,-0.086282,46.03752,5.052655027695323
81.53731435153102,21.307583055576085,2026,42.656212040000014,0.13255633,-0.047051217,-0.14952682,42.043564,0.6126481972265765
81.64265779482841,21.307595475872063,2026,49.82038196000002,0.09406934,0.013841707,-0.11284878,44.56044,5.259941896523458
81.61796296723143,21.307755441633173,2026,44.9907197,0.06862609,0.0029750355,-0.07124989,44.90561,0.08511056914062465
81.51601207205515,21.30800534479769,2026,50.107495640000025,0.1062383,0.039535657,-0.14196703,46.29566,3.811837528427759
81.71436649774571,21.308037685985106,2026,50.29548674,0.11370086,0.04220494,-0.14747962,46.7675,3.5279849089453137
81.64407897515562,21.3081000235836,2026,48.18827741000001,0.10259105,0.02755278,-0.13359372,46.308678,1.8795997366601682
81.75643800326634,21.308202593937835,2026,48.97954904000005,0.14094715,0.024868442,-0.17165878,46.330055,2.6494938031836455
81.52384021003536,21.30837264410287,2026,47.77982401999998,0.14776188,0.014832724,-0.16658929,44.86992,2.9099051967577907
81.62299298454694,21.30861811716981,2026,46.21437086000003,0.12081079,-0.02568082,-0.12924616,43.98243,2.2319413556054997
81.5151004244082,21.30873478259277,2026,49.39312946000001,0.10993308,0.043574043,-0.14795661,46.80913,2.5839978376855584
81.50456924669558,21.308773770809943,2026,48.336961280000025,0.14124124,0.012914167,-0.16698153,44.73209,3.604871283662135
81.54132822344043,21.3088010839915,2026,38.82461162000004,0.19764286,-0.036122758,-0.20516522,43.708538,-4.88392643541988
81.57794566821808,21.309058347551808,2026,47.58157886000004,0.094526105,0.011934266,-0.11467653,45.06155,2.5200287196191837
81.73087982342317,21.30910272575342,2026,45.47266051999998,0.12914588,0.024197286,-0.16177931,46.09433,-0.6216693139843983
81.70765418453999,21.30931024262,2026,49.03423736000002,0.11559873,0.06660984,-0.1481856,48.899662,0.13457534217775446
81.7283360253882,21.30936296133462,2026,49.92463157000003,0.10751676,0.057032105,-0.13976751,47.499435,2.4251961451953434
81.54035527301454,21.309463178345087,2026,38.90322608000002,0.21377288,-0.08640064,-0.22841056,42.31985,-3.416624841630842
81.68735356371545,21.3095948548162,2026,46.37330879000001,0.13119918,0.0066419,-0.15258159,45.280052,1.0932566049414163
81.65537495418918,21.309657953650667,2026,46.36305473000005,0.10233226,0.008069252,-0.12839694,44.883736,1.4793190732617703
81.59064772027874,21.309691895848463,2026,49.70075126,0.029663097,0.025743494,-0.048614584,46.77152,2.9292325527246064
81.66309297075333,21.30971901520535,2026,49.454653819999976,0.10914956,0.037575837,-0.13549,46.31821,3.1364432181933353
81.678725930589,21.309728731928608,2026,45.76319222000001,0.14890474,-0.011594634,-0.14704086,43.529957,2.2332354023730545
81.7058886731687,21.309925922114683,2026,49.35211321999998,0.10807937,0.064031474,-0.1486466,49.49405,-0.14193585226564664
81.60357701520533,21.30997753442953,2026,45.37695596000003,0.07719037,0.017381309,-0.10772976,44.944122,0.43283364554690706
81.51523635138939,21.31020912825582,2026,48.36772345999998,0.12269412,0.024871914,-0.16444807,46.91725,1.4504718730859167
81.64940220509206,21.31025650330679,2026,49.00347518000001,0.05797939,0.006476005,-0.08801345,46.82515,2.178325643867197
81.706076300119,21.31036164174438,2026,50.13142177999998,0.115372024,0.06342417,-0.14906855,48.072906,2.0585152858593574
81.54402204311603,21.31043357650205,2026,42.35200826000005,0.17954978,-0.033392385,-0.19334543,43.107918,-0.7559095256444834
81.61220350695667,21.31080440791689,2026,52.05918506,0.072852135,0.047276255,-0.0936142,46.687016,5.372169526552732
81.53005883221097,21.310941526441376,2026,48.55571456000001,0.13256739,0.035378247,-0.16429436,46.685856,1.869858694521497
81.53084172939279,21.31094604845171,2026,45.96143738000001,0.13309513,0.027068486,-0.16876535,46.081074,-0.11963638098632146
81.65956834575606,21.310996885958406,2026,47.64310322000006,0.09243983,0.028814042,-0.121985264,46.96828,0.6748224277637291
81.64836546862088,21.311162726473,2026,48.53007940999999,0.09298847,0.036729246,-0.124961026,46.43992,2.0901608919335857
81.66554608993225,21.31123513291725,2026,49.869943250000006,0.08148206,0.025238913,-0.10814414,46.035625,3.834317792236334
81.69703042553307,21.31144775124061,2026,49.581120560000045,0.10069966,0.05109837,-0.13323729,47.477978,2.103142807314498
81.72904890654982,21.31148185555524,2026,46.858667630000014,0.12141444,0.011967195,-0.15237318,44.69294,2.1657278716992323
81.60962839169675,21.31160994058894,2026,48.19682246000002,0.082091674,0.0076142605,-0.10261661,45.86634,2.33048182279299
81.58204038673583,21.3116251020925,2026,51.92588228,0.06425619,0.034396544,-0.08629874,47.234444,4.691438615449222
81.69739064893824,21.311701092477247,2026,49.94513969000002,0.095395036,0.07303097,-0.13424708,49.728413,0.21672706182619095
81.59118594939758,21.311705571896947,2026,45.64185251000004,0.100376554,-0.018691989,-0.10320549,44.937824,0.7040282607324642
81.57427633487214,21.311748940760065,2026,48.630911000000026,0.10728456,0.025524635,-0.13175717,45.355694,3.275217182861354
81.6902045106788,21.311812241172685,2026,48.59331278000002,0.10056772,0.049038813,-0.14035791,47.81757,0.7757430473340037
81.53215457319959,21.311944968855133,2026,44.92235930000004,0.17094079,0.0012702544,-0.19809708,44.592808,0.32955153022464856
81.528947181254,21.31212932125777,2026,48.015667399999984,0.11016072,0.062722035,-0.1489149,47.8186,0.19706769907224952
81.69313964317287,21.312120242114567,2026,49.41192856999999,0.116302595,0.07050822,-0.14434415,46.958126,2.453802501884759
81.65689156005497,21.31213014587409,2026,46.41432502999999,0.0919416,0.015329721,-0.12211743,45.162285,1.2520401789257747
81.59743164232825,21.312154667751763,2026,45.40600913000003,0.121845774,-0.02409003,-0.12795351,44.14733,1.2586778922070607
81.69858564987047,21.31223313379443,2026,49.658026010000015,0.105912685,0.04994707,-0.13668336,47.491543,2.166483193837905
81.59684198230782,21.312425226755703,2026,46.20411680000001,0.12989567,-0.0116377,-0.1317587,43.97919,2.224925973583993
81.56895138046836,21.312453429639746,2026,50.29890476000003,0.12256563,0.036961965,-0.16517599,47.807774,2.491131169912137
81.52963953381203,21.31249881988193,2026,47.30130122000003,0.111623414,0.05022715,-0.14119938,47.499146,-0.19784428781247243
81.70018577774925,21.312562496720776,2026,51.122647580000034,0.106538065,0.055552065,-0.13877629,46.91215,4.2104962433301125
81.6790324309797,21.312600934664385,2026,45.77173727000002,0.109240994,0.037405875,-0.13077743,46.45239,-0.6806514934277175
81.66045484350653,21.312620176149245,2026,48.150679190000005,0.085818835,0.03415891,-0.11680878,46.670826,1.4798532317480522
81.667234810422,21.31265952284988,2026,46.07765006,0.10104063,0.036266826,-0.1314279,46.483658,-0.4060077769140591
81.74761502570674,21.3127035532063,2026,48.97954904000005,0.09632845,0.06862112,-0.14193135,48.160927,0.8186222211523955
81.73804661414084,21.312700235357298,2026,46.44166919000003,0.092631385,0.025824266,-0.12332615,45.97391,0.46775790459963673
81.69372368108412,21.31290685234631,2026,49.43072768000002,0.113084994,0.047717053,-0.14702517,46.707443,2.7232844426953307
81.6155481563421,21.31301518944634,2026,51.40121621000003,0.062896736,0.042326707,-0.0895357,47.352818,4.048398674599639
81.57115317070169,21.31303045039304,2026,49.16241310999999,0.10684351,0.040370073,-0.14046203,46.68643,2.4759812252343636
81.54025822875113,21.31315633711291,2026,42.75533461999999,0.12130889,0.039056692,-0.14759523,46.10945,-3.3541166739453203
81.51476450561287,21.313158357878123,2026,49.09576172000004,0.12278556,0.0375555,-0.1624893,47.006397,2.0893644726855882
81.50281957719982,21.313160054170407,2026,50.45613367999999,0.08972233,0.069278285,-0.14813575,49.858685,0.5974491402050717
81.73613843441417,21.313238312045275,2026,48.20536751000003,0.14403422,-0.003970768,-0.17269135,44.407665,3.7977022573144836
81.58752791550644,21.313520218407184,2026,44.58055730000001,0.13656044,-0.02575115,-0.16268305,44.31541,0.2651466859863376
81.6115330800058,21.31374025069526,2026,48.065228690000026,0.062039062,0.014184537,-0.083196044,47.98133,0.08389781841799504
81.62825979590767,21.313963481587813,2026,46.55959088000003,0.06517231,0.007507061,-0.089462735,48.02066,-1.4610695203905948
81.50959061445758,21.3140177631712,2026,50.707358150000005,0.10449152,0.071648106,-0.1601203,49.64539,1.061968593115239
81.63058207457397,21.31404793799994,2026,48.186568400000056,0.13238141,-0.009275237,-0.13821204,44.161743,4.024825235937556
81.68294835485038,21.314323199910987,2026,48.44291989999999,0.12790447,0.021563709,-0.14404646,44.678005,3.764914681494133
81.55272753083574,21.3143328009056,2026,44.20628411000001,0.16518272,-0.014531772,-0.18493682,43.845264,0.36101967518555966
81.67292076209037,21.314336782527707,2026,46.70485673000002,0.14078769,-0.007267442,-0.14737473,43.777054,2.9278028969922048
81.66264423794713,21.314359060490453,2026,48.46001000000001,0.061617654,0.08212118,-0.103444204,45.89402,2.565989919433605
81.67610915584282,21.314604606708595,2026,48.00199531999999,0.119966015,0.021627733,-0.13458465,45.323845,2.678150410332023
81.67059826508428,21.31470211128089,2026,50.12116772000002,0.0909696,0.041534096,-0.123316936,46.970398,3.1507697707812667
81.50416240062009,21.31480525168809,2026,51.252532340000016,0.09291454,0.06642124,-0.14660127,51.258373,-0.005840920498030755
81.59995182260933,21.31485348368817,2026,49.57770254000002,0.07587933,0.03493511,-0.11167677,45.587875,3.989827173789081
81.62491569895845,21.31485545301903,2026,49.19830232000004,0.090533376,0.01662975,-0.11897904,45.694847,3.503455213066445
81.67553449497552,21.314869670619576,2026,47.80887719000003,0.12240583,0.03166507,-0.13413951,45.700733,2.1081440051855793
81.62657841541281,21.314895208232368,2026,47.62943114000001,0.06556809,0.015509391,-0.09716551,45.932087,1.6973441954199302
81.65136780802395,21.314901323100475,2026,49.15386806000004,0.08701503,0.014925886,-0.11928181,44.89093,4.262937884218793
81.69032567369347,21.315398806263403,2026,50.36897417,0.08174193,0.02965874,-0.112591706,46.13674,4.232232531816408
81.64005545405838,21.31553548148365,2026,49.02398330000005,0.05669106,0.0124303475,-0.083437264,47.486324,1.537658989697313
81.7414853214243,21.31554818286425,2026,48.05668364000002,0.10942293,0.023574097,-0.1527999,46.0092,2.0474825901953295
81.59556510091684,21.31559928145217,2026,51.43881442999998,0.057430618,-0.0002540543,-0.07389476,46.432957,5.005857734443339
81.59911819751332,21.31562769235681,2026,50.57234635999998,0.07421384,0.029118381,-0.104556076,45.214252,5.358093888076155
81.64713534580864,21.31570473698365,2026,46.74074594000001,0.19838467,-0.046722677,-0.19060484,42.16294,4.5778049609961045
81.51817016328538,21.315708454129155,2026,47.43631301000005,0.15197772,0.0005492005,-0.17082407,44.66023,2.776084280752002
81.60390219788037,21.31571840350362,2026,44.02000201999999,0.005038937,-0.012226067,-0.0029969015,40.86856,3.1514412289843676
81.74282244276601,21.315755301337926,2026,49.680243140000016,0.1316083,0.038556796,-0.17044482,48.44352,1.2367235477148597
81.54277183664651,21.31583370370004,2026,40.31828636,0.18985735,-0.07124365,-0.1981799,42.369164,-2.050877153183592
81.64117193331325,21.315886956815167,2026,49.29913391000002,0.08149138,0.010463932,-0.104176566,45.119835,4.1792990100976795
81.58939445830543,21.315942795085643,2026,45.653815580000014,0.08958058,0.018281229,-0.10927124,45.84521,-0.19139544905272032
81.7447522451459,21.31602993554048,2026,48.029339479999976,0.120465085,0.03968717,-0.15611237,46.275837,1.7535025354198979
81.5517845404857,21.31605193237749,2026,39.69962473999999,0.31525543,-0.17099155,-0.29321912,37.617157,2.082467757578115
81.5910991168952,21.31605627416561,2026,46.66725851000001,0.10994941,0.02864838,-0.12831062,46.052395,0.6148636430566512
81.52642123787575,21.31617211119856,2026,41.59662584,0.19077171,-0.0530534,-0.19298106,42.894634,-1.2980084068261704
81.59878571467829,21.31620539833059,2026,51.29696660000002,0.06535894,0.020943003,-0.09264582,45.198296,6.0986710067383
81.72794585858641,21.31642251871613,2026,50.780845580000005,0.10770578,0.072109684,-0.15346847,49.40023,1.380615172285161
81.61025541902005,21.316646044574306,2026,47.58157886000004,0.06671803,0.013054732,-0.09209024,46.670975,0.9106041285547306
81.56647207285228,21.316691251073216,2026,45.67090568000003,0.10642233,0.038066484,-0.14557604,47.576538,-1.9056324059374674
81.69340436343589,21.31675070064222,2026,49.80670988000003,0.08743253,0.059962276,-0.12023819,47.975502,1.8312078658398718
81.69241709348135,21.316774627544287,2026,48.92827874,0.0609132,0.10820637,-0.108661525,45.09531,3.8329685288183626
81.64245204617382,21.31695998224549,2026,50.40657239000001,0.06615115,0.041373193,-0.08893459,48.311848,2.09472470323243
81.53006489828256,21.317063790596418,2026,49.74347651000005,0.115195416,0.06196005,-0.1523852,47.77917,1.964305520009816
81.73173886017435,21.317071145678963,2026,49.68707918000001,0.09506863,0.066961415,-0.13876836,50.339424,-0.6523449533007692
81.57950137605923,21.31707363815939,2026,49.30255193000005,0.02822368,-0.00642559,-0.039858498,48.561657,0.7408949780957528
81.58102607476982,21.31716455613628,2026,47.66019332000002,0.046560712,-0.0030953716,-0.04805317,45.70453,1.955664511406269
81.57353976669002,21.31721691353636,2026,48.92144270000006,0.09764579,0.048951533,-0.124362834,46.801662,2.1197802549316975
81.74841233546694,21.317647033795563,2026,50.16560198000002,0.11004016,0.06067721,-0.14658521,47.278263,2.887338887959004
81.61125351873788,21.317655831214832,2026,47.615759060000016,0.06726967,0.008229246,-0.08521196,46.097763,1.5179959984765787
81.75220532809045,21.317682581781003,2026,49.440981739999984,0.104207955,0.032913767,-0.13849722,46.239983,3.200999135019515
81.6473966796843,21.317753454575524,2026,50.31086783000001,0.055487003,0.019468633,-0.08175254,46.865746,3.4451222855664128
81.67108256369355,21.31782573950585,2026,48.58989475999999,0.11125289,0.036792535,-0.13515274,46.206825,2.3830695036523366
81.72507732971518,21.317876690030623,2026,50.435625560000005,0.13232723,0.06396909,-0.16675244,48.209713,2.225912577822271
81.71229512277448,21.31794362186601,2026,50.55183824000005,0.10374189,0.059863444,-0.15533118,48.684387,1.8674510329688019
81.65413891635613,21.31795318532636,2026,47.63455816999999,0.115434855,0.021648427,-0.14081194,45.58152,2.053038089433585
81.62248906568973,21.31800163505857,2026,50.927820440000005,0.05235967,0.0034943314,-0.07776938,46.013004,4.914816137021489
81.74834945947174,21.31810520698141,2026,49.33331411000006,0.0626192,0.06096024,-0.09429668,46.072178,3.2611362230371697
81.70109895317442,21.3182820966602,2026,50.38264624999999,0.08281958,0.064313225,-0.127194,47.60488,2.7777649633788997
81.66025674736768,21.31862741465313,2026,45.56494706000001,0.20937648,-0.05044843,-0.20080662,42.035683,3.5292643817773524
81.67114232045479,21.318650885551083,2026,48.27030989000002,0.12332582,0.02975898,-0.13966258,45.581577,2.6887325889746307
81.6868413079886,21.31882339213133,2026,48.61040288000004,0.08746284,0.029160162,-0.12756544,46.35577,2.2546327689160535
81.64216642050022,21.31886585826773,2026,48.95049587000005,0.047354296,0.055143222,-0.08434537,46.935406,2.0150901387988753
81.62207668437037,21.319215885471408,2026,50.22712634000004,0.03267551,-0.0026925148,-0.04552899,47.31596,2.911166409580119
81.70639608047826,21.319431836634543,2026,48.738578630000006,0.09933974,0.05618629,-0.13530791,47.127983,1.6105955367382876
81.73637346101653,21.319501321978645,2026,51.28500353000004,0.06792757,0.034941867,-0.11621244,46.28906,4.995944844697306
81.54792806229334,21.31956725778137,2026,45.12060445999998,0.1446394,0.017933711,-0.17613104,45.195465,-0.07486062789064363
81.7196808045983,21.31958413526533,2026,50.39802734,0.1018392,0.06351049,-0.14358434,48.98252,1.4155062828710925
81.64042381217338,21.319718084953,2026,48.64629209000003,0.057151098,0.019266056,-0.08036635,47.09594,1.5503524537695625
81.71262779386281,21.319744422456168,2026,48.62065694,0.108495556,0.06729675,-0.14977166,48.321316,0.2993411746191441
81.64260357515529,21.31974945718813,2026,48.46684604000001,0.055738606,0.058938704,-0.087213926,46.998543,1.468303254355476
81.71259364518578,21.319762922116496,2026,48.62065694,0.108495556,0.06729675,-0.14977166,48.321316,0.2993411746191441
81.54524068289341,21.319857738056108,2026,45.978527480000025,0.19127703,-0.043481078,-0.20216337,43.095905,2.882622176044947
81.71436019609538,21.320180691423847,2026,46.38185384000002,0.13366191,0.03837514,-0.16016111,46.589024,-0.2071697500878713
81.5168059600506,21.320258142965027,2026,47.65677530000005,0.13864636,0.027221726,-0.17079721,45.960056,1.6967189950684087
81.64544007225953,21.320259334357697,2026,48.48906317000001,0.082279876,0.0112380115,-0.10366103,45.160515,3.32854833845704
81.62291882224828,21.32027795390892,2026,52.946161250000046,0.048040483,0.0056055565,-0.050438803,45.37282,7.5733394421387175
81.71579807733328,21.32028502737333,2026,48.93511478000005,0.10981563,0.042131424,-0.14616278,46.51847,2.4166440158398927
81.71834685345331,21.32029341289911,2026,48.92827874,0.084022425,0.03024794,-0.12236532,46.104088,2.8241909104101595
81.57365055036979,21.320420770299883,2026,47.53372658000001,0.09175521,0.02202383,-0.11386555,45.91985,1.6138771842480537
81.60800940375469,21.32047751445807,2026,48.20365850000002,0.06787896,0.0019295613,-0.0873572,45.783497,2.420161643310564
81.58194249321208,21.320658724976973,2026,51.40121621000003,0.052913312,0.017330563,-0.06816926,47.22246,4.1787545095605765
81.58988175178006,21.32083407688493,2026,50.77742755999998,0.057595108,0.017677402,-0.08104775,46.93655,3.840877419619119
81.62341595931619,21.32085145689155,2026,53.48791742000003,0.03125827,0.03303249,-0.03501908,47.75175,5.736166473955109
81.56950325936758,21.320907506988046,2026,40.755792919999976,0.23122187,-0.13643654,-0.2218608,40.05525,0.7005446595019293
81.52829223238709,21.32094885594537,2026,47.48929232,0.11035016,0.034713577,-0.1370327,45.86629,1.6230012738574189
81.5852503058808,21.320970062555364,2026,47.38333369999998,0.08714856,0.0016770017,-0.10364749,44.804043,2.5792908838378708
81.63627460346832,21.32121134311436,2026,45.68628677000004,0.08031241,0.0048213485,-0.1011538,45.469685,0.21660216916995978
81.74667790070572,21.321222418279863,2026,48.798393980000014,0.12625243,0.029880634,-0.15782063,45.068382,3.7300117168164206
81.60116471112923,21.321372561699743,2026,49.54523135,0.06609001,0.026126536,-0.09998355,46.89549,2.64974261098633
81.52310157053309,21.321428063504413,2026,47.18508854000004,0.18315706,-0.025353001,-0.20616892,43.77849,3.4066003808203504
81.68607917871208,21.32143384310733,2026,49.34527718000004,0.10657897,0.04070472,-0.14611872,47.451355,1.8939221995312892
81.7029870137657,21.321494673303576,2026,46.66896752000002,0.17451103,-0.018026246,-0.1915157,43.520855,3.148112570048845
81.62921915931658,21.32150642767644,2026,46.08961313000003,0.15863496,-0.051361408,-0.17036349,43.12615,2.963464906123079
81.61219883712351,21.321544882561312,2026,44.36009501000001,0.14513887,-0.054495443,-0.14957416,42.384953,1.9751424648339935
81.64689647472068,21.32161146880542,2026,49.13848697000003,0.07642816,0.01789086,-0.09933664,45.82414,3.314348328642609
81.7111491681268,21.321640633188,2026,48.52153436000003,0.11367626,0.0582294,-0.13901573,48.311424,0.21011010462893864
81.54577985667227,21.3218630777982,2026,49.22735549000004,0.1270095,0.010179236,-0.15445904,45.151184,4.076171407968793
81.68275489686525,21.321947819285324,2026,48.29423602999998,0.12052604,0.07346308,-0.12932317,46.50591,1.788327063935526
81.59491352585825,21.322006587685536,2026,47.79349610000003,0.08373987,0.022332145,-0.1106979,45.627975,2.1655206361328396
81.73635927562451,21.32208755047292,2026,50.76546449,0.10060516,0.07204619,-0.1462265,49.521393,1.2440716677343744
81.63512195658201,21.32212698048409,2026,43.16891504,0.06925641,0.008547009,-0.09107705,45.14502,-1.9761044912499983
81.66718241018643,21.322184634703795,2026,47.27053904000002,0.1033694,0.04983898,-0.14212158,48.32061,-1.0500710063867018
81.69789882653836,21.322231464137847,2026,51.85068583999998,0.08221885,0.053876303,-0.1196981,46.99979,4.850895648349592
81.61059287818159,21.322397326299544,2026,49.34015015,0.084190816,0.0077585094,-0.107723325,45.335964,4.00418594711914
81.55642881987039,21.322419881389308,2026,45.97510946,0.10094981,0.020245891,-0.13175362,45.32332,0.6517909785546863
81.55939691967599,21.322640528284005,2026,37.32410084000003,0.21851769,-0.10590881,-0.21705543,40.972847,-3.648746144863253
81.65996652388554,21.32267313036952,2026,41.13177512000004,0.18788503,-0.053382285,-0.18553664,42.687923,-1.5561483113964414
81.62295916195768,21.322737948132584,2026,51.01156193000003,0.0743034,0.049610168,-0.093556315,46.478252,4.533309519111356
81.60930776364485,21.32281213812713,2026,49.98444691999998,0.093521796,0.016585091,-0.120953664,45.78891,4.195537007890607
81.70324993720587,21.322951198524308,2026,46.63649633,0.14508659,0.00050327124,-0.16308124,44.285393,2.351103568769531
81.63324926184659,21.3231064270086,2026,46.58009900000002,0.0597259,0.024514372,-0.090115346,45.865627,0.714471711181659
81.74754027355208,21.323147941872584,2026,48.077191760000005,0.09712776,0.037900478,-0.13365462,47.39398,0.6832136411035208
81.66637125855291,21.323260609381187,2026,49.38287539999999,0.10916461,0.016473394,-0.12630317,45.35829,4.0245837740234265
81.5468566094344,21.32331250615389,2026,44.43700046000004,0.23190564,-0.10849292,-0.22993368,40.84091,3.596088594765668
81.63891051002297,21.323411148258728,2026,47.19876062000003,0.06052695,0.022381013,-0.087386236,46.26071,0.938048950078155
81.61011396617337,21.32345799535344,2026,50.85604202000002,0.04233609,0.0038705815,-0.05954872,46.101116,4.754925839580096
81.73639628494499,21.323671335768527,2026,47.89432769000001,0.14501628,0.007303526,-0.1691635,44.82903,3.0652986067480583
81.74707109756143,21.32367184757642,2026,44.177230940000015,0.05725699,0.03776388,-0.07175825,47.468037,-3.2908057116113127
81.6875819097844,21.32368844355972,2026,47.99003225000001,0.07769541,0.037969846,-0.11169989,46.246857,1.743175560546888
81.62393256852349,21.323794549188705,2026,49.64777194999999,0.05678676,0.02248435,-0.08183354,46.72363,2.9241429521972577
81.589273968823,21.323820930554845,2026,49.72467740000002,0.08267315,0.045419183,-0.11733517,46.301334,3.423343018896503
81.67224380796166,21.323840725382325,2026,48.58989475999999,0.09886304,0.05075282,-0.124785855,46.92778,1.6621146086328054
81.66174671250388,21.323872350415485,2026,50.642415770000014,0.07910836,0.04604215,-0.101539776,46.870426,3.771989592021498
81.69211812523119,21.32388166942108,2026,47.352571520000026,0.10051159,0.0019445297,-0.1270514,44.082794,3.2697773305469013
81.57489940420733,21.323921257695314,2026,48.57280466000003,0.09766731,0.03580786,-0.13306753,46.822548,1.750256747402375
81.53125842639689,21.323900109133582,2026,46.858667630000014,0.14509918,-0.0072683897,-0.1688537,43.88565,2.9730169952343886
81.57757818825517,21.32417521724373,2026,48.73516060999998,0.04090594,0.08268839,-0.0652539,45.265617,3.469543239394511
81.52570683803727,21.3244402365656,2026,46.92873703999999,0.2539643,-0.0640578,-0.2537864,40.800137,6.128600473837878
81.53653821022885,21.32451529888786,2026,46.62795128000005,0.19183072,-0.0390427,-0.20347801,43.539875,3.0880762494824694
81.56506878967463,21.32458730972106,2026,45.21801803000005,0.1282498,0.026834566,-0.15814026,45.78548,-0.5674624692675252
81.7036103705704,21.32458956831065,2026,48.91289764999999,0.11716335,0.049363233,-0.15156782,47.79383,1.1190667784179595
81.64879815185371,21.32465369913277,2026,49.434145700000045,0.07964602,0.014360585,-0.097039126,46.500763,2.9333827605469196
81.66136900710393,21.324694099358755,2026,50.99788984999998,0.0738325,0.048665214,-0.10008112,46.733326,4.2645638917480255
81.63626859871783,21.32488926073729,2026,47.37137063,0.06848133,0.0049311467,-0.09634578,45.008514,2.3628562257031263
81.54146218497526,21.325080667995152,2026,47.593541930000015,0.10616963,0.05246139,-0.13420019,47.709564,-0.11602227898436013
81.61339119388632,21.325089549117,2026,47.37991568000001,0.09499234,0.013369178,-0.12065693,44.184864,3.1950516358105574
81.58514286131704,21.325150156722177,2026,46.66213148000003,0.08024155,0.029209897,-0.11569035,45.90637,0.7557632243847934
81.58523488553783,21.325231096863167,2026,47.07742091,0.0828794,0.036163002,-0.1171447,46.529705,0.5477158623925789
81.71999082179704,21.325331077631407,2026,47.69437352,0.11129724,0.063206054,-0.15466286,48.43605,-0.7416768950390633
81.60322088378999,21.32549201177012,2026,47.94730700000002,0.11086743,0.0139053045,-0.13643557,44.774834,3.1724733208008047
81.69299050988703,21.32554846301377,2026,47.50638242000002,0.10547446,0.018592734,-0.13599119,45.490086,2.016296818193382
81.69794747931876,21.32556357940541,2026,47.966106110000055,0.10945322,0.015828034,-0.13507912,44.811287,3.154819183730524
81.58812724369794,21.32570385273194,2026,47.80375016000005,0.08748245,0.03219292,-0.123968914,46.014633,1.7891169812891121
81.740068584924,21.32577127818542,2026,50.591145470000015,0.09434159,0.06723076,-0.1371591,48.070084,2.5210618518359524
81.69756474340832,21.32587516174354,2026,47.76956996000001,0.08630784,0.029018046,-0.12326199,46.160732,1.6088376907129032
81.73770658318563,21.32604830144465,2026,49.49908807999998,0.10389312,0.06516013,-0.14375171,48.87999,0.6190984559765411
81.68797914889255,21.32614229303848,2026,48.890680520000046,0.09581793,0.02487321,-0.1210475,45.452187,3.43849393552739
81.63987122351382,21.326145259293124,2026,41.71796555000003,0.055972222,-0.02706232,-0.05582558,41.376278,0.34168762641604644
81.52249593540563,21.326582338136483,2026,48.85991834000004,0.12419214,0.03075533,-0.14892098,44.990223,3.8696954090918396
81.66163359701535,21.32683872440173,2026,50.12800376000001,0.108335234,0.025220819,-0.12656866,46.284786,3.8432175356347784
81.69966813752926,21.32684249270414,2026,43.78928567000003,0.034458835,0.0020302983,-0.03587226,47.126953,-3.3376674549999734
81.52026181647962,21.326915737017245,2026,48.97442201000001,0.114661306,0.041363075,-0.14880061,46.94813,2.026290448720715
81.59253972935818,21.326959798263,2026,50.17756505,0.075808994,0.046384722,-0.108373486,45.774033,4.403532457226561
81.5742269469123,21.32715413314685,2026,48.00712235000003,0.09915326,0.036243368,-0.12982896,46.49102,1.5161021473633127
81.57351266978112,21.3274329572806,2026,45.50000468000002,0.13574994,0.010580882,-0.15894854,45.102806,0.397198588691424
81.68435110998632,21.32761603345094,2026,48.50786228000004,0.080884494,0.03570899,-0.104035325,46.631325,1.876537511933634
81.54252305032308,21.327662971099706,2026,46.00245361999998,0.12132882,0.03627428,-0.14234762,45.712006,0.29044800476560795
81.59950145212271,21.32767041816414,2026,44.33104184000001,0.21702161,-0.094906166,-0.21417528,41.61701,2.714033630771496
81.71993142182087,21.32768088957705,2026,49.10259775999998,0.0869507,0.069583416,-0.13770859,48.639206,0.46339182738279305
81.70533718761675,21.32782738855502,2026,49.12994192000002,0.11235471,0.024089066,-0.13612816,45.81152,3.318422297197287
81.69066530001531,21.32811618921622,2026,38.87588191999998,0.005910639,-0.04143546,0.0044122753,37.107285,1.768597374101546
81.65394286377214,21.3281790804922,2026,50.17927406000001,0.06669781,-0.0033956536,-0.08508478,46.581577,3.597696758974621
81.70662866082958,21.32822200895675,2026,47.56277975,0.09710175,0.04090875,-0.14068428,47.387863,0.17491659082030964
81.62851881125938,21.32847130733297,2026,52.45567538,0.042434495,0.030965665,-0.079390235,44.66314,7.792536036738284
81.6281082461551,21.32848527611756,2026,52.389023990000055,0.040048014,0.020867838,-0.06621969,47.097744,5.291280001962946
81.6317189609989,21.32880741057652,2026,50.46809675000003,0.04197774,0.033668865,-0.07365985,46.596115,3.8719816376953418
81.63492377067595,21.32883396777665,2026,45.45898843999999,0.18985885,-0.07402022,-0.19485421,41.39096,4.068027746640617
81.53779215522978,21.32890583042004,2026,48.46342802000004,0.08873301,0.051413972,-0.120117426,46.48142,1.982009410380897
81.62080751435242,21.32920201840128,2026,47.844766400000026,0.080737606,0.020403553,-0.10746053,45.58324,2.2615258909668228
81.67590827545028,21.32931119484424,2026,49.41363758,0.09984472,0.013690207,-0.12310544,44.62622,4.787416876875
81.5814963565032,21.329472687111668,2026,40.98480026000004,0.19323765,-0.038483553,-0.19383806,42.526817,-1.542017061777301
81.60455121542093,21.329530981697125,2026,50.26814258000002,0.081273116,0.049370766,-0.11052789,47.318615,2.94952762028322
81.6499753338295,21.3299050837918,2026,49.97248385,0.063722596,0.07423013,-0.094413735,46.427227,3.5452568297363314
81.67073977886292,21.32991668256473,2026,48.66338218999999,0.0923447,-0.0034945882,-0.107557595,44.457993,4.2053896362890555
81.6428143465582,21.32993742328616,2026,48.65825516000001,0.09732351,0.02005681,-0.123984344,44.801937,3.856318056728526
81.56804134485691,21.330089958057087,2026,37.460821640000006,0.23083384,-0.09746383,-0.21887405,40.706394,-3.2455725555566346
81.68947377250522,21.33015088047904,2026,49.36578530000003,0.07761613,0.059726384,-0.113758214,47.508224,1.8575608126953398
81.65026563158605,21.3302395611071,2026,50.29548674,0.10736818,0.04218677,-0.12508085,46.232082,4.063404373056642
81.58260515164619,21.33032240408423,2026,43.84910102000004,0.1266518,9.1623755e-05,-0.14212157,44.058437,-0.20933632741206765
81.67374346148395,21.33041987189656,2026,50.41511744000002,0.092734225,0.039798383,-0.120679796,46.83508,3.580038246884783
81.60622413050693,21.33069550483577,2026,53.42639306000001,0.035566133,-0.0025676477,-0.053646386,47.871754,5.554639367373056
81.61329618213466,21.33072870644473,2026,49.86823423999999,0.0862346,0.017661525,-0.11132656,45.398453,4.46978148121093
81.55489851206268,21.330777003360392,2026,42.94332572000002,0.14990398,-0.012667462,-0.17399661,44.723946,-1.7806198976757628
81.58618746798128,21.330813776425146,2026,42.26997577999998,0.14908662,-0.06358111,-0.1454225,42.633835,-0.36385905886720593
81.56822462739142,21.33081454615683,2026,39.43985522000003,0.19224603,-0.01259555,-0.18839212,43.590252,-4.150396702607395
81.55051219675269,21.330837890079884,2026,47.87381957000002,0.13326663,0.0,-0.15765722,44.244064,3.629755238945336
81.59498444600567,21.330862217398018,2026,49.31109698,0.11809209,0.02262656,-0.14482325,45.464405,3.846691920185549
81.64225098075349,21.33136560715525,2026,47.96439710000004,0.09387213,0.035674267,-0.12811583,46.48864,1.4757572684570732
81.52452712307033,21.33142043089801,2026,51.26791343000002,0.08869619,0.09720951,-0.14325024,50.691643,0.5762706687695527
81.53600835397576,21.331480501790683,2026,49.79303779999998,0.0945946,0.05487491,-0.13193588,47.53751,2.2555278817870885
81.61039296903198,21.331546109384696,2026,49.041073400000016,0.060749378,0.016079359,-0.09170739,45.542015,3.4990583243164224
81.65741926881422,21.331540144863617,2026,48.51640732999999,0.09159966,0.0130961295,-0.11048997,45.12713,3.389278728925774
81.73661191281155,21.331582259743225,2026,50.60139952999998,0.117402256,0.03984284,-0.16503409,47.815136,2.7862635741894337
81.64468849279625,21.331669958239555,2026,48.22587563000002,0.034807395,0.03193617,-0.05022791,47.593727,0.6321485181836124
81.71016644495708,21.331922238452737,2026,49.86823423999999,0.09808453,0.06155918,-0.13987641,49.274105,0.5941291679785081
81.6608802134093,21.33219799540316,2026,50.65779686000002,0.03987684,0.00028778162,-0.06672223,47.913418,2.7443790438379096
81.58404756188128,21.33222388622412,2026,40.58147389999999,0.21041146,-0.091839656,-0.19918236,40.62377,-0.04229776748047698
81.6406747193739,21.332268828911,2026,48.74028764000002,0.0761534,0.029984545,-0.10687831,45.457157,3.283130504990254
81.62951994720318,21.332322571241285,2026,50.68514102000006,0.04351492,0.023401774,-0.07114057,48.132515,2.552626066386779
81.5372379739757,21.33249169043421,2026,49.79987384000003,0.11322535,0.03519711,-0.13979793,46.464855,3.335018645908235
81.61593342483424,21.332561817842656,2026,49.91950454000005,0.058349296,0.023098176,-0.08254409,46.785244,3.1342605519629387
81.5187595269797,21.33268631168241,2026,50.79109964000003,0.10459533,0.084579095,-0.15303382,48.12583,2.665268035996121
81.64907831254519,21.332705980164427,2026,47.024441600000046,0.0851719,0.014252076,-0.117314175,44.475624,2.5488175155273893
81.56537248180192,21.332774571093967,2026,47.04494971999998,0.17485549,-0.036155086,-0.1847676,43.06166,3.9832889533984144
81.58672787653268,21.33316888012376,2026,46.23829699999999,0.13401578,-0.0014837307,-0.14887385,44.117443,2.120853915283192
81.73038957611786,21.333214677231275,2026,53.10168116,0.08648613,0.07105158,-0.13610494,47.095345,6.006336616542967
81.6731270262106,21.333228767336514,2026,50.68514102000006,0.09383292,0.033635233,-0.12367068,46.072777,4.612364225566466
81.58854320259458,21.333248056452,2026,49.71784136000002,0.113151036,0.023176434,-0.13222028,45.323273,4.394568654921898
81.58664957298973,21.33326643716004,2026,46.03663382000002,0.11703102,0.0075358218,-0.13085544,45.429806,0.6068280643847856
81.57408322994846,21.333510310622533,2026,41.69916644,0.16992602,-0.009798964,-0.19393057,44.315327,-2.616160250673829
81.72623403326274,21.33356197418299,2026,52.21299596000006,0.08354727,0.06780677,-0.1240726,46.56583,5.647165729287167
81.54612777696866,21.333639968054182,2026,43.249238510000055,0.19540499,-0.06609421,-0.20071551,42.392807,0.8564315031641172
81.59555712840046,21.33393385928754,2026,49.67340710000002,0.104019,0.025597673,-0.13547167,46.079456,3.593950770654317
81.55621367429912,21.3342203119424,2026,41.80170704,0.17822243,0.003964051,-0.20390622,45.245266,-3.443558920693363
81.55512076105127,21.33430844468449,2026,39.59024810000005,0.42142156,-0.25093508,-0.3875352,37.958717,1.6315307538086472
81.6768262587249,21.33437922209384,2026,50.30574080000002,0.08185382,0.04482145,-0.12039378,46.91744,3.3883022929199385
81.59581758462558,21.33452685738583,2026,49.13335993999999,0.11914472,0.019700333,-0.14503323,45.270447,3.862913162656241
81.68746339322024,21.33454632260161,2026,48.18827741000001,0.092667475,0.05346213,-0.11947725,47.2717,0.9165755972558713
81.52180197508274,21.33457330405966,2026,51.68320286000005,0.11054553,0.07739817,-0.16378312,47.708096,3.975107309462942
81.69837549089722,21.33458871427244,2026,47.689246490000016,0.08022972,0.027230341,-0.099435404,47.051384,0.6378625178320476
81.66890227244524,21.334693451905537,2026,48.863336360000005,0.04139777,0.052636847,-0.076264285,47.0852,1.7781350965722709
81.65583980583247,21.33470701116541,2026,47.59012390999999,0.13122763,-0.005166778,-0.14625837,44.546227,3.0438974085351447
81.71686727754619,21.33493619644117,2026,50.45955170000002,0.065488465,0.07005441,-0.1034436,47.670486,2.7890652498047075
81.67731691605354,21.335132500572765,2026,50.098950590000015,0.084990636,0.051720068,-0.13080375,47.364178,2.7347728861425935
81.70750559502699,21.33514225278793,2026,49.52985025999999,0.07041736,0.0641376,-0.11332084,45.59155,3.938301340322255
81.62871340013685,21.33518697642463,2026,47.40896885000001,0.092117496,0.013454838,-0.1235196,44.733845,2.67512409291993
81.70279389930171,21.33519565039011,2026,47.73538976000003,0.09382016,0.026373554,-0.12730445,46.579605,1.1557846574609698
81.52129087304482,21.335338376422538,2026,51.88486604000002,0.107355155,0.058916617,-0.15319212,49.407547,2.4773190429297074
81.73689377705763,21.33543310722182,2026,52.00107872000001,0.08847458,0.071643345,-0.13547155,48.86177,3.139308090117197
81.66416529867301,21.335541260627547,2026,48.34379732000002,0.08808811,0.026096882,-0.12125677,46.301205,2.042592638603537
81.61441107230053,21.33561438811477,2026,47.50638242000002,0.09530073,0.0031559474,-0.11816406,43.97762,3.5287632488574445
81.67007297904897,21.33572898934199,2026,50.11604068999998,0.07498094,0.024693968,-0.096747704,45.48654,4.629498941953102
81.61516682894022,21.335806110920643,2026,46.552754840000034,0.09976363,-0.0076923077,-0.1177567,44.41548,2.1372732726172217
81.653035838227,21.33607595010571,2026,48.92144270000006,0.100479044,0.02460858,-0.12431176,45.323795,3.5976473813965413
81.52309355750276,21.336201573014822,2026,50.63387072,0.101534665,0.08199155,-0.16149539,47.685062,2.9488083115527317
81.73730343459442,21.33631841870868,2026,51.65585870000001,0.09147716,0.08060884,-0.14514549,55.95633,-4.300470645703115
81.65728880113728,21.33648008677208,2026,46.96633526000005,0.053918306,0.016452694,-0.08037468,46.740414,0.2259215942285664
81.58454582633831,21.3365142699191,2026,43.60471259000002,0.15893435,-0.021485718,-0.17240982,43.747345,-0.14263238070310535
81.67400980170126,21.336602310343604,2026,49.72638641000003,0.08270767,0.04184975,-0.11349504,46.511288,3.2150987207910475
81.70091038988274,21.33678369210688,2026,48.11137196000004,0.09986998,0.029575193,-0.12660229,46.383766,1.727605785683636
81.708821659266,21.336909557715096,2026,47.39871478999999,0.113741554,0.040457327,-0.12790094,46.669174,0.729540595664055
81.63138513097209,21.336934544368862,2026,47.18508854000004,0.0896856,0.023844609,-0.111924924,46.027657,1.1574319848242567
81.54533049289601,21.337092196652257,2026,49.00176617,0.11323298,0.052973595,-0.1514999,47.21502,1.7867469439257846
81.52393248917667,21.33710673583989,2026,49.92634057999999,0.09104687,0.07779023,-0.130807,50.97598,-1.049638271318372
81.64824088994881,21.337244605845644,2026,44.95653950000002,0.13372776,0.00025900983,-0.1405475,43.76875,1.1877902629394725
81.5803754652515,21.337465034679333,2026,47.82596729,0.118527174,0.037942268,-0.14923523,45.96789,1.8580755968847669
81.55741650687462,21.33748915053737,2026,45.92042114000003,0.15029517,-0.0013405682,-0.17564175,44.743603,1.1768183873144835
81.54567688963785,21.33767842179201,2026,48.81890210000006,0.09827273,0.052334286,-0.1276445,47.247643,1.5712595829102156
81.60604610377372,21.33809240415628,2026,50.11604068999998,0.11004167,0.035146482,-0.15204488,46.671894,3.444146616513649
81.72931807762366,21.338199104041205,2026,48.28227296,0.10734173,0.046292517,-0.1256122,46.200035,2.0822378647851565
81.64217154231027,21.33828548231212,2026,50.28694169000005,0.06528493,0.023392566,-0.099125184,45.557056,4.729885262998096
81.57688344193497,21.338843855795314,2026,47.62259510000001,0.11425379,0.017281517,-0.13665757,45.288624,2.333971290185559
81.69848727771785,21.33897500960468,2026,45.48975062,0.10137817,0.03921874,-0.11767901,46.07231,-0.5825607813671851
81.6552879271967,21.339088401762137,2026,46.38185384000002,0.07095858,0.0010716026,-0.09572354,44.23145,2.1504047128027537
81.658037817711,21.33910762372535,2026,45.18041980999999,0.116351895,-0.02388171,-0.13909818,44.042473,1.1379469706445207
81.69062656992057,21.33938095151158,2026,53.58362198000003,0.03367263,0.053809002,-0.038194273,50.12689,3.456733704853548
81.55491875914184,21.33940000543954,2026,44.50536086,0.18952435,-0.051653102,-0.19025782,41.973793,2.531567830214847
81.64384277035168,21.33970000681362,2026,50.4424616,0.05339971,0.005283565,-0.07594689,46.998493,3.4439684054199233
81.6746019846324,21.33979980307437,2026,49.27178975000004,0.07611971,0.019095818,-0.10319291,44.729374,4.542415818115273
81.72855716657395,21.34033213638871,2026,46.49464850000004,0.11123206,0.034298297,-0.14503403,46.45282,0.04182867578128935
81.66718297936787,21.340414535506834,2026,49.17437618000002,0.054381803,0.008443656,-0.07080941,46.963417,2.210959126777361
81.73368614290699,21.34053738524178,2026,48.73686961999999,0.21739455,-0.054517284,-0.22240515,43.92188,4.8149908053027275
81.58319724281974,21.341217653585616,2026,46.86721268000002,0.12797183,0.023007499,-0.15622415,45.594387,1.2728256255566635
81.56837450706166,21.341222601444507,2026,47.30130122000003,0.16624051,-0.032852266,-0.17956537,43.0948,4.206502178251981
81.56973260370205,21.341324826997976,2026,50.87313212000004,0.07640897,0.027346136,-0.10704356,45.871387,5.0017446383105835
81.56640597906005,21.341541287483267,2026,42.11958290000001,0.18977734,-0.07156309,-0.19766128,42.45092,-0.33133720498045705
81.58859701548549,21.341735738569973,2026,51.78061643000001,0.08595277,0.026329096,-0.12189248,46.17566,5.604957250312509
81.54934923443363,21.34183035766745,2026,44.112288560000025,0.16168308,-0.019342225,-0.17697331,42.860294,1.251994217959009
81.55381218196868,21.342283454342454,2026,48.33867028999998,0.12648349,0.04492737,-0.17448325,47.71735,0.6213202838964662
81.72120820274525,21.342553557802493,2026,49.26324470000003,0.06392191,0.034165356,-0.10509351,46.917118,2.346126627490264
81.65612439414342,21.342741786898003,2026,46.63649633,0.08607013,0.039581146,-0.119357005,46.237633,0.3988635785351562
81.554461327335,21.342825517401103,2026,47.77982401999998,0.102329254,0.04261958,-0.13273834,47.07448,0.7053458705859157
81.67536786921508,21.34282765020328,2026,50.811607760000015,0.0668187,0.01885526,-0.081793584,46.834576,3.9770321069238435
81.55658242978963,21.343193324428704,2026,49.188048260000016,0.107604235,0.042957563,-0.14090627,46.81935,2.368697063710954
81.61959719642867,21.343209713782468,2026,48.189986420000025,0.10405257,0.036482397,-0.14372164,47.135593,1.0543930056933846
81.57400257296803,21.34338520088425,2026,42.95528879000005,0.17470314,-0.034100447,-0.19333968,43.1687,-0.21341238187495293
81.6444034809998,21.343395291774755,2026,45.740975090000006,0.08416385,0.0148955835,-0.106374145,45.21452,0.5264555892675844
81.71519665998952,21.343495348330823,2026,47.65164827000001,0.099612676,0.054628666,-0.12540913,46.963264,0.6883838046679784
81.68420218079545,21.34356554848816,2026,50.94661955000004,0.07671551,0.057002578,-0.11737793,46.150906,4.795713940869177
81.63696179188426,21.343856863504623,2026,48.682181300000025,0.10971486,0.028705535,-0.13108034,46.27313,2.4090527904785404
81.59328574955262,21.34428186189049,2026,51.05257817000006,0.101809084,0.022036215,-0.13184793,45.213528,5.839050490556701
81.63303806143895,21.344353620225007,2026,48.71123447000002,0.1052405,0.01427624,-0.13154626,44.553707,4.157527347197288
81.6521591529585,21.34442465983324,2026,45.73072103000004,0.14206071,-0.024980685,-0.1450413,43.025913,2.70480779147465
81.5273157084228,21.34452082957026,2026,52.06602110000006,0.066415094,0.10322724,-0.1184549,47.049416,5.016605511621151
81.59130143393483,21.344539275366653,2026,49.528141249999976,0.10183582,0.0030817445,-0.12812531,43.830894,5.697246779785132
81.65034996051753,21.344794515798203,2026,47.63968520000003,0.052597012,0.052195843,-0.08653348,46.950943,0.6887422068359683
81.60630322918095,21.344926527700743,2026,38.48964566000001,0.1920913,-0.09441063,-0.1848538,40.358692,-1.8690465091894453
81.54223131062625,21.34518383947556,2026,50.20490920999998,0.11205996,0.045533903,-0.15292107,47.688816,2.516093139443342
81.71007599518423,21.34527245550221,2026,50.46809675000003,0.10161132,0.06410528,-0.14664838,48.7894,1.6786985566406543
81.59603745255771,21.345302523402086,2026,46.95608120000003,0.121898755,0.022552503,-0.1486938,45.021965,1.9341161731445595
81.58600351995679,21.34543374022919,2026,46.31349344,0.117006086,0.012391615,-0.15006383,45.0367,1.2767922376074239
81.672288040696,21.34549136259661,2026,49.18463024000005,0.048575096,-0.0032917364,-0.04771433,45.38644,3.7981899629004374
81.58181882108401,21.345551977150453,2026,45.19750991000001,0.1299097,0.020498632,-0.16273862,45.86276,-0.6652487264746014
81.62532925168904,21.34559097686765,2026,52.26084824000003,0.07406655,0.045804005,-0.104030065,45.52427,6.736579135996124
81.58732170397212,21.34593828312649,2026,47.96268809000003,0.10800593,0.04363869,-0.14835496,47.698116,0.2645717875097944
81.67652303957173,21.346075283560417,2026,49.66486205000001,0.07925388,0.026818587,-0.10003286,46.381226,3.2836364640625106
81.58363852983646,21.346080297121848,2026,45.64697954000002,0.12444622,0.036348924,-0.1668174,47.53641,-1.8894317454003726
81.59263771293783,21.34630246727665,2026,50.25959753000001,0.08515806,0.011541958,-0.12051636,44.724068,5.5355298420117265
81.70800800213468,21.34635037411418,2026,50.03913524000001,0.090300635,0.06850743,-0.12802954,48.17967,1.8594668134863355
81.70936034856359,21.346432656525863,2026,50.04084425000002,0.09014888,0.06850166,-0.12624423,48.069912,1.9709322932129112
81.65751448405742,21.34671478957605,2026,48.72661556000003,0.12713698,-0.02078451,-0.13554287,43.104847,5.621768605654324
81.58671413926855,21.346947476746305,2026,49.71442334000005,0.11991311,0.030162413,-0.15945724,46.718433,2.9959899598731
81.56019820210773,21.347303571579204,2026,49.010311220000006,0.11881363,0.06197487,-0.16123135,49.03677,-0.02645864694335387
81.61021254503339,21.347421086900862,2026,51.41317928000001,0.08362232,0.04805096,-0.11513038,47.42415,3.989030720429696
81.71397207764207,21.347831161828346,2026,49.01714726,0.14787833,0.047933474,-0.16743049,45.509125,3.5080225041406266
81.61651193545022,21.347914667663662,2026,49.728095420000045,0.099565275,0.029248817,-0.14621934,46.94045,2.787646659013717
81.62933641851619,21.34811683423906,2026,50.902185290000034,0.07285319,0.03755667,-0.09738768,46.94561,3.9565752436133153
81.55208878101624,21.348454247315875,2026,49.123105880000026,0.12225181,0.034839217,-0.14967074,45.932087,3.1910189354199474
81.63660144562903,21.34854238727601,2026,50.35872011000004,0.05607644,0.027175708,-0.085929506,45.974846,4.383874223769574
81.66628418458312,21.34871868148643,2026,50.08015148000004,0.05935347,0.0077166064,-0.06499734,47.14805,2.932103079121134
81.71516781100173,21.348921600077595,2026,47.80033214000002,0.15070923,0.023677154,-0.16403478,44.524673,3.2756586780859607
81.67707766632485,21.34942654777397,2026,48.379686530000015,0.07538854,0.020515095,-0.084216185,45.840195,2.5394918278515775
81.54884055047543,21.34983148060317,2026,49.47174392,0.13310479,0.041361917,-0.16300772,46.35482,3.116923668535158
81.54787062867965,21.3498971876406,2026,50.20661822,0.07729431,0.048414927,-0.113371864,46.63769,3.5689267221972685
81.5855047615938,21.350052959114173,2026,48.54204248000002,0.12554905,0.033015385,-0.15901917,45.806232,2.7358100276074424
81.60104066767484,21.35008622911214,2026,44.36864006000002,0.140291,-0.003879232,-0.161193,44.819885,-0.45124519390623163
81.53595888735215,21.35022993308993,2026,51.20468005999999,0.10115707,0.07423911,-0.14937624,49.79777,1.406908606142565
81.69182040599534,21.350309323830515,2026,46.590353059999984,0.12288814,0.0074277855,-0.12875977,45.41194,1.1784115316796715
81.54776844187462,21.35035637039876,2026,50.30232278000005,0.07428044,0.05624198,-0.111658975,45.811203,4.4911197770703595
81.63389938089122,21.350444282082144,2026,52.48985558000004,0.06030745,0.042991426,-0.088257216,46.7566,5.733256153730508
81.62254889910969,21.35048779965956,2026,51.78574346000005,0.079677194,0.03992423,-0.10762765,46.4512,5.334544882119189
81.5412133745944,21.35049782396133,2026,51.04745114000002,0.09785844,0.09347347,-0.14830607,50.714733,0.33271801622072417
81.71769427990117,21.35068680686345,2026,51.07821332000003,0.1295792,0.036988888,-0.15903588,47.20592,3.8722921469043285
81.5767432120052,21.350814099681536,2026,45.335939720000056,0.12451663,0.019617917,-0.15296605,45.57573,-0.23978965011713171
81.62289065944854,21.350937931810343,2026,51.39608917999999,0.09063951,0.022964802,-0.12541772,45.401245,5.99484406281249
81.64118610165801,21.35103400565664,2026,51.80112455000005,0.05575433,0.037035655,-0.086543925,46.30728,5.493843055859422
81.65240367861726,21.35104194405695,2026,50.05109831000004,0.073129565,0.019704433,-0.09651097,45.36864,4.68245741034184
81.7007069924483,21.35124305016893,2026,48.36430544000001,0.10746121,0.042767968,-0.1253879,46.232082,2.1322230730566503
81.64743754414224,21.35138552988528,2026,48.55913257999998,0.08471066,0.01622378,-0.10776568,45.31125,3.2478838007031072
81.5732489255365,21.351525657466,2026,45.98365451000001,0.11646482,0.031189835,-0.15412845,46.873535,-0.889880646249992
81.63325688930388,21.35154617491268,2026,51.34310987000004,0.091773264,0.020238366,-0.12702163,45.615356,5.727753424687542
81.56458832199478,21.35159677088132,2026,48.94707785000003,0.10070408,0.040747505,-0.13273373,47.22615,1.7209273373047154
81.66331482550812,21.351609798881576,2026,46.96975328000002,0.14761905,-0.0396409,-0.14624219,41.59936,5.370391860322286
81.67070317962126,21.351853100201566,2026,48.430956830000014,0.061864614,0.038454566,-0.082993016,47.98193,0.44902705094727935
81.67191435395672,21.35203853602399,2026,48.84282824000002,0.06451826,0.033051405,-0.08593627,46.48333,2.3594984670507984
81.53943390268851,21.352134345547345,2026,50.29548674,0.099117786,0.081377506,-0.15778542,48.164364,2.131122878916017
81.55122377975762,21.35246862166744,2026,50.73299330000003,0.10696797,0.058493245,-0.14432487,48.152733,2.5802604508789386
81.59039700041333,21.35256540957096,2026,47.19192457999998,0.13718876,-0.010421753,-0.15415977,44.553493,2.6384310802441178
81.64036365167794,21.35281895806208,2026,50.893640240000025,0.07312527,0.031234898,-0.10347218,45.97855,4.915090282724634
81.63843695437566,21.353569021742988,2026,52.12241843000004,0.07643683,0.024092298,-0.09978543,46.20919,5.913228061347695
81.63026625352083,21.3535947674072,2026,47.37137063,0.0717314,0.02950797,-0.10368862,45.214104,2.1572669312695325
81.59501571196365,21.35362160176197,2026,44.10545252000003,0.1652579,-0.04399044,-0.18037902,42.9325,1.1729535881152628
81.55996601790164,21.35367661337452,2026,45.56665607000002,0.16877131,-0.02317381,-0.18646628,43.848606,1.7180499603808812
81.5667237314061,21.353992104448885,2026,45.57520112000003,0.14649266,-0.019601522,-0.17142011,43.552975,2.0222264190722967
81.62892495287316,21.35407205404375,2026,40.53874865,0.20763507,-0.09504367,-0.20070073,40.746185,-0.20743665273437273
81.57787098265395,21.35411467901052,2026,47.01589654999998,0.13001977,0.00028596903,-0.16028894,45.063595,1.952301731884745
81.54474121664737,21.35420922579413,2026,49.476870950000034,0.09130105,0.07157138,-0.14256114,50.0397,-0.5628286044433253
81.63361078686944,21.354366330407835,2026,51.92246426000003,0.07484744,0.021022383,-0.099214606,44.97089,6.951574214834011
81.60668990549974,21.354368512866262,2026,43.53464317999999,0.13187923,0.02510231,-0.14986128,45.286007,-1.7513637474902453
81.60979893240987,21.35439374770462,2026,44.41136531000001,0.14833845,-0.02300811,-0.15726887,43.188046,1.2233198082910235
81.60634174350841,21.35450529743571,2026,43.097136620000015,0.13624856,0.021278001,-0.14507712,44.8179,-1.7207649913281102
81.6405444730602,21.35463148110031,2026,50.46126071000003,0.065399855,0.023756076,-0.08944365,45.915173,4.546088133095736
81.54467409953126,21.354859307168727,2026,48.47368208,0.10420306,0.05796837,-0.15402384,48.927498,-0.453815783769528
81.54350342636698,21.35507295798364,2026,50.29206872000003,0.08620948,0.08338609,-0.13482794,52.078964,-1.786895513398406
81.68521923976012,21.355121263573192,2026,49.77423869,0.09029341,0.023958068,-0.10855417,46.298374,3.4758645139746065
81.67098650110461,21.355124183187336,2026,46.54762781,0.12119642,-0.01977165,-0.1151819,44.264187,2.2834409508691422
81.68804565659636,21.3553087485578,2026,51.69516593000003,0.07315098,0.018777894,-0.0899703,46.853973,4.841192541328155
81.54278078527854,21.35542596600437,2026,50.26130654000002,0.09334206,0.058757238,-0.14379184,49.93169,0.32961632393556783
81.56914243933272,21.355603137444227,2026,48.07890077000002,0.13276342,0.011021818,-0.15246764,44.626495,3.4524054086718934
81.58625758722273,21.356366160783228,2026,49.85798018000003,0.10310235,0.04313275,-0.13824219,46.7388,3.119180131171902
81.57295333040229,21.356409017507424,2026,50.6475428,0.11914861,0.03796067,-0.15159781,46.641056,4.006486739208981
81.54886850299512,21.356698445760102,2026,50.07331543999999,0.12090231,0.05857907,-0.15985242,47.921997,2.1513183696874876
81.57501457149611,21.356706638040848,2026,50.90389430000005,0.11754835,0.025876781,-0.1435931,45.64666,5.2572344489258285
81.56584978160967,21.35682331056618,2026,51.515719880000006,0.08857951,0.06348815,-0.121257484,47.24675,4.2689700020703185
81.69312748032146,21.35702830631089,2026,39.15274154000002,0.08702776,-0.06443317,-0.08425859,40.27132,-1.1185788030175559
81.66553897733178,21.35707734766761,2026,50.62019864000001,0.05045585,0.015930705,-0.074897446,46.398453,4.22174588121095
81.58860037395672,21.357134005999576,2026,49.56915749000001,0.10211821,0.029332884,-0.13496242,46.089417,3.479740986093759
81.55980542966418,21.35721752387005,2026,47.93705294000006,0.124688655,0.03553398,-0.15317197,46.508698,1.4283554302344328
81.65095286295299,21.35727990899485,2026,49.54864937000002,0.061455164,0.009341279,-0.08254136,47.21391,2.334740220830099
81.60842447315846,21.35731023881956,2026,46.39552592000001,0.15779296,-0.028660778,-0.17133969,42.789043,3.6064824934863395
81.70089681194158,21.35759683464498,2026,52.57188805999999,0.062247373,0.058604386,-0.09737765,47.248035,5.323852629091789
81.61259074483137,21.358043393054785,2026,45.93580223000004,0.09561464,0.012141148,-0.12671132,44.290962,1.6448400107617616
81.59224096513364,21.35809902952914,2026,45.41455417999998,0.11425432,0.03775887,-0.15961811,47.72834,-2.3137859689257994
81.69688077054808,21.358195787557904,2026,45.330812690000016,0.09916895,0.027850226,-0.12160428,46.213062,-0.882249596376937
81.64167385670048,21.35824558760217,2026,49.74005849000002,0.067067355,0.03724896,-0.09710414,47.757534,1.9825244629004075
81.68982248146088,21.35829542418826,2026,47.68070144000001,0.10649127,-0.0019919542,-0.11750484,44.136673,3.5440284663671946
81.68051313187947,21.358301633221995,2026,50.37922823000002,0.08545671,0.06570628,-0.101734765,48.793217,1.586011524677751
81.62860460077023,21.35831561762439,2026,43.37399624,0.1589206,-0.0090942895,-0.16561878,43.830902,-0.45690585960937824
81.54405782044341,21.358372782263928,2026,50.876550140000006,0.09759216,0.07007673,-0.15290782,49.14299,1.7335600276953187
81.57210859521653,21.35868801680455,2026,52.301864480000006,0.09262154,0.06668224,-0.12547804,48.154858,4.147006844501959
81.6711089169693,21.358886582081787,2026,35.17074824000002,0.011781705,-0.029459994,-0.00021975607,37.981285,-2.8105368552148207
81.5763412415649,21.35898203294177,2026,50.53474814000003,0.10825476,0.061495844,-0.13507548,47.397865,3.136882844589877
81.58387864905114,21.35926663167925,2026,49.12652390000005,0.105730854,0.03968205,-0.15137412,47.269325,1.8571986436523957
81.67588460564576,21.35949148389352,2026,50.11604068999998,0.07213163,-0.02123796,-0.094354786,43.58269,6.533349497373024
81.65438317475478,21.3595151299928,2026,49.06841756000006,0.04328852,0.050743975,-0.0633983,47.929806,1.1386118043848228
81.597231697022,21.359520734898325,2026,38.52382585999999,0.017989634,-0.026650267,-0.018818025,40.569157,-2.0453307867285275
81.65540269906884,21.35952551506408,2026,48.86162735000005,0.046041507,0.018237012,-0.05313795,45.564014,3.2976129151855957
81.55494402989807,21.35973679231427,2026,50.99959885999999,0.09893808,0.06778317,-0.13138546,47.82025,3.179347395156242
81.5457105969804,21.35978766518036,2026,50.44587962000003,0.11176887,0.06146283,-0.17341845,48.44591,1.9999682125293248
81.69829210023592,21.359821588809723,2026,51.47983067000001,0.07443038,0.055872135,-0.110592216,45.64345,5.836378979326184
81.59398949547264,21.360007428653194,2026,43.736306360000015,0.1327186,0.028749865,-0.17345327,46.66823,-2.931921789414048
81.64001736947041,21.36005369087108,2026,51.45590453,0.061701898,0.021364985,-0.085725576,45.958862,5.497042225312498
81.58149722746259,21.36009143858941,2026,51.44052343999999,0.091530055,0.04625485,-0.12663037,47.036564,4.403959566708977
81.7071314859017,21.360240792818832,2026,52.067730110000014,0.080897376,0.060897764,-0.11083744,46.793182,5.274547736953139
81.59745686089116,21.360368557056308,2026,41.54193752000003,0.08140331,0.008384118,-0.10367508,45.29667,-3.754731486347623
81.6042182161995,21.360427340598385,2026,43.54489724000001,0.06422082,0.003989536,-0.10163484,45.087852,-1.5429552380273321
81.62544849335005,21.36052015003076,2026,45.28125140000003,0.09991948,0.011183091,-0.12417709,44.35387,0.9273810081543274
81.6034278443603,21.360661468998178,2026,42.07514864000001,0.10894538,0.010154467,-0.1411684,45.021152,-2.9460038563378816
81.65146623289472,21.36070592425993,2026,49.82379997999999,0.028807433,0.002178104,-0.03168358,47.899155,1.9246453169140523
81.56474705796589,21.36107620214403,2026,50.15876594000002,0.11370521,0.059579514,-0.15709077,48.637714,1.5210515540136953
81.64812013913327,21.36113120434421,2026,52.75304312000003,0.02847816,-0.004162405,-0.035999116,48.094326,4.65871710071292
81.55231612506137,21.361138918159607,2026,51.1773359,0.11402209,0.050104804,-0.16449013,48.435646,2.7416898428710965
81.69774258909355,21.361336794356173,2026,49.64435393000002,0.072148256,0.034416605,-0.092084706,46.424545,3.219808641914085
81.70562626036453,21.361823673377664,2026,51.56357216000004,0.07721235,0.05543638,-0.104637906,46.47807,5.08550285458012
81.64217039821409,21.361844039981968,2026,50.30061377000004,0.054789886,0.02187549,-0.079689294,46.70193,3.5986827702441815
81.66164719529928,21.36195046119796,2026,47.868692539999984,0.10393979,-0.015447858,-0.09385415,45.347317,2.5213757980566243
81.5567749679861,21.36200623754219,2026,51.368745020000006,0.08729789,0.07474525,-0.13528487,47.897503,3.471242120830084
81.5800645092544,21.36200683670545,2026,52.756461140000056,0.08915268,0.07443996,-0.11981819,47.728313,5.028147693955134
81.56862650029257,21.362009880577144,2026,51.06966827000002,0.10254906,0.055774033,-0.1521743,48.639328,2.430340267070335
81.64900309447046,21.36204080275643,2026,52.89659996,0.04422895,0.009645581,-0.055185106,46.874844,6.021756362587894
81.70979820782303,21.36207918944179,2026,52.77526025000003,0.0774685,0.06459839,-0.10475043,46.988266,5.786994258789093
81.65657314166862,21.362100232630723,2026,48.743705660000046,0.03527693,0.024208907,-0.042254902,46.650867,2.092838197841843
81.66696142876748,21.36249535981432,2026,46.92873703999999,0.106810234,-0.0047704233,-0.10569487,44.845848,2.0828889565038935
81.64294986476682,21.36258245264052,2026,48.96074993000002,0.048745364,0.0127554685,-0.06804142,47.975014,0.9857361970898637
81.66623625765106,21.36262225854911,2026,46.393816910000055,0.11485779,-0.013664865,-0.11068467,44.36688,2.0269384004785707
81.63121349100781,21.36268307203331,2026,49.20684736999999,0.069134936,0.020474056,-0.09445494,45.10794,4.098906696171866
81.69959704388071,21.362987489225524,2026,48.99663914000001,0.071633,0.0527763,-0.096092656,47.272526,1.7241133526464978
81.58195423301879,21.3631500612602,2026,52.41295013000001,0.09294784,0.067983806,-0.12746106,48.30192,4.111028285517591
81.66458267009332,21.363238781424663,2026,48.27372791000005,0.06332086,0.013337717,-0.080527544,47.49947,0.7742581529199697
81.6897325317424,21.3632943605786,2026,52.25230319000002,0.059030302,0.041811552,-0.06683034,47.997044,4.25525958038088
81.61938580172622,21.36387023076356,2026,46.77492614000005,0.12836994,-0.0070529478,-0.14878546,44.17532,2.5996064683691884
81.56260310016181,21.36389695361305,2026,49.84430810000004,0.087236725,0.0706878,-0.13624562,48.33202,1.5122882940918387
81.65366001556936,21.3639836178818,2026,53.51867960000004,0.02244578,-0.0033437717,-0.021948319,47.87078,5.647898655175823
81.58372618702388,21.3640299886276,2026,52.12754546000002,0.092293054,0.06815156,-0.13085622,48.47009,3.6574565012597873
81.66139808210642,21.36420722197943,2026,43.727761310000005,0.1724042,-0.050487414,-0.15264443,40.11108,3.616681140322271
81.69188750898422,21.36423234492433,2026,49.84089008000001,0.0678702,0.018559074,-0.09244531,45.582767,4.258122593427743
81.56102450847008,21.364260590363585,2026,49.04620043,0.10011487,0.052897595,-0.1425055,47.71854,1.3276602383496083
81.58436903361958,21.36428314712864,2026,52.08311120000002,0.08613818,0.07770146,-0.105062425,48.223408,3.859703454638691
81.55997284536134,21.364305510333008,2026,48.88042646000002,0.09965661,0.05335209,-0.13943222,47.427254,1.4531727368554854
81.70689330977994,21.36435092757285,2026,51.11922956000001,0.09528692,0.041531805,-0.13506642,47.175232,3.943997626406258
81.62487304623095,21.364384253640907,2026,44.28489857,0.08222855,0.02707248,-0.11186781,45.65474,-1.3698408098828097
81.57722764521837,21.36453160963656,2026,50.96883667999998,0.10152588,0.07221513,-0.14247076,48.665295,2.3035420327831844
81.58075065221168,21.364660306643263,2026,53.02990274000001,0.08535174,0.06580574,-0.11161061,48.478493,4.551410003183605
81.6373761693212,21.36477390053085,2026,49.832345030000056,0.067324184,0.007951533,-0.08474428,46.191208,3.6411371442578684
81.64971115512984,21.364833329426723,2026,46.92531902000002,0.036650293,-0.0035854788,-0.035797805,47.688465,-0.7631460984081855
81.64304334590392,21.364951062254946,2026,43.49191793,0.040233094,-0.023777092,-0.034680963,42.993332,0.4985860208203121
81.61345709367303,21.36504037334492,2026,49.84601711000005,0.09428458,0.015878424,-0.12692653,44.932297,4.9137203570703605
81.62098488257912,21.365053247858427,2026,42.553671440000016,0.15507369,-0.03157177,-0.1751272,43.138947,-0.5852750932031086
81.62103973425883,21.36535175885965,2026,41.34369235999998,0.12206738,0.006806952,-0.13684544,44.237026,-2.893333854599632
81.6050608724559,21.365467931051658,2026,37.99061474000001,0.1742007,-0.005086815,-0.17067583,44.30255,-6.311936529531238
81.61347077822924,21.3655209944861,2026,50.02717217000003,0.093654335,0.014357001,-0.12632583,45.022118,5.005054555253935
81.64491450173725,21.365597431353063,2026,48.58989475999999,0.02570789,0.044373136,-0.04071088,48.418472,0.17142246996093036
81.68680150313435,21.365598000265564,2026,51.73960019000003,0.06428364,0.019689247,-0.078749776,47.341026,4.398573883847689
81.68298069559114,21.36560953294552,2026,48.186568400000056,0.04032433,0.008304386,-0.04768154,46.76542,1.4211493936523993
81.6401768693807,21.365706081068936,2026,49.19830232000004,0.08470259,0.0015827422,-0.09969008,45.55813,3.640173963066445
81.56180122531883,21.365788618362195,2026,48.39164960000005,0.09529563,0.044151567,-0.1272586,46.89358,1.4980682096191913
81.64630284669705,21.36587820346935,2026,49.734931459999984,0.020983385,0.01955105,-0.02407219,43.72441,6.010520449257797
81.57008186542609,21.36588170804081,2026,47.19192457999998,0.121199265,0.043465145,-0.16169682,47.630188,-0.43826340828127286
81.57505195126026,21.365898644207167,2026,51.04745114000002,0.119581416,0.051695604,-0.1672421,48.401943,2.6455079332129117
81.62906408782517,21.36594096978617,2026,45.94434727999999,0.115642026,0.012332071,-0.14358647,44.869064,1.0752829489453006
81.63779700795489,21.366485882816683,2026,47.76615193999999,0.066799685,0.007053245,-0.08755302,47.524853,0.24129918731444633
81.67391576784378,21.36668149296773,2026,48.53862446000005,0.06141423,0.020621048,-0.08371772,46.475315,2.0633093660059103
81.6755786687019,21.36669090241817,2026,49.196593310000026,0.051334355,0.031087682,-0.082499675,46.35231,2.844283129335963
81.68261618974334,21.366701029945105,2026,48.627492980000056,0.0812902,0.00078957755,-0.08365643,46.42169,2.2058010854688064
81.68273028532795,21.36720783781129,2026,49.95881177000001,0.04150925,-0.002053485,-0.049542647,47.887043,2.071768770732433
81.5695224387213,21.36734679960017,2026,48.81206606000001,0.12577061,0.043035816,-0.16422336,47.03925,1.7728166398339908
81.65401046426872,21.36735885090371,2026,49.96052078000002,0.067546494,-0.0127245,-0.070320204,44.872032,5.0884886144726735
81.5702991860897,21.367366648604584,2026,49.43585471000006,0.14521994,0.019874245,-0.17195912,45.68115,3.7547061809473234
81.6279215997405,21.36749534302268,2026,48.31132613,0.08577257,0.02129146,-0.11446098,45.725746,2.5855799752148414
81.5798139600479,21.3678460744928,2026,53.22643889000005,0.08330393,0.075940475,-0.11400468,48.141136,5.085302720566453
81.62303471109374,21.36785085067632,2026,38.16151574000003,0.1476047,-0.044060964,-0.16089332,42.842995,-4.681478949941379
81.60858418627518,21.36826943465124,2026,43.46628278000003,0.12817438,0.029992418,-0.17328149,47.21027,-3.743987147978487
81.57041130174045,21.368479748616394,2026,51.86435792000003,0.11455608,0.06963578,-0.17157795,48.707714,3.156643839189485
81.68554371367537,21.36855210400192,2026,51.741309200000046,0.037824463,0.010376844,-0.06161093,48.205383,3.535925899218796
81.66666450210013,21.368616786680057,2026,46.756127030000016,0.07962236,0.017833706,-0.0964642,46.36037,0.3957563940136879
81.64817057816022,21.36873483635497,2026,50.203200200000026,0.04290243,0.012144668,-0.056548115,47.942165,2.2610348252441668
81.63329482273049,21.36904585589705,2026,50.03913524000001,0.0760843,0.036362313,-0.098110855,46.562195,3.4769404157812573
81.63257544684525,21.36905812581691,2026,49.86823423999999,0.047557738,0.0073961113,-0.070999585,47.682606,2.1856284965917894
81.6219667404515,21.36917936590315,2026,40.09611505999999,0.13532569,-0.0022821578,-0.16041476,44.618706,-4.5225906895117305
81.5637608492833,21.36920900094702,2026,48.495899210000005,0.10633875,0.049650818,-0.14210163,47.245304,1.250595102333989
81.69561346335531,21.369241730973062,2026,49.05303647000005,0.06335665,0.025249276,-0.083458096,45.944027,3.1090095229785675
81.59380533466472,21.369767622645924,2026,48.80181200000004,0.079601415,0.062144227,-0.11069448,46.96123,1.8405807683105877
81.65365243000537,21.36998246281425,2026,48.670218230000046,0.06548274,-0.0036296414,-0.06474373,46.129414,2.5408046252637178
81.65550352250551,21.37013035699848,2026,49.54010432000001,0.04840061,0.0064922934,-0.053019803,45.546043,3.994060924003918
81.65022982458707,21.37060159683717,2026,45.85718777,0.06716471,0.0038398728,-0.07182714,45.86656,-0.009374119648434487
81.6230712071688,21.37069014143624,2026,41.2138076,0.10887798,0.010177678,-0.14166336,44.8988,-3.6849922962402317
81.59447431010392,21.370829027277075,2026,48.52837040000003,0.09056251,0.03831272,-0.13382941,48.37188,0.1564908223633097
81.65754495816364,21.370963218671225,2026,48.62578397000004,0.058423847,0.0039438987,-0.056249846,46.055206,2.570577671171918
81.69197603610738,21.37098631227217,2026,52.45054835000002,0.06650166,0.04461646,-0.086842045,48.323883,4.126665293359395
81.63338429282507,21.37114231936754,2026,51.38925314000005,0.05384544,-0.00376456,-0.0672443,46.334156,5.055097103623098
81.58469615695866,21.371171841202568,2026,48.60698486000001,0.116042465,0.02640126,-0.15082864,46.051445,2.5555398526757926
81.6102556265048,21.371172577647588,2026,46.19728076000001,0.095943436,0.04478948,-0.11921906,46.832767,-0.6354867265722532
81.62152358133564,21.37145560371373,2026,40.950620060000006,0.112591185,0.028355781,-0.14188062,46.239727,-5.289106960263666
81.66157043806442,21.371513948543,2026,47.33548142000001,0.046399206,0.005325317,-0.06213886,46.803604,0.5318772940234453
81.63211589890106,21.37161200597097,2026,47.95756105999999,0.059380025,-0.030235363,-0.07457959,41.47109,6.486472650576161
81.56818140626388,21.371754281203845,2026,50.49544091000001,0.07927921,0.058737673,-0.11485889,48.632267,1.8631739117089978
81.6099619232333,21.37187678570285,2026,45.939220250000005,0.05684402,-0.009309088,-0.0768146,45.05958,0.8796384934082084
81.59505359647035,21.371929766430387,2026,47.5029644,0.10975149,0.022130521,-0.14254607,45.5294,1.9735645281738314
81.591050125936,21.37218980563546,2026,49.734931459999984,0.098487444,0.04967204,-0.13106586,47.58816,2.146769991494125
81.62176573814257,21.372219129806805,2026,47.30130122000003,0.1212984,0.028104274,-0.16272375,46.31946,0.981839397490262
81.57873556142037,21.372321532208687,2026,48.890680520000046,0.100442864,0.054281704,-0.14099137,47.577984,1.3126966637988744
81.67710368161102,21.37238993936513,2026,44.71727810000005,0.11810892,-0.002034455,-0.12911434,44.187366,0.5299116144043481
81.62124692117207,21.37267890524969,2026,48.26860088000001,0.08850981,0.027916502,-0.1097621,46.69118,1.57741969713868
81.62761202782299,21.373302566505537,2026,49.22051944999998,0.038191352,-0.010107817,-0.04203183,47.366096,1.8544229534179522
81.63649659927825,21.37371272236872,2026,48.68559932000005,0.10157007,-0.015385893,-0.10805973,44.666607,4.018992416923879
81.60147637696555,21.37385679056632,2026,44.77196642000001,0.14430058,-0.006020727,-0.17508262,45.093155,-0.32118848722655
81.59225850159072,21.37399406610401,2026,47.85843848000002,0.09171076,0.04540127,-0.13954344,48.400738,-0.5422992824511539
81.60861022654043,21.37457154699303,2026,48.682181300000025,0.15664044,-0.008167793,-0.17301525,44.31149,4.370692194775415
81.66227361364655,21.37475089294104,2026,47.757606890000034,0.042752605,0.009757258,-0.046450216,45.453186,2.3044208548437837
81.67447323703003,21.37514046103104,2026,49.688788190000025,0.06832245,0.02296727,-0.09329097,45.25355,4.435236706845728
81.6553579501772,21.37519073623752,2026,47.79520510999998,0.09165615,-0.0117220655,-0.08694795,45.76131,2.0338945326074054
81.58249843180117,21.37531100597386,2026,50.48518684999999,0.11222577,0.03655914,-0.16441819,47.29102,3.1941674103027253
81.61387608254446,21.376038139889257,2026,47.47903826000004,0.1372831,-0.0032568823,-0.15681702,44.626324,2.8527145600488666
81.6636454438807,21.3760616120088,2026,49.367494309999984,0.07206932,0.016714174,-0.078289285,46.673275,2.6942193161034993
81.59035122183242,21.376136850031585,2026,48.1352981,0.101280905,0.047686514,-0.13552944,46.888992,1.2463057904296875
81.6321503413692,21.376257821530523,2026,47.584996880000006,0.06263899,8.719156e-05,-0.0732803,46.1059,1.47909706920899
81.65769165577348,21.37646863116311,2026,49.27691678000002,0.061464712,0.0073238937,-0.07374688,48.035225,1.2416918654492406
81.58700545847235,21.37713181370636,2026,48.39164960000005,0.12401541,0.035265885,-0.16993186,48.417084,-0.02543414023432433
81.63910655838346,21.37743026735268,2026,51.27474947000002,0.0279,0.032382566,-0.033688657,47.900776,3.3739735605761894
81.65430275529589,21.37749283480816,2026,47.67386540000001,0.057080075,0.0074848863,-0.051839422,47.241585,0.4322806221679798
81.63310869761,21.37794875922345,2026,49.88532434000001,0.067641184,0.0040232074,-0.077917315,45.08029,4.805032591953136
81.6211673331013,21.3782760474012,2026,41.64447812000003,0.14049265,0.008787108,-0.16134675,45.11567,-3.4711911304882506
81.61130145161299,21.37860084163608,2026,50.11433168000002,0.07921864,0.015153733,-0.10929705,45.561665,4.552667098701193
81.61569434610932,21.378749142343587,2026,45.88453192999998,0.1086657,-0.011259492,-0.13078274,44.29248,1.59205146124998
81.59299781125513,21.379610345941146,2026,48.51128030000001,0.12120268,0.04248018,-0.16431655,47.632763,0.878517391064463
81.61685073305237,21.38069247709016,2026,41.42572484000004,0.17702845,-0.03869018,-0.18317318,43.559196,-2.1334716321679252
81.59208489109712,21.380936639088365,2026,47.95756105999999,0.101091504,0.03542322,-0.12660474,46.394928,1.562633081484364
81.58969949338793,21.380969282077128,2026,45.03857198000003,0.23417383,-0.115647964,-0.23154342,40.57669,4.461881306171904
81.62276290068863,21.38099818551286,2026,45.667487660000006,0.093245044,0.023246842,-0.13443872,46.605408,-0.9379200548437439
81.62459657797355,21.38103290709117,2026,45.06249811999999,0.16359192,-0.040899307,-0.1738142,42.82614,2.2363567625781116
81.60058766862444,21.381173933873185,2026,48.57964070000003,0.119271465,0.03860439,-0.16690004,47.99267,0.5869725481445585
81.63112274139624,21.38149276714888,2026,41.71283851999999,0.16951391,-0.076292105,-0.16103396,40.76153,0.9513066901660068
81.64625515478717,21.38262943669718,2026,49.62726383000006,0.03966511,0.024217442,-0.05805941,47.75881,1.8684556940137327
81.6247213439893,21.383028188836413,2026,42.26655776000001,0.14309576,-0.02219219,-0.16420934,43.860527,-1.5939692785742068
81.64683521903763,21.38384136290753,2026,48.98980310000002,0.0531092,0.027669718,-0.07629458,46.089737,2.900066161523455
