longitude,latitude,Year,LST,NDVI,NDBI,NDWI
81.55702018058663,21.178393851755413,2025,48.09086384,0.12246832,0.03995917,-0.16533653
81.64803642620063,21.24326947806197,2025,40.215745760000004,0.12727651,0.019136734,-0.15903984
81.5364507191464,21.295511611385876,2025,39.93888614000002,0.3209045,-0.15837389,-0.30309367
81.5898481218558,21.165810307670377,2025,38.61098536999998,0.16308312,0.03763634,-0.19647674
81.49651446262969,21.264501906822254,2025,41.736764660000006,0.28491956,-0.13205172,-0.26835242
81.71259364518578,21.319762922116496,2025,40.99163629999998,0.140369,0.06799448,-0.1772858
81.62663484544487,21.232946586020578,2025,40.49944142000004,0.100206375,0.012960296,-0.121464744
81.65868468649236,21.24154010067345,2025,40.916439860000025,0.09551136,-0.01652139,-0.11385525
81.57320025818653,21.256160808556825,2025,45.09496931000001,0.13493824,-0.013115349,-0.15264747
81.64538053436634,21.24176620699931,2025,39.409093040000016,0.14613506,-0.03501231,-0.15753143
81.68495149409831,21.235884254976668,2025,40.492605379999986,0.108992204,0.030984888,-0.1446428
81.64024013469614,21.255174749317234,2025,40.017500600000005,0.15053181,0.002469599,-0.17670919
81.72415010371883,21.232304383129524,2025,38.43153932000001,0.11672884,0.03667833,-0.15487471
81.68455562750782,21.13425405810118,2025,42.876674330000014,0.1052963,0.07524805,-0.15257081
81.74282244276601,21.315755301337926,2025,41.753854760000024,0.12908515,0.05742442,-0.16451225
81.57427633486647,21.311748940757017,2025,48.91802468000003,0.10614704,0.045800336,-0.13456823
81.63987122351382,21.326145259293124,2025,38.38368704000004,0.058581237,-0.025175072,-0.06540765
81.69537697681106,21.20182114824312,2025,34.89730664000001,0.101302706,0.014769766,-0.15771316
81.55535708428418,21.242192202994207,2025,44.43016441999998,0.15793896,0.0038281442,-0.17572232
81.53035335729065,21.28089348483019,2025,49.03252835000001,0.12367021,0.040075734,-0.16313304
81.69794747931876,21.32556357940541,2025,42.44429480000002,0.11500341,0.03128903,-0.14528851
81.54580602126613,21.21891036125095,2025,47.97123313999998,0.11478048,0.04527856,-0.14190409
81.68977263983285,21.132725689063655,2025,43.39279535000003,0.12494721,0.07578512,-0.17314027
81.55041926008857,21.24676901469852,2025,50.25276149000001,0.08673597,0.0343291,-0.12080523
81.6866575917718,21.150244216507648,2025,36.75841853000003,0.30405137,-0.10679804,-0.28534663
81.60084865093819,21.27852546742442,2025,44.09690747000002,0.12323309,-0.0052554524,-0.13020174
81.64228739182798,21.27478402438701,2025,34.99642921999998,0.21700364,-0.07210528,-0.20550068
81.59225850159072,21.37399406610401,2025,48.051556610000034,0.1000325,0.053271174,-0.1453872
81.57282532580037,21.2603350837669,2025,45.29663248999998,0.06142977,0.015493975,-0.08994774
81.5469349830569,21.24255282267882,2025,36.63024278,0.3446562,-0.20765372,-0.3167191
81.53585292361228,21.276614978427588,2025,49.89045137000005,0.12825377,0.054824755,-0.17628962
81.63505095649121,21.277703446743107,2025,40.94378402000001,0.09805285,0.0046576783,-0.12012296
81.56843645569496,21.170071216189402,2025,36.80456179999999,0.14536358,0.013473326,-0.17772786
81.5771061974977,21.24308022887342,2025,41.98628012000006,0.08483763,-0.04372119,-0.07645025
81.60254358567016,21.271251707556576,2025,38.37001496000005,0.10893999,-0.018753648,-0.12267299
81.59263771293581,21.346302467277773,2025,49.98957395000002,0.055660468,0.0062858504,-0.09109202
81.71184960048532,21.193583212560938,2025,39.901287920000016,0.16587317,0.030775482,-0.18765214
81.65026563158605,21.3302395611071,2025,44.204575100000056,0.0878589,0.045215636,-0.109057456
81.64900309447046,21.36204080275643,2025,42.68013818000003,0.08403285,0.009173547,-0.08403285
81.57269817955083,21.201060529699088,2025,36.40807147999999,0.16505812,-0.021242436,-0.1913269
81.57860053849176,21.238636191780632,2025,48.22074859999998,0.15369184,0.003166561,-0.17407349
81.49800342215238,21.23350281448119,2025,45.26757931999998,0.14697365,0.036626816,-0.18581836
81.56180122531883,21.365788618362195,2025,46.07252303000001,0.10077459,0.04750154,-0.13748682
81.56221727639878,21.300183902295448,2025,47.856729470000005,0.123624064,0.03772416,-0.14678533
81.50340535699786,21.286963565970208,2025,40.12858625000001,0.26140913,-0.12931359,-0.26381132
81.72486702330444,21.245322843546944,2025,37.22156024000003,0.17070493,-0.0067671775,-0.18796657
81.63938043698964,21.292487512987215,2025,41.41547078000002,0.078299254,0.019645121,-0.10342368
81.66877256727851,21.24541403232235,2025,41.036070559999985,0.12251852,-0.011480443,-0.14374128
81.53302088022747,21.277715813146937,2025,50.13996683000005,0.090967424,-0.025183557,-0.12825218
81.61021254503339,21.347421086900862,2025,48.43266584000003,0.079704545,0.03683414,-0.10356633
81.55272753082322,21.314332800898317,2025,40.67717846000005,0.23910208,-0.07630386,-0.24043034
81.61410819827634,21.289276474221154,2025,43.69187210000001,0.05415628,0.0041820616,-0.0685779
81.59162638178292,21.23966375221768,2025,40.10978713999998,0.20721868,-0.06198742,-0.21011841
81.52276552646931,21.21149451600381,2025,42.96725186000003,0.14377378,0.027469391,-0.17125721
81.66332420171499,21.203030088590943,2025,39.07583609000005,0.17464878,-0.015393057,-0.19945416
81.57792434523898,21.28531530715112,2025,44.11912460000002,0.107562944,0.00800428,-0.11185424
81.5676226855256,21.18868202006896,2025,40.31486834000003,0.13582928,0.056184668,-0.16621819
81.7285505532883,21.230781320286457,2025,37.231814299999996,0.19192447,0.006099079,-0.20355716
81.59837388587619,21.22978647993922,2025,40.54387568000004,0.087582745,0.03666237,-0.12392408
81.65675572891676,21.201676888971065,2025,36.74474644999998,0.26030102,-0.05339756,-0.25538936
81.63052967103897,21.24487368818629,2025,40.74553886000001,0.16430409,-0.032042768,-0.16807339
81.50305235082305,21.299613584799726,2025,44.026838060000046,0.12578112,0.02663388,-0.1507657
81.58223081581001,21.229084688296957,2025,43.15524296000001,0.14798787,0.018096112,-0.17388755
81.62075240319338,21.24936285291427,2025,40.755792919999976,0.082988024,0.019345956,-0.10727612
81.74872587507011,21.266320456261855,2025,39.64835444000005,0.120212644,0.05355053,-0.15546803
81.52852060949678,21.273321967301612,2025,46.810815349999984,0.15937184,-0.019396072,-0.1787768
81.57472511912817,21.16429162099055,2025,40.58147389999999,0.1348547,0.06252101,-0.17555322
81.73335319729989,21.273165332351237,2025,40.28068814000005,0.14688642,0.028137326,-0.18429111
81.70792514995624,21.264656094124692,2025,37.61805056000003,0.1870229,-0.02577203,-0.1861352
81.6444034809998,21.343395291774755,2025,40.46526122,0.084906854,0.0024361007,-0.101020016
81.6233390714087,21.139095081498567,2025,39.04507391000004,0.13022093,0.017942544,-0.15205412
81.67610915584282,21.314604606708595,2025,42.35200826000005,0.13763732,0.022001712,-0.15506163
81.55121749343999,21.207100830072196,2025,48.162642259999984,0.11345005,0.07379796,-0.16200835
81.67300236838084,21.133795627578536,2025,41.34027434000001,0.16692257,0.031656224,-0.19387354
81.62609589643532,21.304511641915504,2025,42.01020626000002,0.060031105,0.025589706,-0.09384152
81.56424002927022,21.17302605592006,2025,38.66396468000005,0.19200905,-0.033242747,-0.20590079
81.59165284231277,21.218715115854277,2025,38.86220983999999,0.122577205,0.003245875,-0.1397201
81.62116733309446,21.378276047397215,2025,40.393482800000015,0.19868618,-0.05102868,-0.20017329
81.64907831254519,21.332705980164427,2025,41.360782459999996,0.08805057,0.0279819,-0.11981317
81.57115317069793,21.313030450388826,2025,50.435625560000005,0.10493412,0.042491123,-0.14124496
81.66623625765106,21.36262225854911,2025,41.20355354000003,0.12758395,-0.013152919,-0.12537341
81.58860721138589,21.19667197893525,2025,37.68641095999999,0.15895523,0.030783392,-0.18204479
81.69829210023592,21.359821588809723,2025,44.92577732000001,0.10038373,0.06534989,-0.13451496
81.554461327335,21.342825517401106,2025,47.248321910000016,0.107684895,0.056078285,-0.13823621
81.67396903933432,21.18191448738084,2025,38.98354955000002,0.17548288,0.040012866,-0.20368809
81.5206011088137,21.246456254434555,2025,44.85058088000005,0.16758204,0.0074468264,-0.18785548
81.6963859598757,21.17750605543438,2025,40.28752417999999,0.1726278,0.018522916,-0.20434181
81.70034745162992,21.169560528108253,2025,40.97967323,0.14306274,0.06875054,-0.18389384
81.73770658318563,21.326048301444658,2025,43.028776220000054,0.108910196,0.08118962,-0.15825385
81.52195502456762,21.19605278251403,2025,45.482914580000056,0.15886663,0.020350123,-0.18165879
81.57757818824982,21.324175217240946,2025,47.342317460000004,0.048343584,0.07920243,-0.070910715
81.68294835485038,21.314323199910987,2025,42.67672016000006,0.14015079,0.0337167,-0.15669739
81.72703360320821,21.15377380215939,2025,41.382999590000054,0.15955204,0.060505494,-0.19360979
81.62491569895845,21.31485545301903,2025,42.23237756000003,0.08749257,0.021019949,-0.1202679
81.6102556265048,21.371172577647588,2025,48.10111790000002,0.10941694,0.03985727,-0.13923949
81.49484362404513,21.224554125129025,2025,46.241715020000015,0.13008262,0.06425218,-0.18421946
81.67439462224566,21.156068316601072,2025,39.70475177000003,0.21196043,-0.04071073,-0.21499944
81.59902368101415,21.285138872108128,2025,45.014645840000014,0.09187568,0.017246818,-0.11969806
81.5187595269797,21.332686311682412,2025,46.34254661,0.103682905,0.082469136,-0.1550373
81.71317393699759,21.24622707890439,2025,38.62978448000001,0.15357475,0.029283995,-0.18175246
81.62269464956907,21.265515867992846,2025,41.19671749999998,0.079184115,0.011894195,-0.10222187
81.64662041330718,21.27230531741191,2025,34.049637680000046,0.36705992,-0.16461302,-0.33528647
81.6310481983948,21.183581191379318,2025,37.71375512000003,0.16020362,0.029646559,-0.17911555
81.61532616093437,21.29938430631156,2025,43.70896220000003,0.06369512,0.02675367,-0.07384241
81.69254912803783,21.224549711153085,2025,38.872463900000014,0.19667707,-0.055783506,-0.20493297
81.58859701547567,21.341735738565287,2025,50.58430943000002,0.10256941,0.044625673,-0.14105935
81.74878869667515,21.250355275214158,2025,38.54091596000001,0.15507379,-0.020243773,-0.16134481
81.64187400306523,21.18526758877053,2025,37.19592509000006,0.15256748,-4.784832E-4,-0.17546819
81.56804134485691,21.330089958057087,2025,37.187380039999994,0.28663307,-0.12846987,-0.27055284
81.5587607850772,21.223125827257796,2025,43.90037131999998,0.12626185,0.030675666,-0.15740335
81.69021654353459,21.143255883891094,2025,41.206971560000056,0.27413824,-0.10209324,-0.27531052
81.70736620175325,21.300752867811095,2025,41.69233040000006,0.15017617,0.04362974,-0.19809543
81.6325132624881,21.17030032400489,2025,37.313846780000006,0.19715913,0.005301738,-0.21100093
81.60666824588452,21.240612336772916,2025,38.53066190000004,0.15900582,-0.04163236,-0.15983737
81.68607917871208,21.32143384310733,2025,42.632285900000056,0.11931119,0.04035235,-0.15646258
81.5574165068775,21.337489150536285,2025,41.244569780000006,0.22437736,-0.07761799,-0.2269006
81.55962584084023,21.163410781877015,2025,46.78859822000004,0.09589419,0.077917375,-0.14830187
81.77145792719335,21.226083133157,2025,40.10636912000001,0.13863835,0.05669196,-0.18360846
81.5010443674584,21.22226826739421,2025,46.046887879999986,0.103760794,0.06548615,-0.13479075
81.62984541538322,21.188290542589023,2025,37.38049817000001,0.17162122,0.024623973,-0.19082958
81.67605159436344,21.17288789058122,2025,42.51436421000005,0.10494976,0.08227724,-0.15431379
81.58965751049827,21.288172277847558,2025,47.53714460000003,0.13506559,-0.0061444496,-0.15000631
81.56093887269567,21.198991362244378,2025,44.94970346000002,0.19359216,-0.015358964,-0.20444259
81.62876991193939,21.25422868953479,2025,41.066832739999995,0.0928504,0.057863068,-0.11536388
81.58037546524072,21.337465034674512,2025,43.31076287000002,0.15629256,-0.007901925,-0.18807137
81.72667188432189,21.197779969892252,2025,38.906644099999994,0.11995254,0.0180435,-0.15715271
81.57628343625379,21.30418281637567,2025,49.391420450000055,0.07748935,0.012241535,-0.09072397
81.70075062361494,21.156634632949405,2025,41.133484130000056,0.17641725,0.04828812,-0.20836094
81.64824088994881,21.337244605845644,2025,38.63320250000004,0.13975506,0.013531799,-0.1415398
81.54313970733239,21.200406759004046,2025,40.82757134000002,0.113405734,-0.081305385,-0.109898396
81.74011020420974,21.17129795528368,2025,42.10249280000005,0.13757133,0.06387306,-0.17076273
81.58572862231897,21.29074754702898,2025,44.89159712000003,0.21318306,-0.0706157,-0.20124592
81.49909601606255,21.306783509201296,2025,44.62328255,0.122565076,0.044709947,-0.15470092
81.63465590231588,21.13222428393116,2025,38.94082430000003,0.2789981,-0.09723071,-0.26799718
81.66122130537858,21.28226297098098,2025,37.97694266000002,0.1477084,0.01964539,-0.14414601
81.6596457497866,21.280837412855483,2025,37.72400918000005,0.13851067,0.052533645,-0.14943363
81.69769485122187,21.29032732346214,2025,39.95597624000004,0.10775955,0.003705255,-0.14166513
81.70324993720587,21.322951198524308,2025,39.73038692,0.15096131,0.011215335,-0.16801156
81.64151902796647,21.21569271153129,2025,40.94036600000004,0.08029473,0.027054619,-0.10942957
81.61219883712351,21.321544882561312,2025,43.08346454000002,0.09375857,-0.0020290248,-0.109461255
81.70167745488621,21.174495866997425,2025,38.773341319999986,0.1668876,0.012887331,-0.19096799
81.49245145575897,21.257630003983646,2025,45.46582448000004,0.14129275,0.029074948,-0.16208111
81.70809939657317,21.307450562963798,2025,44.354967980000026,0.14442712,7.486049E-4,-0.16430101
81.71449745396211,21.244957177219703,2025,38.86562786000002,0.13340028,0.035905223,-0.15465637
81.64630284669705,21.36587820346935,2025,43.98582182000001,0.03383363,-0.01235552,-0.04205128
81.53553266101105,21.282149857899913,2025,48.085736810000014,0.14967084,0.015515084,-0.17460749
81.60861022654043,21.37457154699303,2025,48.077191760000005,0.1348763,0.01642746,-0.15548694
81.73846224737206,21.272167235870253,2025,40.36613864000003,0.17270435,0.024940867,-0.19613604
81.54025822874142,21.31315633710662,2025,41.01898046000002,0.12574638,0.05504478,-0.17012799
81.70226561279293,21.211819402183345,2025,39.45352730000002,0.14117691,0.034602955,-0.17307766
81.5168877488084,21.23993814462725,2025,48.62920199000001,0.12020778,0.056511056,-0.14620243
81.5500488483814,21.186348379194445,2025,48.98980310000002,0.09263165,0.08949532,-0.1469639
81.51519671321216,21.249537524431613,2025,46.69631168000001,0.100349315,0.020235045,-0.13029827
81.6607531273613,21.22182390637818,2025,38.95791440000005,0.18970248,-0.051841922,-0.2020283
81.65689156005497,21.31213014587409,2025,38.73232508000001,0.08852037,0.016084874,-0.12103252
81.59293544668523,21.138101225465164,2025,33.50788151000006,0.2774821,-0.12180226,-0.27163872
81.66637125855291,21.323260609381187,2025,43.03561225999999,0.12522188,0.02335516,-0.1429274
81.66501715948456,21.192720823790594,2025,39.76456712000004,0.13352145,0.042164646,-0.1746728
81.61519603287424,21.218879950353124,2025,38.31532664000002,0.115875944,-0.003348878,-0.14894989
81.71007599518423,21.34527245550221,2025,45.41113616000001,0.11100777,0.05928676,-0.1692652
81.70311167687686,21.253073215552988,2025,42.46480292000001,0.14156823,0.024856597,-0.18156543
81.71293533772386,21.200576577381305,2025,38.67080071999999,0.124477476,0.09388061,-0.15892772
81.61510873290517,21.274899919419116,2025,37.33777292000002,0.115282506,0.0341634,-0.14746279
81.62295916195768,21.322737948132584,2025,44.35154996000006,0.09185574,0.038505983,-0.11018335
81.60092425330087,21.27086995616433,2025,43.05270236000001,0.19236784,-0.08491365,-0.18304825
81.58550476158771,21.35005295911007,2025,48.767631800000004,0.11559881,0.040039413,-0.1556586
81.69812979662278,21.17322498124052,2025,40.70964965000002,0.15111,-0.0015014359,-0.1888562
81.61138974832471,21.146959661560945,2025,34.93661387000003,0.24730048,-0.062396277,-0.24433222
81.62915270861804,21.28521808406677,2025,40.67717846000005,0.07503254,0.059796438,-0.10733438
81.57310913895941,21.262731750730566,2025,44.42503739000006,0.09088769,-0.007831194,-0.11519869
81.52725615419982,21.30395008735992,2025,44.46434462000002,0.13645464,0.03537755,-0.16450003
81.62158459495689,21.16625103764205,2025,34.013748469999996,0.16027981,0.03608788,-0.18900584
81.54406826936425,21.212610169847864,2025,44.081526380000014,0.14211488,0.023532236,-0.17899467
81.61025797032502,21.30193578442876,2025,42.55708946000004,0.09793528,-0.0079667205,-0.11485372
81.64357964757535,21.27176804609499,2025,33.84455648000005,0.3432917,-0.16116916,-0.3191532
81.68779292083208,21.232721831926504,2025,40.803645200000005,0.15091248,0.009741716,-0.17257342
81.54262460758919,21.215344827787828,2025,43.05953840000001,0.017882103,-0.02435002,-0.01602117
81.59732440516899,21.24814608283038,2025,39.35782274000002,0.15470314,-0.010334084,-0.17323399
81.75053614276199,21.238653286066832,2025,35.48520608000001,0.18056579,0.006531252,-0.19213136
81.52999884694731,21.26159244301137,2025,39.978193369999985,0.20542367,-0.08719137,-0.20549516
81.49847793328131,21.30479723961638,2025,44.65062670999998,0.10928172,0.043288622,-0.14646703
81.6404472513622,21.165043826050358,2025,38.05213909999998,0.15337424,0.021159738,-0.16424054
81.67566065042445,21.125638304645285,2025,42.81856799000002,0.12740605,0.08671695,-0.18151638
81.61523091774517,21.224997334825613,2025,40.277270120000026,0.06152695,0.022280557,-0.10102727
81.69323203047928,21.173534574063414,2025,42.22041449000005,0.1453456,0.044954754,-0.18161233
81.67087842092467,21.26988147999775,2025,40.15422139999998,0.07225664,0.06493715,-0.12555534
81.59130143392932,21.344539275362294,2025,49.023983300000054,0.11119826,-0.0054825144,-0.14072344
81.66394934158251,21.28291895301104,2025,38.359760900000026,0.17656974,-0.023385383,-0.17370103
81.64245204617289,21.316959982243205,2025,42.816858980000006,0.0786747,0.05207846,-0.09417972
81.5286396458595,21.291008992631106,2025,39.80729237000003,0.20474185,-0.015534041,-0.22351618
81.53323596015683,21.174501003660584,2025,45.35986586000001,0.13792874,0.042772945,-0.18210176
81.6711089169693,21.358886582081787,2025,30.44875361000004,0.0130581185,-0.03548044,-0.0040426515
81.71970657570489,21.287453377762862,2025,42.034132399999976,0.16326219,0.011024749,-0.18142968
81.4960232147622,21.289375066963242,2025,46.340837599999986,0.118311115,0.04519586,-0.15303622
81.6424424848023,21.172179977628282,2025,37.39929728000004,0.15765677,0.010950253,-0.16411006
81.56019820210773,21.347303571579204,2025,46.27931324000002,0.12498592,0.048973244,-0.15840952
81.54886850299512,21.356698445760102,2025,47.55423470000005,0.12046844,0.064891696,-0.16173112
81.58625758721377,21.35636616077844,2025,48.554005550000056,0.12195691,0.072383106,-0.17176569
81.67363298246698,21.24784267009111,2025,39.019438760000014,0.3872191,-0.20825486,-0.35258526
81.56335091626606,21.224580278546952,2025,44.94286742000003,0.124714516,0.048953913,-0.17352687
81.71103977774071,21.244703101179823,2025,39.607338200000015,0.12719479,-0.0076972204,-0.15614516
81.56895138046603,21.31245342963784,2025,49.45294481000002,0.12368389,0.051795285,-0.16877851
81.59282747997278,21.192463043701387,2025,35.52451331000003,0.28215724,-0.14044009,-0.26192898
81.55935087779699,21.302197191859545,2025,49.15045004000001,0.10628788,0.062302344,-0.14021355
81.67830003682903,21.304097764629617,2025,42.24263162,0.13487223,0.017227689,-0.15079236
81.71290909259072,21.305014860740926,2025,44.85058088000005,0.109635025,0.04104685,-0.15196678
81.50959061445758,21.314017763171197,2025,45.89136797000003,0.11055152,0.07549393,-0.16853699
81.62248332356911,21.205836316314166,2025,37.54969016000001,0.15137598,0.03804071,-0.17886926
81.58027060918606,21.257704671542218,2025,46.41261602000003,0.0651281,0.018031014,-0.09829387
81.6219667404515,21.36917936590315,2025,34.53328751000004,0.24319299,-0.13998146,-0.22881119
81.61121195301635,21.209182087055463,2025,37.75477136000001,0.23023938,-0.041587874,-0.23652191
81.66919673827648,21.202459349473433,2025,41.11810304000005,0.123876855,0.026119234,-0.16208138
81.5942374719268,21.23876929104948,2025,39.36124075999999,0.110930294,-0.003535053,-0.12908562
81.70623161509965,21.28563464899978,2025,42.99117799999999,0.16795942,0.00653513,-0.1769151
81.60930776364485,21.32281213812713,2025,47.03811368000004,0.09069227,0.01680582,-0.12023844
81.61459029105275,21.171887270076454,2025,35.15536715000002,0.23658302,-0.045827333,-0.23704088
81.77187466294454,21.259157016237324,2025,42.59468767999999,0.09604565,0.094451584,-0.12781769
81.59723169701408,21.35952073489358,2025,37.99403275999998,0.054434013,-0.021152306,-0.04111431
81.68359676331985,21.13836778481954,2025,40.92327590000002,0.24254592,-0.08861495,-0.2391066
81.5593969196688,21.322640528278384,2025,35.95689284000002,0.2592552,-0.13447851,-0.25424346
81.55017010088172,21.24233944383454,2025,43.744851410000024,0.18713821,-0.013895276,-0.19559954
81.59328590903596,21.209068823078145,2025,35.162203190000014,0.28199878,-0.13855793,-0.26804665
81.70279389930171,21.33519565039011,2025,41.347110380000004,0.13145842,0.02390282,-0.15923369
81.68047263344558,21.157429574878996,2025,38.63832953000002,0.21887384,-0.019700296,-0.23908256
81.57794566821808,21.309058347551808,2025,46.48952147,0.110971294,0.014301938,-0.12904862
81.75159894458703,21.301517339739846,2025,42.38277044000006,0.11664261,0.0739854,-0.15288986
81.6011001544767,21.25725790313294,2025,40.882259660000045,0.088089235,0.002695984,-0.112221785
81.58195423301879,21.363150061260196,2025,50.746665380000024,0.093727425,0.069816865,-0.13182084
81.70670943926623,21.179937457714473,2025,34.83749129,0.20778933,-0.02444201,-0.2055269
81.69966813752926,21.32684249270414,2025,39.94572218000002,0.04824061,-0.035014194,-0.05372299
81.57499706831645,21.175776756342362,2025,38.13758960000001,0.15402476,0.014274123,-0.17713343
81.57309264342102,21.285576869207308,2025,47.59012390999999,0.11947926,0.007955093,-0.14654726
81.61245596358363,21.251676740015,2025,39.53214176000006,0.08987834,0.009290953,-0.10584877
81.72298390847536,21.190843937874142,2025,39.86539871000002,0.21119753,-0.045147337,-0.22378221
81.57382082020884,21.2407921251684,2025,42.46992995000005,0.16063027,-0.011355133,-0.18232822
81.68087642706489,21.234400540217283,2025,40.2738521,0.21088132,-0.033564266,-0.21249907
81.55394219202688,21.218827842668905,2025,45.30688655000006,0.1188907,0.04087136,-0.16756222
81.75505643218021,21.241424077373548,2025,36.79772576000005,0.1492951,0.043535575,-0.16901636
81.54884055040215,21.349831480583674,2025,46.79372525000002,0.13267954,0.039835677,-0.161784
81.63725607528197,21.19184987308978,2025,38.00599583000002,0.14299862,-0.012279163,-0.17608953
81.67647321225242,21.24907972532292,2025,39.884197820000054,0.075688764,0.0052843397,-0.1063366
81.6153533283688,21.125516481985755,2025,39.76969415000002,0.13663623,0.014913032,-0.17488773
81.70430522870717,21.17890562180187,2025,35.21347349000001,0.2144015,-0.028631486,-0.2143043
81.70876776644359,21.15001872624646,2025,41.897411600000055,0.14166471,0.07193308,-0.174498
81.55433164723495,21.146531277040108,2025,35.309178050000014,0.028762845,-0.034180675,-0.022325674
81.51504677076537,21.209602305704433,2025,44.454090560000054,0.16333333,-0.053664427,-0.17055173
81.60219664519066,21.25703594536172,2025,41.94184586000006,0.0989273,0.013277148,-0.13341784
81.76579539413166,21.211218214929342,2025,41.53510147999998,0.107092686,0.057239264,-0.15246737
81.66164719529928,21.361950461197956,2025,43.045866320000016,0.100484654,6.287463E-4,-0.10348977
81.5720046040436,21.16845146810468,2025,38.622948440000016,0.13801365,0.05643341,-0.17336626
81.64573893178738,21.289275971350513,2025,37.84705789999998,0.14836645,0.023013316,-0.16464114
81.58404756187821,21.332223886223137,2025,38.903226080000024,0.24354872,-0.10913591,-0.23058729
81.53554911325105,21.183986686872313,2025,42.20845142000002,0.100793935,0.0029567438,-0.12662926
81.59195871449865,21.200062098909676,2025,34.42561988,0.26403686,-0.13192989,-0.25255612
81.62391602317447,21.19836444662775,2025,35.39462854999999,0.3173829,-0.15735133,-0.28991482
81.697919830245,21.14406251641463,2025,43.09371859999999,0.1125119,0.06713134,-0.16188891
81.67398586929079,21.251642312730493,2025,40.10636912000001,0.097590156,0.0044645625,-0.13314748
81.67114232045479,21.318650885551083,2025,41.849559320000026,0.12748711,0.039896954,-0.15370877
81.51616649200363,21.240529698612264,2025,47.26712101999999,0.09919311,0.053391747,-0.14178975
81.59520696825705,21.12839924208826,2025,33.23785793000002,0.347631,-0.23566368,-0.32873365
81.7066329052125,21.242975972783057,2025,39.952558220000014,0.17032719,0.016876038,-0.20761877
81.72850950533604,21.20927282821643,2025,38.39052307999998,0.23590706,-0.069287375,-0.24378404
81.62933641851619,21.34811683423906,2025,44.78222047999998,0.10602233,0.033643063,-0.1277577
81.56341555052235,21.26011537427328,2025,48.27885494000003,0.10660184,0.002571439,-0.1364199
81.71989747090927,21.29173280489414,2025,42.11958290000001,0.14405866,0.04448847,-0.17697087
81.64294986476682,21.36258245264052,2025,42.51265520000004,0.049525436,0.010055581,-0.0626224
81.71779335358517,21.230023502284066,2025,40.41740894000003,0.22076303,-0.027067065,-0.2255736
81.51963817082374,21.185517374861448,2025,46.93557308000004,0.1490355,0.045887247,-0.18570468
81.64871116887637,21.153122761003225,2025,41.377872560000014,0.11251952,0.067298256,-0.14639752
81.59506863698779,21.302644599595585,2025,46.13917442000002,0.046064302,0.025078952,-0.08470092
81.63211589890106,21.37161200597097,2025,40.83098935999999,0.052078445,-4.4614973E-4,-0.06740289
81.49059584505173,21.257204474984334,2025,46.03150678999998,0.15850732,-0.0025613513,-0.17056316
81.57505195126026,21.365898644207167,2025,52.86241976000002,0.10634384,0.07586423,-0.14622954
81.61869928162473,21.284155553692095,2025,42.13325498000006,0.06789619,0.023760404,-0.09490565
81.6966085013231,21.165409059370162,2025,41.261659880000025,0.19335979,-0.008972573,-0.21407329
81.55056677854803,21.228583598556856,2025,40.86346055000001,0.20171264,-0.06896317,-0.20915473
81.66404534734812,21.13223133823182,2025,42.81344095999998,0.13399631,0.060638312,-0.17539315
81.61959487453571,21.19368457525874,2025,35.69028728000001,0.23360951,-0.062997624,-0.24208847
81.60750433352106,21.2486300658492,2025,40.328540420000024,0.14444567,0.015395337,-0.16792545
81.6279215997405,21.367495343022682,2025,40.9061858,0.21251546,-0.080786884,-0.2052523
81.64009298950758,21.24958893961978,2025,41.31634819999999,0.11838508,0.025405614,-0.12476241
81.62657841541281,21.314895208232368,2025,40.967710160000024,0.064684674,0.019727765,-0.09047915
81.63980732865627,21.141213592079744,2025,38.46059249000001,0.19631833,-0.011762856,-0.20890643
81.67697075473065,21.30286426973651,2025,42.07856665999998,0.09402882,0.06105336,-0.122488715
81.65572470739413,21.245603773504108,2025,39.13906946000003,0.1903778,-0.043804593,-0.20240003
81.52129087304482,21.335338376422538,2025,47.76444293000003,0.103137754,0.08666831,-0.15417469
81.52255858397417,21.271863200865678,2025,47.51492747000003,0.104744546,0.07133965,-0.14959696
81.65842138062871,21.306008687138316,2025,39.12539737999998,0.15103279,0.019911576,-0.16641702
81.67536786921508,21.34282765020328,2025,44.64208166000003,0.10069799,0.024534333,-0.13459983
81.56837450704707,21.341222601435604,2025,45.424808240000004,0.18259393,-0.03135228,-0.19646676
81.51980163600318,21.241704904298082,2025,47.55594371000001,0.12280702,0.060002506,-0.15052322
81.64375986833392,21.167697745759575,2025,38.78359538000001,0.2263816,-0.025536837,-0.22633576
81.64078201921791,21.193093138781652,2025,38.16151574000003,0.10958858,0.016293125,-0.14830129
81.70936034856359,21.346432656525863,2025,44.601065420000054,0.10527472,0.07102614,-0.14638501
81.69211812523119,21.323881669421073,2025,40.56780182,0.0951257,0.011631839,-0.13554253
81.74129333813416,21.26954989305463,2025,41.77778090000004,0.09377574,0.07361148,-0.124470785
81.72855533861893,21.210045907664156,2025,36.924192500000004,0.26576513,-0.07645096,-0.27352837
81.70734806688108,21.177391962396957,2025,36.34142009000004,0.18507257,0.012179466,-0.20064816
81.68435243581048,21.267843113028675,2025,40.45158914000001,0.14748527,0.029569153,-0.16372703
81.75612454790965,21.25413574367366,2025,40.89934976000001,0.1360898,0.026390893,-0.17268549
81.56640597905246,21.34154128747886,2025,40.19011061000003,0.2441803,-0.12548952,-0.24394411
81.52387025411399,21.255290769532575,2025,43.86960914000002,0.13470294,-0.0061220746,-0.1633523
81.65764362033102,21.189002690212465,2025,39.274081249999995,0.19081412,-0.024594355,-0.20461337
81.74247747850097,21.21413404427573,2025,37.348026979999986,0.28168353,-0.10631415,-0.2769899
81.73503826806896,21.22895137519673,2025,36.87634022000003,0.1874496,0.010748748,-0.19949645
81.62817924338908,21.27849171935779,2025,37.94959849999998,0.107198775,-0.0071562566,-0.1323673
81.68543386886704,21.17652570160903,2025,42.29561093000001,0.12524313,0.057955623,-0.16410911
81.5202426702036,21.18414626606639,2025,46.142592440000044,0.11135221,0.06093387,-0.1517991
81.58118210954635,21.29762727155797,2025,48.08402780000006,0.11890555,0.031383276,-0.14550386
81.76812108483789,21.246751077651833,2025,42.77584274000003,0.038516406,0.017955158,-0.043805003
81.6019161021955,21.283226647636166,2025,44.748040280000055,0.09520204,0.004741275,-0.11560826
81.60780577316929,21.169890683995643,2025,31.839887750000003,0.31421265,-0.123387076,-0.27958086
81.52309355750276,21.336201573014826,2025,47.70291857000001,0.10640902,0.08443673,-0.15781575
81.73424043273812,21.210073732472203,2025,37.016479040000036,0.12264298,-0.0035173255,-0.14490047
81.6676034730854,21.2117299796759,2025,39.634682360000056,0.13289227,0.072336696,-0.15376227
81.57749907542475,21.27375669250821,2025,44.18235797,0.09430118,0.019902684,-0.13029246
81.54135402060663,21.198902922673234,2025,47.55765272000002,0.06616111,0.13563363,-0.11721062
81.58038243483989,21.30424374103073,2025,47.692664509999986,0.081100605,0.031538475,-0.11008814
81.66777506143838,21.12930875083804,2025,42.48360203000004,0.15316881,0.004185496,-0.1741182
81.75767297491953,21.245271679944427,2025,40.87884164000002,0.14936654,0.057438016,-0.16858785
81.66416529867301,21.335541260627547,2025,43.11422672000003,0.09108077,0.025340034,-0.11804548
81.73123452679297,21.25781807306374,2025,40.32170438000003,0.15605564,0.05659049,-0.18958311
81.52642123785766,21.31617211118712,2025,41.98628012000006,0.20684402,-0.03317641,-0.22599883
81.64347069671894,21.232578015339744,2025,38.52040784000002,0.15477668,-0.01895313,-0.16525821
81.580444868081,21.131912278356083,2025,36.27135068000001,0.23612614,-0.04301791,-0.23232804
81.58451743406204,21.232755795584463,2025,42.833949080000025,0.13880354,0.031628523,-0.16424277
81.69444649099712,21.30113701648544,2025,41.50433930000003,0.12635683,0.050426938,-0.14937598
81.59594074876968,21.304837866152724,2025,45.22998110000003,0.086721405,0.015220074,-0.117601685
81.57331865623044,21.182807878953504,2025,37.43689549999999,0.12327685,0.025961898,-0.15734576
81.73639628494037,21.323671335777497,2025,42.61861382000001,0.15925077,-5.111821E-4,-0.18133464
81.7029233442286,21.23708806114626,2025,39.54581384000005,0.21903157,-0.06509217,-0.22761978
81.63637240698486,21.271395088723796,2025,38.84170172000006,0.19368812,-0.058871962,-0.19368812
81.5695032593629,21.32090750698748,2025,40.36955666000006,0.2359039,-0.11946918,-0.2349827
81.73870394395715,21.29104934283569,2025,44.85058088000005,0.08703896,0.0925218,-0.13993098
81.59239603305332,21.21240528798721,2025,33.504463490000035,0.05667579,-0.05779141,-0.03814082
81.60508026110763,21.182313161418836,2025,34.856290400000034,0.31854853,-0.13125068,-0.2820486
81.77200554706754,21.261707893824244,2025,37.26941252000006,0.20122877,-0.066644214,-0.2044262
81.76292470276225,21.2037063400691,2025,40.34221250000002,0.13873076,0.063193806,-0.17056784
81.60842447315157,21.357310238814616,2025,44.674552850000055,0.18448006,-0.047556486,-0.19355537
81.55196757046976,21.266356637477013,2025,46.48610345000003,0.09659497,0.043445148,-0.12898876
81.5605209492327,21.237030379128313,2025,39.60050216000002,0.17418456,-0.029653618,-0.18931516
81.61554283320925,21.29557607711248,2025,42.898891460000016,0.06037617,0.011176692,-0.07100109
81.55803802422335,21.289239590885508,2025,48.138716120000026,0.09035314,0.06288325,-0.12337849
81.76116875315043,21.226648800234408,2025,39.20401184000002,0.13354883,0.018861992,-0.16264342
81.51933597481529,21.287553572194934,2025,47.624304110000026,0.113760814,0.07213477,-0.15664849
81.69900809997083,21.253800303759704,2025,42.29048390000003,0.0861747,0.07512396,-0.13640893
81.64656186199605,21.216771023257756,2025,40.851497480000035,0.08679381,0.03836724,-0.124674164
81.61441107230053,21.33561438811477,2025,44.84032682000003,0.0837057,0.023726046,-0.10602526
81.5740832299396,21.33351031061618,2025,39.74234998999998,0.17129302,0.00555607,-0.20026824
81.59581758462558,21.33452685738583,2025,47.861856500000044,0.10485049,0.033641126,-0.12918016
81.58217045094015,21.166537803741054,2025,39.55948592000004,0.12585165,0.06676612,-0.15927614
81.63910655838346,21.37743026735268,2025,45.52393082000003,0.04054866,0.06090178,-0.04552085
81.70928638117672,21.160720980158928,2025,41.40692573000001,0.16950807,0.041366007,-0.19754386
81.71646740236417,21.282159879430342,2025,41.27874998000004,0.06193515,0.07117507,-0.11793717
81.64001736947041,21.360053690871073,2025,43.23043940000002,0.07319383,0.024537235,-0.09137878
81.69182040599534,21.350309323830515,2025,39.92863208000006,0.16282722,-0.012767898,-0.15672062
81.65337266880313,21.16357087209385,2025,38.937406280000005,0.13625109,0.013809226,-0.17365684
81.73002198408443,21.26211200369115,2025,39.25528214000002,0.12417297,0.009979397,-0.1522236
81.74841233547808,21.3176470337769,2025,41.733346640000036,0.120812885,0.03777903,-0.14316113
81.6790324309797,21.312600934664385,2025,36.13804790000006,0.3608038,-0.18217762,-0.32481253
81.71229512277448,21.317943621866014,2025,43.78757666000001,0.1326348,0.06094234,-0.18486834
81.69816740069936,21.213110062547567,2025,37.53943609999999,0.22961056,-0.055007145,-0.23086831
81.53620342821746,21.22279617589515,2025,45.01635485000003,0.12044137,0.024330663,-0.15218186
81.50705540933399,21.265200404517227,2025,40.19694665000003,0.22961773,-0.05312972,-0.2289435
81.58989060551406,21.167967708743348,2025,37.71204611000002,0.15333977,0.0061964365,-0.17933053
81.5902405625081,21.287174773910703,2025,47.39016974000003,0.09839799,0.019213239,-0.12980615
81.58387864903868,21.359266631673805,2025,47.02273259000003,0.114532925,0.042054486,-0.15692572
81.56779783376528,21.283485215579994,2025,47.23806784999999,0.0918036,0.039988924,-0.13046844
81.74442240685057,21.251264220792436,2025,40.43449903999999,0.15571477,0.010068079,-0.1844883
81.71436019609538,21.320180691423847,2025,38.759669239999994,0.14963032,0.03367092,-0.1591985
81.64235832947013,21.29809633503073,2025,42.52974530000006,0.107742555,-0.011973528,-0.11207332
81.62958761037241,21.304601865405726,2025,41.56244564000002,0.073976114,0.009058976,-0.09692207
81.7058886731687,21.309925922114683,2025,40.393482800000015,0.1596512,0.04644438,-0.18608236
81.73141450119877,21.30548750673243,2025,42.35884429999999,0.115124315,0.07482835,-0.16317348
81.67830913766393,21.17583870449646,2025,41.106139970000015,0.17277838,-0.005923395,-0.18960765
81.73440047712711,21.194885572385765,2025,38.54091596000001,0.19684026,-0.020511413,-0.20754445
81.56921872442904,21.154212147023404,2025,40.12687724,0.107093774,0.04771143,-0.15802278
81.67325757571822,21.230085374484954,2025,41.029234520000045,0.09532565,0.035434052,-0.13418518
81.64118610165801,21.351034005656633,2025,44.43016441999998,0.07918002,0.039744426,-0.120221205
81.62994235248793,21.236856121327552,2025,39.638100380000026,0.13337328,-0.0064144684,-0.16917485
81.53005883219095,21.310941526430412,2025,45.07446119000002,0.13335247,0.042620618,-0.16197653
81.72550752302693,21.2030712099131,2025,37.84022186000004,0.19252045,0.007084175,-0.23070246
81.68506351013032,21.142828960264694,2025,42.55538045000003,0.14102913,0.09764088,-0.19568898
81.50416240062009,21.314805251688092,2025,45.90333104000001,0.09477663,0.067511596,-0.15477744
81.66245564133412,21.30384995152427,2025,38.28456446000001,0.14698054,0.024478246,-0.15311925
81.55188144154233,21.170487228705348,2025,42.99117799999999,0.14670165,0.048990067,-0.1923467
81.52220312736594,21.16410783201927,2025,47.21585072000005,0.11673519,0.046778917,-0.14533287
81.53412218357718,21.2009557791806,2025,47.09622002000003,0.123984724,0.06342733,-0.16813968
81.52647320110923,21.23892354004687,2025,50.22541733000003,0.11763176,0.055051345,-0.15435521
81.68230076309062,21.1600925634598,2025,38.39565011000002,0.18732631,0.04048022,-0.21911438
81.66410413821464,21.12606257575398,2025,42.117873890000055,0.12478809,0.06562371,-0.15555725
81.63121349100781,21.36268307203331,2025,42.50240114000002,0.102718264,0.026210507,-0.121136464
81.56458832199478,21.351596770881322,2025,44.98217465000005,0.1045611,0.043348636,-0.13790046
81.60314796920528,21.2105239899902,2025,35.724467480000044,0.2006204,-0.051736508,-0.21106756
81.65593926269014,21.199250461545475,2025,39.32364254000004,0.162668,0.032742154,-0.19190148
81.73518326596722,21.202779750753074,2025,35.66636114000005,0.082553566,0.0039827814,-0.09138197
81.75382323114555,21.2254115447607,2025,37.597542439999984,0.16544846,0.031018548,-0.17551741
81.74310968541637,21.280561791036035,2025,41.27191393999999,0.12536463,0.07815135,-0.17009813
81.58363852982298,21.34608029711397,2025,46.04176085000006,0.11658937,0.05110131,-0.15987252
81.63548452254506,21.238180873544856,2025,40.82415332000005,0.07752192,0.017285425,-0.114162125
81.56077588888871,21.217086611755605,2025,34.12825214000003,0.2928063,-0.15056905,-0.27785534
81.57785802725256,21.175775730077135,2025,36.99255290000002,0.17739797,-0.0020062695,-0.19715355
81.61956350934882,21.13965529416003,2025,37.22839628000003,0.16149476,0.040981494,-0.20233867
81.62906408782517,21.36594096978617,2025,40.70794064000006,0.097852595,0.0151707595,-0.13310331
81.64384277035168,21.33970000681362,2025,43.25436553999998,0.05990146,0.0045057843,-0.080352426
81.71755736589049,21.200452004860534,2025,38.937406280000005,0.131968,0.07659507,-0.15942144
81.58357164860304,21.195751632911076,2025,37.40613331999998,0.14491765,0.044524956,-0.17988537
81.55997284536134,21.364305510333008,2025,46.44679622000001,0.10514643,0.051012434,-0.1452649
81.65890914918141,21.187046571580492,2025,39.347568679999995,0.1606024,0.028277207,-0.19160853
81.67142778112878,21.20912361026105,2025,41.439396920000036,0.059631575,0.10378932,-0.14701845
81.71656895597408,21.178147214635825,2025,41.109557989999985,0.13826884,0.07591907,-0.17118849
81.69907332098771,21.144460699504638,2025,42.29561093000001,0.13268586,0.07787682,-0.17926875
81.58969949338793,21.380969282077128,2025,43.84226497999998,0.29489917,-0.18574779,-0.28151166
81.62966110471444,21.185903625202183,2025,38.49135467000002,0.18469565,-0.018237518,-0.1806627
81.71063013367487,21.263918484257164,2025,39.13565144000006,0.083632745,0.07438468,-0.13778807
81.56862650026721,21.36200988057195,2025,48.81035704999999,0.11190412,0.064163774,-0.15962994
81.70980624213269,21.277391928319812,2025,39.20401184000002,0.2066736,-0.049919173,-0.20878467
81.65352936397723,21.136975777238188,2025,41.136902150000026,0.17150638,0.0168093,-0.19351356
81.65597091980504,21.306796782313608,2025,38.46571951999999,0.115631945,0.014154355,-0.13271604
81.67158193837611,21.16158391875114,2025,39.952558220000014,0.17832996,0.049763363,-0.2067202
81.62510402042979,21.282945172518584,2025,39.63126434000003,0.12103968,0.04114184,-0.14091176
81.7712002448872,21.25739532524796,2025,38.065811180000026,0.1673291,0.017450796,-0.19130276
81.64443212117075,21.227404774791573,2025,36.24742454,0.18711507,-0.09088878,-0.16298825
81.65617589743711,21.12344216443976,2025,41.06170571000001,0.14453125,0.045031846,-0.1780741
81.61329618213466,21.330728706444738,2025,47.12356418000002,0.09567991,0.02717711,-0.11998814
81.75587303654994,21.260566737744615,2025,40.84124342000001,0.13006036,0.016589804,-0.15745033
81.70662866082955,21.328222008949517,2025,40.62932618000002,0.08613635,0.06738127,-0.13444404
81.69613547500035,21.28529826103711,2025,39.23477402000003,0.13077658,0.03761138,-0.14083463
81.67810914279005,21.261933794114807,2025,39.23819204000006,0.14001827,0.037632164,-0.15737806
81.50620294026199,21.237337705113422,2025,45.385501009999984,0.08657766,0.03187218,-0.12623316
81.61025541902005,21.316646044574302,2025,44.40794729000004,0.06469524,0.021762807,-0.088994764
81.55565319428783,21.304307823026242,2025,44.68651592000003,0.12307356,0.029980127,-0.14796042
81.53984000032393,21.237260274752533,2025,44.595938390000015,0.15244484,0.025930937,-0.17682084
81.5463507018651,21.28905753466624,2025,47.45853013999999,0.12567538,0.03511499,-0.16074869
81.62557607409397,21.244696414726643,2025,41.77436288000001,0.09167244,0.033883285,-0.11249804
81.55068452996301,21.16566311470147,2025,47.99857730000002,0.13052976,0.07354916,-0.19380988
81.48818806452229,21.244212633793317,2025,47.41238686999998,0.11852058,0.02380125,-0.15136364
81.74944486301833,21.29408664911404,2025,40.53362162000002,0.20729332,-0.032312818,-0.20645067
81.7111491681268,21.321640633187997,2025,41.16595532000002,0.14126873,0.05262836,-0.16459405
81.64149729691925,21.266756545034912,2025,40.70794064000006,0.13274668,-0.01749075,-0.1549769
81.68810773710594,21.1431644066974,2025,42.772424720000004,0.1050294,0.07794984,-0.14335838
81.55621367428856,21.334220311933052,2025,39.63639137000001,0.21513699,-0.027455805,-0.21891078
81.62080751435914,21.32920201841312,2025,44.638663640000004,0.08793938,0.019500721,-0.114397824
81.67077574011408,21.17601790262019,2025,39.69620672000002,0.13686875,0.036368713,-0.17359246
81.66377781619678,21.263251873113973,2025,40.766046980000056,0.10689951,-0.0054112556,-0.12974082
81.74436965264438,21.18032836817836,2025,40.919857879999995,0.11333579,0.07666676,-0.16506079
81.58664957297914,21.333266437152705,2025,44.366931050000005,0.11645057,0.011852463,-0.13786624
81.51708766298287,21.245010400358012,2025,44.74974929000001,0.18500295,-0.018221742,-0.20259339
81.59380444897776,21.190672254157242,2025,34.49398028000002,0.18091415,0.013850585,-0.19738765
81.67578336495825,21.186214498306594,2025,40.46526122,0.12328161,0.053889614,-0.16073503
81.5036210425233,21.228219371836783,2025,44.97362959999998,0.14145906,0.050103176,-0.18955982
81.5851428613143,21.325150156720966,2025,46.173354620000055,0.0992441,0.03291977,-0.13684538
81.58709568339063,21.28092101317166,2025,50.01520909999999,0.13582462,0.01757819,-0.15497203
81.57231637630586,21.172426540204967,2025,37.036987160000024,0.2169227,-0.05092019,-0.22601798
81.55381218196868,21.342283454342454,2025,43.81662983000001,0.128328,0.03732506,-0.18372297
81.52413683319642,21.246663615305156,2025,45.56152903999998,0.14028035,0.023639077,-0.17184015
81.50137408504403,21.286587894459363,2025,44.219956190000005,0.1215422,0.037174597,-0.15599842
81.63967545432988,21.22625770040075,2025,39.44669126000002,0.10511386,0.012536823,-0.12904868
81.53356489588462,21.17276668745625,2025,40.30119625999998,0.2193062,-0.036951296,-0.23460193
81.65011527723831,21.250961590063906,2025,41.183045419999985,0.10184938,0.0014858841,-0.120695
81.64756531815836,21.193612879220016,2025,39.22622897000002,0.15917556,-0.042419314,-0.17427059
81.5637608492833,21.36920900094702,2025,45.04711702999998,0.12529281,0.04564396,-0.15604946
81.76221714339081,21.267671260896243,2025,41.88715754000003,0.10106607,0.08156175,-0.14695112
81.52772568123407,21.230395401316407,2025,43.80808478000006,0.15247335,-0.0037407288,-0.1717803
81.57770526755893,21.301981204718693,2025,47.991741260000026,0.10029342,0.03750312,-0.13182
81.69197603610738,21.370986312272166,2025,44.16697687999999,0.073081195,0.03932434,-0.09533769
81.61800192047515,21.266149218808437,2025,39.85001762000002,0.10797722,0.002754821,-0.12572823
81.7488235508361,21.219635122130832,2025,35.92613066000001,0.10363629,0.009597652,-0.1118435
81.57244982544671,21.160686978792373,2025,40.472097260000055,0.11839246,0.082002304,-0.16888563
81.6467553769115,21.295609358146603,2025,39.41934709999998,0.0870643,0.023021875,-0.11559958
81.63125709250387,21.242683905405375,2025,40.93352995999999,0.08920528,0.010052272,-0.11338595
81.66718241018643,21.322184634703795,2025,42.34859024000002,0.10432736,0.03994963,-0.14470178
81.5345459723801,21.287106453308773,2025,46.07935907000001,0.11049207,0.048503965,-0.13902608
81.62951994720318,21.332322571241285,2025,44.026838060000046,0.056356825,0.025691936,-0.074914575
81.5749839247407,21.158074621382557,2025,38.75796022999998,0.12395173,0.060236685,-0.16695751
81.52393248917667,21.33710673583989,2025,46.962917240000024,0.088112585,0.08898333,-0.12806202
81.55285524096989,21.177758599764978,2025,46.84328654000001,0.1104234,0.063204706,-0.15146172
81.71458198172012,21.190137156534732,2025,40.40886389000002,0.21857834,-0.0439813,-0.22744903
81.58565236412824,21.226930545988967,2025,39.42447413000002,0.14856659,-0.018877365,-0.16534743
81.58188340762054,21.202920091781817,2025,38.85879182000002,0.15996039,-0.010835864,-0.18119
81.5504980014681,21.18847352509595,2025,48.97954904000005,0.091248326,0.064098306,-0.15191379
81.64940220509206,21.31025650330679,2025,42.23921360000003,0.06325131,0.005433552,-0.09482866
81.62624248714792,21.26402433820266,2025,41.55902762000005,0.09622116,0.0028589994,-0.13191961
81.69062656992057,21.33938095151158,2025,46.49464850000004,0.03143966,0.05951193,-0.035923056
81.56403394369413,21.238585935018033,2025,44.81810969000003,0.1114784,0.024123743,-0.14388633
81.61716869986063,21.124295929426186,2025,39.487707500000056,0.168149,0.01560709,-0.19639923
81.58129627281286,21.139118531988604,2025,37.03527815000001,0.19330247,-0.009285943,-0.21694571
81.66025674736768,21.318627414653132,2025,40.38664676000002,0.20674281,-0.072026685,-0.19482632
81.53943390268851,21.352134345547345,2025,48.376268510000045,0.10490958,0.08360536,-0.16330577
81.61772344972266,21.295231418689198,2025,44.21824718000005,0.066305935,0.019468468,-0.0836643
81.75393858170597,21.215389207697484,2025,38.038467019999985,0.10538108,0.010470492,-0.12551233
81.65435982311487,21.124228212235376,2025,41.18475443,0.19298245,-0.0021009042,-0.20888889
81.61394588302757,21.137906156371933,2025,35.99961809000001,0.24678989,-0.09330368,-0.24184425
81.58136778128163,21.263093747829732,2025,46.83303248000004,0.09163534,0.0049971445,-0.1124147
81.64503723384308,21.13902483631363,2025,40.19181962000005,0.12548833,0.042441197,-0.1601465
81.65818047899097,21.22251143827682,2025,39.88077980000003,0.13278362,-0.016877772,-0.15961434
81.54471663997923,21.20155244022993,2025,46.36476374000006,0.14877632,0.021966662,-0.17544745
81.5339438863634,21.306827540391716,2025,43.20480425000005,0.10769659,0.016679035,-0.13228352
81.58094483359767,21.287048643610916,2025,49.69562423000002,0.10011644,0.044884756,-0.12104934
81.71113525079613,21.294322592986042,2025,41.12152106000002,0.12634906,0.029008208,-0.15890227
81.59767206754888,21.295267348699518,2025,47.05349477000004,0.098365225,0.02091331,-0.11477406
81.55438091015797,21.305132236892888,2025,44.522450960000015,0.15444854,-0.011823469,-0.16712329
81.55658242978963,21.343193324428704,2025,48.03788453000004,0.11775327,0.033924755,-0.14558694
81.55398742831854,21.2357713157663,2025,46.246842050000055,0.13685402,0.025215609,-0.16997933
81.71708460859833,21.172755022869097,2025,40.44304409000006,0.19081037,-0.003281465,-0.21374996
81.50094502509414,21.214486461647773,2025,48.046429579999995,0.15175703,0.059409615,-0.19757085
81.53731435153102,21.307583055576085,2025,40.70964965000002,0.15894791,-0.057990614,-0.18069506
81.60422050002761,21.180213101693035,2025,35.28183389000003,0.31066328,-0.1329909,-0.27624127
81.49342668992756,21.20999296909231,2025,48.72319754,0.12042936,0.06673973,-0.16651645
81.70440576451742,21.291893689079775,2025,41.28900404000001,0.15374209,0.039829604,-0.17948718
81.69678082034251,21.154023368096553,2025,40.07902496000003,0.1685242,0.049296763,-0.20402467
81.58804847136994,21.19939424421765,2025,37.94618048000001,0.14540207,0.036634155,-0.17424893
81.63988234274697,21.2972694182101,2025,43.24752950000004,0.086712115,0.012820513,-0.103920296
81.70830143755902,21.2300853943487,2025,39.10147124000002,0.16190839,0.025600154,-0.18048742
81.70251530866084,21.26297087443217,2025,42.06489457999999,0.12543207,0.057559222,-0.13490124
81.7417651423585,21.177558078433677,2025,40.090988030000005,0.13087657,0.08787456,-0.17636481
81.68322306354675,21.255585017126098,2025,40.044844760000046,0.15530165,0.03301456,-0.18509947
81.52714317766736,21.199586281176128,2025,44.12596064000002,0.12740187,0.040959105,-0.16197889
81.59525084065756,21.195320601625934,2025,36.637078820000056,0.16325574,0.03177354,-0.18649192
81.7515406713461,21.202747774679523,2025,37.90174622000001,0.12422544,0.07557928,-0.150927
81.56220510113387,21.266623959482065,2025,46.737327919999984,0.13247442,0.005506587,-0.1348546
81.60681213633728,21.15219848158422,2025,34.91952377000001,0.09704254,-0.06400999,-0.09122494
81.6307571809852,21.30377322155213,2025,42.41011460000004,0.08056225,0.007415059,-0.10058494
81.54350342636698,21.355072957983637,2025,49.50934214000006,0.081655614,0.087460935,-0.12774262
81.62626126655348,21.22473271309781,2025,39.867107720000035,0.09386591,0.023930753,-0.12372229
81.64132247942722,21.289195964143797,2025,40.04142674000002,0.101005375,0.031103186,-0.123240836
81.724495400534,21.273904122000125,2025,42.522909260000006,0.11617741,0.06826046,-0.1467286
81.59360346120471,21.14266619057118,2025,35.64414400999999,0.30983394,-0.13949616,-0.28666678
81.6068619858833,21.1623152976814,2025,36.208117310000034,0.27299502,-0.12587917,-0.26800814
81.64323233448394,21.194577889048684,2025,39.38516690000006,0.09373852,0.01806353,-0.14186104
81.56260310016181,21.363896953613054,2025,47.66190233000003,0.096910596,0.090727784,-0.14695737
81.63214413730874,21.13728925006471,2025,37.52747303000001,0.17135368,0.05520719,-0.19943424
81.6115330800058,21.31374025069526,2025,44.50023383000001,0.058588207,0.020147322,-0.08019489
81.58623422846033,21.304072907375904,2025,47.415804890000004,0.10337942,0.037980434,-0.123348214
81.5227804048099,21.284816559961712,2025,44.44725452,0.1129266,0.05754639,-0.15330745
81.59145246315745,21.182471641574292,2025,39.63126434000003,0.15589099,0.03040816,-0.19026646
81.54888473655713,21.292586506888597,2025,43.24240247,0.17333281,4.4680535E-4,-0.18449229
81.55378795537068,21.255635993568287,2025,47.02102358000002,0.11787011,-0.015537965,-0.13886492
81.76534330441808,21.25375336602424,2025,41.572699700000044,0.15405953,0.023099378,-0.17497997
81.51663788067106,21.29275820167428,2025,46.18360868000002,0.097241,0.07835266,-0.1411993
81.71074074803488,21.274746021578984,2025,40.57463786000005,0.10183698,0.007455878,-0.1419161
81.5292729532685,21.19883797544348,2025,45.404300120000016,0.14336866,0.034732927,-0.18209751
81.62025724390784,21.190817789853163,2025,34.17610442,0.25232816,-0.061155472,-0.2504105
81.65401046426872,21.36735885090371,2025,43.80466676000003,0.096480295,-0.014823362,-0.09837641
81.59671528427475,21.19125042595719,2025,34.587975830000005,0.2585581,-0.12146391,-0.25169614
81.64877129297155,21.20046327803448,2025,34.30598917999998,0.18671976,0.010030667,-0.19823687
81.71084094269948,21.225373292035524,2025,38.07264722000002,0.3436478,-0.15597774,-0.31920183
81.75038465827745,21.23058808870094,2025,40.687432520000016,0.1394063,-0.004112382,-0.1582556
81.58622778721289,21.16396433468976,2025,39.17154065,0.14367297,0.04754455,-0.17542572
81.5141174425574,21.193735375544556,2025,41.08050481999999,0.17904656,-0.033935897,-0.20161006
81.65923307031589,21.305965907887767,2025,39.38858492000003,0.14137034,0.008159387,-0.16357206
81.67731860510757,21.240967843427654,2025,39.904705939999985,0.15845697,-0.025378378,-0.17772163
81.54763555551627,21.168050768143345,2025,46.96633526000005,0.12209597,0.05518145,-0.16361453
81.50766162066026,21.260844320409692,2025,42.86983829000002,0.16658561,0.009055756,-0.18624756
81.5342343389544,21.17995759655478,2025,47.37991568000001,0.13683996,0.07372202,-0.18372823
81.6552879271967,21.339088401762137,2025,41.753854760000024,0.074318364,0.008721945,-0.09370857
81.56672789048417,21.16176207889511,2025,38.038467019999985,0.12721771,0.057551887,-0.17337151
81.74483538240436,21.27590094659346,2025,40.22258180000006,0.15035501,0.04741044,-0.18981965
81.60291026362776,21.209895370041288,2025,35.44077182000001,0.2521464,-0.07489898,-0.24051483
81.66227361364655,21.374750892941037,2025,42.76900669999998,0.06821947,9.397613E-5,-0.070530236
81.66045484350653,21.312620176149245,2025,40.772883019999995,0.09010747,0.044444446,-0.12258797
81.72188672576772,21.23212891294821,2025,39.29971640000002,0.16054595,-9.409403E-5,-0.18959856
81.71603738406502,21.30123410312151,2025,42.41011460000004,0.15880992,-0.002449543,-0.15622762
81.67108256369355,21.31782573950585,2025,42.20503340000005,0.11647683,0.04926092,-0.14341642
81.55154185801743,21.259364579068553,2025,47.373079640000014,0.09023724,0.053188585,-0.121902876
81.59139174819707,21.144015451536248,2025,35.70395936,0.29755205,-0.13809049,-0.2810042
81.5522612175831,21.24000675204626,2025,40.39177379,0.23679559,-0.07857132,-0.24387555
81.61979420415558,21.248765396712027,2025,39.67911662000006,0.2161506,-0.08584006,-0.21924733
81.65933814705657,21.26774723249752,2025,37.09167548000005,0.14621156,0.018867925,-0.1595092
81.59556510091684,21.31559928145217,2025,49.36578530000003,0.060420547,-0.0028949024,-0.079333544
81.66974934043174,21.14473916743183,2025,42.24263162,0.18199763,0.022990892,-0.19906068
81.65861957798595,21.282645567369666,2025,38.14100761999998,0.11868914,0.058641568,-0.14566062
81.60707328163987,21.199757903303304,2025,37.63855868000002,0.13600057,0.039847914,-0.16893862
81.54043280008614,21.199229645988908,2025,47.18167052000001,0.15892367,0.035054564,-0.19718629
81.65276746597925,21.29406428514681,2025,38.17518782000002,0.1713832,-0.00721238,-0.17229013
81.60097115404581,21.22350025729869,2025,39.22451996000001,0.0940052,0.013310433,-0.12413923
81.6286046007607,21.358315617611698,2025,40.55412974000001,0.22400926,-0.108380616,-0.21278027
81.77220528964462,21.239014704432485,2025,41.42572484000004,0.13465461,0.032867547,-0.16206843
81.58102607476982,21.31716455613628,2025,45.69141380000002,0.065118335,-0.0053575817,-0.06342934
81.63448561298554,21.218406554310214,2025,35.17416625999999,0.11670516,-0.032602504,-0.13186641
81.52249593540563,21.326582338136483,2025,43.26461960000006,0.12832429,0.042693444,-0.16869736
81.58997285314237,21.1523445374054,2025,35.49546013999998,0.17057115,-0.028476167,-0.17464203
81.54087368782439,21.22822822064308,2025,44.83690880000006,0.16875558,-0.0038326946,-0.18442784
81.59178636473197,21.22516924989981,2025,38.069229199999995,0.09494415,0.02925272,-0.12401931
81.7115859941606,21.154663173483716,2025,42.00678823999999,0.116505206,0.055986747,-0.15317881
81.58156981969941,21.158894315940085,2025,39.20742986000005,0.20071892,-0.0020757262,-0.21202902
81.7083203014851,21.290379749110464,2025,42.69722827999999,0.08860483,0.039274924,-0.121356495
81.71546263219662,21.246393336584873,2025,39.60050216000002,0.13620481,0.023713235,-0.16857971
81.66157043806442,21.371513948543,2025,41.60004386000003,0.06278411,-0.0093267625,-0.07804072
81.75405432353422,21.304372481640527,2025,42.02729636000004,0.10890302,0.050256856,-0.14754711
81.74423740668749,21.183989369679683,2025,41.23260671000003,0.17904927,0.037208516,-0.20955472
81.6473966796843,21.317753454575524,2025,43.23043940000002,0.06407624,0.008268892,-0.088899165
81.64067471937229,21.33226882891055,2025,42.97066988000006,0.090533145,0.03891092,-0.12051656
81.58700545847235,21.37713181370636,2025,45.47607854,0.1078176,0.04668117,-0.14320423
81.69241709348135,21.316774627544287,2025,39.90812396000001,0.060860347,0.10361985,-0.12061458
81.63281347516259,21.192309989081387,2025,38.15467970000003,0.15521139,0.028253518,-0.17750585
81.66706780174965,21.150115453992473,2025,36.83190596000003,0.3166606,-0.15842862,-0.2961025
81.51404155237904,21.174136193653723,2025,49.08550766000002,0.114599146,0.1000752,-0.16714229
81.65288447887254,21.172326577266578,2025,41.770944859999986,0.13321799,0.059784684,-0.16319051
81.52066584471828,21.283197946595653,2025,42.62544986,0.15378791,0.0316733,-0.17378524
81.73373005153306,21.305924964699436,2025,41.12152106000002,0.13350897,0.06699097,-0.16345698
81.65537495418918,21.309657953650667,2025,39.11856134000004,0.10644587,0.02347826,-0.13606474
81.62925573758005,21.143636022932203,2025,40.26359804000003,0.14607279,0.044816382,-0.17711501
81.52829223236833,21.320948855931817,2025,43.63889279,0.12647144,0.030589253,-0.14542511
81.61938580172622,21.363870230763556,2025,44.94970346000002,0.12487294,-0.0057562417,-0.14686339
81.68350966054,21.30166724775332,2025,37.57703432000005,0.16451925,0.008637828,-0.16208614
81.52343946910882,21.220113329629882,2025,41.10784898000003,0.13822718,0.0058717714,-0.15834849
81.56955578646009,21.215733674773404,2025,48.95562289999998,0.1270309,0.02902429,-0.14857352
81.54995485046634,21.294241689257976,2025,36.84728704999998,0.2696944,-0.11719725,-0.25727707
81.73764108270827,21.213808388453145,2025,42.639121939999995,0.13788678,0.05937822,-0.16786185
81.57525230726438,21.27672127929975,2025,45.15991169000006,0.13573451,-0.0021337497,-0.16198331
81.59561398134711,21.214798572417013,2025,35.48349707,0.28271174,-0.097178124,-0.2722904
81.75061915041083,21.20853716097345,2025,38.77675934000001,0.118388094,0.06359049,-0.15003547
81.6396724855361,21.255451549564107,2025,40.25334398000001,0.11406197,-0.0068380744,-0.1297909
81.50156037644814,21.226133666466772,2025,38.64687458000003,0.22782724,-0.08276798,-0.23089354
81.65179916147737,21.136327225940004,2025,39.90641495,0.2333148,-0.04901343,-0.22819449
81.56305775501355,21.29060627307291,2025,46.22804294000002,0.11852051,0.01844616,-0.13609593
81.72933091934043,21.213286003617114,2025,36.760127539999985,0.14894077,0.023225846,-0.17554095
81.59053284530226,21.265964395114846,2025,42.86983829000002,0.0980987,-0.00592922,-0.1163661
81.58437435755341,21.233744218996197,2025,42.91598155999998,0.13077477,0.0077677444,-0.15916438
81.59260743806885,21.27655937502701,2025,45.30175952000002,0.07088341,0.01471064,-0.093847714
81.69749676378729,21.140358100487674,2025,40.09611505999999,0.17331338,0.0072970693,-0.19683723
81.55306382041393,21.26920106552964,2025,44.84032682000003,0.1102162,-0.020241855,-0.13364208
81.66841432524646,21.179649402348108,2025,40.07731595000001,0.16856758,0.05353101,-0.20076098
81.66186613688012,21.126339867183546,2025,42.54512639000001,0.11035341,0.083547994,-0.148305
81.67517062054057,21.160741254616273,2025,41.391544640000006,0.13107124,0.016224235,-0.16620874
81.58812724369794,21.32570385273194,2025,47.38333369999998,0.0911965,0.035266917,-0.12475861
81.67936148779562,21.208610724144233,2025,38.209368020000056,0.20025583,-0.029783862,-0.20854352
81.71686727754619,21.33493619644117,2025,44.70702404000002,0.12043096,0.075008206,-0.15716366
81.72241262265153,21.225216084243737,2025,44.765130380000016,0.09525486,0.064269245,-0.13155235
81.69682385235632,21.237157037218797,2025,41.64447812000003,0.10747177,-0.0116868485,-0.129495
81.57943766652595,21.179027808995475,2025,37.10534756000004,0.12792398,0.03223783,-0.1581041
81.61558227774162,21.190316802849278,2025,35.608254800000054,0.21842036,-0.025037779,-0.23589726
81.5517845404857,21.31605193237749,2025,38.190568910000025,0.20734075,-0.106438346,-0.19314173
81.5952676330887,21.122639581265748,2025,36.349965139999995,0.24860932,-0.12358525,-0.25807247
81.56559365949033,21.148602454944456,2025,38.038467019999985,0.16723795,-0.04574107,-0.1904762
81.70885120916785,21.17549592320981,2025,39.330478579999976,0.1822999,0.0323257,-0.21198605
81.74759830630997,21.28232683911635,2025,41.10443096000006,0.13199654,0.055630773,-0.17377809
81.5446617487631,21.16213929737402,2025,48.518116340000006,0.077806786,0.08591674,-0.14049952
81.53545763563575,21.208876856992152,2025,48.94878686000004,0.09667217,0.07402032,-0.14727567
81.72000304170722,21.201007463578364,2025,38.79384944000003,0.20362158,-0.04973088,-0.21634239
81.69756474340832,21.32587516174354,2025,41.83930526000006,0.13139442,0.009659891,-0.15079705
81.7225765520833,21.206101626543305,2025,37.149781820000044,0.12612744,0.081214204,-0.16973291
81.65034996051753,21.344794515798203,2025,41.63764207999998,0.034597266,0.06127597,-0.07317659
81.68051313187947,21.358301633221995,2025,45.27099734000001,0.10601394,0.07097389,-0.11568964
81.70553012407369,21.23202544406699,2025,38.62978448000001,0.1356742,0.057879835,-0.16491638
81.51080410834612,21.21801995709783,2025,48.84624626000004,0.11231351,0.056047,-0.1384014
81.73899906072279,21.179036276102035,2025,40.49431439,0.121619426,0.100031845,-0.16736457
81.69552564425665,21.157103117596023,2025,41.07879581000003,0.17257707,0.02500749,-0.20363489
81.57295333040229,21.356409017507424,2025,46.57326296000002,0.09836824,0.05976576,-0.12793916
81.66139808210642,21.36420722197943,2025,38.14100761999998,0.19716017,-0.0713881,-0.17982085
81.56584978160967,21.35682331056618,2025,48.20194949000006,0.08951889,0.056000568,-0.11598706
81.65953893929283,21.294890584214222,2025,33.119936240000015,0.37290263,-0.1564755,-0.34534666
81.5746261790709,21.237603188112544,2025,40.885677680000015,0.24886025,-0.106083356,-0.24510725
81.63310869761,21.377948759223454,2025,42.82711304000003,0.09583753,0.0121777635,-0.11317056
81.60342784435079,21.360661468990184,2025,43.89011726000001,0.10535591,0.01817192,-0.13527976
81.59767514791885,21.248708061171584,2025,41.43256087999998,0.17858809,-0.016495675,-0.18489859
81.51022172676369,21.256845456083273,2025,44.92577732000001,0.1520814,0.027957745,-0.17940675
81.56708371001167,21.135486433744457,2025,38.93057024000001,0.11433428,0.062803775,-0.14878704
81.64501429443004,21.302064902923032,2025,40.54729370000001,0.13426468,-0.009680542,-0.14286919
81.65526107518185,21.205013899212947,2025,39.34585966999998,0.10889426,0.022837808,-0.15179461
81.75111715510663,21.23716838953556,2025,36.924192500000004,0.23459236,-0.054186873,-0.2351102
81.68080252118008,21.266199308980152,2025,39.92521406000003,0.07356114,0.027824169,-0.11146336
81.68129151950654,21.244606648016568,2025,40.26018002000001,0.19978674,-0.046853192,-0.20212157
81.66883447403197,21.133014103522147,2025,41.82563318000001,0.1398458,0.045972474,-0.18162811
81.69436695789966,21.16853446439021,2025,40.69768657999998,0.2036379,-0.01424139,-0.21065886
81.75484517291267,21.247324594407644,2025,38.91006212000002,0.23966818,-0.09053951,-0.23345394
81.65741673367197,21.246906827918362,2025,39.27579026000001,0.21160215,-0.073959105,-0.2088413
81.6215240591799,21.23367882517509,2025,39.96964832000003,0.1319388,0.016789189,-0.15394469
81.740068584924,21.32577127818542,2025,43.38083228000005,0.09562424,0.054975502,-0.12656087
81.72951844386954,21.214665162755125,2025,43.11080870000001,0.094905175,0.07290851,-0.117627755
81.50849106992698,21.29788065983866,2025,43.64914685000002,0.1287876,0.049109668,-0.16948643
81.64129747707723,21.252816471625586,2025,37.953016520000006,0.09504468,0.007895089,-0.123886764
81.69340436343589,21.31675070064222,2025,43.5209711,0.11723682,0.06654809,-0.15610756
81.67273725922915,21.160372822847044,2025,40.09440605000003,0.14188065,0.034817595,-0.17094205
81.75909102489412,21.22763345509534,2025,38.31874465999999,0.15545128,0.048282728,-0.19223857
81.59434446525725,21.171596988520463,2025,38.64516557000002,0.12923709,0.042938203,-0.15834628
81.54223131062625,21.34518383947556,2025,47.244903890000046,0.10214404,0.05802268,-0.14385332
81.52137287469218,21.2718592811839,2025,45.71192192000001,0.13307342,-0.0028386395,-0.16112652
81.64854469391642,21.13995695427589,2025,39.19546679000001,0.16600305,-0.0011662274,-0.17981061
81.70689330977994,21.36435092757285,2025,42.96725186000003,0.11855002,0.055498082,-0.1594517
81.6119353508441,21.222770414850803,2025,40.60198202000004,0.11147835,0.013833992,-0.14132881
81.61075434107336,21.16523931875002,2025,31.780072399999995,0.26931646,-0.07961741,-0.24480358
81.70939340461487,21.23506752022154,2025,40.11320516000001,0.16059242,-0.0018487764,-0.18894798
81.56037622375338,21.28379630128327,2025,47.92679887999998,0.11663458,0.021524617,-0.14701828
81.60465478540402,21.208214505940504,2025,35.187838339999985,0.24768007,-0.080061845,-0.2349731
81.6230855317723,21.219495300990122,2025,39.00234866000005,0.109706,9.326858E-4,-0.13554613
81.64689647472068,21.32161146880542,2025,42.43404074,0.10133377,0.013513021,-0.120794535
81.74282267548635,21.279400461927132,2025,39.921796040000004,0.1423993,0.059740417,-0.17338121
81.72794585858641,21.316422518716138,2025,42.478475,0.10005629,0.06461649,-0.14279449
81.66439556211482,21.16527963566497,2025,39.01260272000002,0.16178101,0.06686755,-0.20125543
81.72706119875426,21.270782878814273,2025,42.345172219999995,0.07640414,0.035416905,-0.13491026
81.69952116100903,21.18699673796911,2025,41.44794196999999,0.15415919,0.044980664,-0.18427482
81.60119812373003,21.294836231331384,2025,47.24148587000002,0.058712788,0.046333753,-0.09809824
81.53161998579326,21.302338544035155,2025,45.580328150000014,0.10229362,0.07426173,-0.14651716
81.68159158774914,21.295201080199444,2025,39.99015644000002,0.08677734,0.046885557,-0.120304935
81.53260901399486,21.300484933976797,2025,46.27418621000004,0.118835926,0.060182136,-0.15171437
81.71244840678794,21.306500365889224,2025,43.98582182000001,0.113342255,0.034785133,-0.14677493
81.67477789790568,21.211798350277448,2025,40.410572900000034,0.15503474,-0.0071738604,-0.1840119
81.68662800459816,21.246163880088993,2025,41.27874998000004,0.15340614,0.040034626,-0.17155254
81.57065878065194,21.294162706909763,2025,49.80329186000006,0.09626969,0.04466906,-0.1387928
81.61685073305237,21.380692477090157,2025,40.90105877000002,0.23013017,-0.091926254,-0.22929378
81.69512827215962,21.21330493228647,2025,38.23671218000004,0.16671382,0.030361814,-0.19981088
81.5632720955744,21.269812226613155,2025,47.84305739000001,0.122757114,0.035206668,-0.1528075
81.61399068034922,21.204375736199854,2025,37.11389260999999,0.14558968,0.025368996,-0.17964344
81.52163293694304,21.16349643750923,2025,47.62601312000004,0.17801595,-0.00600943,-0.19295424
81.55433474460408,21.304085474129057,2025,40.09269704000002,0.13885811,-0.003471971,-0.1524579
81.72777388386068,21.26199243153842,2025,39.805583360000014,0.12371935,0.041093297,-0.16205776
81.63112274139624,21.381492767148874,2025,38.66054666000002,0.24590304,-0.11764481,-0.21383727
81.58732170396979,21.345938283125268,2025,45.84180667999999,0.15048908,0.028094834,-0.17925076
81.64879815185371,21.324653699132774,2025,42.38277044000006,0.09452326,-0.009970318,-0.11018155
81.70905221257016,21.30707101568934,2025,45.28125140000003,0.099842414,0.03594829,-0.12159545
81.61152606575152,21.234389447215396,2025,39.77140315999998,0.12398567,0.001201806,-0.14687453
81.57489940420403,21.3239212576942,2025,37.52234600000003,0.24771343,-0.122179635,-0.23889743
81.51579996879556,21.18517992177431,2025,42.85445720000001,0.13348685,0.043772522,-0.16936164
81.52026181647962,21.326915737017245,2025,44.968502570000055,0.12168209,0.039827704,-0.1650645
81.74754027355208,21.323147941872584,2025,41.22064364000005,0.09666278,0.029773325,-0.12143239
81.59765505961475,21.167548771792905,2025,37.60437848000004,0.17352936,0.040666368,-0.19852081
81.5462215298976,21.16008556884276,2025,48.21391256000004,0.061978392,0.14290936,-0.13661543
81.69620158878463,21.232657368286507,2025,43.702126160000034,0.14193746,0.0129181845,-0.16043614
81.67093210114392,21.179396350202158,2025,39.59708413999999,0.1612689,0.053990208,-0.1936509
81.66136900710393,21.324694099358755,2025,44.71386008000002,0.10235235,0.038978983,-0.12081761
81.71165013751732,21.26051906698677,2025,41.19671749999998,0.14113444,0.05109715,-0.16347906
81.58761011897494,21.188684018631495,2025,37.79407859000003,0.16441706,0.0100348685,-0.1795662
81.57324892552812,21.35152565746015,2025,43.17404207000004,0.116799094,0.040830586,-0.14753906
81.58261364521496,21.2946829710319,2025,48.83941021999999,0.10879456,0.027922241,-0.14456709
81.69927917906791,21.18518902370407,2025,41.54022851000002,0.11664816,0.09213057,-0.15588379
81.60124218828003,21.26517941380741,2025,39.44327324000005,0.1252786,0.022467034,-0.14939551
81.7471647270611,21.288374936844168,2025,43.76023250000003,0.1265099,0.04715555,-0.16218707
81.64185079365855,21.3048288153994,2025,41.965772000000015,0.11782351,0.014472525,-0.12039086
81.69127965246754,21.249133889460538,2025,39.84659959999999,0.111898854,-0.01902321,-0.12969707
81.74086735748736,21.26933657099641,2025,41.94526388000003,0.1180291,0.005069258,-0.14062558
81.64836546862088,21.311162726472997,2025,41.13177512000004,0.10461479,0.045164738,-0.13444911
81.52648493960203,21.167722229435082,2025,45.13769456,0.15309611,0.03525091,-0.18332534
81.71969630518109,21.155807165176874,2025,40.27897913000004,0.14840844,0.039395157,-0.18087013
81.69889328599011,21.251973212971606,2025,40.478933299999994,0.102379836,0.03670043,-0.14073244
81.64042381217621,21.319718084949884,2025,43.96873172000005,0.052033268,0.02084954,-0.07890789
81.70809444438049,21.189637899388735,2025,40.02262762999999,0.18536407,0.03214745,-0.2080896
81.68715504116777,21.23565671412683,2025,39.80216533999999,0.18290451,-0.014183214,-0.19213872
81.76299714697991,21.257084045788492,2025,42.38277044000006,0.119653605,0.06781946,-0.16360576
81.66191667628463,21.19176715486395,2025,39.76114910000001,0.15590446,0.035755005,-0.17906553
81.68633821435758,21.180042177855164,2025,38.359760900000026,0.0519075,0.03002356,-0.060896378
81.52310157049759,21.321428063481537,2025,43.36716020000006,0.099906474,0.05210779,-0.12920058
81.70302892209837,21.151270384601233,2025,39.347568679999995,0.15425812,0.0107157165,-0.16723777
81.71628396609458,21.25124487235037,2025,39.344150660000025,0.111717194,0.015878912,-0.14912534
81.58469615695866,21.371171841202568,2025,45.69995885000003,0.15167484,0.026234616,-0.19224827
81.55605592265482,21.188528946204766,2025,47.07571189999999,0.10447654,0.069214,-0.15488936
81.72427957797815,21.20804045478626,2025,38.68447279999998,0.16030791,0.04651677,-0.20578475
81.64265779482605,21.307595475869217,2025,42.33491816000003,0.09769204,0.02399285,-0.11752204
81.65319316867763,21.208188480187726,2025,40.39006477999999,0.14745213,0.04521987,-0.17644048
81.57610063590099,21.139327123201646,2025,37.407842329999994,0.23652357,-0.11429768,-0.25289854
81.56989903988463,21.20243010055105,2025,43.17404207000004,0.26229364,-0.09077982,-0.25281903
81.57365055036428,21.320420770296945,2025,41.72992862000001,0.16383766,-0.02360592,-0.17130229
81.64985185922768,21.302327618730963,2025,39.92521406000003,0.104881,0.0011669463,-0.12290915
81.62934360202588,21.289545500518155,2025,42.11958290000001,0.092021376,0.061417125,-0.115032926
81.62323906757187,21.221638530905743,2025,40.540457660000015,0.1056569,0.004281305,-0.12713201
81.498831187221,21.232064574364113,2025,44.553213140000025,0.21177146,-0.022503177,-0.23172775
81.72816611601874,21.176774218817602,2025,41.61371594000002,0.13178103,0.07026208,-0.1780994
81.54331912855956,21.151978783818254,2025,48.74028764000002,0.12871645,0.056386095,-0.15941814
81.61345709367218,21.365040373345437,2025,47.53372658000001,0.10574622,0.028255325,-0.1429462
81.58671413926268,21.346947476742056,2025,49.33673213000003,0.14111811,0.044106904,-0.1750421
81.62208274794342,21.14542048115448,2025,36.985716860000025,0.18348268,0.03638362,-0.21497497
81.61695691432922,21.24031014016817,2025,37.41980540000003,0.18951613,-0.042680893,-0.19735028
81.63980574495183,21.279503513036993,2025,39.11856134000004,0.1527963,-0.03788708,-0.16232353
81.55628641917666,21.29245457736354,2025,49.94684870000003,0.10482992,0.042806454,-0.13449347
81.62632756912674,21.289287892004282,2025,41.09417689999998,0.09085516,0.002711917,-0.106564075
81.67693225724913,21.208198760875522,2025,37.607796500000006,0.14186029,-0.013828122,-0.16837806
81.74554737431106,21.187115050733183,2025,39.59195711000001,0.13966821,0.065093994,-0.17724597
81.55751653231425,21.161487111991615,2025,41.19500849000002,0.1367743,0.025146136,-0.17126583
81.67224380796166,21.323840725382325,2025,41.07708680000002,0.1183352,0.054109655,-0.1478957
81.74707109756143,21.32367184757642,2025,38.07606524000005,0.06987086,0.047691546,-0.08485453
81.71519665998952,21.343495348330823,2025,41.67865832000001,0.122368805,0.055474352,-0.13751625
81.71414958516428,21.262589708996746,2025,42.71431838000001,0.12701276,0.033993755,-0.15279615
81.57400257296516,21.34338520088306,2025,42.75875264000001,0.25732827,-0.13757066,-0.25189683
81.55051219675269,21.330837890079884,2025,45.95460134000001,0.124687426,0.004844198,-0.15447439
81.5904093279505,21.29462699337401,2025,49.62213680000002,0.08578022,0.016399352,-0.11656643
81.64967564587279,21.253795423551033,2025,41.19329948000001,0.08379116,0.0142625505,-0.10979471
81.56203848384702,21.29485847544807,2025,43.02535820000003,0.20527111,-0.028698696,-0.21837434
81.52932940166735,21.238514846204737,2025,48.627492980000056,0.14602666,0.005158265,-0.16864057
81.65395748014363,21.13314577996905,2025,43.78244963000003,0.14557824,0.044493243,-0.18387993
81.73804661414084,21.312700235357298,2025,41.12835710000002,0.09468307,0.022643328,-0.12653635
81.64407897515562,21.308100023583602,2025,41.357364440000026,0.11049417,0.04009215,-0.14635079
81.68732830174794,21.28910206091753,2025,37.348026979999986,0.16744186,0.007936259,-0.18258984
81.5800645092544,21.36200683670545,2025,51.032070050000016,0.09249924,0.07056372,-0.12478896
81.6230712071688,21.37069014143624,2025,37.25574044000001,0.24528302,-0.14627033,-0.22930409
81.49622258057973,21.263898626434315,2025,43.75510546999999,0.16393967,0.021474095,-0.17912868
81.64950232804024,21.146552991052175,2025,38.48964566000001,0.17443314,0.033386234,-0.19992703
81.6281082461551,21.32848527611756,2025,45.636725479999996,0.04034204,0.026153114,-0.064449064
81.66216056838329,21.166957439909506,2025,39.96281227999998,0.15632439,0.04346938,-0.18892555
81.564309641139,21.296131675672964,2025,47.37649766000004,0.11081665,0.011052832,-0.13776831
81.58655461436894,21.276367243159033,2025,50.16218395999999,0.12472394,0.020432616,-0.15667585
81.66151234268432,21.24736080842037,2025,39.55264987999999,0.21466164,-0.060760155,-0.21416312
81.53356862979192,21.280791859255963,2025,51.36703600999999,0.10895708,0.05914031,-0.14734447
81.74877925369216,21.258842954884326,2025,39.09805322,0.12429947,0.053615168,-0.17099454
81.65095286295299,21.357279908994855,2025,43.06295641999998,0.057149947,0.0023026187,-0.085935175
81.54764375494413,21.23735553030632,2025,42.52120024999999,0.28251088,-0.14432107,-0.2658515
81.50638241090218,21.221614625748156,2025,42.81344095999998,0.12752147,0.053883098,-0.1709191
81.64680561181758,21.196189652256457,2025,38.069229199999995,0.19890788,-0.017669383,-0.2096136
81.63626859871783,21.32488926073729,2025,41.50092128000006,0.07315714,0.008786442,-0.09923353
81.6529171308133,21.167392474298023,2025,38.759669239999994,0.1813179,0.0073243133,-0.20882834
81.68343651179497,21.208973662896124,2025,37.97352464000005,0.16171692,0.0024010383,-0.18299346
81.61140919530797,21.250088602837735,2025,37.61463254,0.13831191,-0.03251838,-0.15014856
81.6746019846324,21.339799803074374,2025,44.25242738000003,0.077960685,0.045834806,-0.09240524
81.62582255925979,21.177197974077316,2025,38.8041035,0.10692569,0.01959816,-0.14040567
81.71074721789356,21.298514397031013,2025,40.55412974000001,0.12025361,0.05322696,-0.16344747
81.63725136256748,21.13936200777177,2025,38.82802964000001,0.27847013,-0.110281765,-0.26208615
81.62299298454694,21.308618117169818,2025,40.85833352000003,0.15590128,-0.05056263,-0.15835442
81.7226873422513,21.18893850798718,2025,39.30655244000002,0.15902376,0.0032526904,-0.17610891
81.71250846069654,21.28766714054586,2025,40.478933299999994,0.13495716,-0.010783201,-0.16274346
81.62715753546865,21.152219589785105,2025,38.216204059999995,0.24100536,-0.09522438,-0.23862444
81.50010268257151,21.238408890393146,2025,44.44383650000003,0.15988146,2.0755168E-4,-0.18676445
81.69538377003025,21.21573131632416,2025,39.689370680000025,0.13513513,0.05198625,-0.16241458
81.69281522836154,21.227322920477167,2025,40.10295110000004,0.16774884,0.023741351,-0.18114896
81.6311714435367,21.17117819387933,2025,38.40077714000006,0.23198055,-0.05924193,-0.23061869
81.72781669746554,21.244193966100603,2025,37.279666580000026,0.14103207,0.05169826,-0.18630041
81.73468884909495,21.288572922299426,2025,40.34221250000002,0.22807978,-0.04869089,-0.22229575
81.740474807156,21.22705322041984,2025,39.08779916000003,0.18348256,0.012892804,-0.20304607
81.5273157084228,21.34452082957026,2025,49.304260940000006,0.05544873,0.12222186,-0.114167355
81.65577564957015,21.21817222679411,2025,39.921796040000004,0.10714681,0.020957597,-0.13039552
81.60620761996928,21.222086059309852,2025,40.936947980000014,0.085312225,0.019435156,-0.11371841
81.54136257033923,21.27774269344163,2025,45.36841091000002,0.08430895,0.003409212,-0.11105392
81.50966657968264,21.291490776973355,2025,43.58249546000002,0.12778634,0.053932864,-0.16312546
81.73400036373344,21.290701530575483,2025,42.6835562,0.097431935,0.020440523,-0.13003021
81.63722494211127,21.226447957089388,2025,40.622490140000025,0.105334334,0.009626389,-0.13056174
81.65240367861362,21.351041944052817,2025,42.32466410000001,0.0768327,0.044992745,-0.10033445
81.50655725076167,21.258852058884838,2025,44.68309790000001,0.22011566,-0.036191687,-0.22744389
81.67597486619503,21.304284431025444,2025,41.97602605999998,0.12064879,0.029532522,-0.13960668
81.59153437750486,21.1982431979774,2025,36.23546147000002,0.15968034,-0.063008584,-0.17615125
81.5663650326586,21.289789470487328,2025,40.846370449999995,0.019908683,-0.08461292,0.012920013
81.72255071699588,21.215697545166734,2025,38.00428682000006,0.19471873,-0.034721334,-0.20703956
81.7336717296826,21.172532239983067,2025,40.17472952000003,0.11731483,0.110356055,-0.16384962
81.59491352585825,21.322006587685536,2025,45.749520140000016,0.10588141,0.027900562,-0.1335615
81.72855716657395,21.34033213638871,2025,42.15718112000002,0.17098485,-8.7415415E-4,-0.18644458
81.63257544684525,21.36905812581691,2025,42.782678780000026,0.062671915,-0.004761333,-0.08064377
81.64324101202298,21.12964189734301,2025,41.11639403000004,0.19464062,-0.0056945644,-0.19248512
81.67292076209037,21.314336782527707,2025,40.40715488000001,0.15622906,-0.024632735,-0.15265837
81.67557866870445,21.366690902416867,2025,43.175751080000055,0.06989892,0.024523586,-0.09154468
81.66174671250388,21.323872350415485,2025,44.601065420000054,0.10206525,0.03796051,-0.11696641
81.6186584065865,21.26094211655902,2025,41.032652540000015,0.069938734,0.041738026,-0.10966652
81.72074856307185,21.291696624622375,2025,40.95403808000003,0.16109662,0.033386894,-0.19006447
81.72507732971518,21.317876690030626,2025,43.179169100000024,0.1615629,0.043173123,-0.1948136
81.54233667790648,21.225023665661066,2025,39.03652886000003,0.26175,-0.13890396,-0.2551951
81.61387608253101,21.376038139880585,2025,44.91039623000006,0.14118528,0.0035535598,-0.15217303
81.67666124097836,21.189970476330185,2025,41.097594920000006,0.11514213,0.08540845,-0.15154861
81.5563520368199,21.30353952578043,2025,46.026379760000054,0.08298764,0.006482392,-0.11058641
81.54299236465077,21.243759218834217,2025,40.79168213000003,0.20155531,-0.034844987,-0.20661734
81.53807997906769,21.253260849520615,2025,44.1533048,0.107225224,-0.011047079,-0.12635441
81.57029619131845,21.301134014041022,2025,48.88213546999998,0.07549786,0.027541406,-0.1037144
81.64856236139745,21.226498888194822,2025,38.46571951999999,0.13705055,-0.022116639,-0.15650791
81.58732786643203,21.289465385005578,2025,48.87359042000003,0.11606774,0.029523741,-0.13348435
81.60559082551651,21.165923762873373,2025,33.793286179999996,0.30130395,-0.13035709,-0.28499582
81.55491875913243,21.339400005435174,2025,41.55219158,0.17145903,-0.0011031352,-0.19456686
81.60760721509978,21.2152860097478,2025,38.588768240000036,0.14230311,-0.04724157,-0.1645143
81.66694951921404,21.193566829949045,2025,36.864377149999996,5.774072E-4,-0.026320154,-0.0010166828
81.57425869840392,21.266054716467952,2025,47.65677530000005,0.12770914,-0.011275334,-0.14840499
81.57722764521837,21.36453160963656,2025,51.74643623000003,0.099191345,0.07521373,-0.13661794
81.53599896398747,21.295576386610005,2025,38.49306367999998,0.35466895,-0.19842081,-0.3296337
81.66496810874649,21.28210687101782,2025,39.49796156000002,0.17549509,0.0049405433,-0.18445815
81.76208209483325,21.2364270402784,2025,40.86516956000003,0.13369825,0.043192104,-0.15965484
81.55328630289242,21.241917007727693,2025,45.373537940000006,0.14248551,0.014568313,-0.16683598
81.64217039821409,21.361844039981968,2025,42.22212350000001,0.051076405,0.0461232,-0.08369239
81.66305152524775,21.128514839305026,2025,42.75020759000006,0.14577217,0.035193752,-0.18020576
81.62921915931658,21.32150642767644,2025,40.71477668,0.17352816,-0.063476495,-0.17986786
81.59380533466472,21.369767622645924,2025,47.47049321000003,0.10241821,0.045239888,-0.13019525
81.56381579048154,21.299593313425866,2025,47.16116240000002,0.040103797,0.088979,-0.0849251
81.52333830312818,21.212707817794207,2025,37.99745078000001,0.2751416,-0.12480974,-0.25731406
81.72997095431278,21.257394112397595,2025,40.277270120000026,0.09702401,0.03078878,-0.13802601
81.63515412333882,21.123114403909543,2025,44.20970212999998,0.10889952,0.07755011,-0.14174236
81.772720804603,21.2584077024613,2025,40.851497480000035,0.13257699,0.056384098,-0.16544363
81.71653982749243,21.212054495014904,2025,37.457403620000036,0.19643843,0.02092554,-0.1993951
81.53595888735215,21.350229933089935,2025,47.24319488000003,0.11354405,0.05622128,-0.16043821
81.50216024894736,21.238987902764688,2025,46.357927700000005,0.1107145,0.043594997,-0.13623773
81.57132953647373,21.1505911511599,2025,41.24115175999998,0.12511939,0.06663752,-0.174194
81.66082887579648,21.160130209356524,2025,39.42789215000005,0.15440258,0.027820185,-0.18107174
81.55326988049117,21.29659548148817,2025,44.790765530000044,0.14717561,0.0189326,-0.17404638
81.57586928113939,21.240777468450357,2025,45.752938159999985,0.21043596,-0.06860419,-0.21401565
81.59224096512914,21.35809902952466,2025,43.809793790000015,0.12576792,0.04785994,-0.1629569
81.60060004820558,21.262826225026224,2025,37.84705789999998,0.13351043,0.0028170818,-0.14568391
81.64544007225953,21.320259334357697,2025,41.97602605999998,0.08808127,-0.0058602993,-0.109665506
81.67070317962126,21.351853100201566,2025,43.83542894000004,0.056219567,0.051065862,-0.08558169
81.65022982458707,21.37060159683717,2025,41.34027434000001,0.0651883,-0.0011229394,-0.066973045
81.62761202782299,21.373302566505537,2025,43.00143206000001,0.06926904,-0.007845613,-0.06993442
81.54405782044341,21.358372782263928,2025,48.61211189000005,0.099491835,0.07391045,-0.15253785
81.58201751206649,21.124388937891474,2025,42.76900669999998,0.11161998,0.0874964,-0.15527993
81.72857477616363,21.176177631507432,2025,41.15057423000002,0.13141133,0.0998213,-0.17617658
81.64542227421806,21.294009352442636,2025,39.193757780000055,0.09435262,0.013111587,-0.12243937
81.68290893175667,21.14440615209771,2025,38.96133242000002,0.045255803,-0.016682377,-0.05120243
81.59447431010392,21.370829027277075,2025,47.68582847000005,0.08818138,0.053421203,-0.1341782
81.52138464075414,21.21059570987137,2025,44.92577732000001,0.12855376,0.04653377,-0.16270882
81.57964713766825,21.264160137745954,2025,46.436542160000045,0.14639252,-0.021621082,-0.16490029
81.75209434462289,21.28578937650995,2025,43.685036060000016,0.13248183,0.04884451,-0.17341875
81.52617163280159,21.16440422580064,2025,46.42970611999999,0.1850489,-0.0077314842,-0.19557384
81.61125351873788,21.317655831214832,2025,44.742913250000015,0.06285568,0.012761593,-0.08171425
81.61637974358862,21.17044447046305,2025,34.49056226000005,0.2374385,-0.045096096,-0.2366088
81.55514794718131,21.273935458819455,2025,48.388231580000024,0.12028212,0.015181983,-0.15233035
81.57234403009629,21.245498818346203,2025,45.69312280999998,0.12871248,0.04878131,-0.15410344
81.59950145212271,21.32767041816414,2025,43.95505964000006,0.22123177,-0.09397118,-0.2154206
81.63818589501443,21.17744604545826,2025,38.00770484000003,0.16279615,-0.006502177,-0.19503705
81.60943857108484,21.19809820067088,2025,35.037445460000015,0.3573954,-0.16808699,-0.34030482
81.716243330871,21.28114392589964,2025,40.94036600000004,0.1432259,0.017621689,-0.16061874
81.60477904336007,21.297193102939627,2025,46.05030590000001,0.11583029,0.014679261,-0.12485398
81.62478685432102,21.174331042821688,2025,37.848766909999995,0.22622095,-0.05100268,-0.23688725
81.58204038673583,21.3116251020925,2025,44.54295908000006,0.11965265,0.0016504676,-0.12769288
81.52243445507077,21.288946508353465,2025,46.216079870000044,0.11938797,0.05889388,-0.16668776
81.71397207764207,21.347831161828346,2025,41.179627400000015,0.18964879,0.012216833,-0.20061187
81.68033678796738,21.300276331008,2025,39.97306634000006,0.123822786,0.043593407,-0.12598975
81.69898553256384,21.150756591333398,2025,39.37320383000002,0.1875414,0.0026494914,-0.21946593
81.59259711568117,21.20878576121073,2025,37.04895023000006,0.15731592,0.0038020452,-0.17603737
81.67710368161102,21.372389939365135,2025,40.393482800000015,0.11788306,-0.006378237,-0.1316972
81.72088011605071,21.209068707887585,2025,38.76650528000005,0.16277723,0.065130755,-0.18524802
81.66764864255344,21.164100174592328,2025,34.79305703,0.022354694,-0.05855891,-0.016092185
81.75518012734467,21.30397264280519,2025,41.179627400000015,0.1661453,0.0046873144,-0.19259207
81.65146623289472,21.360705924259932,2025,44.59764740000003,0.04148613,-0.025550488,-0.048535902
81.68804565659636,21.355308748557796,2025,47.256866960000025,0.083333336,0.012314974,-0.09811792
81.72149042236288,21.28886194074232,2025,39.94914019999999,0.27118903,-0.11519344,-0.25457156
81.67156319295401,21.257006882552684,2025,40.195237640000016,0.085639976,0.013504389,-0.11795539
81.61409024766061,21.193070035725455,2025,36.99597091999999,0.14426361,0.017514857,-0.17442858
81.66163359701535,21.326838724401735,2025,43.93796954000004,0.110801965,0.041316476,-0.13253514
81.54704840213027,21.249068751617855,2025,38.185441879999985,0.06819834,-0.07118676,-0.056948666
81.6405444730602,21.35463148110031,2025,44.42674640000001,0.08012422,0.029691922,-0.098447934
81.59039700040515,21.35256540956585,2025,47.581578860000036,0.12847456,-0.009975278,-0.15015848
81.49898141959517,21.25056459190684,2025,47.19021557000002,0.1385889,0.05576533,-0.1746574
81.66877578240471,21.122545243705204,2025,43.16378801000002,0.11516374,0.08917206,-0.16100404
81.66590408566337,21.270590250875692,2025,39.54581384000005,0.0917002,0.021132713,-0.123265184
81.61449541870347,21.163081285469715,2025,33.21564080000002,0.3497252,-0.15147974,-0.31722477
81.76080893308517,21.246039258004373,2025,40.10295110000004,0.13855813,0.052460887,-0.16996662
81.52384021001826,21.308372644093335,2025,43.628638730000034,0.13399605,0.02110729,-0.15970281
81.66264423794713,21.314359060490453,2025,40.29094220000002,0.06436478,0.0871998,-0.10946395
81.57370751823066,21.14218598118467,2025,42.04951348999998,0.1322757,0.058380805,-0.16179898
81.56519900796164,21.18833636918866,2025,42.99630503000003,0.112430796,0.025779713,-0.14930812
81.61163620681613,21.23608344252725,2025,40.889095699999984,0.11352622,0.02227667,-0.13805395
81.75532744613753,21.25734951532342,2025,42.34859024000002,0.11140919,0.029093709,-0.14874232
81.61220350695667,21.310804407916894,2025,44.39598422000006,0.11379082,0.06475521,-0.12375617
81.63649659927825,21.373712722368722,2025,41.07366878000005,0.12979098,-0.01640809,-0.12684047
81.60102459756312,21.198254753707353,2025,37.03015112000003,0.1815505,-0.01685811,-0.20813428
81.53591511616094,21.255263432688217,2025,45.905040050000025,0.124837294,0.034433722,-0.1511494
81.5026168070299,21.19581185680173,2025,36.06285146000005,0.32109112,-0.13761975,-0.29513755
81.59623786554661,21.233477743136607,2025,39.83976356000005,0.08474183,0.0110719325,-0.11178942
81.6467681029016,21.262309159845074,2025,41.377872560000014,0.10989983,-0.0029286474,-0.13267684
81.60630322918095,21.344926527700746,2025,40.84807946000001,0.24428006,-0.12885302,-0.23045251
81.58319724281262,21.34121765358173,2025,44.963375540000015,0.1313201,0.02291846,-0.15671436
81.70820155390355,21.239355660710295,2025,39.63126434000003,0.119391054,0.011660338,-0.14604114
81.74148532142324,21.31554818286908,2025,41.74018268000003,0.09036984,0.03980616,-0.1322449
81.71436649774571,21.308037685985102,2025,43.27829168000005,0.14211099,0.026796477,-0.17831081
81.65578597562745,21.18616227402421,2025,39.30313441999999,0.10047783,0.04823753,-0.14388067
81.58595408678312,21.215479010422904,2025,35.621926880000046,0.15468726,-4.8763497E-4,-0.16141032
81.75846649461398,21.198825305510006,2025,39.50479760000002,0.15289892,0.08227186,-0.2056338
81.56942921701024,21.240299604985903,2025,46.137465410000004,0.13048534,0.026013056,-0.15467274
81.59126785067288,21.17643910523288,2025,36.82506992000003,0.26815364,-0.08961941,-0.25807044
81.66364501592454,21.283072468128736,2025,39.316806499999984,0.14337991,0.0092602605,-0.1569469
81.71366947599967,21.25681593214983,2025,40.981382240000016,0.17658861,0.022810848,-0.20788352
81.74976478964345,21.216321021439956,2025,37.57019828,0.15593758,0.03311013,-0.16017476
81.74525347705905,21.21317348621242,2025,38.99209460000003,0.1790555,-0.011134222,-0.19542891
81.67036027383881,21.153820303422282,2025,40.67888747000001,0.15699972,-0.0040515764,-0.19251844
81.68815572548276,21.206396363306848,2025,39.88077980000003,0.13332601,0.06896344,-0.1706172
81.72279430917413,21.24433719549463,2025,38.233294160000014,0.18266632,-0.030799868,-0.19481419
81.58436903361958,21.364283147128642,2025,48.603566839999985,0.08863195,0.057010017,-0.12541766
81.71249089274983,21.189714633351844,2025,39.34585966999998,0.17352514,0.013359305,-0.20116805
81.62650230662554,21.19438501341561,2025,37.163453900000036,0.14615709,0.031138502,-0.16255084
81.62721817752225,21.299436503085467,2025,41.24798780000003,0.06967085,0.018763479,-0.09476639
81.55996601790164,21.353676613374518,2025,42.58956065000001,0.22744796,-0.07467292,-0.23774087
81.5924886834714,21.14274499082656,2025,36.78063566000003,0.3004202,-0.12640235,-0.28587794
81.70293499592101,21.303540997971908,2025,43.60983962,0.13313088,0.024182353,-0.16214865
81.70091038988274,21.33678369210688,2025,41.866649420000044,0.1627759,-0.009704044,-0.17299205
81.66789646810092,21.271424914445916,2025,38.609276360000024,0.14661416,0.022861423,-0.16897269
81.71797453409151,21.162121907176406,2025,41.31293018000002,0.14442682,0.039933186,-0.1718865
81.49639492712897,21.213790952079993,2025,44.71044205999999,0.13412502,0.051313303,-0.17168447
81.52148038414848,21.1794340928525,2025,46.92531902000002,0.14861137,0.029844422,-0.178469
81.7046917732011,21.271919596527283,2025,41.476995139999985,0.07414131,0.06827916,-0.11654589
81.5873154517015,21.16353898933816,2025,39.27579026000001,0.15001832,0.045734797,-0.1874865
81.76580755938564,21.222602802442328,2025,39.28946234,0.092585765,0.030505368,-0.12820904
81.62124692117207,21.37267890524969,2025,45.879404900000054,0.11628427,0.031431068,-0.15102324
81.54361832854299,21.2693864585487,2025,47.446567070000015,0.14122817,-0.011031411,-0.1586839
81.74650367346922,21.23267511320531,2025,40.40373685999998,0.13893165,0.057002548,-0.1620069
81.69374551517535,21.241129379099892,2025,39.166413620000014,0.18534295,-0.03424304,-0.19287103
81.55969813576115,21.223595884228036,2025,45.24023516,0.12450641,-0.02550158,-0.1414315
81.6791907928619,21.257013824599532,2025,39.19033976000003,0.13782904,0.0070903446,-0.16219833
81.6327418724425,21.177278170964783,2025,37.94618048000001,0.16074996,0.0022056275,-0.1795359
81.74653068621231,21.259662667746554,2025,38.86562786000002,0.13020016,0.06898934,-0.16955931
81.63660144562903,21.34854238727601,2025,43.445774659999984,0.058153335,0.024507659,-0.09322761
81.66865626841002,21.266283264238915,2025,39.85685366000001,0.13547446,-0.009802013,-0.15563479
81.73100692547501,21.29213217027579,2025,39.904705939999985,0.1766221,-0.005014721,-0.20049466
81.72854193523057,21.301042630302742,2025,40.02433664,0.14218636,0.010801881,-0.17303997
81.74612547861156,21.233775932011472,2025,40.74553886000001,0.111347966,0.021151759,-0.15174319
81.76668651334782,21.258129567423634,2025,39.38174888000003,0.19603461,-0.0478021,-0.17902915
81.61258252822596,21.229465238775223,2025,41.22406166000002,0.11777161,-0.010294992,-0.13589315
81.7682140350482,21.261185219129732,2025,43.03561225999999,0.11850886,0.041824095,-0.14579813
81.64363631091372,21.227413411588355,2025,35.16733022000005,0.29064286,-0.14176488,-0.2589883
81.60959554364176,21.26125737279955,2025,40.10295110000004,0.15236028,0.0044500954,-0.15661582
81.58454525415988,21.19803308566702,2025,37.14807281000003,0.17372179,0.0013498588,-0.193452
81.70116232767805,21.207110142171135,2025,39.115143320000016,0.17056355,-0.015604681,-0.1845448
81.69763069571164,21.27175771539476,2025,38.164933760000054,0.13437058,0.042063467,-0.15936707
81.57631209284796,21.217915094143383,2025,37.64881274000004,0.1582707,-0.031202385,-0.1755022
81.50155318452204,21.245825757926596,2025,44.85058088000005,0.18294457,-0.02842116,-0.18921658
81.6536754950567,21.202449991065837,2025,34.734950690000005,0.3434513,-0.14654113,-0.31546462
81.54125405105596,21.17118254918223,2025,46.12208432,0.11222735,0.06501162,-0.1667433
81.5702991860897,21.367366648604584,2025,48.07890077000002,0.13993421,0.035011187,-0.1726917
81.65055905103367,21.202317770293664,2025,34.37093156000003,0.11773446,-0.05107084,-0.11015176
81.6155481563421,21.31301518944634,2025,45.72217598000003,0.088989444,0.077784695,-0.11133915
81.61631760389163,21.16129696701496,2025,36.96862676000001,0.29419917,-0.13614723,-0.27626565
81.67972601919134,21.228848641935855,2025,40.3763927,0.15430659,0.008612632,-0.17513454
81.54764450686163,21.1480853298448,2025,34.316243240000006,0.21887124,-0.08958252,-0.23244883
81.67712204448272,21.17034175324219,2025,41.29754909000002,0.107726015,0.08618547,-0.15915033
81.54739164352571,21.24917897340298,2025,39.65689949,0.12759537,-0.077380046,-0.11399556
81.61890180145133,21.286039909484636,2025,42.44771281999999,0.06328585,0.015128652,-0.08735956
81.7071057093754,21.289706816371183,2025,43.13473484000002,0.08764218,0.037512735,-0.12941091
81.65413891635613,21.31795318532636,2025,40.55412974000001,0.13528416,0.022383504,-0.1538246
81.60915954244204,21.298279807994145,2025,42.77584274000003,0.04467477,4.7018594E-4,-0.06436049
81.5613204350718,21.145420331799855,2025,42.05464052000002,0.101825304,0.07954313,-0.14773804
81.71805102785262,21.17342296575838,2025,42.17768924000001,0.13106525,0.041072216,-0.16112219
81.6875819097844,21.323688443559714,2025,43.08688256000005,0.107205756,0.041390046,-0.13892138
81.68274191466507,21.163182544864817,2025,40.497732410000026,0.1572848,0.031720772,-0.18586649
81.63324926185109,21.323106427012007,2025,42.14692706000005,0.055809774,0.02246936,-0.08502331
81.73012357038445,21.21240419182447,2025,36.12437582000001,0.22578296,-0.045893796,-0.23991601
81.589273968823,21.323820930554845,2025,49.244445590000055,0.09128664,0.04527669,-0.122000284
81.65925010213591,21.22628262040076,2025,40.99163629999998,0.1275527,-0.008030417,-0.15808104
81.62675605170112,21.24179095292559,2025,33.89582677999999,0.03627199,-0.046093985,-0.02522734
81.7283360253882,21.30936296133462,2025,42.62544986,0.13630667,0.061780997,-0.17551954
81.62426368985787,21.29794732128182,2025,42.570761540000035,0.12066129,-0.008668015,-0.13390175
81.70800800213468,21.34635037411418,2025,44.24559134000003,0.09397485,0.077809095,-0.14013028
81.53982662266903,21.286265168861725,2025,40.92840293000006,0.101934806,-0.052935954,-0.0878852
81.59406175467069,21.151969796438596,2025,32.930236130000026,0.28433567,-0.124631695,-0.27141455
81.74678533003255,21.198410279102468,2025,38.74941518000003,0.14368321,0.06251875,-0.17693582
81.74792661765912,21.228602403643237,2025,42.338336180000056,0.12934273,0.07758992,-0.1681953
81.71267662330774,21.191654332027877,2025,40.769465000000025,0.14085527,0.042582087,-0.1648749
81.68531112606878,21.225015702467253,2025,39.904705939999985,0.15481979,0.04407118,-0.1691006
81.60473659075836,21.306855685062516,2025,43.79612171000002,0.06618453,0.007831301,-0.08421921
81.6341680212685,21.22892649635164,2025,39.81583741999998,0.12537901,-0.0046694186,-0.14252733
81.65203934265217,21.151203400534527,2025,40.224290810000014,0.10700014,0.030724294,-0.13927443
81.7505626872812,21.20671704308715,2025,37.79236958000001,0.1752293,0.062802464,-0.21524584
81.64732143175213,21.16987197548282,2025,38.53407992000001,0.14027354,0.039426293,-0.15517737
81.6136518549353,21.301307310268538,2025,44.41991036000002,0.053601496,0.033301864,-0.06209628
81.64048947544781,21.190471167373268,2025,38.27943743000003,0.13609123,0.031537756,-0.15884724
81.59242663475409,21.26249234699375,2025,43.44919268000001,0.07717122,0.0063764215,-0.10411746
81.59272648412419,21.151031228209707,2025,33.27374714000001,0.25487798,-0.18337561,-0.27546474
81.6069375167994,21.200536897445392,2025,38.151261680000005,0.2173793,-0.026923917,-0.23198938
81.48957088108443,21.280263791942144,2025,49.434145700000045,0.12002359,0.06543998,-0.17587161
81.56601555598198,21.175621413586136,2025,37.300174700000014,0.14815858,0.022423407,-0.17887354
81.72442113847563,21.28535142362273,2025,42.83053106,0.07160784,0.0033191086,-0.10269965
81.62303471109374,21.36785085067632,2025,35.96031086000005,0.18899783,-0.09502528,-0.18937631
81.6473956518843,21.203003144180258,2025,39.12539737999998,0.13889568,-0.002240776,-0.16675302
81.51408954794431,21.216989526092398,2025,44.12937866000004,0.12604256,0.035711903,-0.1455533
81.59995182260933,21.31485348368817,2025,45.165038719999984,0.08054891,0.034678347,-0.11265129
81.71291586916708,21.194737360886787,2025,38.70839894000005,0.21702437,-0.04690678,-0.21813217
81.73404561891594,21.209897444869824,2025,36.47301386000004,0.08406479,-0.05124605,-0.07136469
81.60787452864844,21.18849317441862,2025,32.72857295000006,0.11926868,-0.10394703,-0.086020514
81.76840590364779,21.236913980819406,2025,40.26018002000001,0.115601964,0.075458236,-0.15283471
81.63888277414547,21.16901986240631,2025,38.12904455,0.21722814,-0.02096001,-0.23479435
81.66914687979288,21.255514345658757,2025,37.89832820000004,0.11061399,0.0051171943,-0.119919434
81.64586132769173,21.216359921214252,2025,40.89251372000001,0.10907268,0.0043010036,-0.13074099
81.74561242366286,21.228138115207294,2025,40.23625388000005,0.12160676,0.04005831,-0.15496767
81.53320108040501,21.29167935082046,2025,42.52120024999999,0.17415419,0.012609731,-0.18882494
81.52497568423797,21.17830200755198,2025,47.01760555999999,0.14779337,0.064495444,-0.19267686
81.62892495287316,21.35407205404375,2025,38.575096160000044,0.29207253,-0.17302133,-0.274454
81.59783381373458,21.234043328732444,2025,39.03652886000003,0.15674655,-0.038035564,-0.16838855
81.68477013217844,21.242474106251755,2025,39.603920180000046,0.15314865,-0.039117288,-0.1740205
81.69528352040395,21.14832846675185,2025,42.40840559000003,0.14117074,0.05378951,-0.17360312
81.68797914889255,21.32614229303848,2025,41.98969814000003,0.11563686,0.024481857,-0.14151165
81.67863096426771,21.286851246760598,2025,38.45204744,0.15710247,-0.0044247787,-0.17057449
81.52493001816323,21.21776166657743,2025,40.622490140000025,0.20294806,-0.044182327,-0.21066254
81.64274737250344,21.29458834497224,2025,41.066832739999995,0.06866953,0.021361766,-0.09334851
81.57665358211271,21.267591841232978,2025,44.59764740000003,0.09920299,0.0016979142,-0.12451934
81.65404183069201,21.15690854497848,2025,39.4364372,0.16299792,0.05602141,-0.19407877
81.59054855372112,21.206346672992236,2025,36.78234467000004,0.22226793,-0.073135495,-0.2252079
81.5165542891634,21.176050920058376,2025,49.91608652000002,0.12981893,0.08769755,-0.17066117
81.56073342519822,21.19315506741505,2025,43.852519040000004,0.15447098,-0.00573997,-0.18402517
81.59022874301431,21.242178694595392,2025,40.06706188999999,0.17203917,0.0029959884,-0.18258111
81.54188687787573,21.18926737569968,2025,42.454548860000045,0.17052552,-0.028663468,-0.18641241
81.62859319730192,21.119945275066186,2025,40.613945090000016,0.13410757,0.07669298,-0.18566394
81.60553396573592,21.27487250718193,2025,42.345172219999995,0.16818689,-0.05035811,-0.15776987
81.59771688031626,21.198685906759493,2025,35.58091064000001,0.24829799,-0.06534878,-0.21768668
81.6321503413692,21.376257821530523,2025,39.36465878000001,0.11921864,0.035661723,-0.120691165
81.61701190212507,21.24632999536983,2025,40.05851684000004,0.12186474,-0.020307355,-0.1380036
81.61185322096671,21.2221257713375,2025,40.81731728,0.10754724,0.044505805,-0.13281003
81.70639608047826,21.319431836634546,2025,41.753854760000024,0.12453622,0.048904676,-0.16769645
81.50083093002628,21.24146763199838,2025,45.57349211000002,0.1434634,0.04254717,-0.17343046
81.61149654625407,21.156147336830752,2025,36.22520741000005,0.30613208,-0.115652926,-0.29905176
81.66160627511722,21.281860837185835,2025,38.086319300000014,0.14821027,0.04433095,-0.14868017
81.70318727449839,21.28831031011518,2025,41.27191393999999,0.19502044,-0.019238694,-0.19782472
81.5973082831332,21.273272075539893,2025,45.243653180000024,0.06465189,-5.0490175E-4,-0.08342446
81.73038957611786,21.333214677231275,2025,43.213349300000004,0.11475741,0.08996892,-0.16238055
81.72616731125792,21.258351849592124,2025,39.36465878000001,0.15289612,0.02256536,-0.16689743
81.59996292511617,21.255751343577316,2025,40.92669392000005,0.07554084,0.0058641415,-0.10345664
81.64625046869116,21.233716337698166,2025,39.016020740000044,0.19692214,-0.06393984,-0.1986199
81.67547548899529,21.301306255797716,2025,38.21962208000002,0.15936321,-0.020992437,-0.15534589
81.76851983523251,21.266984524804485,2025,42.44087678000005,0.13694894,0.01191495,-0.15961063
81.68774225175046,21.20525625312568,2025,39.487707500000056,0.118989654,0.055423543,-0.15257426
81.61165389421733,21.28644502369057,2025,41.35052840000003,0.07995247,0.0058598327,-0.092048235
81.51270837013011,21.182871213752556,2025,41.12152106000002,0.13102436,-0.034605358,-0.1285388
81.51321744009199,21.264438423405352,2025,46.552754840000034,0.1434785,0.063593596,-0.18201573
81.71254105452338,21.262398393433838,2025,42.553671440000016,0.06851781,0.064078845,-0.1350079
81.61257671491289,21.209970932455306,2025,37.05578627,0.22225499,-0.035967413,-0.22849968
81.61818814118611,21.234618326225778,2025,40.78313708000002,0.07352772,0.035059925,-0.10250659
81.6608798910236,21.20904667751544,2025,39.97648436000003,0.120335855,0.07013908,-0.15279485
81.62459657796973,21.381032907089516,2025,42.859584229999996,0.15858684,-0.00482128,-0.17229474
81.54466186166509,21.216182731303,2025,45.23339912000006,0.117720775,0.04790908,-0.1529045
81.71443549427693,21.207021174066014,2025,39.197175800000025,0.11503809,0.045585826,-0.17070855
81.68947377250522,21.330150880479042,2025,42.601523720000046,0.09198269,0.07191172,-0.13058667
81.6518131580246,21.25607288845551,2025,41.91450170000002,0.09923488,0.0154619645,-0.12174834
81.62207668437037,21.319215885471408,2025,43.849101020000035,0.030617444,-0.011593544,-0.045140684
81.60391464537818,21.307332086235068,2025,40.97625520999998,0.04573873,-0.048424724,-0.03505874
81.64432380411277,21.237142524272613,2025,38.87929994000001,0.17747869,-0.039389182,-0.17648008
81.6974200356015,21.223072386879966,2025,40.42766300000005,0.14407386,0.07207482,-0.15742117
81.57804022133374,21.299054042025215,2025,50.953455589999976,0.06341813,0.022599103,-0.083805
81.69194022822975,21.153938762400678,2025,37.58045234000002,0.05221604,-0.025847364,-0.05009625
81.69959704388071,21.362987489225524,2025,45.06249811999999,0.09312691,0.053134207,-0.12528676
81.68861486837977,21.271513587076093,2025,38.68789082000001,0.15849735,-0.025096014,-0.16411625
81.64020096768085,21.271547301636158,2025,38.937406280000005,0.18082939,-0.029900778,-0.1868964
81.63268985503696,21.275389059263105,2025,40.23625388000005,0.08552656,0.015706452,-0.11162933
81.69014593332192,21.164391224028662,2025,41.27191393999999,0.12611066,0.09040493,-0.1736088
81.71847706739744,21.207092937184406,2025,38.68105478000001,0.21515493,-0.04651963,-0.21471368
81.61302906214945,21.264448237155335,2025,41.24798780000003,0.08508789,0.01943638,-0.108639404
81.57303527389604,21.29685547129568,2025,47.709754610000005,0.11578743,0.014806046,-0.14056449
81.72919122254274,21.263652990746237,2025,38.81777557999999,0.15662041,0.044825118,-0.18699007
81.70614062882608,21.25857247319579,2025,41.883739520000006,0.10433902,0.05446135,-0.12027403
81.70619477466418,21.2688460656775,2025,39.634682360000056,0.16841736,0.0137723135,-0.18434128
81.7392262701274,21.21406137660208,2025,40.38322874000005,0.16109842,0.05102434,-0.17400235
81.70348745775807,21.295111394531403,2025,42.13325498000006,0.07655886,-0.0010296467,-0.11491617
81.67590827545028,21.329311194844237,2025,42.30415598000002,0.10843776,0.022182917,-0.12579016
81.55852296993658,21.26566023175857,2025,47.50125538999998,0.11361424,0.032933667,-0.1418561
81.66883436005777,21.123453227154034,2025,42.86129324000001,0.107852675,0.093083784,-0.15360819
81.68273028532904,21.36720783781169,2025,43.50046298000001,0.046623953,-0.014426292,-0.050299224
81.65215915295747,21.34442465983127,2025,41.00530838000003,0.113901496,0.0115937665,-0.11821821
81.67378398293954,21.22255176133304,2025,40.57805588000002,0.08966664,0.01980681,-0.12438442
81.59501571194922,21.353621601751176,2025,41.51117534000002,0.21051416,-0.0557235,-0.21660538
81.5554317315174,21.288449526423037,2025,46.31349344,0.13822436,0.026620923,-0.17104584
81.6553579501772,21.375190736237514,2025,42.632285900000056,0.14050515,-0.03726391,-0.13387585
81.7005744552255,21.186921729546878,2025,40.01920961000002,0.1599554,0.035512973,-0.19317603
81.52570250319663,21.24192007231159,2025,47.878946600000006,0.14117219,0.051598165,-0.17885078
81.51822650976618,21.21811525190374,2025,38.05213909999998,0.19509467,-0.03216045,-0.21760595
81.50422497298221,21.274642420415475,2025,41.323184240000046,0.1838092,-0.01407501,-0.18843958
81.6872673005837,21.231097498309047,2025,39.86368970000001,0.1491107,-0.008046579,-0.16281176
81.655170295138,21.20852230883923,2025,40.05851684000004,0.08813059,0.046776075,-0.13285667
81.52324360219829,21.199350791787424,2025,45.178710799999976,0.11751063,0.03411179,-0.14291362
81.73151696868841,21.22781209352256,2025,40.46184320000003,0.12851484,0.010692062,-0.14883424
81.60734448633532,21.202845919455633,2025,35.05795358,0.31636867,-0.1528034,-0.29617092
81.66319041437478,21.24911342690526,2025,40.10978713999998,0.10111828,0.018135808,-0.13854538
81.52139635678884,21.173431594250825,2025,47.18850656000001,0.12903973,0.06295127,-0.18279794
81.5521310678528,21.17515450991265,2025,45.61279934000004,0.1798326,0.044916756,-0.21897168
81.60110253619838,21.24149764445996,2025,39.05703698000002,0.14848933,0.03250942,-0.17009115
81.71993142182087,21.327680889577046,2025,43.46628278000003,0.11067853,0.061339602,-0.16066693
81.61130145161299,21.378600841636082,2025,50.712485180000044,0.097329,0.018850543,-0.12684654
81.54278078527854,21.355425966004375,2025,48.99151211000003,0.090970315,0.071234055,-0.13979714
81.61433724118547,21.28905942290215,2025,43.10055464000004,0.06308535,0.0030244023,-0.072848864
81.50239101712327,21.257811093118,2025,47.33206340000004,0.13626003,0.039054666,-0.1714717
81.51315994659385,21.22489613555717,2025,47.95072502000005,0.11422752,0.04422043,-0.13771449
81.64817057816022,21.368734836354978,2025,43.910625380000056,0.05732542,0.014862354,-0.076745585
81.65400848151793,21.237870315782985,2025,39.91837801999998,0.21243164,-0.07307928,-0.20676173
81.58672787652846,21.33316888012082,2025,44.09690747000002,0.123289324,0.005470323,-0.14314388
81.73613843441417,21.313238312045275,2025,42.259721720000016,0.15534884,-0.016233554,-0.17205194
81.63511147270222,21.295252833510474,2025,43.12448078,0.077129826,-7.5671583E-4,-0.09660033
81.74490830006364,21.221647529669823,2025,38.882717960000036,0.14197297,0.05611529,-0.15122694
81.70841524316083,21.26931030928513,2025,38.233294160000014,0.14243291,0.049275186,-0.17485382
81.60858418627095,21.368269434649363,2025,41.295840080000005,0.197901,-0.0545085,-0.22665234
81.67547614955163,21.257571710958327,2025,39.525305720000006,0.13440458,-0.016189203,-0.15219474
81.57619963060417,21.134690911807702,2025,34.62557405000001,0.24690942,-0.16903071,-0.2614297
81.62899662264606,21.158247133768796,2025,40.42253597000001,0.18069966,-0.0068986523,-0.19950654
81.5793508054966,21.21231794524461,2025,36.24742454,0.1546917,0.029334115,-0.18742599
81.51680596005161,21.320258142963624,2025,44.2558454,0.11019743,0.051078636,-0.14151773
81.52554304372475,21.27676567446773,2025,44.43529145000002,0.1260331,0.025103124,-0.1567844
81.62339599775872,21.14693874000604,2025,36.760127539999985,0.23204784,-0.045233566,-0.22865865
81.70389743288612,21.283348608817484,2025,41.357364440000026,0.099409446,0.01057045,-0.140533
81.62248906568973,21.31800163505857,2025,44.180648959999985,0.057000507,-0.010209435,-0.07914475
81.65751448405742,21.346714789576055,2025,43.33639802000005,0.09226524,0.012935401,-0.10537109
81.55804173732105,21.258962643269918,2025,46.915064959999995,0.10706223,-0.009225658,-0.13116679
81.67382084298671,21.140038490622366,2025,38.01624989000004,0.23570372,-0.07553895,-0.24251768
81.62913105917868,21.145840940727165,2025,38.77163231000003,0.1931901,0.04012761,-0.2349131
81.49040869378204,21.226128252007015,2025,46.42287008000005,0.1032442,0.018366298,-0.14971231
81.61339119387388,21.325089549102007,2025,44.30027966,0.1008364,0.004966522,-0.12114241
81.63570538945582,21.204192933246986,2025,40.325122400000055,0.092507824,0.009760902,-0.12783028
81.64854101464145,21.132456400937674,2025,43.832010920000016,0.18798533,-8.025804E-4,-0.20646222
81.65571062305068,21.153586721013635,2025,40.00382852000001,0.18066685,-0.004778178,-0.19561337
81.68581309263054,21.210621450917166,2025,39.279208280000034,0.07667709,0.016424306,-0.115766995
81.7017864003789,21.16235379872715,2025,40.56609280999999,0.13244738,0.07130386,-0.17581204
81.64739675534075,21.208268811845695,2025,38.89639004000003,0.17114082,0.013197105,-0.20448956
81.69262324303308,21.258483478310616,2025,39.13565144000006,0.16272241,-0.040868696,-0.1770826
81.62235057343986,21.239001047776828,2025,41.15570126,0.0806433,0.021581234,-0.10468493
81.69572631858084,21.22997161089044,2025,39.85685366000001,0.16577855,0.008563571,-0.18237728
81.57008186542609,21.36588170804081,2025,45.75122915000003,0.15459868,0.0049676397,-0.18562226
81.53627799516738,21.25500886846739,2025,45.41113616000001,0.13440222,0.030714069,-0.15360615
81.67471794326732,21.242108322097135,2025,40.571219840000026,0.13612227,-0.0031361866,-0.16629222
81.49606959333089,21.22395948344534,2025,46.20069878000004,0.12732176,0.057998367,-0.17716217
81.56215859545846,21.266466211480548,2025,46.737327919999984,0.13247442,0.005506587,-0.1348546
81.69952008718862,21.240754596022956,2025,39.556067900000016,0.17862166,-0.017223844,-0.18974712
81.73906617230978,21.176831651426127,2025,41.01214442000003,0.12957452,0.101138085,-0.18997522
81.54421156989285,21.225453984275372,2025,38.937406280000005,0.20599054,-0.058126133,-0.21571001
81.7636372387833,21.266575354372495,2025,43.011686120000036,0.15120128,0.011468887,-0.16997111
81.53854009453093,21.1870369867008,2025,45.70166786000004,0.15657532,0.03885883,-0.19429064
81.67491259920583,21.19340199419214,2025,39.96793931000002,0.14124857,0.07049366,-0.17845316
81.6310910841374,21.235473294539936,2025,39.66544454000001,0.16682242,0.020769106,-0.2046309
81.56793264040527,21.21225525851079,2025,38.67080071999999,0.28204668,-0.13392913,-0.26794004
81.65741926881512,21.331540144865663,2025,44.50194284000003,0.076897785,0.0212909,-0.10041577
81.61347091129097,21.274246888458357,2025,37.66590284000006,0.08293517,0.0028970994,-0.117354706
81.69287922312994,21.25498208613245,2025,40.297778240000014,0.13308364,-0.018892132,-0.15811732
81.71351666638813,21.215379231032045,2025,39.82267346000003,0.21246852,-0.040533766,-0.22192386
81.67684899489015,21.208351652887327,2025,37.607796500000006,0.14186029,-0.013828122,-0.16837806
81.5100983346723,21.237801291939704,2025,48.138716120000026,0.110578164,0.053578164,-0.14476962
81.5864096919603,21.300731234067005,2025,50.175856039999985,0.07672364,0.019703547,-0.09625752
81.72256479048777,21.24761372702348,2025,38.332416739999985,0.13492571,0.023401845,-0.17122783
81.69601874354426,21.192119273481524,2025,42.78780581000001,0.07702457,0.039329506,-0.112265006
81.73269127873769,21.251108205856326,2025,38.411031200000025,0.1470989,0.04453538,-0.16791412
81.49583615132622,21.2507296529685,2025,48.60698486000001,0.09298485,0.050923545,-0.14045964
81.64174754968045,21.147642366269874,2025,38.61611240000002,0.17152162,0.021298982,-0.18908653
81.52335831047982,21.195691965460405,2025,45.865732820000005,0.1535311,0.020254234,-0.17498441
81.62663553206905,21.181544131395448,2025,38.80581251000001,0.13853212,0.016385447,-0.17154112
81.68404137988749,21.225367027656578,2025,41.59320782000003,0.14895092,0.049735717,-0.17348222
81.62289065944854,21.350937931810343,2025,45.84522470000002,0.084607795,0.049297296,-0.1147638
81.66896120108896,21.181630866203736,2025,39.51334265000003,0.15572749,0.044806425,-0.18432374
81.7007069924483,21.351243050168932,2025,43.87302715999999,0.11167119,0.05151024,-0.13968834
81.66953261547671,21.18920112322863,2025,38.117081480000024,0.18984596,-0.013066798,-0.20530203
81.5087078986936,21.203084112864072,2025,44.177230940000015,0.16127867,0.0353746,-0.18525346
81.54155016713833,21.25108299180761,2025,39.708169790000056,0.059123777,-0.045030367,-0.0548744
81.71563244751705,21.17807257995319,2025,40.94891104999999,0.14149739,0.026679935,-0.17454362
81.6516518079824,21.253585765546813,2025,41.459905040000024,0.089419745,0.033496704,-0.11234731
81.55860859895529,21.26600234670043,2025,47.291047160000005,0.1220488,0.02976639,-0.14967021
81.62414569251906,21.223669222992758,2025,39.634682360000056,0.10774446,0.004885477,-0.13446654
81.61286652509695,21.187130629552655,2025,35.628762919999986,0.19073169,-0.007321509,-0.20322335
81.6924235650241,21.28506621899104,2025,39.44327324000005,0.077333726,0.015115569,-0.112855665
81.60578047795055,21.19544386110991,2025,32.83282256000001,0.30658913,-0.10980193,-0.28124833
81.62286029246017,21.12039563350837,2025,41.66669525000003,0.12729354,0.079493105,-0.17668949
81.58302036518256,21.217946681828373,2025,35.78599184000001,0.19222766,0.010912496,-0.21506613
81.56880316182509,21.261517570618683,2025,47.81058619999999,0.06360302,0.019042814,-0.09219533
81.70342439539864,21.254927744337262,2025,43.47995486000002,0.13360862,0.04363486,-0.17093801
81.65059074357045,21.204103886067728,2025,39.93375910999998,0.1393423,0.012832345,-0.17187998
81.73227891881824,21.26814854366185,2025,39.183503719999976,0.11067833,0.070283905,-0.15146667
81.67707766632485,21.349426547773966,2025,41.473577120000016,0.10577184,0.0043106955,-0.10937925
81.61347077822259,21.365520994483603,2025,47.49271034000003,0.09686933,0.028531244,-0.13624346
81.62894700326042,21.29250557420434,2025,41.210389580000026,0.09428302,0.008888717,-0.10781379
81.57170557222558,21.129098836431492,2025,39.22451996000001,0.13335146,0.045887236,-0.1679988
81.57420819681695,21.288926235807207,2025,47.98490522000003,0.07932706,0.034921072,-0.116795905
81.68916448006739,21.169485529638887,2025,42.94674373999999,0.10112537,0.058666937,-0.13012521
81.56401794022321,21.20525057080227,2025,45.42822626000003,0.14106889,0.046237703,-0.1726688
81.67553449497552,21.314869670619576,2025,42.454548860000045,0.13970147,0.0339213,-0.15490673
81.59722321636626,21.291792391930382,2025,45.61279934000004,0.09718738,0.034248963,-0.11425506
81.62825979590589,21.313963481587155,2025,40.851497480000035,0.0810964,0.0043997015,-0.10293267
81.66936101514705,21.161281709770783,2025,39.30142540999998,0.17785814,0.013930734,-0.20170863
81.54524068288413,21.319857738050363,2025,48.44804693000003,0.10021934,0.060808092,-0.12333871
81.63512195658033,21.322126980483553,2025,39.10147124000002,0.07622327,-0.0029316219,-0.09488799
81.62322432417182,21.217472448401107,2025,41.53851950000001,0.08383407,0.027951824,-0.12534295
81.68847986324037,21.181210231524588,2025,37.63172264000002,0.07304974,-0.022505753,-0.07959013
81.62070495433129,21.205701712431775,2025,36.11070374000002,0.14760007,9.955652E-4,-0.17421368
81.65754495816364,21.370963218671225,2025,41.94184586000006,0.06584281,-0.0038642394,-0.065632105
81.7094177758747,21.267033331044484,2025,38.605858340000054,0.15814571,0.04340976,-0.19489738
81.59093579911142,21.152834229605222,2025,33.61725815,0.26201952,-0.14082454,-0.25690845
81.763344104587,21.29602306368911,2025,42.5810156,0.12645717,0.08333978,-0.18210225
81.73235414728373,21.23987369181523,2025,40.328540420000024,0.1376122,0.049790654,-0.17272441
81.5579508940157,21.139411365704607,2025,38.39735912000003,0.21205476,-0.025467604,-0.22746812
81.6082177931683,21.22996581663829,2025,41.31976622000002,0.10584244,-0.0064839274,-0.12526849
81.7409883697325,21.219998697984302,2025,38.062393160000056,0.15136676,0.047667988,-0.1835462
81.56546619066104,21.245204689645377,2025,45.61450835000005,0.18320058,-0.0281718,-0.18039216
81.56412646169747,21.284700856045276,2025,48.65483714000004,0.07799641,0.025646228,-0.11466976
81.68435110998632,21.32761603345094,2025,43.82517488000002,0.103797466,0.050820842,-0.12709242
81.52002087368152,21.238694457077354,2025,47.12356418000002,0.14099374,0.046049107,-0.17049213
81.61651193543747,21.347914667648475,2025,49.47003490999998,0.083952256,0.03440733,-0.115844436
81.59334671246486,21.222857999518272,2025,39.27579026000001,0.07623219,0.019244429,-0.10997129
81.73087982342317,21.30910272575342,2025,40.53703963999999,0.15958941,0.013935255,-0.18424247
81.70533718762196,21.32782738856464,2025,42.31782806000001,0.12169351,0.02092609,-0.1539413
81.53215457319959,21.311944968855133,2025,41.50263029000001,0.17593853,0.016989296,-0.206777
81.70114651492827,21.279645276708035,2025,39.85685366000001,0.17741263,-0.021196557,-0.16960809
81.66639891625657,21.291740427195542,2025,37.477911740000025,0.13849322,0.02045035,-0.14103886
81.57950137605923,21.31707363815939,2025,46.83132347000003,0.03821611,-0.0074487044,-0.049934518
81.7005190464279,21.135253645679526,2025,43.26291059000005,0.083006755,0.048777115,-0.11794601
81.62962621408052,21.12073345470417,2025,41.041197590000024,0.11461576,0.09334219,-0.16163121
81.72175821688846,21.236036781381145,2025,39.12197936000001,0.08784921,0.0051983586,-0.120665744
81.52051054258158,21.256988240054945,2025,44.751458300000024,0.12380741,0.016887074,-0.16467313
81.65366001556936,21.363983617881793,2025,44.98388366000006,0.025929498,-0.016508307,-0.025929498
81.52982546231486,21.178652583690273,2025,48.66167317999998,0.11715018,0.07979361,-0.17284442
81.571730470005,21.275819644553955,2025,46.923610010000004,0.10568455,0.020385414,-0.1367369
81.59745686088885,21.360368557055306,2025,41.249696810000046,0.111727685,0.008819417,-0.124936424
81.60097750352247,21.270642665092193,2025,43.28512771999999,0.16844366,-0.056930386,-0.16780515
81.50915261361253,21.2103203491756,2025,42.07856665999998,0.20981091,-0.023578541,-0.20459701
81.60379660908266,21.18007873947421,2025,34.488853250000034,0.32845056,-0.15337443,-0.2888889
81.53063084906705,21.2820181296827,2025,46.89626585000002,0.13620795,0.03310173,-0.1697768
81.66320146215665,21.237785793298023,2025,41.295840080000005,0.07041187,0.029183548,-0.10479019
81.63133766325677,21.167513718739603,2025,34.21882966999999,0.28374118,-0.14228594,-0.26943612
81.64466561728486,21.266936316080635,2025,40.07560694000006,0.17946166,-0.023986664,-0.1969112
81.59352399468759,21.167645396725106,2025,37.81629572000003,0.17710672,6.074047E-4,-0.20770885
81.70199084766465,21.26785453754748,2025,38.51698982000005,0.08592795,0.047799975,-0.12500453
81.5018527542571,21.264982336133937,2025,44.29857064999999,0.18647744,-0.015253382,-0.20149498
81.57336038099137,21.24725743046955,2025,44.51561492000002,0.13217178,-0.008443289,-0.1586968
81.51873784958941,21.201576455827777,2025,47.22268675999999,0.13164005,0.054761216,-0.17508635
81.66417549260497,21.229723505697837,2025,40.444753100000014,0.19209251,-0.045195892,-0.19133708
81.74614362382052,21.19823002027501,2025,38.02479493999999,0.14862587,0.06926057,-0.19157895
81.55414915739736,21.26301861471061,2025,46.68947564000001,0.12152024,0.015493721,-0.14160134
81.58194249320725,21.320658724973953,2025,48.13358908999999,0.08133615,-2.0674922E-4,-0.08362369
81.57351266977754,21.32743295727963,2025,39.48941651000001,0.16915493,-0.022022076,-0.1806757
81.69178055323013,21.30741447224752,2025,43.40134039999998,0.12213115,0.037406836,-0.14307185
81.56474705792391,21.361076202134484,2025,47.542271630000016,0.11245065,0.070137314,-0.14552017
81.5849931130069,21.269210652618323,2025,51.013270939999984,0.065985285,0.033938497,-0.09933384
81.62254889910969,21.350487799659554,2025,46.07081402000006,0.089324616,0.044873577,-0.12580341
81.61777479670481,21.29146771131536,2025,41.48041316000001,0.044164553,-0.0048404234,-0.07186634
81.68734992706102,21.27288220302236,2025,41.524847420000015,0.06620695,0.07573927,-0.0997276
81.50179828102982,21.204097171705108,2025,39.576576020000005,0.26190013,-0.109126985,-0.24839243
81.74901952277524,21.236107600801443,2025,36.168810080000014,0.25400695,-0.06598857,-0.23638217
81.56464027574113,21.161401957275643,2025,41.66498624000002,0.09310762,0.07088661,-0.14340985
81.70750559502699,21.33514225278793,2025,42.895473440000046,0.07152905,0.0789694,-0.11404463
81.7393539960901,21.213411380558018,2025,39.11172529999999,0.1605545,0.06926267,-0.17411791
81.66291844095986,21.192754484875135,2025,40.839534410000056,0.07660184,0.069974065,-0.1225103
81.62341595931882,21.32085145689057,2025,45.6230534,0.042347733,0.03552282,-0.04728099
81.66458267009332,21.363238781424666,2025,43.16891504,0.07910623,-0.0017983355,-0.08857078
81.622206971962,21.270093832289447,2025,40.97454620000002,0.08823187,0.0033447195,-0.11336354
81.56039624330927,21.25445315009342,2025,43.31247188000003,0.20766129,-0.058361128,-0.19704725
81.7359131241936,21.21716056823159,2025,39.29288036000003,0.20463267,0.007032905,-0.22133055
81.54395807818274,21.16752073157651,2025,48.57622268,0.12334128,0.0626373,-0.1661127
81.52771381895269,21.182875178629512,2025,46.89797485999998,0.15522598,0.046773795,-0.1964712
81.62170635899086,21.155842896442778,2025,36.937864579999996,0.28955826,-0.09909189,-0.27420995
81.64239155019796,21.13296958603587,2025,39.77140315999998,0.16187617,0.039675575,-0.1911635
81.50221702283672,21.212373120044862,2025,48.63774704000002,0.14581431,0.03899917,-0.16672479
81.6100452893495,21.295664083267663,2025,42.43745876000003,0.10953145,-0.010261267,-0.11049412
81.59341719403768,21.24524038479116,2025,38.976713510000025,0.17138207,-0.038820222,-0.16957627
81.64683521903763,21.383841362907535,2025,43.886699239999984,0.085795626,0.013365735,-0.099742234
81.56458058824626,21.277882292404616,2025,49.63580888000001,0.09043155,0.053331643,-0.13612436
81.55802503172126,21.30224209723479,2025,48.967585970000016,0.07977214,0.02185019,-0.114664465
81.51476450559625,21.313158357867753,2025,45.76831924999999,0.12756044,0.046404272,-0.16628961
81.62354787185694,21.145224773633494,2025,36.62169773000005,0.20296858,-0.031171868,-0.22652964
81.67965972697561,21.243070654029093,2025,40.889095699999984,0.14613624,-7.992622E-4,-0.16713272
81.55688574086147,21.174590694648003,2025,42.71090035999998,0.1555656,0.022012377,-0.17753707
81.59118594939758,21.311705571896947,2025,43.69870814000001,0.11544018,-0.028004467,-0.118306704
81.65959371690845,21.15508964640525,2025,39.745768010000006,0.1956498,0.019734887,-0.21128209
81.66888149452835,21.287598391584474,2025,39.340732640000056,0.19160828,-0.059392124,-0.1938936
81.64998142158498,21.21727707264417,2025,39.09121718000006,0.09391388,0.025330463,-0.13723099
81.60116471112923,21.321372561699743,2025,45.91016708000001,0.057948235,0.021989731,-0.08650266
81.61059287818159,21.322397326299544,2025,47.06374883000001,0.08676095,0.0119554205,-0.11181129
81.63052404399117,21.14612438348896,2025,37.19934311000003,0.2568326,-0.07603032,-0.24187596
81.68078074723944,21.179181755050337,2025,38.61269437999999,0.16653965,0.014478432,-0.18960439
81.59299781125513,21.379610345941142,2025,46.77492614000005,0.11114407,0.04757061,-0.15178657
81.68299787135737,21.215544749590013,2025,40.246507940000015,0.097936645,0.014091858,-0.13211222
81.61209117300862,21.250824806070934,2025,39.556067900000016,0.14772318,-0.015421619,-0.1553445
81.6099905208045,21.21102072276985,2025,36.946409630000005,0.24723145,-0.030538244,-0.24785182
81.51781213170315,21.191849112219387,2025,45.028317920000006,0.15373857,0.05178461,-0.18105727
81.65664459765455,21.23731824565092,2025,38.63320250000004,0.13815889,-0.04087799,-0.14836386
81.55864643903695,21.199064254162984,2025,46.651877420000005,0.14423864,0.040813144,-0.17514038
81.76079237745975,21.275124964739668,2025,43.36374218000003,0.11559525,0.037727475,-0.15398069
81.51486704472046,21.174044147002782,2025,50.24421644000006,0.14020596,0.06797679,-0.17942192
81.51055416385468,21.186104807847283,2025,41.34027434000001,0.14952394,0.040841445,-0.19241871
81.64913682830213,21.300957017130226,2025,39.55264987999999,0.12234924,3.688948E-4,-0.131535
81.7698676895753,21.222795856612088,2025,38.903226080000024,0.07897565,0.040313806,-0.117319725
81.56133597174825,21.21186263175619,2025,46.40236196000001,0.14055875,0.04854604,-0.17610133
81.55208878101624,21.348454247315875,2025,47.070584870000005,0.12948792,0.02704121,-0.15535304
81.74380265094736,21.22588178277099,2025,38.332416739999985,0.13674214,0.059328437,-0.1716168
81.63176307411668,21.14672489002189,2025,37.73597225000003,0.27082244,-0.11689382,-0.25259492
81.54912025541702,21.203077407078208,2025,46.90139288,0.12447221,0.05717128,-0.17131329
81.55063958585728,21.201905972599643,2025,47.434604000000036,0.12195834,0.05325699,-0.15834275
81.66571109009563,21.20785974452877,2025,41.40179870000003,0.07982523,0.029936763,-0.123295575
81.58297244037824,21.238202263741623,2025,43.38083228000005,0.09199972,0.020425057,-0.13216434
81.51544860120873,21.18422277539815,2025,45.20605496000002,0.12865454,0.049517684,-0.16697372
81.7528913596753,21.203708606369336,2025,39.85001762000002,0.104631215,0.08343711,-0.15304562
81.58337964219571,21.167821318921053,2025,39.248446100000024,0.11589946,0.051875178,-0.13854694
81.5960871823512,21.233986487563204,2025,39.82609148000006,0.15155949,-0.008192024,-0.15650257
81.53653821023651,21.324515298894394,2025,45.339357740000025,0.09811779,0.05828242,-0.12818913
81.60226537085273,21.145548870706172,2025,34.856290400000034,0.12020527,-0.05287253,-0.1088964
81.57741086437069,21.15212005545491,2025,39.84318158000002,0.13369657,0.069498986,-0.17715074
81.514321684675,21.21577194462204,2025,38.70839894000005,0.1944904,-0.044194806,-0.2112676
81.71345661995991,21.216124399595596,2025,39.487707500000056,0.2120739,-0.04165868,-0.21510024
81.5776125598018,21.193385904356646,2025,35.909040559999994,0.123928346,0.0054277433,-0.15376359
81.67731691605354,21.335132500572765,2025,42.56392549999998,0.10693652,0.061051566,-0.142099
81.6058849939683,21.196673737452667,2025,33.91633490000004,0.25064468,-0.05465762,-0.24506591
81.56455883004466,21.29783848613034,2025,47.07400289000003,0.106057264,0.017793594,-0.1341689
81.72160408095125,21.15145199108383,2025,41.13177512000004,0.13682874,0.07070649,-0.17801909
81.6707397788618,21.329916682564562,2025,42.478475,0.10622771,-0.012254809,-0.12261213
81.71071163545942,21.255926102095852,2025,41.059996700000056,0.16543105,0.025763612,-0.1976491
81.61439093188004,21.228560377709137,2025,39.56632195999998,0.078706354,0.022150153,-0.11340054
81.74549319561503,21.26367576430166,2025,40.325122400000055,0.121822774,0.069346145,-0.17318353
81.65583980583247,21.33470701116541,2025,40.69768657999998,0.15212032,-0.0022520106,-0.1515052
81.5372379739757,21.33249169043421,2025,46.284440270000005,0.11844683,0.04298731,-0.15137516
81.49467876091096,21.239843483910104,2025,47.420931920000044,0.12948632,0.058026697,-0.17146689
81.56596651293025,21.146413703737533,2025,40.56096578000006,0.19732293,-0.04409171,-0.20628335
81.72690278974642,21.232000524973223,2025,38.02479493999999,0.14508875,0.053384066,-0.18641618
81.57873556142037,21.372321532208687,2025,45.83838866000002,0.10968262,0.060909458,-0.14977513
81.58813603674125,21.291376958761383,2025,47.08596596000001,0.12980345,-0.0052823187,-0.14282237
81.73972105578046,21.272769579904253,2025,40.07560694000006,0.15427294,0.021187913,-0.18317492
81.71153572100431,21.150070700334023,2025,42.070021610000026,0.12245853,0.06401492,-0.16412598
81.71755658661628,21.264952656050703,2025,40.277270120000026,0.08051877,0.051030833,-0.13644053
81.70199051030006,21.305600321862368,2025,42.43745876000003,0.16750099,0.020781731,-0.19641276
81.61713474507549,21.297289667823232,2025,43.978985780000016,0.05752698,0.0034473843,-0.07442854
81.6428143465582,21.32993742328616,2025,42.58785164000005,0.09357083,0.027928784,-0.12895589
81.6433527584984,21.26448021991784,2025,42.099074780000024,0.1415266,-0.027340297,-0.15625
81.69844444887856,21.173655642092143,2025,40.44646211000003,0.1328336,0.054205164,-0.17001486
81.69779523629575,21.153414731477255,2025,40.59001895000006,0.21275519,-0.015414404,-0.22761522
81.67345869743981,21.174160573368653,2025,42.21870548000004,0.14025648,0.08632755,-0.18878014
81.5852503058808,21.320970062555364,2025,46.125502340000025,0.09199764,-0.0031372246,-0.1101348
81.69739064893824,21.311701092477247,2025,41.589789800000005,0.1377903,0.05862852,-0.17004311
81.5185576537481,21.181285273220347,2025,46.95949922,0.1275411,0.07518106,-0.1782001
81.677979908204,21.254391077117788,2025,40.02433664,0.1735784,-0.0061059683,-0.18593043
81.6372512858572,21.142353670111696,2025,39.72525989000002,0.17884904,0.024653053,-0.20604803
81.56672463038608,21.20354736930742,2025,42.84420313999999,0.14580467,0.035547767,-0.17243609
81.5067421295762,21.24437768092608,2025,48.29081801000001,0.09954946,0.041210223,-0.14472558
81.73095435243026,21.269588421061552,2025,39.576576020000005,0.12986577,0.05866226,-0.16264573
81.76735147933088,21.28789965868183,2025,41.30267612,0.109471515,0.027464429,-0.13410741
81.55453698121107,21.211872534478776,2025,45.770028260000004,0.12060338,0.068399,-0.15940724
81.672288040696,21.345491362596615,2025,43.69529011999998,0.07720263,-0.013679638,-0.07567064
81.6062000292727,21.256567259778766,2025,38.35292486000003,0.14161481,-0.033887282,-0.14788817
81.51182567088702,21.280897033901674,2025,42.975796909999985,0.1988033,-0.0181009,-0.21068741
81.57297288136768,21.19019953948644,2025,37.09167548000005,0.21003246,-0.045273833,-0.22048293
81.63789187754229,21.25978120140029,2025,40.294360220000044,0.09898663,0.0042244177,-0.12526137
81.69012139759609,21.295389470153275,2025,39.79532930000005,0.124397516,0.06254793,-0.15871692
81.69312748032146,21.35702830631089,2025,35.529640340000014,0.08055106,-0.07922828,-0.082887046
81.60800940373672,21.32047751444106,2025,44.794183550000014,0.07798785,0.004054897,-0.094875805
81.49354336430488,21.262592843183924,2025,45.35986586000001,0.14730549,0.043766685,-0.17271212
81.56599973626562,21.259992484386945,2025,50.28181466000001,0.09236689,0.01878325,-0.123394385
81.67191435395672,21.35203853602399,2025,43.27145564,0.060420852,0.027310587,-0.09389777
81.70562626036453,21.361823673377664,2025,44.26951747999999,0.107644774,0.04962338,-0.14224657
81.69575979159114,21.134698081484533,2025,42.13667300000003,0.13006419,0.06059972,-0.16645631
81.75162127270175,21.2218614648628,2025,39.58341206,0.058101248,0.013683739,-0.08695652
81.74755719264722,21.178143835126242,2025,41.750436740000055,0.19331045,0.012590175,-0.22586028
81.62905811271011,21.29463397523692,2025,41.79828902000003,0.07827569,0.0036860753,-0.09952607
81.57533081414029,21.24394950133054,2025,44.81981870000004,0.14167792,-0.022789916,-0.16412885
81.667234810422,21.31265952284988,2025,38.458883480000054,0.10543578,0.052438717,-0.13836811
81.59178439354532,21.159424209875294,2025,40.27556111000001,0.16774526,0.051555287,-0.20707558
81.53084172939279,21.31094604845171,2025,44.0507642,0.122142166,0.04585799,-0.15544133
81.6499753338295,21.3299050837918,2025,43.589331500000014,0.10255067,0.02414494,-0.12185322
81.62532925168904,21.34559097686765,2025,42.94674373999999,0.088439964,0.038378417,-0.10911513
81.70473736110428,21.299606498263433,2025,43.15524296000001,0.11328527,0.080531,-0.15355006
81.58545042388828,21.136164923489904,2025,35.27328884000002,0.26057288,-0.09704307,-0.25000435
81.67064527364136,21.130662504911445,2025,42.46309391,0.17195417,0.023469064,-0.19683988
81.59069932220082,21.24299005162463,2025,40.57634687000001,0.1905202,-0.034790523,-0.18773946
81.73419628853364,21.252750832987388,2025,38.83486568000001,0.16421022,0.032926265,-0.1792204
81.51619857404448,21.293275094725278,2025,46.691184650000025,0.114904575,0.05558102,-0.15668248
81.61593342483424,21.332561817842656,2025,46.547627809999994,0.0488556,0.040103592,-0.071530305
81.51117081484266,21.20117872115742,2025,44.69676998,0.16719915,0.032509435,-0.19121505
81.6305327044603,21.210395850602325,2025,40.01066456000001,0.08687139,0.0038095838,-0.117345855
81.66666450210013,21.368616786680057,2025,42.07173062000004,0.10135919,0.0061326753,-0.11907368
81.528947181254,21.312129321257775,2025,44.29515263000002,0.11821029,0.05162264,-0.16257124
81.597522803295,21.231244093269876,2025,39.15274154000002,0.11917212,0.021922536,-0.15385485
81.54730734329686,21.187685660570967,2025,45.50000468000002,0.12247584,0.061320756,-0.15599102
81.59328574953666,21.344281861879733,2025,51.53622800000005,0.088661,0.028262576,-0.122040585
81.59650864757319,21.19892147043349,2025,36.86608616000001,0.22559737,-0.05827668,-0.22705774
81.74484492311328,21.214860013771,2025,36.06626948000002,0.104502,0.0035749825,-0.114564866
81.64164170425381,21.23879737366064,2025,41.08050481999999,0.15704343,-0.04498367,-0.16196798
81.75861793032566,21.215579974215107,2025,36.04234334,0.15739572,0.01800253,-0.17391136
81.52764523680298,21.180901302958002,2025,47.88920066000003,0.12752101,0.0815521,-0.18568026
81.69219534653624,21.223592367577016,2025,39.62784632,0.15570489,-0.0029469244,-0.17858054
81.6106569929491,21.25490212736154,2025,38.752833200000055,0.13174395,-0.010594073,-0.15150125
81.67597532987516,21.286954111599044,2025,42.34859024000002,0.11528577,0.034651294,-0.15271232
81.64713534580864,21.315704736983655,2025,39.904705939999985,0.1990072,-0.042487707,-0.19526243
81.73371236308915,21.16183804539882,2025,41.347110380000004,0.11206912,0.07117581,-0.15902005
81.65550352250551,21.37013035699848,2025,43.74314240000001,0.0614852,-0.016292423,-0.063871376
81.72773854706159,21.183044726484468,2025,39.81241940000001,0.14729299,0.059714045,-0.19234872
81.66958617556824,21.29652709028626,2025,36.92077447999998,0.14289388,0.016377721,-0.14618526
81.50371920034031,21.25325258455776,2025,48.012249380000014,0.12444757,0.051245756,-0.16893882
81.66890227244524,21.334693451905537,2025,44.67967987999998,0.06478775,0.019957434,-0.08500045
81.71763577374429,21.227795272479046,2025,41.26507790000005,0.21176676,-0.030342733,-0.22463281
81.68543202702513,21.165401862991285,2025,40.67205143000001,0.15246645,0.03937421,-0.17115287
81.74383141336632,21.171127033454372,2025,41.49750326000003,0.13223407,0.09062202,-0.18105003
81.73249740502577,21.207394049031425,2025,35.902204520000055,0.1588422,0.046319347,-0.18899448
81.66826622404893,21.15012924898467,2025,38.08119227000003,0.22068597,-0.037379365,-0.22916144
81.7455967049861,21.255120642949326,2025,38.496481700000004,0.14592321,0.033483166,-0.18809202
81.65455671012728,21.12432255281258,2025,41.18475443,0.19298245,-0.0021009042,-0.20888889
81.60127833127264,21.133068066048562,2025,35.31943210999998,0.30818078,-0.14423305,-0.2916889
81.62632917628179,21.154463896787863,2025,36.87121319000005,0.17745577,0.005397426,-0.1968026
81.72931807762366,21.338199104041205,2025,43.74656042000004,0.10940427,0.04533144,-0.14143634
81.60776379134735,21.25933331692904,2025,37.93592641999999,0.1209411,-8.6330937E-4,-0.13986072
81.69313964317287,21.312120242114567,2025,41.063414720000026,0.14353411,0.041162226,-0.1732442
81.76585648541673,21.265233038526762,2025,42.21870548000004,0.12707098,0.058673143,-0.15713388
81.65657314164915,21.36210023261197,2025,44.16697687999999,0.04353318,0.02450133,-0.056786515
81.66005666131045,21.219141797322507,2025,39.672280580000006,0.13903762,-0.019325357,-0.16400927
81.73226468256205,21.30567764573359,2025,41.866649420000044,0.116845824,0.032280702,-0.15025592
81.52467736199203,21.26281406647687,2025,45.110350400000016,0.10756497,0.014497561,-0.14606482
81.57701672713951,21.1309100199607,2025,36.48839495000004,0.25689754,-0.09466077,-0.25217423
81.63492377067595,21.328833967776646,2025,38.54775200000006,0.19555344,-0.085561305,-0.19445881
81.63972943925728,21.2358343996075,2025,41.10443096000006,0.16730651,0.005654207,-0.18382941
81.67400980170126,21.336602310343604,2025,43.35690613999998,0.10795829,0.06801878,-0.13231915
81.65430275529589,21.377492834808162,2025,42.96041581999998,0.057786383,0.0029300158,-0.058757525
81.64928802593501,21.189110552390144,2025,38.686181809999994,0.16070646,-0.01764433,-0.18331133
81.72515611531037,21.196730606378235,2025,37.58045234000002,0.23977648,-0.07665113,-0.23821844
81.73637346101653,21.319501321978645,2025,44.05418222000003,0.07073054,0.024529947,-0.13335021
81.61467667971668,21.166411014985147,2025,32.60381522,0.28815398,-0.12959252,-0.28431195
81.58444352622172,21.171731883824496,2025,36.06285146000005,0.23164842,-0.07882309,-0.24878857
81.5414621849642,21.325080667989944,2025,44.93090434999999,0.23020174,-0.06935079,-0.23440303
81.72490264509386,21.2484206527921,2025,35.885114420000036,0.24028327,-0.067139626,-0.24550098
81.50185226161155,21.22864620067486,2025,40.15251239000003,0.2184212,-0.07006411,-0.22030737
81.76560021627347,21.22138144421654,2025,37.46765768,0.094995685,-0.03233416,-0.10765874
81.62435904958406,21.155333203165718,2025,36.89343031999999,0.16997328,-0.004047047,-0.19070116
81.51038491177094,21.299484499022046,2025,44.99242871000001,0.11265724,0.072463766,-0.16207597
81.53502894878422,21.262067000910143,2025,46.48439444000002,0.15228985,-0.02004613,-0.17991692
81.6973087249257,21.20087859797909,2025,40.034590700000024,0.1610012,0.029540747,-0.18969573
81.569732603699,21.341324826996786,2025,48.029339479999976,0.102640204,0.006407919,-0.12909974
81.56506878966792,21.32458730971558,2025,45.11718644000001,0.13368677,0.046695534,-0.17505206
81.60990780404948,21.12322739797519,2025,37.922254339999995,0.24487275,-0.11797619,-0.23681764
81.56356123817129,21.215466535800196,2025,41.244569780000006,0.18019788,-0.023701087,-0.2071901
81.6705294649733,21.212151354808405,2025,39.98673842000005,0.12129288,0.010641825,-0.1543034
81.50634598273525,21.221763370713248,2025,43.69870814000001,0.1381857,0.05195697,-0.18423216
81.6073985742289,21.230816972105806,2025,41.34027434000001,0.0956831,0.0068927677,-0.11775831
81.67588460564576,21.359491483893517,2025,43.818338840000024,0.076765954,-0.014269681,-0.092903726
81.66129197563882,21.291974781723667,2025,35.35873934000006,0.1441623,-0.00310181,-0.13662855
81.49733305480119,21.21770451984638,2025,42.56050748000001,0.14225909,0.031900138,-0.16886051
81.71423054810332,21.18066721983527,2025,40.11320516000001,0.18438002,0.014737941,-0.1996112
81.65362886460254,21.15721862514925,2025,40.026045650000015,0.15185669,0.06316274,-0.18486616
81.74271791524507,21.208894178749635,2025,36.20640830000002,0.15435965,0.027176736,-0.19697562
81.653035838227,21.33607595010571,2025,41.58295376000001,0.10532258,0.03602684,-0.113563605
81.67748089097914,21.25927022161686,2025,38.38710506000001,0.17467281,-0.017286139,-0.19409862
81.74366961815194,21.218311830279468,2025,37.09167548000005,0.13280667,0.068256356,-0.16008395
81.60996192322374,21.371876785697783,2025,47.47903826000004,0.07386195,-0.0011442044,-0.10866226
81.62742768958363,21.306826761805134,2025,42.20161538000002,0.06845334,0.016970553,-0.09429126
81.52452712314658,21.331420430918172,2025,47.81742224000004,0.10311892,0.08172028,-0.1577029
81.55231612506137,21.361138918159607,2025,46.609152170000016,0.11249025,0.050645366,-0.16545281
81.60301259672296,21.127065334639642,2025,33.504463490000035,0.25578335,-0.15247342,-0.2693223
81.53089094495591,21.184118145471874,2025,47.239776860000006,0.13284065,0.06928925,-0.1877971
81.61080326563734,21.180527888629765,2025,38.52553487,0.21671546,-0.018853607,-0.22892244
81.61260228731983,21.264965245529357,2025,41.261659880000025,0.07469153,0.01201906,-0.09662141
81.63528337562049,21.280751850242165,2025,41.38470860000001,0.107020855,-0.029834006,-0.12148848
81.52570683801676,21.324440236558164,2025,44.34642293000002,0.08767622,0.06002501,-0.1077617
81.51001061622078,21.256537565884763,2025,45.42651725000002,0.12793301,0.041458063,-0.15087387
81.70980159500184,21.16910067499933,2025,41.58808079000005,0.1623943,0.047240753,-0.20181759
81.63436977699585,21.15639128314487,2025,38.185441879999985,0.15526734,0.03678487,-0.17603911
81.73689377705763,21.33543310722182,2025,42.94674373999999,0.101537116,0.06882716,-0.13986701
81.70675077453141,21.16497345604835,2025,41.96406299,0.13284151,0.050746776,-0.18216087
81.71460944953895,21.163839326865144,2025,42.74678957000003,0.10646926,0.06751354,-0.14298135
81.49772536612186,21.285745191984017,2025,46.56813593000004,0.10961416,0.060278017,-0.15231737
81.72960568922532,21.207122497715456,2025,38.54433398000003,0.1204613,0.049310602,-0.16111976
81.58470882788393,21.124602432378005,2025,37.19934311000003,0.18760529,0.013443026,-0.22191292
81.63510453267287,21.307052622423118,2025,42.40327855999999,0.073119186,0.020938573,-0.09176127
81.70071121608191,21.158869217854143,2025,42.27339380000001,0.15173927,0.061954625,-0.18920173
81.67428512433516,21.30122736974768,2025,39.81583741999998,0.14737876,0.025425496,-0.1515226
81.50104209533944,21.29615981469962,2025,43.922588450000035,0.15337744,0.014154712,-0.17597286
81.57176758644671,21.14009189561682,2025,41.96919002000004,0.15781564,0.037200652,-0.1882566
81.7293856007591,21.219403501110953,2025,42.46480292000001,0.11887866,0.054250676,-0.1422321
81.70814382471104,21.27673376611667,2025,43.33298000000002,0.08923409,0.065665916,-0.12456224
81.57041130174045,21.368479748616394,2025,52.23521309,0.10195131,0.08447203,-0.14250481
81.60322088378999,21.325492011770116,2025,45.11718644000001,0.115615174,0.019444969,-0.13958034
81.6853331324348,21.16338411450466,2025,39.47232641000005,0.1577282,0.03302055,-0.18773024
81.73897693012997,21.272827075391184,2025,40.738702820000015,0.1388043,0.026010735,-0.17178664
81.61319236323774,21.19592742399579,2025,37.15319984000001,0.16791828,0.0016125106,-0.17110687
81.54988605065823,21.198150763587623,2025,46.474140379999994,0.14836012,0.033209268,-0.19029519
81.70713148586773,21.360240792850895,2025,44.454090560000054,0.08848693,0.055493407,-0.12673892
81.65370851068175,21.29408762893213,2025,39.79532930000005,0.10665233,0.02759097,-0.12707508
81.54277183663817,21.31583370369669,2025,41.827342190000024,0.18396106,-0.035107587,-0.19909358
81.50778332683171,21.28041339274293,2025,42.18794330000003,0.15954672,0.02040885,-0.18001622
81.69372368108412,21.31290685234631,2025,41.57611772000001,0.1396381,0.032370277,-0.16636254
81.69039205096611,21.263637914523933,2025,39.50821561999999,0.10576781,0.046795525,-0.1411608
81.71074263244022,21.276237555282506,2025,38.13758960000001,0.2545336,-0.07475764,-0.24326073
81.63441017380384,21.23522127833715,2025,37.922254339999995,0.13884328,-0.02993103,-0.16091356
81.4964297291136,21.300211504970047,2025,50.11945871,0.09856392,0.081240036,-0.14393078
81.72623403326274,21.33356197418299,2025,44.44383650000003,0.12663211,0.06554924,-0.17706335
81.72457172703776,21.189304495115625,2025,40.21916378000003,0.16659105,0.038052216,-0.20177276
81.61495868624476,21.247844251451607,2025,39.84318158000002,0.14320959,-0.030724315,-0.15500857
81.60979893240987,21.35439374770462,2025,43.891826270000024,0.24090682,-0.12111834,-0.23700264
81.5742709203259,21.18863868129471,2025,36.69518516000005,0.17442693,-0.0017413619,-0.19929776
81.75072820035697,21.286239355667647,2025,43.36374218000003,0.119737014,0.0426142,-0.1665283
81.59505359647035,21.371929766430387,2025,47.16287140999998,0.11088035,0.0317455,-0.14521341
81.60123471173247,21.235435009518103,2025,41.148865220000005,0.08983532,0.011401099,-0.113311164
81.65667817567207,21.138296298937604,2025,45.048826039999994,0.12228241,0.070503466,-0.15577121
81.5253237038807,21.284341071403748,2025,42.54170837000004,0.16416442,0.023744041,-0.19674097
81.63138513097583,21.336934544376348,2025,42.375934400000006,0.10343989,0.006312256,-0.12397854
81.59911819751332,21.31562769235681,2025,46.36134572000003,0.08121515,0.03491053,-0.10864493
81.63080347379494,21.19924540325761,2025,37.291629650000004,0.25035152,-0.049920086,-0.25078046
81.72776197812738,21.283344640265927,2025,38.52382585999999,0.04503037,0.11148298,-0.09074166
81.62767253049925,21.165004923487306,2025,37.70862809000005,0.1852366,0.011626561,-0.18653086
81.5569581002662,21.193809224569232,2025,48.20024048000005,0.10438587,0.065246664,-0.15064985
81.57787098264289,21.354114679003846,2025,44.14475975000005,0.11317427,0.03073262,-0.14397259
81.51474877723821,21.243540271566406,2025,45.22314505999998,0.1301876,0.0076373983,-0.16230121
81.65996652388554,21.32267313036952,2025,35.909040559999994,0.24827182,-0.09029507,-0.23001732
81.69526295857602,21.140059789220697,2025,41.66156822000005,0.19826129,-0.017765857,-0.21286076
81.62276290068863,21.38099818551286,2025,43.78244963000003,0.10131641,0.03294057,-0.13454281
81.54612777696866,21.333639968054186,2025,41.680367330000024,0.19796109,-0.06986251,-0.19703962
81.61511409958996,21.20237619490176,2025,37.16003588000001,0.24239425,-0.09407276,-0.2347613
81.73139276142419,21.262205706208853,2025,39.750895040000046,0.109416425,0.01970222,-0.14226958
81.74570140468525,21.200341635186422,2025,38.26063832,0.07014967,0.08028251,-0.10784153
81.53516509677503,21.16894295494612,2025,45.38721002,0.13823923,0.036140017,-0.16643132
81.53747121828083,21.27596083168617,2025,47.99686829000001,0.13050136,0.027171206,-0.16491255
81.57842529070396,21.301081994926182,2025,48.565968620000035,0.1002601,0.032554317,-0.13072714
81.51817016325809,21.315708454114933,2025,44.307115700000054,0.11867762,0.047915895,-0.14575942
81.59208489109712,21.380936639088365,2025,44.18235797,0.19805618,-0.06789689,-0.20104563
81.5778823207792,21.21090846498763,2025,36.937864579999996,0.18083182,0.014161056,-0.19790138
81.75487927906748,21.245744193467196,2025,39.344150660000025,0.18833129,0.008548072,-0.19527824
81.56647207283768,21.316691251065333,2025,44.81469167,0.11965376,0.037565786,-0.16320302
81.54474121664737,21.354209225794126,2025,47.98832324,0.10884468,0.06979248,-0.16525596
81.53151237958481,21.170997203149042,2025,46.258805120000034,0.13722534,0.039136387,-0.1666409
81.68521923976012,21.355121263573192,2025,44.15672282000003,0.121309824,0.012100642,-0.13581608
81.6768262587249,21.334379222093833,2025,42.89205542000002,0.10054338,0.06554665,-0.13534619
81.55474737972811,21.22452948874034,2025,44.19773906,0.14833817,0.018244231,-0.17852646
81.6573339663277,21.19990683876205,2025,38.906644099999994,0.1280984,0.032728855,-0.16775256
81.61939716401021,21.1823721505599,2025,35.77402877000003,0.23428701,-0.058211688,-0.23270299
81.6537411767934,21.289091339195572,2025,39.08096311999998,0.11490528,0.0137801785,-0.12608568
81.603911794905,21.14867202209892,2025,40.85833352000003,0.11177046,0.034468126,-0.1526491
81.49692315813326,21.294679312835935,2025,42.868129280000005,0.13521847,0.0139023485,-0.15778802
81.60173091356636,21.255918970594685,2025,41.145447200000035,0.09738293,0.012922604,-0.12106307
81.69905582431048,21.265053360707054,2025,40.15422139999998,0.16138731,-0.01871154,-0.1824211
81.70076518551183,21.217453723314062,2025,39.12881540000001,0.16778222,0.020696143,-0.18448001
81.64921460197566,21.20981828532508,2025,40.10636912000001,0.07997221,0.07740847,-0.1304015
81.64095925507678,21.140922392869516,2025,40.851497480000035,0.17142858,0.021468123,-0.19638687
81.51447022513211,21.200937127468897,2025,39.55264987999999,0.08232232,0.015991757,-0.10080697
81.76768328614375,21.283814049580826,2025,40.01066456000001,0.019807676,0.019362997,-0.030821633
81.55722017943593,21.22072738720228,2025,38.81435756000002,0.25705534,-0.090322584,-0.25435692
81.70290189396177,21.230867028135993,2025,38.48964566000001,0.14352259,0.05284463,-0.1721196
81.54504963717294,21.18469655749293,2025,45.99903560000001,0.1340388,0.051030256,-0.17931716
81.65316074008653,21.19244130407737,2025,40.20036467,0.11936418,0.032252885,-0.14948228
81.5224198553076,21.228859811165513,2025,50.008373060000054,0.1676718,0.044170186,-0.16683847
81.54269207581382,21.14576562362022,2025,48.52495238000006,0.122041345,0.08405896,-0.16699296
81.75799449174204,21.19741419024868,2025,39.32706056000001,0.1646406,0.056515526,-0.20199947
81.60506087244839,21.365467931047178,2025,38.19569594000001,0.19586094,-0.09147497,-0.19825622
81.66917589860363,21.13380409313164,2025,41.036070559999985,0.11320275,0.03585435,-0.15693739
81.56664951958736,21.163242809293795,2025,40.46184320000003,0.108918786,0.0732073,-0.16381384
81.67218472630864,21.271204431106824,2025,38.31532664000002,0.21166912,-0.06102797,-0.22150826
81.59422112463517,21.158550044395394,2025,36.10044968,0.29642984,-0.15048067,-0.28366485
81.52963953379756,21.31249881987284,2025,44.93432237000002,0.11131342,0.060858138,-0.14398953
81.69452549373982,21.217681140284032,2025,39.03994688,0.25533202,-0.09232867,-0.25640568
81.59555712840046,21.33393385928754,2025,48.26176484000001,0.10100423,0.036840905,-0.12969437
81.75065585210773,21.216062431407384,2025,38.722071020000044,0.054814715,-0.02022166,-0.08353123
81.62154404436265,21.11942788107318,2025,41.49237622999999,0.12090483,0.069929086,-0.16957429
81.58036768490425,21.204991861680156,2025,37.92567236000002,0.15914819,0.03461913,-0.18512157
81.5589237918327,21.164546875880287,2025,46.72365583999999,0.110080704,0.07690949,-0.15509558
81.64005545405838,21.31553548148365,2025,43.33981604000002,0.0587706,0.010246215,-0.0845867
81.64925387705048,21.19153712675618,2025,38.159806730000014,0.14594182,0.008295151,-0.1801012
81.62098488257912,21.365053247858427,2025,44.41478332999998,0.12389308,-0.0120158745,-0.13963544
81.6363001993588,21.30034739757325,2025,42.02387834000001,0.06337202,0.0026173044,-0.08375237
81.65365243000537,21.36998246281425,2025,43.305635840000036,0.09427803,-0.017905783,-0.08801069
81.54564942909968,21.263192932696725,2025,41.148865220000005,0.1440519,0.02403526,-0.17291313
81.6216236421049,21.19862555202634,2025,35.03573645000006,0.23241551,-0.054516576,-0.23277447
81.70558451172259,21.248813998485726,2025,43.13815285999999,0.12542534,0.051641576,-0.17233801
81.69344762594484,21.26906594080236,2025,39.01260272000002,0.14590847,-0.016436638,-0.17725705
81.53479088619046,21.22035305816002,2025,44.28660758000001,0.12601686,0.02183103,-0.16410738
81.58872700660743,21.255695930844944,2025,44.57713927999998,0.069048226,0.032318417,-0.098963656
81.64225098075349,21.33136560715525,2025,42.099074780000024,0.09564086,0.02708581,-0.12837492
81.64117193331325,21.315886956815167,2025,42.43062272000003,0.074875206,0.013288529,-0.09793924
81.49298203610672,21.27627969769355,2025,47.00906051000004,0.14677979,0.06269602,-0.18594027
81.65969376752568,21.132058232662523,2025,44.22166520000002,0.1514987,0.06557122,-0.20551701
81.74904275786584,21.225857397276364,2025,40.50627745999998,0.15161815,0.03167798,-0.1760622
81.5672840549844,21.132365391623765,2025,39.38858492000003,0.19673292,-0.02087045,-0.21086793
81.63303806143895,21.344353620225007,2025,42.03755042,0.114848666,0.008813119,-0.1411344
81.60058766862444,21.381173933873182,2025,48.69072634999998,0.128634,0.038046043,-0.16870171
81.73909033537804,21.277795090549294,2025,39.115143320000016,0.08458776,0.014613489,-0.12134618
81.52673420470691,21.27412540720976,2025,46.884302779999985,0.11711976,0.04703822,-0.16242251
81.56914243929856,21.355603137434525,2025,44.423328380000044,0.14517938,-9.6239656E-4,-0.16221048
81.52155240400785,21.162983909245096,2025,47.451694100000054,0.14257628,0.054640524,-0.17721108
81.49822335418992,21.215513805593798,2025,40.622490140000025,0.31299302,-0.15009284,-0.3056429
81.63362747141286,21.186178285045393,2025,38.75112419000004,0.16076101,0.039067876,-0.18916765
81.68289862407865,21.139296198631072,2025,42.80489591000003,0.10979581,0.042267956,-0.1442735
81.59160601272943,21.13141692676809,2025,34.33162433000001,0.2537467,-0.084926635,-0.2564798
81.59684198230782,21.312425226755703,2025,44.70531503000001,0.12062191,0.020135215,-0.13160631
81.72981326144496,21.221448340727232,2025,41.07025076000002,0.23666191,-0.041294742,-0.24084537
81.64375294612759,21.27693291893086,2025,36.97546280000006,0.22310773,-0.08299198,-0.21413963
81.60826857654489,21.152180874606206,2025,37.65564877999998,0.3360657,-0.14623716,-0.30430803
81.63338429282507,21.37114231936754,2025,41.53168346000001,0.07129332,-0.028355902,-0.076901115
81.60357701520533,21.30997753442953,2025,41.53851950000001,0.07003515,0.022738097,-0.10145734
81.65103903203597,21.152629604406826,2025,39.414220070000056,0.16101474,0.05928698,-0.193382
81.6549697244796,21.26813202256833,2025,37.55310817999998,0.14818838,0.03438601,-0.1633062
81.58050304017335,21.269877423114377,2025,44.98388366000006,0.0756348,0.008750512,-0.10379043
81.69032567369408,21.315398806263513,2025,42.78951482000002,0.08805123,0.049972996,-0.12501411
81.62647458462384,21.167931980940075,2025,38.35121585000002,0.18176761,-0.03203239,-0.19899908
81.5847614364244,21.180283391889454,2025,38.27772842000002,0.1375466,0.067137904,-0.18655188
81.52637984255114,21.24572474143691,2025,46.63136930000002,0.22195224,-0.05816018,-0.22190584
81.5673127791761,21.220536931964865,2025,39.788493259999996,0.22181544,-0.04953962,-0.22255372
81.71769427990117,21.350686806863454,2025,41.63422406000001,0.15401627,0.040752742,-0.1842905
81.50508566538812,21.24587190956714,2025,46.137465410000004,0.13994125,0.030063812,-0.16895267
81.64971115512984,21.364833329426723,2025,41.66840425999999,0.0468974,-0.006200177,-0.051257003
81.60550276878051,21.120759668206404,2025,37.77015245000001,0.25644374,-0.08885168,-0.25451395
81.70965552755345,21.284237876892416,2025,42.31782806000001,0.11117375,0.034159318,-0.13107632
81.74606309453813,21.26294176206714,2025,38.30849060000003,0.138998,0.06245391,-0.18459058
81.57729161557518,21.14261143503021,2025,36.129502849999994,0.16925713,0.043675445,-0.20658205
81.67935765453771,21.21347550519589,2025,40.54387568000004,0.11355443,0.085499436,-0.15437797
81.51334927213355,21.188159414135345,2025,47.12014615999999,0.14152165,0.049005512,-0.17593896
81.5567749680815,21.362006237574622,2025,50.025463160000015,0.09309859,0.09522223,-0.14106679
81.67447323703003,21.375140461031034,2025,44.358385999999996,0.07287328,0.033201765,-0.097377785
81.68935892142837,21.16818164965098,2025,42.14692706000005,0.133825,0.04495224,-0.16051209
81.6317189609989,21.32880741057652,2025,43.654273880000005,0.043622863,0.065614074,-0.07569657
81.65302480819625,21.12179669527496,2025,39.69962473999999,0.1833613,-0.019276118,-0.2026064
81.55147569947898,21.157741450616115,2025,39.248446100000024,0.16002393,-0.03076412,-0.1793819
81.56537452187526,21.226714523310157,2025,37.55652620000001,0.3363405,-0.17071927,-0.30882144
81.71516781100173,21.348921600077595,2025,38.69130884000003,0.1880452,0.009298501,-0.19211447
81.64468849279625,21.331669958239555,2025,42.21528746000001,0.04300495,-0.009931179,-0.05703214
81.56601369680034,21.19362176135379,2025,42.47163896000001,0.15936789,0.018040627,-0.18214639
81.69642511104267,21.144324668310965,2025,43.49191793,0.13572352,0.060379546,-0.16939466
81.57976893748928,21.16953990978185,2025,38.87759093,0.12524411,0.04612887,-0.15749826
81.75264279526583,21.224389757909986,2025,39.22451996000001,0.09631747,0.06372229,-0.13112955
81.69158368118434,21.25061646061023,2025,40.820735300000024,0.121179566,0.007347153,-0.13825786
81.69187694933404,21.255988517833835,2025,39.67569860000003,0.09445751,-0.0027699126,-0.14535804
81.68746339322024,21.334546322601614,2025,41.34027434000001,0.12106097,0.058420613,-0.14434657
81.63188783980746,21.2771607735974,2025,40.23283586000002,0.10290677,0.011164048,-0.12978835
81.50076414945889,21.269350697786127,2025,42.50411015000003,0.1724483,-0.02447476,-0.18547931
81.55030271341701,21.2384576497821,2025,46.70314772000006,0.13363972,0.026441159,-0.17008542
81.6588834694089,21.27415813065349,2025,36.035507300000006,0.12778173,0.019457806,-0.14340344
81.67098650110151,21.355124183183616,2025,41.78119892000001,0.1268871,-0.0025956903,-0.12288312
81.6422050466162,21.29510707684213,2025,40.84466143999998,0.08748411,0.012073491,-0.11216168
81.67782676754814,21.305956168972166,2025,42.902309479999985,0.08128331,0.041876465,-0.12458704
81.64528536691799,21.285181797107267,2025,37.512091940000005,0.18202157,-0.036904637,-0.18847916
81.73450685312073,21.30112020312901,2025,41.91108368000005,0.12986472,0.075180285,-0.1722748
81.68680150313435,21.365598000265564,2025,43.67478200000005,0.083827116,4.4199784E-4,-0.09590731
81.5892693515446,21.254994256554244,2025,43.67478200000005,0.17426021,-0.055167682,-0.18061431
81.52243606737268,21.238233410024783,2025,44.95312148000005,0.1585512,-0.008066225,-0.17774054
81.67427391330445,21.203288055087203,2025,36.65416892000002,0.271756,-0.0968465,-0.24059013
81.49185327449445,21.21599269896153,2025,47.49954638000003,0.09066106,0.052645832,-0.12839745
81.59503058698938,21.284178853191758,2025,44.505360859999996,0.07300414,0.020825695,-0.101573616
81.63417553195384,21.174284846646284,2025,37.71204611000002,0.16747454,-0.026260132,-0.19477345
81.5819816413657,21.136696477274377,2025,37.036987160000024,0.2518442,-0.09507584,-0.25149906
81.60578468225599,21.204597901429036,2025,34.50594335000005,0.23157652,-0.066552036,-0.2396417
81.7169935593567,21.247620045601117,2025,39.56290394000001,0.15004776,0.040875107,-0.17760807
81.67059826508428,21.314702111280894,2025,43.23043940000002,0.1207326,0.05649439,-0.15648624
81.52489229123186,21.266451783140546,2025,46.660422470000015,0.115746975,0.037105635,-0.15286025
81.70754306763497,21.21596873324289,2025,39.24502808,0.14830779,0.052130062,-0.16273245
81.53365329462275,21.179371610380496,2025,46.48439444000002,0.12096638,0.06329256,-0.17439277
81.53125842639689,21.323900109133586,2025,44.14988678000003,0.10940643,0.032003853,-0.12615101
81.53473513307489,21.2292136851589,2025,47.70462758000002,0.13760403,0.04497303,-0.15608528
81.60876927769343,21.17833110416805,2025,37.24719539,0.3009628,-0.12612033,-0.2882917
81.58358675294427,21.137488645134876,2025,36.65075090000005,0.25084764,-0.089902975,-0.24854836
81.69789882653836,21.322231464137847,2025,44.72753216000001,0.100907594,0.067259334,-0.13668895
81.51834800952558,21.275878147447678,2025,44.94628544,0.13521756,0.044725507,-0.17373922
81.74205645332353,21.195131180646996,2025,36.722529320000035,0.22234637,0.004432702,-0.23001596
81.53600835397576,21.331480501790683,2025,46.39894393999998,0.11969517,0.057469912,-0.16917013
81.6712935208261,21.153371292388417,2025,40.24308991999999,0.104220465,0.05214957,-0.13844839
81.57482871304987,21.177815486398135,2025,38.08973732000004,0.16305728,0.03343282,-0.1899937
81.58372618702388,21.364029988627593,2025,48.91631567000002,0.1049588,0.055595037,-0.14366747
81.6772401843794,21.158856940982034,2025,39.85343564000004,0.19142766,0.006844369,-0.20414922
81.51198657581621,21.22479650298575,2025,46.42287008000005,0.112396754,0.06456153,-0.15842523
81.51492922576485,21.29657743659522,2025,45.88111391000001,0.11094991,0.07119898,-0.15204513
81.62523507104859,21.29276240378499,2025,39.162995600000045,0.12209634,0.009746448,-0.14064378
81.60604610377372,21.33809240415628,2025,47.15432636000003,0.11076172,0.045355547,-0.14540218
81.71075430767391,21.17904568778535,2025,39.74918603000003,0.15206975,0.044148855,-0.18410723
81.62159197536108,21.190535343637762,2025,34.00178540000002,0.30518234,-0.11998508,-0.27084875
81.6341609490284,21.214264927939688,2025,40.85491550000006,0.13284855,-7.7210536E-4,-0.16485728
81.51510042437798,21.30873478257087,2025,45.447025370000006,0.11964094,0.040230174,-0.1551672
81.68811895033062,21.226040296935736,2025,40.46867924000003,0.1757741,-0.032646373,-0.2013344
81.76490635922136,21.24013112580356,2025,40.820735300000024,0.12604281,0.040342297,-0.15329596
81.65540269906884,21.359525515064078,2025,45.13427654000003,0.06382979,-0.0065564686,-0.06643186
81.5910991168952,21.316056274165618,2025,44.219956190000005,0.12573956,0.029007306,-0.14260429
81.75085041532186,21.27036101577106,2025,40.625908159999994,0.09343258,0.09206799,-0.124337256
81.59688628951903,21.268323359071818,2025,43.671363980000024,0.12456741,-0.017399784,-0.14905705
81.59590961089401,21.2543447911406,2025,41.736764660000006,0.12550703,0.015314648,-0.14066772
81.74492671310578,21.27929783560543,2025,40.936947980000014,0.1550644,0.040070195,-0.18964767
81.61530115807449,21.294488185507202,2025,41.37445453999999,0.06443333,-0.016663203,-0.08588167
81.73166793311465,21.203058671157173,2025,39.08779916000003,0.1398134,0.04306852,-0.1670571
81.678725930589,21.309728731928608,2025,41.230897700000014,0.14661035,0.0036702636,-0.15064429
81.58649908290928,21.20320287605165,2025,36.32774801000005,0.17595385,-0.017947478,-0.19138665
81.6633338304472,21.180552506605707,2025,39.50479760000002,0.16872998,0.038651034,-0.19485547
81.65537512815139,21.16118910154079,2025,39.51505166000004,0.19744016,-0.017551178,-0.21471258
81.55494402989807,21.35973679231427,2025,48.01054037000006,0.106763266,0.06278418,-0.14663467
81.65747475951375,21.19647281771801,2025,39.78678424999998,0.15857665,0.025008982,-0.18151702
81.66943249539297,21.210363839307657,2025,40.20890972000001,0.20587836,0.1456879,-0.21484615
81.67094335913583,21.282645187224873,2025,39.10488926000005,0.15772691,0.0018001506,-0.17671117
81.58137995490347,21.138986193109513,2025,37.03527815000001,0.19330247,-0.009285943,-0.21694571
81.73013122936838,21.196634805068978,2025,37.43689549999999,0.17919628,-0.0023482263,-0.18785945
81.54831710810478,21.226824242613905,2025,42.632285900000056,0.110076435,0.0424713,-0.14275444
81.63361078686944,21.354366330407835,2025,45.25390723999999,0.08467964,0.015131097,-0.10149421
81.66947356680464,21.14229246017335,2025,37.45227659,0.32071435,-0.17186841,-0.30415395
81.61833149325793,21.241909113497115,2025,40.67717846000005,0.08488346,0.024774775,-0.11246058
81.62176573814257,21.372219129806805,2025,42.97066988000006,0.124741636,0.022384074,-0.1632771
81.72386097082355,21.170895741729932,2025,39.10147124000002,0.11345917,0.019919455,-0.13542691
81.59758001410167,21.28032453745512,2025,42.60323273000006,0.070549875,0.023852963,-0.11837114
81.69703042553307,21.311447751240614,2025,41.85297734000005,0.13220657,0.044179652,-0.1643591
81.6897325317424,21.363294360578596,2025,46.04005184000005,0.07641076,0.0652964,-0.08841061
81.72374931897055,21.20250905720924,2025,36.807979820000014,0.17796549,0.02744911,-0.20930922
81.5468566094344,21.32331250615389,2025,44.19773906,0.10522344,0.05823876,-0.12800017
81.72066681965667,21.187344594819326,2025,41.476995139999985,0.066372305,0.08717344,-0.12803362
81.57730669126279,21.24330223723894,2025,41.36761850000005,0.048728164,-0.033420578,-0.041863296
81.70623868901308,21.157854484374596,2025,42.124709929999995,0.14579824,0.08654133,-0.18842319
81.62851881125938,21.328471307332975,2025,45.629889440000056,0.042529073,0.03369912,-0.077637464
81.5412133745944,21.35049782396133,2025,47.85160244000002,0.10527922,0.07101878,-0.16276084
81.52575003506405,21.237164469676788,2025,45.25903427000003,0.14805914,0.0122243725,-0.17217281
81.70492352043868,21.152867667189867,2025,42.96383384000001,0.10713062,0.08276295,-0.15431345
81.73645729404592,21.176790061786903,2025,42.17598023000005,0.13058785,0.0948034,-0.19202153
81.49920897515312,21.29436537118042,2025,45.02489990000004,0.114291735,0.045574646,-0.14466795
81.5189915100866,21.25460633310659,2025,44.061018260000026,0.14316711,0.010331226,-0.17595416
81.5089710034593,21.219540806542224,2025,40.58489192000002,0.1697081,-0.008529336,-0.18723615
81.67136997408667,21.231046825131564,2025,40.63274420000005,0.094120614,0.024208326,-0.122817405
81.6339849667547,21.29860061467957,2025,42.14692706000005,0.08201557,0.013631102,-0.10616912
81.64625515478717,21.38262943669718,2025,44.358385999999996,0.05933578,0.027509993,-0.08088332
81.70038323312306,21.248396228604516,2025,38.19911395999998,0.16154315,-0.028985508,-0.16977662
81.60833764142245,21.17197112598533,2025,33.58478696000003,0.31229863,-0.107936844,-0.26890478
81.76214066000358,21.280180814990683,2025,40.25334398000001,0.17195004,6.067961E-4,-0.19417053
81.49212637382954,21.279399901430473,2025,49.70587828999999,0.12293735,0.059132304,-0.16823079
81.67375418659226,21.17179978733203,2025,41.309512160000054,0.12958768,0.08048581,-0.17426193
81.6985856498724,21.312233133800433,2025,40.82415332000005,0.14132619,0.0417695,-0.16336052
81.49180985977387,21.24427182465783,2025,47.95927007,0.061706662,-1.658222E-4,-0.11032931
81.6265914369981,21.146611185408883,2025,37.60608749000005,0.17444673,0.033354808,-0.20444429
81.57210859521653,21.35868801680455,2025,45.385501009999984,0.12742627,0.03632293,-0.15538551
81.51718887128405,21.18294430781361,2025,46.63136930000002,0.13970295,0.038686555,-0.17095739
81.54563378268044,21.167838672955263,2025,50.025463160000015,0.10808423,0.07398862,-0.14811
81.5860035199497,21.345433740225513,2025,45.49316864000002,0.11345096,0.016275289,-0.14470169
81.62472134397575,21.38302818882684,2025,39.663735530000054,0.25096697,-0.13468672,-0.23435636
81.73173886017435,21.317071145678963,2025,43.20993127999998,0.11584507,0.06428086,-0.16302113
81.6103929690133,21.33154610936378,2025,45.43677131000004,0.056731246,0.015440442,-0.09055861
81.5368156153091,21.15741923959772,2025,44.48827075999998,0.13145246,0.054680906,-0.17836544
81.63696179188426,21.343856863504623,2025,39.94230416000005,0.13262142,0.011722272,-0.12931478
81.52325262636057,21.305147211866156,2025,43.76023250000003,0.09125531,0.051938843,-0.11610487
81.6010406676637,21.350086229104416,2025,42.10249280000005,0.18070182,-0.043688666,-0.19482918
81.65733252309917,21.296258837188816,2025,35.04769952000004,0.3754168,-0.15623043,-0.34916803
81.69995555741346,21.28825918402851,2025,39.87736178,0.1509729,-0.008605303,-0.17805159
81.59136190661417,21.190425327813685,2025,39.88248881000004,0.14729495,0.06234601,-0.19056039
81.51525975476217,21.25713536320247,2025,45.06420713,0.16126119,0.03414385,-0.19056
81.68770109449817,21.1715889856659,2025,42.604941740000015,0.16201632,0.012554314,-0.1896964
81.76508950278941,21.222940265448486,2025,38.038467019999985,0.13328238,-0.028665328,-0.1454479
81.53317994668795,21.27183780848128,2025,47.46365717000003,0.10104009,0.02201579,-0.14989297
81.66411703937773,21.157712660833692,2025,39.76456712000004,0.12370928,0.014281606,-0.15315181
81.75204522167587,21.23675252525668,2025,36.89684834000002,0.24639302,-0.10067821,-0.2456964
81.75398051153186,21.24964436350326,2025,37.891492159999984,0.12722978,0.017256072,-0.13411187
81.74249331789888,21.17064385089896,2025,40.98309125000003,0.11592186,0.087146975,-0.16216613
81.6169574216267,21.174543055382966,2025,35.327977160000046,0.24671744,-0.10403756,-0.24522108
81.63023512917874,21.247362076404006,2025,41.56244564000002,0.0744512,0.041745797,-0.10438139
81.64491450173725,21.365597431353066,2025,43.213349300000004,0.030150257,0.05280858,-0.040435303
81.72120820274525,21.342553557802493,2025,42.75875264000001,0.061643835,0.02561359,-0.10475035
81.55489851205999,21.330777003361415,2025,41.442814940000005,0.1603618,-0.011015657,-0.17309432
81.63627460346832,21.321211343114353,2025,41.623969999999986,0.0836553,-8.9212984E-4,-0.10363115
81.75539292611262,21.306991335086835,2025,37.395879260000015,0.015475604,-0.054182656,-0.0020426027
81.61011396617337,21.32345799535344,2025,47.14578131000002,0.089812,0.024972457,-0.11587442
81.62052723908829,21.12094514268024,2025,40.68914153000003,0.12565775,0.0848781,-0.16955361
81.60962839169675,21.31160994058894,2025,44.16526786999998,0.0852328,0.0060298075,-0.104741834
81.62618069061156,21.227969470872516,2025,37.01306102000001,0.113389835,0.010354662,-0.15241878
81.56533753132183,21.2675431166134,2025,46.53908276000004,0.13702045,0.0048236717,-0.16255824
81.69561346335531,21.369241730973066,2025,43.54489724000001,0.09772728,0.031829964,-0.13114753
81.64797448365763,21.29055271449329,2025,38.769923300000016,0.1260175,0.06994002,-0.1678285
81.65952852393127,21.29027580961236,2025,35.909040559999994,0.17872444,-0.027263122,-0.18053757
81.58260515164314,21.330322404083212,2025,41.16937333999999,0.14142624,-0.007844344,-0.149864
81.6187830539358,21.128377224506103,2025,38.87929994000001,0.1514354,0.05371663,-0.1912945
81.75700218158312,21.240241114670134,2025,37.53260006000005,0.2984353,-0.13181125,-0.28126526
81.72623998638984,21.26881841756508,2025,40.00724653999998,0.06035179,0.039437696,-0.10025501
81.71701070947715,21.275109720342048,2025,40.181565560000024,0.2381731,-0.07631465,-0.23900981
81.72714681843986,21.208115699228983,2025,39.723550880000005,0.20188843,-0.019036269,-0.21773104
81.64728374129234,21.251122053320138,2025,41.26507790000005,0.10137325,-0.0013677971,-0.123740554
81.54822985489851,21.206725636896312,2025,46.617697220000025,0.10517445,0.058413785,-0.15387495
81.58203724918408,21.21860148053756,2025,35.16049418,0.22428153,-0.05061172,-0.22602946
81.49786704189499,21.277949855669977,2025,43.94651458999999,0.13941753,0.024181018,-0.16300154
81.62449107230499,21.222210434799184,2025,40.24308991999999,0.098585434,0.010750586,-0.12537524
81.70601233484173,21.19641575417678,2025,39.00576668000002,0.28073737,-0.09166714,-0.28823882
81.5147672677042,21.287086586134677,2025,44.61986453000003,0.13307616,0.036726706,-0.15600339
81.65956834575606,21.310996885958406,2025,40.74895688000004,0.094473034,0.031998053,-0.11976529
81.55344262495966,21.27745372782654,2025,45.29150546000005,0.07870889,7.9269905E-4,-0.101451874
81.65269254084609,21.232696673283822,2025,40.78655509999999,0.058043364,0.023316598,-0.09243374
81.60868555547547,21.210710974070846,2025,34.700770490000025,0.32575467,-0.13603526,-0.29980475
81.55099002045382,21.17041385760531,2025,41.42230682000002,0.16946533,0.039360534,-0.198862
81.68261618974334,21.366701029945105,2025,41.64447812000003,0.09737828,-0.0056201466,-0.09614665
81.60622413050693,21.33069550483577,2025,48.98638507999999,0.039818242,-0.0037532784,-0.05291369
81.5760107876053,21.254657752900037,2025,44.74974929000001,0.07093123,0.034259964,-0.11133565
81.75215321288181,21.240258030448956,2025,35.621926880000046,0.13927776,0.062214628,-0.16846627
81.52434375108693,21.265821730138715,2025,47.24661290000006,0.07446451,0.055035014,-0.12466252
81.69344936780175,21.181714016026554,2025,40.70110460000001,0.16702262,0.0063175056,-0.18659678
81.64834798048886,21.129607660620366,2025,44.38231214000001,0.1056802,0.07514145,-0.15444022
81.73305536461062,21.25389191575519,2025,39.904705939999985,0.12650669,0.030368011,-0.1573757
81.60951355113654,21.16000512181123,2025,33.53693468000006,0.09888109,-0.12378712,-0.07867071
81.65198532188872,21.29101635081024,2025,37.09509350000002,0.15078594,-0.0078052934,-0.17007868
81.58106894683561,21.26219869760677,2025,46.142592440000044,0.085229464,0.020092629,-0.111725666
81.68242793181875,21.221347327289315,2025,42.14009102,0.09941187,0.05229521,-0.14165156
81.64299179149675,21.20410045062798,2025,40.557547760000034,0.11307573,0.01652652,-0.14570695
81.71126643931457,21.159940937558968,2025,39.87736178,0.13594086,0.07502967,-0.17269178
81.63136800249106,21.211156162029525,2025,38.68447279999998,0.14505088,0.0019256874,-0.16702963
81.5538436151481,21.220824249562487,2025,43.456028720000006,0.13242431,0.03729657,-0.15711586
81.74786143643627,21.178920894312306,2025,41.62738802000001,0.13158275,0.04642019,-0.17024818
81.72410870528196,21.265515352483284,2025,40.099533080000015,0.22232176,-0.038632326,-0.22177449
81.59671871549784,21.142213625323635,2025,34.32820631000004,0.23816758,-0.06418105,-0.24162562
81.75379115281397,21.225951849758808,2025,37.13610974000005,0.15454987,0.019390773,-0.17138281
81.59963816915958,21.255129524236793,2025,40.80706322000003,0.068605214,0.009311407,-0.09594617
81.52926203402819,21.252625893137264,2025,47.01418754000002,0.15323855,0.031876646,-0.17700766
81.65730613882823,21.142789468060283,2025,40.33879448000005,0.14022127,0.035547182,-0.167373
81.67888826218572,21.258030212194384,2025,38.82461162000004,0.07329552,0.041961744,-0.10851585
81.58242386364951,21.242845263469004,2025,41.53851950000001,0.21820676,-0.041735638,-0.22036259
81.59571234469941,21.129044481061268,2025,32.74908106999999,0.28181672,-0.23080982,-0.2942847
81.51821228173752,21.25693668990357,2025,46.74929099000002,0.119203456,0.034007072,-0.15399468
81.62694584835299,21.25287601599093,2025,42.26313974000004,0.11254529,0.009375945,-0.1321146
81.67652303957173,21.346075283560417,2025,43.87302715999999,0.12720351,5.870267E-4,-0.1493671
81.59385526484337,21.286059517625446,2025,44.83178177000002,0.11046535,0.030210325,-0.13432957
81.55642881986837,21.322419881390154,2025,44.71556909000003,0.11717745,0.022074288,-0.14971575
81.6484800279607,21.28862457322512,2025,38.40077714000006,0.13396482,0.04627191,-0.1524105
81.54402204310747,21.310433576495477,2025,40.20549170000004,0.23331374,-0.096803576,-0.2353757
81.73249971859775,21.244982371271675,2025,37.39246123999999,0.22693212,-0.03402161,-0.22968744
81.69774258909091,21.361336794353537,2025,45.03515396,0.08880056,0.06673752,-0.13339913
81.49852474617482,21.215241006146556,2025,39.921796040000004,0.27017802,-0.13069333,-0.26119757
81.60644803509958,21.120361761684023,2025,37.86585701000001,0.19585943,0.017099997,-0.21484658
81.75886479580429,21.228298410474103,2025,38.838283700000034,0.15278031,0.035185974,-0.18320268
81.5572143687987,21.249560745829275,2025,41.83759625000005,0.15973769,-0.009074936,-0.16651312
81.63058207457598,21.314047938004748,2025,41.38812661999998,0.1571647,-0.03671979,-0.16575219
81.65498096938683,21.29839555053581,2025,35.45786192000003,0.15233588,0.0031466808,-0.1485607
81.49618127809764,21.26763075312494,2025,44.134505690000026,0.2207777,-0.058787838,-0.22125235
81.64047102608954,21.257414999981172,2025,40.424244980000026,0.12671392,-0.029128263,-0.13979584
81.7572872267625,21.21403084979565,2025,40.130295260000025,0.12339192,0.05323275,-0.14353167
81.64216642050022,21.31886585826773,2025,42.47505697999998,0.041315533,0.08388638,-0.07764168
81.706076300119,21.31036164174438,2025,41.04974263999998,0.14528164,0.04000981,-0.16735637
81.62259087192402,21.146913328293575,2025,37.18225301000001,0.17617267,0.050802357,-0.20635198
81.55328305487907,21.240024704061984,2025,41.08904987000005,0.24331102,-0.07549879,-0.25191164
81.55130731894168,21.154813104362866,2025,46.16310056000003,0.11727189,0.0427669,-0.15113762
81.67134133223429,21.180898138477804,2025,38.93227925000002,0.17486054,0.036776584,-0.20533
81.55273253187116,21.149175810096633,2025,41.253114830000015,0.1390435,0.046268024,-0.17812026
81.54132822344043,21.3088010839915,2025,38.24013020000001,0.19807105,-0.065871395,-0.20997822
81.53422479997299,21.246792906976594,2025,49.26666272,0.10536154,0.042597536,-0.13979289
81.62726081048496,21.224110083948663,2025,37.39929728000004,0.1271923,-0.0012062726,-0.14338568
81.55959733879786,21.22963854804385,2025,40.044844760000046,0.2127461,-0.085725464,-0.2143866
81.60386019597239,21.171841182662902,2025,33.34723457000001,0.28343436,-0.12864316,-0.25781137
81.55512076104151,21.33430844467745,2025,37.370244110000044,0.35426548,-0.2186002,-0.3218042
81.57824806070268,21.186404400558263,2025,35.23227259999999,0.1543804,0.036062293,-0.18753853
81.73687590868992,21.16355317597236,2025,38.44350239000005,0.29845035,-0.106987,-0.28551415
81.59829405401524,21.14527722973544,2025,37.35486302000004,0.0884391,-0.009533112,-0.088232815
81.6149395198215,21.182658836933136,2025,35.37753845000003,0.18969485,0.03268842,-0.2056052
81.70878257934635,21.262735639842813,2025,38.069229199999995,0.1513932,0.05301611,-0.16220255
81.61213273737762,21.228430018717223,2025,40.64641628000004,0.1193281,0.004365965,-0.1394204
81.63311399877541,21.1530362840884,2025,37.98719672000004,0.1728542,-0.038681906,-0.19918427
81.52628979885546,21.213919655943684,2025,39.38174888000003,0.241031,-0.0672715,-0.24107744
81.60026556103735,21.268181678260223,2025,43.76023250000003,0.08407021,0.011620311,-0.11402166
81.56994191502923,21.203032376846625,2025,41.82905119999998,0.17820615,0.011594341,-0.19209833
81.73125799345499,21.159654751699918,2025,39.482580470000016,0.18197753,0.009546849,-0.2077751
81.5212369379271,21.193529537397215,2025,46.063977980000004,0.1521544,0.036019403,-0.1759945
81.75533814374944,21.288964942568644,2025,42.98434196000005,0.16519356,-0.01108832,-0.18389085
81.5448203783666,21.19757110711711,2025,50.076733460000014,0.06496717,0.08447337,-0.11501132
81.58276819307358,21.298809626474213,2025,50.08527851000002,0.07912607,0.04464221,-0.09628611
81.67721749539066,21.16630117944357,2025,39.974775350000016,0.15872404,0.06354439,-0.19429056
81.69447593914073,21.14731672474564,2025,42.92623562000006,0.11727071,0.080980726,-0.15197323
81.50150437826908,21.22477344027076,2025,42.461384899999985,0.2415213,-0.09158463,-0.24282305
81.63975879049768,21.12515543677828,2025,41.95209992000002,0.20402823,-0.08248435,-0.19735685
81.59398949547506,21.360007428654185,2025,41.94184586000006,0.1504914,0.025315294,-0.1853989
81.6865259503232,21.191663547788263,2025,39.02627480000001,0.14126533,0.067422636,-0.18429454
81.69754455549479,21.13894007779942,2025,41.19159047000005,0.22522983,-0.0045589306,-0.24228694
81.56009675279175,21.28097545301278,2025,46.125502340000025,0.1371071,0.004437509,-0.17409807
81.72819130164459,21.304551118221106,2025,44.143050740000035,0.14373949,0.0519909,-0.18834896
81.49654461040029,21.282805395099977,2025,46.19728076000001,0.12499789,0.062775984,-0.17309724
81.61994085838023,21.20902372900809,2025,36.43370663000002,0.16372962,-0.013601203,-0.18584763
81.60302735308473,21.245495917601055,2025,37.45056757999998,0.17731802,-0.0127018,-0.17915832
81.50909802601198,21.264003530223178,2025,40.656670340000005,0.15750736,0.0018159699,-0.16796634
81.64318880325001,21.22134921763382,2025,38.674218740000015,0.20786811,-0.037592534,-0.21204601
81.54567688963785,21.337678421792006,2025,47.37991568000001,0.11354582,0.030942334,-0.15329519
81.51601207202799,21.308005344781996,2025,45.17187476000004,0.11595949,0.035412576,-0.14812708
81.65728880113728,21.33648008677208,2025,42.25630369999999,0.059070688,0.01784009,-0.08380406
81.66301884718126,21.191538796652903,2025,40.834407380000016,0.09930185,0.05216409,-0.13421229
81.74538977017137,21.240457952897124,2025,31.349401880000016,0.017523177,-0.047960706,-0.0073743965
81.71633632546737,21.292468784834274,2025,41.029234520000045,0.10796425,0.011823719,-0.14669809
81.63134721436707,21.191533386314266,2025,36.99597091999999,0.22095317,-0.037493676,-0.22677232
81.7447522451459,21.316029935540474,2025,39.69962473999999,0.1800562,0.004225566,-0.19434114
81.52546903496625,21.29535742714863,2025,39.21084788000002,0.27520257,-0.12363407,-0.26972046
81.68210209783794,21.189644313506324,2025,39.93375910999998,0.14074984,0.068286456,-0.18113387
81.59064772027874,21.309691895848463,2025,49.51276016000003,0.041028965,0.05592477,-0.055659473
81.61987659970269,21.149495836140005,2025,36.37901830999999,0.21518417,-0.026346639,-0.22938935
81.71702764689344,21.189459749107243,2025,40.198655659999986,0.14282764,0.014876229,-0.17651227
81.70529940913906,21.23977812092721,2025,39.166413620000014,0.14370216,0.012912913,-0.18318275
81.70089681194158,21.35759683464498,2025,44.89159712000003,0.06720144,0.061845656,-0.097798176
81.60453698341597,21.17583980207253,2025,34.99984724000001,0.18128526,0.01892494,-0.20656194
81.64167385670048,21.35824558760217,2025,42.488729060000026,0.06096248,0.04552906,-0.09929626
81.62393256852349,21.323794549188705,2025,43.4184305,0.06629148,0.01742612,-0.09353251
81.73661191281155,21.331582259743225,2025,43.86277310000003,0.1233398,0.063219465,-0.15483451
81.53006489828256,21.317063790596418,2025,45.62476241000002,0.11670067,0.057026103,-0.1575854
81.67325780580494,21.27038651341397,2025,38.95449638000002,0.10480269,0.009105056,-0.13492605
81.5924408600516,21.196560322482863,2025,34.83236426000002,0.23554203,-0.18334825,-0.24616039
81.69086073518737,21.223686369571503,2025,39.09805322,0.25033438,-0.055513736,-0.24492288
81.74667790070572,21.321222418279863,2025,40.02091862000003,0.13577461,0.03339529,-0.16512322
81.67391576784378,21.366681492967732,2025,42.55025341999999,0.075241216,0.014682025,-0.09343775
81.50281957719982,21.313160054170407,2025,46.173354620000055,0.113560006,0.06727265,-0.16918302
81.66828414418359,21.165753491671136,2025,38.21107703000001,0.16821106,0.03862199,-0.18706152
81.71150990170476,21.20368124240134,2025,37.84022186000004,0.21121533,-0.017022504,-0.22285436
81.55122377975762,21.35246862166744,2025,48.159224240000015,0.117600545,0.04480317,-0.15952568
81.54360209981863,21.26748631019665,2025,46.504902560000005,0.12983236,0.0062886933,-0.16804229
81.74734266121231,21.214480259182213,2025,36.985716860000025,0.06365287,-0.0073316437,-0.048224546
81.6732290208021,21.218780722771243,2025,39.89445188000002,0.11994989,0.0025413749,-0.15566088
81.66281548583913,21.220205846267845,2025,39.21426589999999,0.11874753,0.011704996,-0.14755064
81.58157591165819,21.125235164824044,2025,42.393024500000024,0.17781375,0.05393497,-0.21821009
81.51580182179222,21.302399485347177,2025,45.35302982000002,0.08276485,0.06510702,-0.12622175
81.58661679908143,21.160093172925922,2025,34.75033178000001,0.21933652,-0.08969935,-0.24556066
81.73730343459442,21.33631841870868,2025,43.12106276000003,0.1029778,0.0872756,-0.14902993
81.65846577265425,21.27245547274718,2025,35.92613066000001,0.16308825,0.0039035748,-0.1695883
81.56316388256603,21.168746905323186,2025,39.193757780000055,0.116271116,0.06923296,-0.16200918
81.56122864736204,21.27379872757691,2025,49.31622401000004,0.12510818,0.049840327,-0.15302601
81.71262779386281,21.319744422456168,2025,40.99163629999998,0.140369,0.06799448,-0.1772858
81.57996122877084,21.191310444051666,2025,36.26793266000004,0.17503555,0.027016979,-0.19538654
81.74018644562416,21.174359065373707,2025,41.14715621000005,0.07656468,0.10942171,-0.14343049
81.5346337750832,21.256798403808954,2025,46.01612570000003,0.131941,0.014908542,-0.15983286
81.54551521548098,21.165965847113164,2025,43.41159446000006,0.14832985,0.05794784,-0.1980927
81.52927650533523,21.23506058949188,2025,48.577931690000014,0.13864008,0.024497848,-0.17298964
81.62254662724409,21.14548011348104,2025,37.55652620000001,0.1612312,0.045602877,-0.19729176
81.54930944759835,21.167652191904327,2025,48.88726250000002,0.0939547,0.082911484,-0.15101044
81.60122440048512,21.17383672193756,2025,35.738139560000036,0.2630239,-0.10291171,-0.2524265
81.756438003337,21.30820259366584,2025,40.52336756,0.16171502,0.012802872,-0.19205345
81.73214103692516,21.22027009424146,2025,40.33537646000002,0.17029226,0.013568002,-0.19542034
81.5479572651631,21.204075708029436,2025,46.85354060000003,0.13007207,0.07915273,-0.18139957
81.54063573434672,21.29477168039365,2025,35.85093422,0.33318236,-0.1860309,-0.30368182
81.62730888497606,21.252175106238838,2025,42.41695063999998,0.07317649,0.030873628,-0.09164399
81.72564915411459,21.173421365980747,2025,37.891492159999984,0.26423776,-0.08097391,-0.25707856
81.70882241271283,21.288721064251522,2025,42.341754200000025,0.12466175,-8.5768953E-4,-0.15567745
81.72477879109101,21.17721002385042,2025,40.84978847000002,0.110535614,0.103270926,-0.17351429
81.67667401522063,21.13817196594539,2025,42.16572617000003,0.2685469,-0.06829055,-0.26125497
81.70979820782303,21.36207918944179,2025,44.064436279999995,0.09489732,0.07132018,-0.12883435
81.72724987511666,21.188375138765423,2025,39.35953175000003,0.15652013,-0.027996702,-0.17706583
81.54945359012626,21.167317459851425,2025,49.27691678000002,0.09164356,0.09650365,-0.14886871
81.72225199550401,21.26525999575194,2025,42.69722827999999,0.102638654,0.059461806,-0.13872832
81.57946550489555,21.25150872707985,2025,48.186568400000056,0.100542344,0.054079603,-0.13307302
81.63891051002783,21.323411148260185,2025,42.56734352000001,0.058369238,0.027888743,-0.090825304
81.58523488553098,21.325231096858722,2025,46.35621868999999,0.0952621,0.035458192,-0.13384244
81.7036103705704,21.324589568310646,2025,42.00678823999999,0.1287576,0.050983567,-0.16298585
81.57484203352142,21.202682250656114,2025,36.65758693999999,0.12435757,0.028853914,-0.14992236
81.70923284576716,21.26725408404653,2025,38.18885990000001,0.16696246,0.05617357,-0.20301175
81.62421273267238,21.142726268055227,2025,36.02354423000003,0.2286885,-0.018974591,-0.23069659
81.65769165577348,21.37646863116311,2025,43.48337288000005,0.09361879,-0.0052165063,-0.102623746
81.6454013415538,21.169891447476214,2025,36.42687059000002,0.104943566,0.08064155,-0.13491474
81.68688151070832,21.185453520773134,2025,42.19307033000001,0.19003995,0.015013649,-0.20228796
81.65438317475478,21.359515129992797,2025,44.66258978000002,0.047525678,0.04762309,-0.0679168
81.53355814057629,21.301032599254338,2025,44.332750850000025,0.14355429,0.054182973,-0.17393449
81.60668990548932,21.354368512860976,2025,43.28854574000002,0.14580013,-0.022902353,-0.16352871
81.68794679346186,21.14471458207739,2025,41.08221383,0.13031873,0.025594287,-0.16409332
81.68872746480864,21.28860995760958,2025,37.83338581999999,0.16154686,-0.025044722,-0.17714918
81.58739162122355,21.13390842409774,2025,34.743495740000014,0.29875097,-0.13264765,-0.27812752
81.62702131875992,21.2564190454072,2025,37.52234600000003,0.25943395,-0.0649383,-0.24857518
81.57674321199427,21.350814099674597,2025,44.56688522000002,0.12018511,0.020671131,-0.15056619
81.61827913657487,21.264487934011107,2025,40.475515280000025,0.09114846,-0.0049928674,-0.11128638
81.67556151013704,21.208816831792987,2025,39.41934709999998,0.16526754,-0.02356449,-0.17912543
81.54498704046476,21.303828411137317,2025,44.026838060000046,0.15188286,0.045530286,-0.19114903
81.62583700118874,21.144285212618517,2025,36.25767860000002,0.16002487,0.026422521,-0.18669574
81.57039725933528,21.151548794804103,2025,40.81389926000003,0.13753662,0.06361236,-0.18256961
81.63701374374648,21.275194963480345,2025,37.92909038000005,0.17346653,0.03359991,-0.16399293
81.55106715560417,21.22412660721644,2025,42.39644252000005,0.1235214,0.031037468,-0.16750474
81.56818140626388,21.371754281203845,2025,44.100325490000046,0.21136686,-0.09108593,-0.22103615
81.69066530001798,21.32811618921681,2025,35.14682210000001,0.0036228239,-0.05333756,0.012476482
81.6344089537856,21.244726279124016,2025,42.181107259999976,0.11562708,0.021700315,-0.12772611
81.61606933772691,21.286885851184895,2025,42.07514864000001,0.08695831,0.019270834,-0.10292026
81.6095527400989,21.256541621910745,2025,38.10340940000003,0.10983594,0.002285002,-0.12848024
81.53076767853217,21.18716731856646,2025,47.868692539999984,0.13509993,0.090129696,-0.18587494
81.5457105969589,21.359787665161964,2025,48.47880911000004,0.09593437,0.08404949,-0.14536135
81.63335441149856,21.11858290235956,2025,39.97990238,0.11286225,0.072756335,-0.15561856
81.76018458449171,21.237108283760243,2025,38.588768240000036,0.19233744,-0.04080756,-0.20774736
81.60390219790611,21.315718403536764,2025,41.295840080000005,0.021030053,-0.022492161,-0.021634556
81.6266945563021,21.172300708574994,2025,37.74793532000001,0.19662149,-0.0054630376,-0.19537704
81.66495623964208,21.296464817436778,2025,37.34119094000005,0.14022627,0.03033921,-0.14800033
81.66328916123244,21.24237072992808,2025,39.63126434000003,0.09148839,4.5156135E-4,-0.11807903
81.66718297936787,21.340414535506834,2025,44.68993394000006,0.06041989,0.028663967,-0.08487452
81.54683857002148,21.237243772931976,2025,42.32295509000005,0.21786489,-0.086006716,-0.22395732
81.55377224755038,21.265339314144917,2025,43.64743784000001,0.19781877,-0.04558076,-0.18963607
81.56102450847008,21.364260590363585,2025,46.22291590999998,0.107500136,0.050901514,-0.14912163
81.61043808060121,21.307515167378046,2025,46.657004450000045,0.06269791,0.035632186,-0.095092736
81.64217154231027,21.338285482312116,2025,43.12106276000003,0.07402032,0.035551373,-0.10631229
81.75888779339859,21.200493363664666,2025,39.132233420000034,0.16423503,0.033437014,-0.19550179
81.63692867266448,21.259209584297217,2025,40.82415332000005,0.07823876,0.020849368,-0.10466493
81.76543840700805,21.247186526683986,2025,42.393024500000024,0.08532217,0.0018654495,-0.10245057
81.69049063640327,21.153336186744216,2025,38.78359538000001,0.22811876,-0.10027712,-0.22655268
81.58149722746259,21.360091438589418,2025,48.94365983,0.08577615,0.06250882,-0.11392405
81.51185692806014,21.191422650107864,2025,40.54387568000004,0.2373921,-0.09149819,-0.24576585
81.73635927562451,21.322087550472922,2025,43.28170970000002,0.11067408,0.083209716,-0.15946338
81.53610556743644,21.216830359812953,2025,39.65519047999999,0.13534524,0.021861376,-0.17213704
81.708821659266,21.336909557715096,2025,42.43062272000003,0.1380351,0.048918094,-0.15060024
81.53858631237989,21.283728022185702,2025,45.12573149000002,0.15904382,8.2428905E-4,-0.17436674
81.75495743666696,21.24443034449558,2025,39.019438760000014,0.123536326,0.042141624,-0.14350516
81.59035122183242,21.376136850031585,2025,49.18633925000006,0.09052564,0.06981638,-0.12092272
81.66664999192788,21.165218162845008,2025,38.298236540000005,0.10600349,0.035795007,-0.13870852
81.72156316516767,21.166746721797146,2025,40.07218892000003,0.18005961,0.016659468,-0.19872132
81.70673372726532,21.26777103819997,2025,36.60289862000002,0.10134907,-0.048651252,-0.0965413
81.65836713972348,21.17514684898872,2025,40.82586233000001,0.13796958,0.047535993,-0.14968708
81.5073896248928,21.27277630794628,2025,42.57247055000005,0.18345577,0.004650246,-0.20050736
81.60650538323134,21.202002986784755,2025,34.82381921000001,0.25404638,-0.098277256,-0.2268927
81.58854320259043,21.333248056449058,2025,48.29252702000002,0.099295296,0.03224563,-0.12866107
81.75255848874855,21.21936403658275,2025,36.15855601999999,0.026235381,-0.03810285,0.03778711
81.68744948566173,21.17927040726632,2025,41.09246789000002,0.11125282,0.05299336,-0.16370068
81.58298869301981,21.232636349823384,2025,42.77413373000002,0.12052117,-0.004567998,-0.14994304
81.76857786338144,21.233305901681764,2025,41.63080604000004,0.08819569,0.074765466,-0.1294693
81.69760870253579,21.217703112797324,2025,35.96714689999999,0.238099,-0.0613115,-0.22499512
81.7302519777196,21.217008790604346,2025,47.878946600000006,0.08754776,0.062407028,-0.10900712
81.68513492349928,21.1948244284147,2025,40.331958439999994,0.14442758,0.075380996,-0.1820279
81.64304334590392,21.364951062254942,2025,38.479391599999985,0.044751987,-0.0331076,-0.046693347
81.63389938089122,21.350444282082144,2025,45.65723360000004,0.0824878,0.038491968,-0.12207459
81.71834685345331,21.32029341289911,2025,44.12937866000004,0.07228536,0.024186876,-0.12142491
81.67960507854369,21.191905208182135,2025,40.16618447000002,0.15752594,0.057558592,-0.18734558
81.5886003739593,21.357134006000578,2025,47.76273392000002,0.10368623,0.03999724,-0.13316639
81.60782303034236,21.298282786663826,2025,48.603566839999985,0.04300277,0.017821195,-0.06339046
81.53493196562198,21.292264771469736,2025,39.57999404000003,0.21002147,-0.03289826,-0.22068715
81.66872115421522,21.218168546091484,2025,38.80068548000003,0.16221459,0.022191532,-0.18444166
81.70396329237232,21.19301928741105,2025,42.21357845,0.1064907,0.019764973,-0.14546281
81.5667237314061,21.353992104448885,2025,41.935009820000005,0.16638412,-0.046860307,-0.17984585
81.69288380318766,21.1328543283254,2025,42.155472110000005,0.17755036,0.01147848,-0.21218601
81.75243163472885,21.189586762923284,2025,38.41444922000005,0.1449349,0.051315825,-0.19467777
81.7512284039276,21.30195195047354,2025,43.011686120000036,0.13858272,0.07467926,-0.1912532
81.5979997564555,21.25784179756038,2025,43.56369634999999,0.06368556,0.015068367,-0.09077605
81.49649638480797,21.30116584506643,2025,47.831094320000034,0.10047024,0.07159396,-0.14732645
81.62402227829344,21.154192107576154,2025,35.50571420000006,0.26071197,-0.060526475,-0.24834767
81.62936431201732,21.219590483332098,2025,39.77482118,0.09995135,0.013690356,-0.12547383
81.60455121542093,21.329530981697125,2025,48.13358908999999,0.04212307,0.11237189,-0.09011679
81.51661805705228,21.300346337173117,2025,47.25003092000003,0.09477037,0.07902377,-0.13642359
81.73525102971445,21.225688962240795,2025,38.09657335999998,0.12109643,0.05615016,-0.14885959
81.74345901914607,21.20727648276277,2025,37.93250840000002,0.16521342,-0.003870883,-0.18163565
81.58850411601101,21.27529021515119,2025,45.118895450000025,0.10592828,0.02331331,-0.1269009
81.59613143492348,21.164715701266573,2025,35.70395936,0.30888066,-0.15337816,-0.2852978
81.62163164820946,21.118770800734413,2025,41.21551661000001,0.13070056,0.081380606,-0.17880861
81.68554371367537,21.368552104001914,2025,44.35154996000006,0.045654714,-0.0033632286,-0.0713628
81.57588378535696,21.188201198322826,2025,34.52474246000003,0.25178856,-0.18312818,-0.27350459
81.51593662988755,21.251027901106752,2025,44.77880246000001,0.10861795,0.016113328,-0.14834571
81.5851108136066,21.295697261308696,2025,46.48097642000005,0.16821986,-0.027200304,-0.16480255
81.59228227314178,21.180969227229408,2025,39.22964698999999,0.1256107,0.056265753,-0.16191602
81.58840838845445,21.285021079697135,2025,49.03765538000005,0.10559955,0.019919466,-0.13624722
81.56770328446153,21.229823172859465,2025,38.47426457000006,0.22891566,-0.07037359,-0.2235789
81.60153174285212,21.288192582945737,2025,46.22462492,0.10135592,0.040479448,-0.13078447
81.68302099447735,21.17611276546747,2025,37.71546412999999,0.01728598,-0.037068073,-0.0074460697
81.63394826198392,21.23829548619966,2025,41.21722562000002,0.072391964,0.029845968,-0.09746479
81.71258206217246,21.173446188102684,2025,41.00530838000003,0.1354841,0.051113684,-0.16655701
81.6748203134014,21.19179438625593,2025,39.46207235000003,0.15218647,0.014093638,-0.17648792
81.57335222867684,21.30670748104727,2025,51.43197839000004,0.05803758,0.009871262,-0.07255675
81.56073981087349,21.28762082660421,2025,47.66532035,0.118966214,0.031481452,-0.14746955
81.55481159083526,21.290902163143343,2025,48.67876328,0.08468065,0.060080107,-0.1219704
81.55675571641328,21.23794960347734,2025,42.67672016000006,0.21918282,-0.070780054,-0.2246659
81.62518355251778,21.245504823098095,2025,41.20355354000003,0.10959009,-0.00606733,-0.13347135
81.61259074483137,21.358043393054785,2025,44.58055730000001,0.098144345,0.01438542,-0.13173312
81.68157960831896,21.257221898760946,2025,38.968168460000015,0.15554103,0.04580061,-0.18765856
81.68298069559114,21.365609532945513,2025,41.323184240000046,0.049178716,0.015823223,-0.05394724
81.7023701514649,21.173481553583713,2025,39.689370680000025,0.20951822,-0.017885206,-0.21531066
81.6860481492542,21.237143972997345,2025,42.08540270000003,0.13356939,-0.011665042,-0.1528943
81.69614412718401,21.243987708158645,2025,40.885677680000015,0.10911891,0.051390108,-0.15171973
81.58939445828503,21.315942795064704,2025,46.284440270000005,0.08789016,0.023661463,-0.11327714
81.4897019852884,21.228192967840094,2025,50.12458574000004,0.09517325,0.089989,-0.14770475
81.58402213197483,21.14939636823543,2025,35.408300629999985,0.35527673,-0.18899584,-0.32325304
81.63861088562831,21.256958572281647,2025,39.689370680000025,0.11183233,-2.814325E-4,-0.1349992
81.64131249539369,21.284282385931473,2025,39.79874732000002,0.17480823,-0.0455215,-0.17708923
81.5894667752319,21.290992754261897,2025,48.28910900000005,0.08019455,0.041421305,-0.118922085
81.50298764925375,21.24872996785641,2025,47.00393348,0.14355533,0.0426764,-0.17369244
81.65098130039904,21.26880154470861,2025,36.182482160000006,0.24437079,-0.07782563,-0.24612166
81.73338039350148,21.18745961481337,2025,38.185441879999985,0.27302977,-0.081990145,-0.26120633
81.68524577003416,21.15015164520659,2025,42.42891371000002,0.15775983,0.06100063,-0.20186265
81.68258604406682,21.241321486957133,2025,41.23431572000004,0.21061291,0.0054349387,-0.21919064
81.63329482273049,21.36904585589705,2025,43.603003580000006,0.09190188,0.035398886,-0.10101224
81.52854449781009,21.264555939629577,2025,45.676032710000015,0.16376004,0.010554386,-0.19066675
81.55142350565258,21.293217999833196,2025,43.97556775999999,0.11607525,0.018057922,-0.13889351
81.6624444611603,21.276350135947585,2025,38.325580700000046,0.094007276,0.008089435,-0.124980316
81.70860913294162,21.264625809600947,2025,38.31874465999999,0.18301262,-0.038726754,-0.19215333
81.70359550978685,21.21063756379862,2025,38.39735912000003,0.17245354,-0.0104296,-0.19509509
81.67166390373102,21.184316089782612,2025,39.016020740000044,0.14896895,0.049008705,-0.18204774
81.60305040694821,21.293875825755446,2025,46.903101890000016,0.042307205,0.04458376,-0.08320314
81.70270184784735,21.145267347889607,2025,41.439396920000036,0.11967937,0.11446889,-0.15096414
81.54865726337114,21.270918891588632,2025,43.20480425000005,0.17013739,-0.017160846,-0.1848294
81.6731270262106,21.333228767336514,2025,44.50877888000002,0.09715006,0.061359197,-0.12636897
81.57688344192725,21.338843855791378,2025,46.06568699000002,0.106172934,0.03523819,-0.14058325
81.66152694264034,21.182867728639476,2025,39.482580470000016,0.15053995,0.03511253,-0.17811944
81.56392297827004,21.19766990508591,2025,42.69551926999998,0.14945436,-2.67283E-4,-0.18400238
81.58988175178006,21.320834076884935,2025,48.98638507999999,0.06982486,0.038405117,-0.1017066
81.66832114960788,21.21235928840377,2025,40.69426856000001,0.10491741,0.09893785,-0.13517731
81.76250885645521,21.211178980778083,2025,39.887615840000024,0.19027469,-0.029017856,-0.21417859
81.69885528809739,21.153711661267867,2025,42.14521805000004,0.13039188,0.039702002,-0.16392641
81.67101145189186,21.140961540111867,2025,37.41467837000005,0.23689418,-0.03281093,-0.23893313
81.64820001570352,21.19319837674359,2025,39.634682360000056,0.15077727,0.009342588,-0.17884187
81.6337568688989,21.239589757868956,2025,41.25140582000006,0.10060826,0.062888026,-0.12046154
81.6326692624839,21.269703957702525,2025,41.38470860000001,0.108186364,0.024204496,-0.13568924
81.56082451877474,21.188127800377682,2025,45.98194550000005,0.06933652,0.021836448,-0.108984545
81.59286441668633,21.287459313995083,2025,45.31543160000001,0.095407195,0.028910225,-0.123103686
81.62487304623095,21.364384253640907,2025,41.38470860000001,0.11069752,0.0046771327,-0.1366817
81.61111386696868,21.240153411269233,2025,38.86220983999999,0.20547739,-0.038131338,-0.20429946
81.53289929770814,21.277220147024842,2025,49.97419286000002,0.10781588,0.019062761,-0.13965636
81.70304998115031,21.158595591006378,2025,42.56734352000001,0.09277666,0.07404649,-0.12808934
81.6902045106788,21.311812241172685,2025,40.96087412000003,0.10891013,0.0634683,-0.13997069
81.70298701376703,21.321494673310447,2025,40.198655659999986,0.19164583,-0.027227487,-0.21069935
81.56341031000589,21.285662682121,2025,48.673636250000015,0.04779749,0.07889341,-0.08109601
81.68982248146088,21.35829542418826,2025,43.59616754000001,0.12869471,-0.012983126,-0.13218752
81.51578212960771,21.179125841094514,2025,48.09086384,0.14039698,0.058712717,-0.18039946
81.58149635649126,21.329472687104506,2025,36.92761052000003,0.2740151,-0.14357433,-0.25218683
81.75593754379851,21.208924082842792,2025,39.71671484000001,0.12649147,0.0750868,-0.16148874
81.58020301487207,21.256512795032638,2025,46.320329480000055,0.08049261,0.016861036,-0.105196655
81.70917723940451,21.276777036820665,2025,41.097594920000006,0.12789299,0.044404645,-0.14402957
81.5437794212638,21.206202478061027,2025,44.34129589999998,0.09843711,0.030967336,-0.1447759
81.6268974926063,21.176546553410212,2025,36.40978049,0.15174751,-0.04045899,-0.1614629
81.685668195787,21.3031015832312,2025,41.206971560000056,0.13683006,0.025648214,-0.15166073
81.66553897733178,21.35707734766761,2025,44.66258978000002,0.054666553,0.007932956,-0.07299688
81.73342250163677,21.19531022532736,2025,37.74793532000001,0.14757873,0.057664745,-0.17942064
81.66630378935169,21.201299620743704,2025,41.37103652000002,0.077663094,0.009902176,-0.1322164
81.54934923443363,21.34183035766745,2025,42.61006877,0.17639944,-0.017307032,-0.19274177
81.52173708580193,21.189983263276513,2025,43.00485007999998,0.17933819,-0.0025339192,-0.19075012
81.77227286245683,21.26735065576208,2025,43.57907743999999,0.09372544,0.08196721,-0.13232104
81.62708912080181,21.180080877124194,2025,37.517218970000044,0.17989331,0.014267027,-0.18990177
81.63707124221648,21.176368633081644,2025,37.61121452000003,0.16029646,0.058408458,-0.19857843
81.50818787125891,21.249789020215626,2025,45.76490123000002,0.17842934,0.017265236,-0.19693574
81.76837715766861,21.282735557062335,2025,41.10101294000003,0.15744089,0.0037410588,-0.17825286
81.5979929637858,21.193518006401515,2025,37.127564689999986,0.18826227,0.001925595,-0.20101583
81.64539764503998,21.263802700351313,2025,40.95745610000006,0.07556961,0.059922505,-0.11060644
81.55784147536866,21.23994399673998,2025,46.67409455000001,0.120301865,0.02198416,-0.16983588
81.58206604173417,21.130253868312877,2025,36.74303744000002,0.27733418,-0.11468567,-0.26105174
81.62006327006344,21.27805133155608,2025,40.311450320000006,0.07489402,0.060459223,-0.12209698
81.55677242790888,21.25647665044844,2025,46.193862739999986,0.0984868,0.0077769994,-0.12768172
81.5960374525483,21.34530252339524,2025,47.40213281000001,0.11908982,0.0335259,-0.15102808
81.6401768693807,21.365706081068936,2025,39.91496000000001,0.077789605,0.016511533,-0.098048076
81.63337536076679,21.16426258731232,2025,38.11024544000003,0.2930915,-0.14058922,-0.28237253
81.61135471210864,21.124464216991232,2025,37.33264588999998,0.24661551,-0.07494777,-0.25043592
81.6868413079886,21.318823392131332,2025,41.391544640000006,0.091495365,0.03492516,-0.12940285
81.66618721812816,21.28607428584861,2025,45.95801935999998,0.124242425,0.057578325,-0.15645605
81.74761502570674,21.3127035532063,2025,41.753854760000024,0.12727672,0.06013295,-0.15893964
81.62592648565968,21.262673815665817,2025,40.42766300000005,0.1839721,-0.05781541,-0.19160625
81.60926362670934,21.18260438970133,2025,35.88340541000002,0.26830137,-0.07617279,-0.26319894
81.58552959523325,21.129895088994026,2025,35.93638471999998,0.21257062,-0.034238975,-0.2167767
81.50456924669558,21.308773770809946,2025,45.31543160000001,0.13623156,0.021372588,-0.16945417
81.75161029151607,21.302080146782597,2025,42.76900669999998,0.1417562,0.06999413,-0.19671647
81.61492283036179,21.132253919142496,2025,37.71546412999999,0.16768591,0.043268833,-0.20229605
81.5742269469051,21.327154133142145,2025,39.34927769000001,0.24857831,-0.11111111,-0.24289991
81.57011448135054,21.22545837549137,2025,41.83246922000001,0.17290343,-0.008023193,-0.18545829
81.60676242562067,21.268519539485915,2025,38.59560428000003,0.081217095,0.01951836,-0.10640152
81.61836286538288,21.255625812895346,2025,38.622948440000016,0.18940064,-0.0497036,-0.18773495
81.50062151137804,21.207068724296988,2025,39.25870015999999,0.24201846,-0.090466425,-0.23624478
81.6245694368102,21.21622151865421,2025,40.130295260000025,0.09012627,-0.004701724,-0.12931034
81.54952071234611,21.17448739230016,2025,44.83690880000006,0.12693648,0.07525481,-0.17248806
81.62949117090315,21.222601190428854,2025,33.73859786000003,0.34233513,-0.15988573,-0.30588752
81.51178690301246,21.22263978591633,2025,47.21926874000002,0.10972074,0.05912796,-0.14542232
81.61516682894022,21.335806110920643,2025,44.510487890000036,0.09344102,0.010417648,-0.11647184
81.67374346148395,21.330419871896556,2025,43.27145564,0.118883334,0.047496878,-0.1339013
81.50609224941088,21.264764748097257,2025,41.063414720000026,0.19426604,-0.042099934,-0.20456585
81.64743754414224,21.351385529885274,2025,42.96725186000003,0.09675259,0.025217585,-0.1064764
81.58075065221168,21.364660306643266,2025,51.343109870000035,0.09740011,0.06959052,-0.13604064
81.66554608993225,21.31123513291725,2025,42.67330214000003,0.12095661,0.042857587,-0.15465538
81.51595809922058,21.27066118159277,2025,44.50365184999998,0.15920137,0.030382637,-0.18207294
81.62103973425883,21.36535175885965,2025,43.984112810000056,0.09106625,0.0038331454,-0.11600884
81.69332239227093,21.155010829169658,2025,37.82825879000001,0.211761,-0.063255414,-0.22809815
81.62035522586487,21.197491353865914,2025,36.717402289999995,0.18034904,0.008392978,-0.20448056
81.51675295747236,21.29877575493223,2025,47.33719043000002,0.10146204,0.0648663,-0.14441459
81.62161361011532,21.152565626235596,2025,37.67957492000005,0.26428676,-0.08628432,-0.25746456
81.6984872777198,21.338975009605562,2025,39.932050100000026,0.15307476,0.024744147,-0.15383977
81.66556385098653,21.135144254214296,2025,41.24115175999998,0.09888969,0.034666926,-0.13514341
81.64586576638648,21.256611360731945,2025,40.48235132000002,0.13332376,0.004569376,-0.1512501
81.5567542605692,21.2776432608261,2025,44.33616887000005,0.2401563,-0.10424146,-0.24275039
81.75721316682441,21.28655767104455,2025,41.52826544000004,0.12584245,0.08252935,-0.1611622
81.65156687014921,21.19981757945084,2025,31.99882567999998,0.003242094,-0.044257578,0.023638338
81.70215541189212,21.1867385285724,2025,38.185441879999985,0.18513077,-0.033527058,-0.20782895
81.69837549089722,21.33458871427244,2025,40.56438380000003,0.110779315,0.024512839,-0.12298209
81.66401572748343,21.13023934224966,2025,43.79270369000005,0.13057622,0.07440286,-0.17702049
81.57461742601178,21.165234800079663,2025,40.834407380000016,0.11206172,0.07228695,-0.15190305
81.73558117824327,21.229146764556887,2025,37.14294577999999,0.17711432,0.023874778,-0.19292891
81.72084186104226,21.274056641328333,2025,44.59764740000003,0.0711895,0.018943308,-0.10888776
81.69299050988457,21.325548463013163,2025,41.20355354000003,0.10959055,0.027283281,-0.14911613
81.69688077054808,21.358195787557904,2025,41.72651059999998,0.12569138,0.008682761,-0.14017782
81.64385127886689,21.279580661125824,2025,37.28308460000005,0.22208132,-0.07456966,-0.21740161
81.5855398378545,21.300759025017946,2025,50.591145470000015,0.102168255,-0.0011028833,-0.1224661
81.68561083130608,21.149284794644743,2025,42.485311040000056,0.12343758,0.06057389,-0.16521384
81.69045321966416,21.184164052507015,2025,39.38858492000003,0.15508153,0.04644561,-0.18745962
81.63849437532686,21.198469585183375,2025,37.29504767000003,0.1548762,-0.007643352,-0.1753639
81.54038105508461,21.187481866443658,2025,45.96143738000001,0.15272154,0.05174896,-0.18954526
81.54776844187462,21.350356370398753,2025,48.31987118000001,0.08437274,0.06350227,-0.11547535
81.66771825037908,21.251463274594688,2025,41.036070559999985,0.08743992,0.010814419,-0.12227818
81.67425022552906,21.21055919668782,2025,40.97112818000005,0.13229892,-0.018284468,-0.16121008
81.71021466960549,21.290009739790644,2025,41.28558601999998,0.12257569,0.007677839,-0.15517427
81.71933007649643,21.26668413212812,2025,38.00770484000003,0.14918748,0.004846743,-0.16387802
81.54252305030595,21.327662971090927,2025,42.94674373999999,0.18646622,-0.011165272,-0.19206353
81.58832198875601,21.139346120346353,2025,33.44977517000001,0.27882367,-0.10506151,-0.2611317
81.54467409953126,21.354859307168727,2025,48.224166620000005,0.10299786,0.07404689,-0.15320896
81.61088322276728,21.261387726254412,2025,39.86027167999998,0.14360078,-9.574433E-4,-0.1644646
81.6608802134093,21.332197995403156,2025,44.064436279999995,0.03747863,0.0017714045,-0.06449582
81.59253972935818,21.326959798262994,2025,50.65950587000003,0.08602871,0.047985192,-0.11745289
81.62817441960114,21.13786347961459,2025,36.134629880000034,0.19759467,-0.044976767,-0.18327087
81.58206729270113,21.212897658417987,2025,42.276811820000034,0.12532537,4.2501828E-4,-0.14782134
81.72638247333327,21.175400276612617,2025,40.43449903999999,0.1493661,0.07998397,-0.18533544
81.69381763189723,21.22981951185161,2025,37.97352464000005,0.1433724,0.0065187416,-0.17255409
81.66056879541458,21.264910941272607,2025,40.328540420000024,0.11070222,-3.3810054E-5,-0.13434324
81.58901871468171,21.12307850352115,2025,35.97740096000001,0.27982682,-0.20468797,-0.29834536
81.70020586261334,21.26062765655532,2025,38.29140050000001,0.21174377,-0.05223204,-0.21413898
81.54035527300935,21.309463178340323,2025,37.70521007000002,0.19326515,-0.047589615,-0.20965824
81.54938964671013,21.288324047216243,2025,43.532934169999976,0.15893291,-0.004725169,-0.18066782
81.69111423409844,21.260678123227688,2025,38.756251220000024,0.1720578,-0.014227104,-0.16857274
81.5485572744508,21.189910693083245,2025,47.03469566000001,0.1284133,0.040762153,-0.16859505
81.53779215521503,21.328905830410168,2025,45.33423071000004,0.13039713,0.037902463,-0.1639071
81.72092937636305,21.15994821320597,2025,40.61223608,0.14377187,0.07325716,-0.18371929
81.7092201839672,21.18243150668574,2025,38.69472686000006,0.11960392,0.041679893,-0.14986002
81.6428306075636,21.177267384161198,2025,40.02946367000004,0.15275098,0.041156225,-0.18222685
81.57621899549534,21.193403932045346,2025,35.53647638000001,0.010654196,-0.06866493,0.0073393625
81.5447210012748,21.192700666124278,2025,44.00632994,0.14752707,0.038049765,-0.18345009
81.60110063316974,21.177723359102004,2025,38.846828749999986,0.15115015,0.004775402,-0.17649415
81.56303930303207,21.286801404273444,2025,47.30130122000003,0.052226566,0.08574244,-0.07982294
81.60421821618587,21.360427340588288,2025,45.257325260000016,0.06488315,0.0024844273,-0.09953961
81.62291882224828,21.320277953908917,2025,45.72217598000003,0.049000096,0.0057938467,-0.05701461
81.53620794174363,21.216485629456667,2025,38.821193600000015,0.2170911,-0.108758874,-0.22858427
81.69113398805953,21.30206682077798,2025,42.276811820000034,0.14328761,0.038718898,-0.1648888
81.75614724537344,21.19121236665947,2025,39.51505166000004,0.15525208,0.04272039,-0.19634312
81.5346174357563,21.290318821425803,2025,42.35542628000002,0.13607399,0.027937274,-0.16477798
81.53505736534495,21.2757842496723,2025,46.48097642000005,0.17388737,0.022311648,-0.20491533
81.64872717116839,21.260089942795865,2025,39.77823920000003,0.13894035,-0.012216405,-0.15855727
81.60178137972109,21.16953029511525,2025,35.74668460999999,0.28128943,-0.12377334,-0.26938155
81.74551596300485,21.180938809791492,2025,40.11662318000003,0.13476576,0.093987286,-0.18611243
81.77223732795248,21.2575769201943,2025,39.573158000000035,0.19964029,-0.053296488,-0.21121326
81.7196808045983,21.31958413526533,2025,43.84568300000001,0.116136506,0.062451724,-0.166637
81.71016644495708,21.331922238452737,2025,43.654273880000005,0.12220744,0.04644589,-0.1601926
81.49401764873792,21.284840432923733,2025,47.08596596000001,0.09009543,0.06938776,-0.13227786
81.58454582633854,21.336514269921597,2025,41.19500849000002,0.17082877,-0.0060856007,-0.18849765
81.66913514212469,21.266580244458122,2025,40.92327590000002,0.093890056,0.018761598,-0.11546875
81.64260357515563,21.31974945719218,2025,41.34027434000001,0.0703892,0.0742458,-0.10572497
81.56391934150889,21.17335414105146,2025,38.08290127999999,0.24181269,-0.0827854,-0.23838854
81.61958859108721,21.282315657598748,2025,41.05316066,0.10290479,0.02065515,-0.13013966
81.67705960102354,21.126975259341968,2025,42.73824452000002,0.11014952,0.07143059,-0.16142328
81.51523635135922,21.310209128237467,2025,44.28318955999998,0.13376373,0.017423313,-0.16192687
81.6063417434976,21.35450529742833,2025,42.864711260000036,0.1819476,-0.09686864,-0.1936123
81.55631271319712,21.276349967353266,2025,45.91187609000002,0.11530072,0.04695376,-0.15266398
81.75220532809045,21.317682581781003,2025,41.14202918000001,0.1011393,0.032695793,-0.14787424
81.69207139571374,21.14341468169297,2025,40.656670340000005,0.10438651,0.07578425,-0.15615806
81.5798139600479,21.3678460744928,2025,50.975672720000034,0.09974348,0.07340622,-0.13704385
81.67948020212182,21.18918456321528,2025,40.224290810000014,0.14575359,0.075343326,-0.18675667
81.50534605693024,21.22034994024709,2025,43.18600514000002,0.17032377,-0.020686094,-0.18759388
81.50800427416716,21.268281649433476,2025,40.68059648000002,0.24506949,-0.075567506,-0.2511409
81.54510050623512,21.25757732451239,2025,42.314410039999984,0.1852094,-0.007440798,-0.20058134
81.5531345194919,21.196422673229847,2025,45.83838866000002,0.10850396,0.054858234,-0.14508472
81.70676340960743,21.295925571620973,2025,43.19967722000001,0.102803074,0.054291576,-0.14537902
81.72904890654982,21.31148185555524,2025,40.22599982000003,0.1613804,0.006918085,-0.18414424
81.50674792722813,21.292727385828925,2025,41.80341605000001,0.1335152,0.03563023,-0.16668645
81.70643242282226,21.185494484540264,2025,39.97990238,0.15185227,0.046593003,-0.18311147
81.55803410647673,21.2239730357232,2025,45.12060445999998,0.12105207,0.044762596,-0.1646474
81.5663249474379,21.243931170551864,2025,44.760003350000034,0.18611461,-0.030860765,-0.193964
81.66948962657948,21.247578202546734,2025,40.30461428000001,0.12924083,-0.0038749678,-0.15611751
81.74121996805255,21.243157811497454,2025,36.86608616000001,0.12622908,0.06845444,-0.15697515
81.68735356371545,21.309594854816197,2025,41.42572484000004,0.122311935,0.018251749,-0.13980678
81.65555076179923,21.18253762627736,2025,40.155930409999996,0.113413505,0.017717237,-0.15438138
81.64971602354635,21.305032739708814,2025,40.441335080000044,0.07626952,0.023134595,-0.0999799
81.54792806227815,21.319567257774953,2025,42.81514996999999,0.2053321,-0.047018386,-0.21227108
81.62714634972835,21.161623181924014,2025,35.733012529999996,0.25288865,-0.06034004,-0.23949674
81.62544849335005,21.36052015003076,2025,42.59468767999999,0.12289338,-0.011878806,-0.13943447
81.54577985666184,21.32186307779004,2025,48.48906317000001,0.13194634,0.02083929,-0.15730672
81.5695224387213,21.367346799600174,2025,47.321809340000016,0.1254682,0.059830885,-0.16616498
81.64339518979807,21.15164125222914,2025,40.22599982000003,0.17480066,0.035714798,-0.19532852
81.56215453118729,21.18494779788179,2025,40.98821828000001,0.21387935,-0.070304856,-0.22712867
81.61489686099104,21.176393831953543,2025,33.957351140000014,0.28435272,-0.08658708,-0.2782275
81.56146879620941,21.254843752671803,2025,43.95164162000003,0.178879,-0.03441809,-0.1789284
81.62997851338847,21.159103685580007,2025,39.39883898000005,0.1815919,-0.014086317,-0.19668682
81.51490669179213,21.24185996622531,2025,47.87040155,0.1342155,0.054366287,-0.17069843
81.65136780802533,21.314901323100823,2025,41.26507790000005,0.09367351,0.011927097,-0.12693924
81.68275489686525,21.321947819285324,2025,41.69233040000006,0.13201346,0.07426302,-0.14195274
81.61037635342028,21.22192098630341,2025,40.92669392000005,0.09640361,0.017796861,-0.12492493
81.55629557362505,21.20527892309006,2025,47.21926874000002,0.117736496,0.049208254,-0.15006295
81.57765287569605,21.211977411974953,2025,36.44225168000003,0.15627028,0.024547528,-0.18502642
81.69867045317113,21.197264434422085,2025,41.935009820000005,0.106943816,0.09114519,-0.15604845
81.65945118075301,21.19593962828545,2025,39.71671484000001,0.13160871,0.03388113,-0.15600432
81.50198517545375,21.276463810638933,2025,43.53977021000003,0.1453145,0.033234384,-0.17256628
81.56822462738197,21.330814546150297,2025,37.97865166999998,0.23387632,-0.055848617,-0.2285704
81.67007297904897,21.33572898934199,2025,42.099074780000024,0.08431536,0.05354298,-0.118716225
81.64036365167794,21.352818958062077,2025,44.057600240000056,0.08165093,0.029721046,-0.11542982
81.75501970254304,21.23584424301057,2025,39.046782920000055,0.14834766,0.012516837,-0.1764844
81.57578462057256,21.185500080878263,2025,36.36021920000002,0.30647725,-0.14460973,-0.28219086
81.73168886930425,21.27777574945094,2025,41.34369235999998,0.09039778,0.033424083,-0.12383204
81.73818680080842,21.180450721378403,2025,41.183045419999985,0.1351419,0.05809953,-0.17554088
81.73368614290699,21.34053738524178,2025,40.766046980000056,0.2557211,-0.07934793,-0.24700786
81.49763722426714,21.221699400292714,2025,48.14897017999999,0.10673575,0.04007989,-0.14161289
81.64648431990288,21.201082824104567,2025,37.97352464000005,0.18723547,-0.014563262,-0.18232003
81.62561637104201,21.120315497532822,2025,40.96600115000001,0.12869504,0.08597179,-0.17197154
81.59948360555538,21.26275038327981,2025,41.835887240000034,0.09846205,0.02124613,-0.129793
81.61113757901401,21.147657386279796,2025,35.19125636000001,0.32012013,-0.13723104,-0.2868631
81.68556324563677,21.14726861880307,2025,42.26143073000003,0.11141803,0.07019384,-0.15457806
81.6602453351809,21.23471523506298,2025,41.295840080000005,0.10934737,-0.007034078,-0.1289236
81.52180197508274,21.33457330405966,2025,48.22587563000002,0.1160031,0.08278843,-0.17402561
81.6332568893073,21.351546174912986,2025,45.07275218000001,0.08952183,0.02977482,-0.12340391
81.63843695437566,21.353569021742988,2025,44.754876319999994,0.09016533,0.020895522,-0.11234783
81.66918256802298,21.16220426311552,2025,39.24502808,0.15060376,0.037299667,-0.18388543
81.50223554898336,21.211579226874303,2025,48.125044040000034,0.12963103,0.052430887,-0.16184837
81.6677461114397,21.23569202612555,2025,40.23625388000005,0.20357957,-0.024170674,-0.20458336
81.6626616081113,21.302052687490338,2025,38.24013020000001,0.15564218,0.015440059,-0.15636152
81.64812013913327,21.361131204344215,2025,45.10693237999999,0.052109897,-0.018871441,-0.059964128
81.5763412415649,21.35898203294177,2025,48.750541699999985,0.11347375,0.03829329,-0.13484503
81.49254855176956,21.270630628202905,2025,47.88407362999999,0.14411353,0.027649151,-0.18565723
81.54638989468557,21.249429574997826,2025,41.72138357000006,0.20492695,-0.037731115,-0.20312712
81.5382137523332,21.30728628136391,2025,40.88055065000003,0.04499944,0.12231304,-0.08473586
81.67722202926025,21.147220426087525,2025,42.856166210000026,0.105035216,0.084550105,-0.14585856
81.68760212478605,21.288373055711585,2025,36.94811864000002,0.23304465,-0.07721541,-0.21450551
81.62956600725975,21.242179627149998,2025,40.772883019999995,0.107641354,0.015938627,-0.12846468
81.61577848117486,21.122286466834296,2025,37.95643454000003,0.18771392,0.008039782,-0.20743023
81.63076323631304,21.248063263873405,2025,41.91450170000002,0.07279152,0.033360455,-0.09849642
81.56002422007494,21.171458416425,2025,40.02262762999999,0.18301564,-0.019857006,-0.20767671
81.52134609008544,21.23979343469105,2025,47.06033080999998,0.12425155,0.05089322,-0.15172873
81.57383426475275,21.247519553959624,2025,45.09838733000004,0.12707031,0.023454951,-0.15370467
81.70663900132261,21.25694352259042,2025,43.13131682000005,0.14195922,0.026190767,-0.17705956
81.62152358133564,21.37145560371373,2025,37.53601808000002,0.24990517,-0.14167958,-0.2349634
81.50318515049563,21.210701364603754,2025,48.17289632000001,0.124116376,0.051901594,-0.16069302
81.63695450495048,21.1225579827077,2025,41.65644119000001,0.15705128,0.015851622,-0.1816694
81.70203852400644,21.274739421017138,2025,39.82267346000003,0.20034954,-0.039488167,-0.20269033
81.591050125936,21.37218980563546,2025,49.35724025000002,0.09999193,0.05516883,-0.12761165
81.5129432462228,21.280742749325835,2025,41.35394642000006,0.21230322,-0.047397126,-0.2162349
81.5198621532348,21.217399709640056,2025,38.02479493999999,0.20851324,-0.032548726,-0.21618088
81.65394286377214,21.3281790804922,2025,44.42674640000001,0.06344881,-0.012393462,-0.07775927
81.65237112366992,21.304561888252934,2025,39.3338966,0.15192479,-0.008193656,-0.16094428
81.59743164232825,21.312154667751763,2025,42.91427255000002,0.14314666,0.0019139101,-0.14784667
81.77122734440019,21.252477578730588,2025,41.03948858000001,0.12564762,0.028876456,-0.15735418
81.70765418453999,21.309310242619993,2025,41.90766566000002,0.14450665,0.059516963,-0.18630545
81.62154802224175,21.2885737745844,2025,41.04290660000004,0.065058604,0.0253381,-0.08332253
81.69208307514775,21.17024778864394,2025,42.01020626000002,0.12149702,0.076989464,-0.161654
81.70156624320586,21.195837311803377,2025,39.23477402000003,0.14148568,0.03391649,-0.16549891
81.70694945845301,21.27112171636581,2025,38.906644099999994,0.23040329,-0.0592622,-0.23809524
81.52145300508033,21.16683960376943,2025,46.83986851999998,0.15970905,0.055769175,-0.19471572
81.63779700795489,21.366485882816683,2025,40.068770900000004,0.08040223,0.01584,-0.09341392
81.63885244677603,21.158709444397427,2025,39.43131017000002,0.15691844,0.0047510597,-0.18603063
81.62420627393192,21.206340598916633,2025,36.07139651,0.24684262,-0.04933698,-0.2462766
81.59004347497545,21.167497712732445,2025,38.53920694999999,0.12946428,0.030256387,-0.16317628
81.74834945947174,21.31810520698141,2025,41.183045419999985,0.05161672,0.08447973,-0.075460956
81.72179985150095,21.252817968764283,2025,42.21528746000001,0.08395947,0.065133594,-0.1226754
81.73689213187458,21.24847555220404,2025,37.65223076000001,0.12415763,0.06554632,-0.16014665
81.63026625352083,21.353594767407202,2025,42.37935242000003,0.11746576,0.013603386,-0.13254371
81.57501457149611,21.356706638040848,2025,48.189986420000025,0.11437902,0.032980405,-0.14129186
81.66316046070523,21.173315214031142,2025,39.77482118,0.16128911,0.03549132,-0.17692542
81.59878571467829,21.31620539833059,2025,47.27224805000003,0.074796215,0.032717086,-0.104451224
81.68715719187031,21.260222439168846,2025,39.750895040000046,0.068974465,-0.004702686,-0.099832214
81.51068538066231,21.233183304308056,2025,46.54933682000001,0.13156451,0.04520869,-0.17444053
81.6271910961907,21.240794181459012,2025,35.05795358,0.014967114,-0.06274063,-0.004664992
81.77135754370491,21.256589744371922,2025,39.42276512000001,0.14313741,-6.60502E-4,-0.16372854
81.70018577774925,21.312562496720776,2025,40.95745610000006,0.12652914,0.06841106,-0.16415808
81.73474749096756,21.20169537283808,2025,38.58535022000001,0.15321252,0.041626614,-0.19073471
81.62748057125432,21.138407912105144,2025,35.69541431000005,0.18907984,-0.057003684,-0.18454315
81.49569053915359,21.220722098405652,2025,46.65871346000006,0.14354439,0.014119728,-0.17423995
81.77044568298977,21.276997360020655,2025,42.90914552000004,0.14297645,0.055359043,-0.17642003
81.72323020919899,21.156888772993273,2025,40.01237357000002,0.16195154,0.05219309,-0.19480331
81.64394948160421,21.250437228486252,2025,39.22110194000004,0.19704166,-0.07277926,-0.20231593
81.61569434610932,21.378749142343587,2025,45.27270635000002,0.105167456,0.0045260023,-0.13249053
81.72624183921766,21.233142365275857,2025,36.97546280000006,0.21719147,-0.0033647185,-0.24124664
81.63321165122615,21.16490248671979,2025,36.36192821000003,0.2862507,-0.13014923,-0.27119496
81.6373761693212,21.364773900530846,2025,42.15718112000002,0.077855274,0.009692406,-0.092813574
81.66309297075333,21.30971901520535,2025,42.816858980000006,0.11037052,0.035750765,-0.13950026
81.73925384417694,21.18044527668444,2025,41.50433930000003,0.053996548,0.016501527,-0.075785205
81.6046890187332,21.21045680408736,2025,37.14636380000002,0.18718415,0.01776614,-0.19150244
81.55736682124365,21.168166049182695,2025,44.28660758000001,0.20073749,-0.020229865,-0.21853805
81.54002031998112,21.29204426606591,2025,40.907894810000016,0.15399496,-0.04470806,-0.16718043
81.50898470666657,21.184367905658753,2025,47.39700578000003,0.12709816,0.07177219,-0.16576388
81.6086962909701,21.142643222347367,2025,37.22668727000001,0.27063593,-0.12222885,-0.25700477
81.51852048417858,21.196834731379525,2025,41.870067440000014,0.18383016,0.033494126,-0.21940653
81.68269866617649,21.14714712472027,2025,42.54341738000005,0.11971292,0.060551412,-0.16038056
81.73726512933486,21.184239575822488,2025,38.65883765000001,0.19975773,-0.035089068,-0.21725771
81.74932771402102,21.292062315939187,2025,42.30415598000002,0.20038493,-0.023156036,-0.21064617
81.61115394879867,21.210688684115414,2025,37.953016520000006,0.22943576,-0.018646536,-0.23557049
81.66628418458312,21.34871868148643,2025,44.10887054,0.08513791,-0.008888889,-0.08177659
81.62293161769989,21.19140919957191,2025,34.34529641000006,0.30205476,-0.13617562,-0.2739058
81.51391660542411,21.295295971865198,2025,44.79589256000003,0.116983086,0.06242331,-0.15673086
81.53517492267518,21.268295869891958,2025,48.60527585,0.13408989,0.045414202,-0.17397417
81.54072125307475,21.248146664646605,2025,45.447025370000006,0.14268392,0.032888092,-0.17206265
81.64365090470747,21.16249580595057,2025,38.065811180000026,0.17591415,0.02370696,-0.20333014
81.63641956904189,21.192182584436452,2025,36.960081710000054,0.17134066,-0.010032629,-0.18515073
81.5104497734842,21.255677492736265,2025,46.89284783000005,0.10069194,0.050630655,-0.12357418
81.6345179400438,21.16138330300299,2025,36.76867259000005,0.21565902,-0.015963783,-0.23039189
81.54326636390996,21.23683524031245,2025,40.251634970000055,0.24924342,-0.09071874,-0.24672808
81.65307821983596,21.211888081088684,2025,39.115143320000016,0.15598504,0.0056054527,-0.17019603
81.64936579425003,21.263234741082265,2025,39.37149482000001,0.12222431,-0.0032919047,-0.1455968
81.56537248179481,21.33277457108901,2025,46.74587297000005,0.17153455,-0.012059166,-0.18577215
81.74390719021547,21.196727131107156,2025,39.046782920000055,0.114280656,0.09958245,-0.16400473
81.67998557387737,21.21022240172534,2025,39.70304276000002,0.14637028,0.057698727,-0.1780375
81.70109895317442,21.3182820966602,2025,42.83053106,0.0831238,0.08202665,-0.124654174
81.61366436216876,21.218034928288837,2025,40.308032300000036,0.14939493,-0.021089017,-0.17480935
81.56118389685629,21.304415728802567,2025,49.762275620000025,0.108836,0.042709675,-0.14127316
81.7208296896411,21.15763834532872,2025,41.680367330000024,0.12365973,0.08086602,-0.16775206
81.59448462193198,21.20918428119377,2025,35.31601409000001,0.2016006,-0.015667895,-0.21987832
81.67426341631959,21.174138157575406,2025,41.365909490000035,0.1416943,0.081496656,-0.17528285
81.71999082179704,21.325331077631407,2025,42.85445720000001,0.09561839,0.07276381,-0.14058872
81.58618746797208,21.33081377641955,2025,40.31315933000002,0.27258953,-0.14254324,-0.26112565
81.52249303817034,21.296685428167677,2025,44.394275210000046,0.10820326,0.051097825,-0.13970189
81.61365933709205,21.17132676763496,2025,36.346547120000025,0.28543273,-0.1036473,-0.2752444
81.6799902592768,21.204128701500363,2025,40.35588458000001,0.11002462,0.01264001,-0.14523153
81.50557516117347,21.268813972897707,2025,41.335147310000025,0.18828468,-0.0048058406,-0.20064828
81.59498444600567,21.330862217398018,2025,47.39016974000003,0.11293992,0.039621707,-0.14095075
81.59068177274797,21.179182435841106,2025,37.86585701000001,0.15717219,0.025794392,-0.17880769
81.72582273432039,21.232135950237332,2025,38.069229199999995,0.16576947,0.03424417,-0.21014665
81.56891793633108,21.263594530817546,2025,48.716361500000005,0.06014271,0.029977428,-0.09351671
81.55239758535724,21.300231299710315,2025,39.86368970000001,0.24797662,-0.07866697,-0.24650536
81.68068883510705,21.144015098440796,2025,42.77071570999999,0.15255082,0.03116817,-0.18633881
81.62627701343037,21.148174483389678,2025,38.56313309000001,0.14315182,0.029638356,-0.1667815
81.713521624332,21.15480022739939,2025,40.10636912000001,0.12036046,0.068147264,-0.15495317
81.50794379986118,21.257477050568188,2025,45.084715250000045,0.16766523,0.027617862,-0.194103
81.65892058431811,21.264437900789286,2025,40.84466143999998,0.1069446,0.046820097,-0.1282647
81.73788820466936,21.28804292933958,2025,44.35154996000006,0.104891285,0.080650926,-0.1416586
81.7607560924811,21.246389939157815,2025,40.21916378000003,0.13693248,0.050293252,-0.16642407
81.56877633954693,21.29349776277469,2025,48.487354159999995,0.12227935,0.02751561,-0.15471111
81.618482058763,21.275520488159508,2025,38.33925278000004,0.1004609,0.010945341,-0.12577146
81.59495549160515,21.232676742173552,2025,40.10636912000001,0.117198825,0.015783614,-0.14581983
81.66696142876748,21.36249535981432,2025,40.63958023999999,0.14136268,-0.0114469975,-0.13670956
81.67636543514853,21.2031685345543,2025,40.619072120000055,0.12818281,0.02200981,-0.1687082
81.6928629520297,21.176353432834595,2025,42.41011460000004,0.0964783,0.05840614,-0.14097951
81.57334417336612,21.306077782897418,2025,51.17049986000001,0.10487835,0.039051555,-0.11731657
81.68711546097167,21.204114304675706,2025,40.26359804000003,0.12952246,0.05733516,-0.16362797
81.66331482550453,21.3516097988793,2025,41.49750326000003,0.15233706,-0.043312404,-0.14549977
81.71471988610509,21.14735353148684,2025,43.35007010000004,0.10839417,0.09197251,-0.1537604
81.58249843180117,21.37531100597386,2025,48.74541467000006,0.10418479,0.062433004,-0.15013772
81.64873430515169,21.265220314372876,2025,39.22110194000004,0.1261899,0.05025436,-0.16519354
81.658037817711,21.33910762372535,2025,40.099533080000015,0.09045406,-0.01194426,-0.11798965
81.7152605461039,21.243497115479066,2025,39.09121718000006,0.15103076,-0.005965764,-0.18125814
81.7289156403035,21.23736505511896,2025,39.09805322,0.14126913,0.079394355,-0.19022225
81.69188750898422,21.36423234492433,2025,42.90572750000001,0.08739813,0.030461395,-0.11731705
81.68420218079545,21.343565548488158,2025,43.74314240000001,0.08575067,0.056859422,-0.11818703
81.65612439414242,21.34274178689605,2025,40.89251372000001,0.1280365,-0.009007684,-0.14012712
81.52773930303853,21.201788439596026,2025,41.57611772000001,0.17555968,0.0133498,-0.20697841
81.58903224224244,21.296374536994882,2025,45.47607854,0.22016877,-0.073821016,-0.20366286
81.60147637696555,21.373856790566318,2025,46.05030590000001,0.16320954,-0.024575438,-0.18289796
81.53347863065395,21.211508156236395,2025,44.39256620000003,0.17249759,-0.014156776,-0.20064405
81.59689950175037,21.229366633807544,2025,39.91154198000004,0.07810728,0.025773196,-0.123630114
81.76555366127853,21.275763074498308,2025,44.112288560000025,0.120976835,0.042384543,-0.1657453
81.65707874523218,21.137853460198397,2025,44.38231214000001,0.12771022,0.08409228,-0.16409959
81.71767149789383,21.255679124035623,2025,44.36522204000005,0.12819709,0.02170295,-0.15022762
81.63654764628232,21.142690978676264,2025,39.91666901000002,0.14784247,0.058894552,-0.18040466
81.6636454438807,21.376061612008797,2025,43.96873172000005,0.07022088,0.022455476,-0.080038026
81.61959719642867,21.343209713782468,2025,43.53122516000002,0.082711086,0.047601864,-0.111672774
81.61255789913112,21.217320076668145,2025,40.02091862000003,0.17147778,-0.04267844,-0.19058955
81.54533049289601,21.337092196652257,2025,47.28592013000002,0.12552844,0.05451561,-0.16081776
81.69722450694759,21.18077710500912,2025,39.38858492000003,0.12172997,0.009851363,-0.15861891
81.70150252055585,21.182584617217508,2025,39.76114910000001,0.108571224,0.0026157468,-0.14240773
81.62871340013685,21.33518697642463,2025,43.852519040000004,0.08557304,0.045700688,-0.123482354
81.69646546567775,21.175315126024397,2025,40.67205143000001,0.10810628,0.022570534,-0.14672504
81.6420267730046,21.25930205580558,2025,39.22793797999998,0.23367374,-0.06523932,-0.227982
81.70226307231898,21.14013397911976,2025,40.28239715000001,0.20577945,-0.03624912,-0.2274024
81.70791440037327,21.192701746361035,2025,40.50798646999999,0.1172003,0.0030819548,-0.15130384
81.5165728662322,21.280862051181142,2025,42.62886788000003,0.13181211,0.04159101,-0.15680437
81.69417095403875,21.23770165362753,2025,40.33879448000005,0.15365797,-0.041297223,-0.16339667
81.57353976668469,21.31721691353324,2025,47.24661290000006,0.102751575,0.042852268,-0.13980417
81.5962056223231,21.121186653605534,2025,34.32137026999999,0.26123253,-0.11098968,-0.24975851
81.68980308217759,21.14917520743308,2025,41.41034375000004,0.15288775,-0.016708452,-0.17107584
81.6166343405278,21.168714496123748,2025,34.39143968000002,0.2818283,-0.10329607,-0.26702052
81.6541191212175,21.18104287438131,2025,39.115143320000016,0.15442896,0.026727894,-0.18871112
81.74999819741802,21.268794429902563,2025,38.393941100000006,0.21908405,-0.049060743,-0.22054903
81.76029340287408,21.290652792289784,2025,43.770486559999995,0.12238263,0.0827072,-0.15875708
81.57202443624257,21.24984377826173,2025,44.471180660000016,0.13373807,0.028810117,-0.15948199
81.72963989623105,21.166101680594124,2025,40.99505432000001,0.106681526,0.052141886,-0.13965578
81.67195621980322,21.191528682295065,2025,38.605858340000054,0.15276138,0.04579277,-0.1816175
81.65791088103667,21.1460662712321,2025,37.63001363000001,0.20385626,0.0064618224,-0.21889661
81.58752791550644,21.313520218407184,2025,41.620551980000016,0.24385285,-0.10547893,-0.23492199
81.55209040080405,21.193711311099797,2025,50.172438020000016,0.104822196,0.07547052,-0.14853095
81.55980542966418,21.357217523870055,2025,45.433353290000014,0.12284624,0.037502065,-0.15631947
81.51865014601469,21.260141082788447,2025,46.11353927000005,0.089651525,0.035431094,-0.1319199
81.58181882107384,21.345551977145675,2025,42.172562210000024,0.18678027,-0.046627324,-0.19977975
81.58668784792071,21.24708197361813,2025,41.77265387,0.16641724,-0.026203712,-0.180905
81.60919197926545,21.221222993318424,2025,41.19671749999998,0.071726896,0.02164904,-0.10586472
81.74064421803463,21.24557036445226,2025,37.06091330000004,0.12845597,0.055239312,-0.1748772
81.57005076404177,21.22675555612184,2025,43.82175686000005,0.15214169,0.025069548,-0.17425577
81.54787062867965,21.349897187640593,2025,48.43437485000004,0.07995755,0.05393238,-0.108037144
81.75767411771675,21.24651328717619,2025,40.718194700000026,0.16394503,0.038021345,-0.1785272
81.69456745205864,21.244021150082705,2025,41.54535554000006,0.10346536,0.042596973,-0.14639796
81.59722553092755,21.29581741908384,2025,46.216079870000044,0.09849085,0.033542383,-0.115516715
81.61796296723143,21.307755441633173,2025,39.40567501999999,0.07602721,0.019942295,-0.07417569
81.53934495702256,21.268336485559562,2025,47.08938397999998,0.1379408,0.028792271,-0.16985743
81.71579807733328,21.320285027373334,2025,41.27191393999999,0.11877031,0.026558232,-0.15329896
81.5625750249208,21.20942257357229,2025,45.404300120000016,0.12704274,0.05571722,-0.16702
81.66255017507595,21.234283355785784,2025,41.12152106000002,0.09592593,0.020166231,-0.12728104
81.52367789360758,21.249004127225874,2025,45.44189834000002,0.087967366,0.032526195,-0.12138964
81.64111411840395,21.252759619329012,2025,38.212786040000026,0.17729135,-0.038283743,-0.19087447
81.57098553382845,21.26337422002036,2025,47.86698353000003,0.10342672,0.031516857,-0.13809015
81.6134051067952,21.25175960373205,2025,39.32364254000004,0.15652207,-0.01760902,-0.16155651
81.55973710604782,21.243599671709717,2025,46.78005317000003,0.13674688,0.029277131,-0.16926081
