longitude,latitude,Year,LST,NDVI,NDBI,NDWI
81.55702018058663,21.178393851755413,2022,45.72901202000003,0.12026938,0.05044363,-0.14899208
81.64803642620063,21.24326947806197,2022,43.35348812000001,0.2026422,-0.05716129,-0.21211673
81.5364507191464,21.295511611385876,2022,43.546606250000025,0.20316927,-0.018564073,-0.21114784
81.5898481218558,21.165810307670377,2022,48.817193090000046,0.14099051,0.047893923,-0.18103045
81.49651446262969,21.264501906822254,2022,40.29094220000002,0.26815784,-0.1113661,-0.25904527
81.71259364518578,21.319762922116496,2022,48.993221120000044,0.16209906,0.064636916,-0.19237645
81.62663484544487,21.232946586020578,2022,44.43358244000001,0.120737225,-0.01560687,-0.14620335
81.65868468649236,21.24154010067345,2022,43.585913480000045,0.07634719,0.008263275,-0.102836594
81.57320025818653,21.256160808556825,2022,44.530996010000024,0.12730683,-0.009722389,-0.15313517
81.64538053436634,21.24176620699931,2022,42.93648968000002,0.120400816,-0.011127204,-0.14267465
81.68495149409831,21.235884254976668,2022,43.50217199000002,0.1775323,-0.018585943,-0.18647332
81.64024013469614,21.255174749317234,2022,44.40282026,0.15427342,-0.0077590984,-0.17933196
81.72415010371883,21.232304383129524,2022,47.98832324,0.14801592,0.037022248,-0.19604647
81.68455562750782,21.13425405810118,2022,46.79372525000002,0.13661498,0.06729252,-0.18797642
81.74282244276601,21.315755301337926,2022,50.90047628000002,0.13721791,0.04932395,-0.1847296
81.57427633486647,21.311748940757017,2022,50.418535460000044,0.113175206,0.030046199,-0.13609178
81.63987122351382,21.326145259293124,2022,42.00337022000002,0.040819217,-0.025908181,-0.041851677
81.69537697681106,21.20182114824312,2022,47.59525094000003,0.08553921,0.06462011,-0.1217052
81.55535708428418,21.242192202994207,2022,45.24194417000001,0.15684114,0.011890569,-0.1750331
81.53035335729065,21.28089348483019,2022,49.46319887000004,0.121010855,0.046058174,-0.15757778
81.69794747931876,21.32556357940541,2022,48.716361500000005,0.13894737,0.02402762,-0.16625163
81.54580602126613,21.21891036125095,2022,51.83359574000002,0.13463917,0.029053695,-0.17047751
81.68977263983285,21.132725689063655,2022,48.591603770000006,0.1415261,0.06552871,-0.19092311
81.55041926008857,21.24676901469852,2022,50.96200064000004,0.13776103,0.038922064,-0.16677819
81.6866575917718,21.150244216507648,2022,45.24878021000001,0.12057225,0.059732936,-0.1600935
81.60084865093819,21.27852546742442,2022,47.438022020000005,0.10946955,0.0012026883,-0.12705065
81.64228739182798,21.27478402438701,2022,41.603461880000054,0.21726348,-0.04531624,-0.20601252
81.59225850159072,21.37399406610401,2022,45.55469300000004,0.10116632,0.036994405,-0.14161171
81.57282532580037,21.2603350837669,2022,44.01487499000001,0.094956376,-0.0012325812,-0.12130217
81.5469349830569,21.24255282267882,2022,37.7616074,0.24570699,-0.13270466,-0.2330581
81.53585292361228,21.276614978427588,2022,44.95995751999999,0.20684579,-0.034678616,-0.2132761
81.63505095649121,21.277703446743107,2022,44.53270501999998,0.08323968,0.0017606241,-0.10679017
81.56843645569496,21.170071216189402,2022,48.08402780000006,0.11403965,0.044685017,-0.16182573
81.5771061974977,21.24308022887342,2022,42.28877489000001,0.09217877,-0.06366993,-0.09022107
81.60254358567016,21.271251707556576,2022,43.08346454000002,0.120115995,-0.02478531,-0.14101368
81.59263771293581,21.346302467277773,2022,50.21345426000005,0.07861486,0.009529541,-0.11444695
81.71184960048532,21.193583212560938,2022,46.83986851999998,0.15939997,0.043183986,-0.1831399
81.65026563158605,21.3302395611071,2022,48.34721534000005,0.16101953,0.02189077,-0.1762341
81.64900309447046,21.36204080275643,2022,50.81331677000003,0.06703759,0.01509363,-0.07988463
81.57269817955083,21.201060529699088,2022,45.08642426000006,0.13716093,7.896353E-4,-0.17980593
81.57860053849176,21.238636191780632,2022,45.51367676000001,0.16466525,-0.0025418638,-0.18293525
81.49800342215238,21.23350281448119,2022,47.62601312000004,0.14381646,0.029180396,-0.17652984
81.56180122531883,21.365788618362195,2022,46.877466740000045,0.095123716,0.040678646,-0.13282852
81.56221727639878,21.300183902295448,2022,46.59206207,0.13180359,0.034286335,-0.16523634
81.50340535699786,21.286963565970208,2022,44.828363749999994,0.22062516,-0.08679173,-0.22936174
81.72486702330444,21.245322843546944,2022,48.627492980000056,0.19508782,-0.0019653281,-0.21888381
81.63938043698964,21.292487512987215,2022,44.79247454000006,0.076832674,0.017492125,-0.102462865
81.66877256727851,21.24541403232235,2022,44.23191926000004,0.11573224,-0.011911623,-0.14599653
81.53302088022747,21.277715813146937,2022,46.49806652000001,0.0920631,-0.104502976,-0.14634705
81.61021254503339,21.347421086900862,2022,51.35165491999999,0.11458006,0.048476536,-0.15253502
81.55272753082322,21.314332800898317,2022,41.750436740000055,0.19189693,-0.047918197,-0.19644424
81.61410819827634,21.289276474221154,2022,49.76740265000001,0.04814158,0.014123855,-0.0702837
81.59162638178292,21.23966375221768,2022,43.78757666000001,0.21487221,-0.06341008,-0.2149586
81.52276552646931,21.21149451600381,2022,42.85445720000001,0.13573787,0.03895988,-0.17272265
81.66332420171499,21.203030088590943,2022,44.61986453000003,0.11099741,0.024689695,-0.14854977
81.57792434523898,21.28531530715112,2022,42.99459602000002,0.16847116,-0.017536135,-0.14858374
81.5676226855256,21.18868202006896,2022,45.455570420000015,0.10116232,0.09424858,-0.13973434
81.7285505532883,21.230781320286457,2022,46.69631168000001,0.1726433,0.01832484,-0.20146601
81.59837388587619,21.22978647993922,2022,46.79543425999998,0.09621134,0.035562664,-0.1428259
81.65675572891676,21.201676888971065,2022,43.326143960000024,0.20979257,-0.024426585,-0.21427116
81.63052967103897,21.24487368818629,2022,43.5209711,0.18910466,-0.06584523,-0.19724654
81.50305235082305,21.299613584799726,2022,42.71090035999998,0.18790758,-0.024739213,-0.1960348
81.58223081581001,21.229084688296957,2022,49.43927273000003,0.15851134,0.020630432,-0.18889272
81.62075240319338,21.24936285291427,2022,43.886699239999984,0.07592491,0.018879212,-0.105460264
81.74872587507011,21.266320456261855,2022,52.44542132000004,0.0907202,0.07209596,-0.13779223
81.52852060949678,21.273321967301612,2022,46.682639600000016,0.14580467,-0.008203335,-0.15033181
81.57472511912817,21.16429162099055,2022,49.10772479000002,0.13195172,0.045403354,-0.17168254
81.73335319729989,21.273165332351237,2022,51.61484245999998,0.14295018,0.04527321,-0.18221623
81.70792514995624,21.264656094124692,2022,42.635703920000026,0.21772404,-0.061268546,-0.22056699
81.6444034809998,21.343395291774755,2022,46.915064959999995,0.08045134,0.012104734,-0.106319085
81.6233390714087,21.139095081498567,2022,46.86037664000003,0.14042063,0.01050115,-0.1734075
81.67610915584282,21.314604606708595,2022,46.5630089,0.17233,0.02139442,-0.1815125
81.55121749343999,21.207100830072196,2022,47.438022020000005,0.10317166,0.063358516,-0.16121478
81.67300236838084,21.133795627578536,2022,47.892618680000055,0.2193795,0.015658414,-0.22769584
81.62609589643532,21.304511641915504,2022,46.16651858,0.058598492,0.010725335,-0.09403334
81.56424002927022,21.17302605592006,2022,46.79543425999998,0.16730149,0.0034705938,-0.18628801
81.59165284231277,21.218715115854277,2022,45.55469300000004,0.11410563,-0.004113614,-0.13156733
81.62116733309446,21.378276047397215,2022,41.827342190000024,0.14819348,-0.0055899085,-0.16930628
81.64907831254519,21.332705980164427,2022,49.77594770000002,0.087714106,0.019508453,-0.122470796
81.57115317069793,21.313030450388826,2022,50.36042912000005,0.11031815,0.023842547,-0.14003626
81.66623625765106,21.36262225854911,2022,48.07206473000002,0.13620031,-0.004977113,-0.12307899
81.58860721138589,21.19667197893525,2022,48.18315038000003,0.1734951,0.035436857,-0.2013711
81.69829210023592,21.359821588809723,2022,50.53816616000006,0.10953784,0.04815637,-0.14914207
81.554461327335,21.342825517401106,2022,46.292985320000014,0.09512538,0.056220178,-0.122045465
81.67396903933432,21.18191448738084,2022,46.908228920000056,0.16821042,0.04608767,-0.19891877
81.5206011088137,21.246456254434555,2022,45.36670190000001,0.1484305,0.012499599,-0.15773216
81.6963859598757,21.17750605543438,2022,44.652335719999996,0.17288002,0.007616447,-0.18895534
81.70034745162992,21.169560528108253,2022,45.56665607000002,0.17513576,-0.013829851,-0.20244266
81.73770658318563,21.326048301444658,2022,48.224166620000005,0.12759833,0.060714636,-0.15914252
81.52195502456762,21.19605278251403,2022,42.782678780000026,0.11896096,0.03406641,-0.15959178
81.57757818824982,21.324175217240946,2022,51.80966960000001,0.05154547,0.0717975,-0.07067491
81.68294835485038,21.314323199910987,2022,45.88111391000001,0.21758674,-0.010840902,-0.21481125
81.72703360320821,21.15377380215939,2022,48.12675305000005,0.15233608,0.05884239,-0.19879508
81.62491569895845,21.31485545301903,2022,46.77492614000005,0.09308118,0.02590422,-0.1272523
81.6102556265048,21.371172577647588,2022,47.91483581,0.094137736,0.031373866,-0.12399142
81.49484362404513,21.224554125129025,2022,48.49760822000002,0.12498235,0.04372618,-0.16602628
81.67439462224566,21.156068316601072,2022,41.08734086000004,0.1987056,-0.036270436,-0.20203328
81.59902368101415,21.285138872108128,2022,48.05497463000006,0.10073573,0.01699021,-0.12727134
81.5187595269797,21.332686311682412,2022,51.40634324000001,0.11042818,0.066883326,-0.16160959
81.71317393699759,21.24622707890439,2022,50.88338618,0.13759601,0.05928418,-0.18049136
81.62269464956907,21.265515867992846,2022,43.43552060000002,0.084510624,0.008368201,-0.11817569
81.64662041330718,21.27230531741191,2022,38.532370910000054,0.3748767,-0.1722246,-0.33444235
81.6310481983948,21.183581191379318,2022,48.11478998000001,0.18083148,0.02998361,-0.2101821
81.61532616093437,21.29938430631156,2022,49.89728740999999,0.060411207,0.02093063,-0.084826015
81.69254912803783,21.224549711153085,2022,41.99311616,0.20607205,-0.05758835,-0.20764276
81.58859701547567,21.341735738565287,2022,51.001307870000005,0.09719706,0.02998085,-0.13415435
81.74878869667515,21.250355275214158,2022,49.018856270000015,0.12490111,0.009800425,-0.13798825
81.64187400306523,21.18526758877053,2022,44.62328255,0.14486049,0.053090997,-0.1780501
81.56804134485691,21.330089958057087,2022,41.26507790000005,0.1774997,-0.034593675,-0.20242995
81.5587607850772,21.223125827257796,2022,50.297195750000014,0.13365674,0.029398546,-0.16362894
81.69021654353459,21.143255883891094,2022,44.51732393000003,0.15547268,-0.0010979358,-0.18419978
81.70736620175325,21.300752867811095,2022,49.417055600000026,0.11609953,0.06256572,-0.15724948
81.6325132624881,21.17030032400489,2022,48.591603770000006,0.17493236,0.02854916,-0.20503455
81.60666824588452,21.240612336772916,2022,42.28022984000006,0.16931577,-0.03448507,-0.16057545
81.68607917871208,21.32143384310733,2022,47.72513570000001,0.15382318,0.02600145,-0.1735399
81.5574165068775,21.337489150536285,2022,40.76262896000003,0.18170966,-0.04649461,-0.18707226
81.55962584084023,21.163410781877015,2022,49.88361533,0.11318155,0.06422879,-0.16926257
81.77145792719335,21.226083133157,2022,52.13438150000002,0.123204835,0.0433663,-0.16465978
81.5010443674584,21.22226826739421,2022,48.84795527000006,0.09506096,0.058702935,-0.13575278
81.62984541538322,21.188290542589023,2022,45.06249811999999,0.20876904,-0.005002898,-0.22226757
81.67605159436344,21.17288789058122,2022,49.55206739000005,0.11484256,0.08837958,-0.16723163
81.58965751049827,21.288172277847558,2022,45.814462520000006,0.14980985,0.004452785,-0.15712869
81.56093887269567,21.198991362244378,2022,46.850122580000004,0.13344729,0.039281346,-0.14585254
81.62876991193939,21.25422868953479,2022,44.61131948000002,0.12268378,0.011021357,-0.14317198
81.58037546524072,21.337465034674512,2022,48.993221120000044,0.10327368,-0.004071327,-0.13249324
81.72667188432189,21.197779969892252,2022,49.60333768999999,0.12806752,0.0050778924,-0.16621964
81.57628343625379,21.30418281637567,2022,49.188048260000016,0.070652395,0.013988095,-0.0990214
81.70075062361494,21.156634632949405,2022,47.59012390999999,0.16042954,0.041684233,-0.19527416
81.64824088994881,21.337244605845644,2022,45.96485540000003,0.16072032,0.0017450738,-0.17276727
81.54313970733239,21.200406759004046,2022,43.90378934,0.075854085,-0.014073526,-0.093768395
81.74011020420974,21.17129795528368,2022,49.56744848000005,0.13091873,0.05314853,-0.17440921
81.58572862231897,21.29074754702898,2022,43.96189568,0.1771252,-0.0599492,-0.1852313
81.49909601606255,21.306783509201296,2022,47.76273392000002,0.09444809,0.059839256,-0.12451439
81.63465590231588,21.13222428393116,2022,44.75658533000001,0.22053617,-0.050439678,-0.23566161
81.66122130537858,21.28226297098098,2022,44.87792504000004,0.15333131,0.013746477,-0.16238028
81.6596457497866,21.280837412855483,2022,48.28227296,0.12883529,0.042687465,-0.162416
81.69769485122187,21.29032732346214,2022,43.56198734000003,0.10742753,-1.5479158E-5,-0.13787515
81.70324993720587,21.322951198524308,2022,47.740516790000015,0.19048609,-0.007820621,-0.2033073
81.64151902796647,21.21569271153129,2022,45.19750991000001,0.08008302,0.021112373,-0.113184586
81.61219883712351,21.321544882561312,2022,41.38812661999998,0.12823737,-0.059337374,-0.13686077
81.70167745488621,21.174495866997425,2022,44.437000460000036,0.1842188,-0.005926277,-0.20751227
81.49245145575897,21.257630003983646,2022,46.70314772000006,0.14299758,0.01853836,-0.16390097
81.70809939657317,21.307450562963798,2022,48.61382090000001,0.1884772,-0.007859083,-0.2020779
81.71449745396211,21.244957177219703,2022,49.23590053999999,0.11031591,0.05532491,-0.14486974
81.64630284669705,21.36587820346935,2022,49.83747205999998,0.032208964,0.006427525,-0.038044687
81.53553266101105,21.282149857899913,2022,49.48541599999999,0.14402655,0.029011361,-0.1707041
81.60861022654043,21.37457154699303,2022,47.35086251000001,0.10298459,0.02982074,-0.13189477
81.73846224737206,21.272167235870253,2022,48.93853280000002,0.15594363,0.04204161,-0.1878609
81.54025822874142,21.31315633710662,2022,45.08984228000003,0.12460211,0.04216887,-0.1552614
81.70226561279293,21.211819402183345,2022,47.37991568000001,0.15843295,0.029043,-0.18550469
81.5168877488084,21.23993814462725,2022,51.40634324000001,0.13725206,0.02853786,-0.16802974
81.5500488483814,21.186348379194445,2022,51.618260480000004,0.0940101,0.084833786,-0.1604313
81.51519671321216,21.249537524431613,2022,47.44998509000004,0.11445414,-0.0026345244,-0.14401352
81.6607531273613,21.22182390637818,2022,41.24115175999998,0.19066069,-0.065902576,-0.2050329
81.65689156005497,21.31213014587409,2022,44.55834017000001,0.14994706,0.016161071,-0.16214289
81.59293544668523,21.138101225465164,2022,39.157868570000005,0.2115681,-0.039168257,-0.2319393
81.66637125855291,21.323260609381187,2022,46.773217130000035,0.123960115,0.022361608,-0.1512214
81.66501715948456,21.192720823790594,2022,47.16458041999999,0.15819621,0.031213677,-0.19421971
81.61519603287424,21.218879950353124,2022,46.05372392000004,0.11795363,0.0058198725,-0.15150128
81.71007599518423,21.34527245550221,2022,47.248321910000016,0.11833493,0.05899098,-0.14518103
81.70311167687686,21.253073215552988,2022,51.662694740000006,0.10999863,0.050340295,-0.15692791
81.71293533772386,21.200576577381305,2022,47.67728341999998,0.12796485,0.09412072,-0.17658238
81.61510873290517,21.274899919419116,2022,43.538061200000016,0.15175268,0.0022845538,-0.17816329
81.62295916195768,21.322737948132584,2022,46.327165519999994,0.11200189,0.017568225,-0.14442872
81.60092425330087,21.27086995616433,2022,44.22508321999999,0.19984557,-0.07384737,-0.21016912
81.58550476158771,21.35005295911007,2022,49.70929631000001,0.10923491,0.05664488,-0.14912067
81.69812979662278,21.17322498124052,2022,46.453632260000006,0.15539964,-0.00803055,-0.19138487
81.61138974832471,21.146959661560945,2022,41.400089690000016,0.29008713,-0.12768409,-0.29347667
81.62915270861804,21.28521808406677,2022,46.12208432,0.1637797,0.003313822,-0.16323285
81.57310913895941,21.262731750730566,2022,43.22018534000006,0.07970961,0.0023155243,-0.1089285
81.52725615419982,21.30395008735992,2022,46.93557308000004,0.11913996,0.0564013,-0.14801653
81.62158459495689,21.16625103764205,2022,42.49898312000005,0.13298944,0.060559977,-0.1736785
81.54406826936425,21.212610169847864,2022,48.35063336000002,0.14657748,0.026629176,-0.1816478
81.61025797032502,21.30193578442876,2022,46.20753481999998,0.063454814,-8.3347224E-4,-0.07434911
81.64357964757535,21.27176804609499,2022,38.71523497999999,0.3366634,-0.14260985,-0.30842295
81.68779292083208,21.232721831926504,2022,43.175751080000055,0.13125238,0.021959089,-0.1624409
81.54262460758919,21.215344827787828,2022,44.56346719999999,0.042409122,-0.010144615,-0.049186207
81.59732440516899,21.24814608283038,2022,43.585913480000045,0.16196755,-0.035733674,-0.18117921
81.75053614276199,21.238653286066832,2022,48.09086384,0.09805916,0.05626661,-0.11673425
81.52999884694731,21.26159244301137,2022,40.772883019999995,0.21508731,-0.03654993,-0.22461516
81.49847793328131,21.30479723961638,2022,46.62282425000001,0.098711774,0.04283604,-0.12792605
81.6404472513622,21.165043826050358,2022,47.02615061000006,0.12212505,0.034887176,-0.1563308
81.67566065042445,21.125638304645285,2022,47.899454719999994,0.12768652,0.07094335,-0.18232502
81.61523091774517,21.224997334825613,2022,42.87838334000003,0.086340345,0.018206209,-0.12289033
81.69323203047928,21.173534574063414,2022,47.88920066000003,0.15081163,0.050262216,-0.198192
81.67087842092467,21.26988147999775,2022,47.44144004000003,0.14837353,0.024878796,-0.17774867
81.59130143392932,21.344539275362294,2022,50.970545689999994,0.10688578,-1.7528791E-5,-0.13228144
81.66394934158251,21.28291895301104,2022,42.33150014,0.18470858,-0.0015732744,-0.18057172
81.64245204617289,21.316959982243205,2022,49.65973502000003,0.07266549,0.059174147,-0.086138286
81.5286396458595,21.291008992631106,2022,43.13815285999999,0.2192623,-0.06729758,-0.2278954
81.53323596015683,21.174501003660584,2022,43.59958556000004,0.17890511,-0.006321262,-0.19482341
81.6711089169693,21.358886582081787,2022,36.295276820000026,0.003309958,-0.029058058,0.0110595
81.71970657570489,21.287453377762862,2022,49.83747205999998,0.16313073,0.015022306,-0.19755
81.4960232147622,21.289375066963242,2022,48.85308229999998,0.12971647,0.043549962,-0.16048467
81.6424424848023,21.172179977628282,2022,45.34106674999998,0.14231567,0.04257264,-0.1686207
81.56019820210773,21.347303571579204,2022,49.239318560000015,0.11486947,0.04952986,-0.14776511
81.54886850299512,21.356698445760102,2022,46.27931324000002,0.12746806,0.04547689,-0.16257486
81.58625758721377,21.35636616077844,2022,48.181441370000016,0.10484619,0.050329216,-0.14406273
81.67363298246698,21.24784267009111,2022,42.96383384000001,0.25970212,-0.12012684,-0.25772333
81.56335091626606,21.224580278546952,2022,51.08846738,0.12075245,0.045502454,-0.15831019
81.71103977774071,21.244703101179823,2022,49.758857600000056,0.08541667,0.019787207,-0.13299088
81.56895138046603,21.31245342963784,2022,51.75669029000005,0.09819964,0.04174033,-0.12891516
81.59282747997278,21.192463043701387,2022,43.546606250000025,0.19600949,0.0050383476,-0.22357234
81.55935087779699,21.302197191859545,2022,48.682181300000025,0.105904125,0.06419633,-0.14438933
81.67830003682903,21.304097764629617,2022,44.440418480000005,0.17422362,0.014205042,-0.18294266
81.71290909259072,21.305014860740926,2022,49.16754014000003,0.12391523,0.03500104,-0.15054809
81.50959061445758,21.314017763171197,2022,50.305740800000024,0.10438264,0.06599752,-0.15061453
81.62248332356911,21.205836316314166,2022,48.03617552000003,0.16980597,0.03591958,-0.18118118
81.58027060918606,21.257704671542218,2022,45.51538577000002,0.073893435,0.01716384,-0.10459063
81.6219667404515,21.36917936590315,2022,47.77640600000001,0.11292925,0.015795374,-0.14680389
81.61121195301635,21.209182087055463,2022,45.21972704000001,0.16476691,0.030148096,-0.18760794
81.66919673827648,21.202459349473433,2022,46.04176085000006,0.11172538,0.037583873,-0.14924453
81.5942374719268,21.23876929104948,2022,42.06489457999999,0.12431581,-0.019429758,-0.13985202
81.70623161509965,21.28563464899978,2022,49.03423736000002,0.10124897,0.047139745,-0.13540746
81.60930776364485,21.32281213812713,2022,51.233733229999984,0.08725878,0.008294702,-0.11959094
81.61459029105275,21.171887270076454,2022,43.34665208000001,0.19363366,-0.008755774,-0.2093823
81.77187466294454,21.259157016237324,2022,48.10453591999999,0.099358976,0.0732351,-0.14537548
81.59723169701408,21.35952073489358,2022,39.81583741999998,0.14524664,-0.07306928,-0.139578
81.68359676331985,21.13836778481954,2022,44.207993120000026,0.24031845,-0.10155646,-0.24029684
81.5593969196688,21.322640528278384,2022,42.17939825000002,0.17902185,-0.050192673,-0.2017339
81.55017010088172,21.24233944383454,2022,45.27954239000002,0.20188399,-0.010815913,-0.20538795
81.59328590903596,21.209068823078145,2022,43.948223600000006,0.2997735,-0.14997874,-0.2832605
81.70279389930171,21.33519565039011,2022,47.68070144000001,0.1601288,0.004240083,-0.18843947
81.68047263344558,21.157429574878996,2022,42.16230815000006,0.19764428,0.009247914,-0.23004763
81.57794566821808,21.309058347551808,2022,49.52301422000005,0.11962684,0.00900452,-0.13927987
81.75159894458703,21.301517339739846,2022,49.26324470000003,0.12560557,0.05080894,-0.17905633
81.6011001544767,21.25725790313294,2022,44.33104184000001,0.087493785,-0.0016680295,-0.116392665
81.58195423301879,21.363150061260196,2022,50.92269341000002,0.1074395,0.05702582,-0.14733718
81.70670943926623,21.179937457714473,2022,43.421848520000026,0.20689452,-0.009728876,-0.19031262
81.69966813752926,21.32684249270414,2022,44.595938390000015,0.047366213,-0.022739677,-0.041062914
81.57499706831645,21.175776756342362,2022,48.80010299000003,0.113779984,0.0574227,-0.16639246
81.57309264342102,21.285576869207308,2022,46.39552592000001,0.117374934,0.0064945878,-0.14328422
81.61245596358363,21.251676740015,2022,45.33764873000001,0.1016071,-0.0022798567,-0.123904355
81.72298390847536,21.190843937874142,2022,44.601065420000054,0.18238993,-0.024269441,-0.20215085
81.57382082020884,21.2407921251684,2022,41.897411600000055,0.22591566,-0.04693363,-0.2197438
81.68087642706489,21.234400540217283,2022,43.36716020000006,0.21830484,-0.04640137,-0.23048702
81.55394219202688,21.218827842668905,2022,52.353134780000005,0.13779137,0.036120642,-0.16740794
81.75505643218021,21.241424077373548,2022,52.19248784000001,0.14116095,0.052458618,-0.18169399
81.54884055040215,21.349831480583674,2022,47.802041150000036,0.124631226,0.045645636,-0.1570046
81.63725607528197,21.19184987308978,2022,42.89205542000002,0.12270345,0.027836945,-0.16559231
81.67647321225242,21.24907972532292,2022,45.43506230000003,0.052779987,0.019692328,-0.08834741
81.6153533283688,21.125516481985755,2022,47.53714460000003,0.12392421,0.048166562,-0.16825297
81.70430522870717,21.17890562180187,2022,41.94184586000006,0.2289009,-0.020984307,-0.20471555
81.70876776644359,21.15001872624646,2022,47.35428052999998,0.12051937,0.066217735,-0.16578943
81.55433164723495,21.146531277040108,2022,38.099991380000006,0.049336128,-0.0054908264,-0.052277505
81.51504677076537,21.209602305704433,2022,42.099074780000024,0.16150798,-0.04866473,-0.16585289
81.60219664519066,21.25703594536172,2022,45.51025874000004,0.099473596,0.020572396,-0.15050286
81.76579539413166,21.211218214929342,2022,50.059643359999995,0.14578992,0.038952228,-0.19601285
81.66164719529928,21.361950461197956,2022,47.896036700000025,0.15270957,-0.0224789,-0.13220792
81.5720046040436,21.16845146810468,2022,50.10578663000001,0.12501249,0.062200557,-0.16710737
81.64573893178738,21.289275971350513,2022,46.42970611999999,0.16693957,0.003052076,-0.18883877
81.58404756187821,21.332223886223137,2022,43.597876550000024,0.22164512,-0.072500974,-0.21631043
81.53554911325105,21.183986686872313,2022,40.34221250000002,0.12094285,-0.010693573,-0.14678027
81.59195871449865,21.200062098909676,2022,45.80762648000001,0.17658716,0.010859194,-0.20307262
81.62391602317447,21.19836444662775,2022,49.29571589,0.13920332,0.050057247,-0.1856763
81.697919830245,21.14406251641463,2022,46.32545650999998,0.10520883,0.07024127,-0.14167666
81.67398586929079,21.251642312730493,2022,43.39279535000003,0.095380425,0.002344187,-0.13331959
81.67114232045479,21.318650885551083,2022,45.94263827000003,0.18904331,0.003119091,-0.18755534
81.51616649200363,21.240529698612264,2022,50.41169941999999,0.09857997,0.04743698,-0.1327836
81.59520696825705,21.12839924208826,2022,40.967710160000024,0.19066535,-0.068151444,-0.20958386
81.7066329052125,21.242975972783057,2022,50.141675840000005,0.14470842,0.030615116,-0.19692864
81.72850950533604,21.20927282821643,2022,50.792808649999984,0.11787756,0.055120025,-0.16123009
81.62933641851619,21.34811683423906,2022,45.98536352000002,0.09701523,0.029882526,-0.098291844
81.56341555052235,21.26011537427328,2022,47.420931920000044,0.10207976,0.028034868,-0.14653222
81.71989747090927,21.29173280489414,2022,49.59821066000001,0.13136473,0.04614501,-0.17798504
81.64294986476682,21.36258245264052,2022,50.28181466000001,0.049744952,0.0200122,-0.07487104
81.71779335358517,21.230023502284066,2022,47.99857730000002,0.13343629,0.0345123,-0.17343448
81.51963817082374,21.185517374861448,2022,47.08596596000001,0.12853874,0.043181818,-0.17766255
81.64871116887637,21.153122761003225,2022,46.40407097000002,0.20108362,-0.006100436,-0.21432763
81.59506863698779,21.302644599595585,2022,47.76273392000002,0.07345821,0.015450629,-0.10982377
81.63211589890106,21.37161200597097,2022,49.528141249999976,0.10697828,0.006177764,-0.12251954
81.49059584505173,21.257204474984334,2022,43.77732260000005,0.15655795,-0.007787799,-0.17222825
81.57505195126026,21.365898644207167,2022,50.5450022,0.12579279,0.03347991,-0.15544759
81.61869928162473,21.284155553692095,2022,47.62259510000001,0.07232344,0.014803749,-0.09730364
81.6966085013231,21.165409059370162,2022,46.68947564000001,0.1580982,0.013518979,-0.19031021
81.55056677854803,21.228583598556856,2022,47.93192591000002,0.136074,0.018122988,-0.16746819
81.66404534734812,21.13223133823182,2022,48.79155794000002,0.16558646,0.03617582,-0.19798009
81.61959487453571,21.19368457525874,2022,46.05030590000001,0.19002791,0.011577341,-0.2073381
81.60750433352106,21.2486300658492,2022,46.74758198000001,0.13784334,0.014909411,-0.17577714
81.6279215997405,21.367495343022682,2022,49.075253599999996,0.09087844,0.036223132,-0.12714817
81.64009298950758,21.24958893961978,2022,44.76171236000005,0.12493598,0.026525741,-0.13585551
81.62657841541281,21.314895208232368,2022,45.53418488,0.088115305,0.009509927,-0.12146815
81.63980732865627,21.141213592079744,2022,43.37057822000003,0.22439024,-0.06464536,-0.22682838
81.67697075473065,21.30286426973651,2022,41.43597890000001,0.2193512,-0.024985198,-0.19896314
81.65572470739413,21.245603773504108,2022,42.53658134,0.1950453,-0.032125726,-0.20584007
81.52129087304482,21.335338376422538,2022,52.958124320000024,0.08986453,0.07277335,-0.14317599
81.52255858397417,21.271863200865678,2022,47.54739866,0.117583685,0.04698242,-0.15429185
81.65842138062871,21.306008687138316,2022,44.794183550000014,0.18116543,-0.015932748,-0.2016656
81.67536786921508,21.34282765020328,2022,47.91654482000001,0.12023668,0.017595148,-0.13597566
81.56837450704707,21.341222601435604,2022,46.27076819000001,0.13131107,0.030834183,-0.17317826
81.51980163600318,21.241704904298082,2022,48.198531470000034,0.12511978,0.04861196,-0.15762062
81.64375986833392,21.167697745759575,2022,47.12698220000004,0.20206764,-0.0032759074,-0.21900599
81.64078201921791,21.193093138781652,2022,46.75270900999999,0.1278215,0.025777178,-0.16949125
81.70936034856359,21.346432656525863,2022,47.74735283000001,0.12476299,0.044822436,-0.15923183
81.69211812523119,21.323881669421073,2022,47.251739929999985,0.11911632,0.008354641,-0.15696669
81.74129333813416,21.26954989305463,2022,51.39608917999999,0.10513898,0.07569451,-0.14132339
81.72855533861893,21.210045907664156,2022,50.77230053000005,0.14858586,0.037428163,-0.18586138
81.70734806688108,21.177391962396957,2022,44.86254395000003,0.22591944,-0.031929888,-0.23234668
81.68435243581048,21.267843113028675,2022,45.84180667999999,0.17205888,0.0067871283,-0.19348262
81.75612454790965,21.25413574367366,2022,48.743705660000046,0.13806011,0.029929204,-0.17847255
81.56640597905246,21.34154128747886,2022,46.97146228999998,0.11602748,0.031649433,-0.15423776
81.52387025411399,21.255290769532575,2022,44.375476100000014,0.12704103,0.0077771405,-0.16226105
81.65764362033102,21.189002690212465,2022,45.6230534,0.14910872,0.014925815,-0.18205056
81.74247747850097,21.21413404427573,2022,48.23100266000006,0.12700899,0.072131425,-0.1641518
81.73503826806896,21.22895137519673,2022,46.71340178000003,0.15154502,0.030591805,-0.18759641
81.62817924338908,21.27849171935779,2022,43.67649101000001,0.12981898,-0.020045342,-0.14792313
81.68543386886704,21.17652570160903,2022,49.533268280000016,0.11128653,0.054312095,-0.15879437
81.5202426702036,21.18414626606639,2022,48.046429579999995,0.11139868,0.052554164,-0.15469077
81.58118210954635,21.29762727155797,2022,48.008831360000045,0.11980404,0.0157881,-0.15208675
81.76812108483789,21.246751077651833,2022,54.73207669999999,0.033897467,0.02289578,-0.032878198
81.6019161021955,21.283226647636166,2022,48.20024048000005,0.13672559,-0.0042241807,-0.1608959
81.60780577316929,21.169890683995643,2022,42.833949080000025,0.19286458,-0.036805846,-0.2222731
81.52309355750276,21.336201573014826,2022,51.03377906000003,0.10536738,0.07640058,-0.1619618
81.73424043273812,21.210073732472203,2022,44.66258978000002,0.12908904,0.006101301,-0.15596606
81.6676034730854,21.2117299796759,2022,46.50148453999998,0.12259784,0.07637472,-0.16357078
81.57749907542475,21.27375669250821,2022,44.70702404000002,0.16490792,-0.02209599,-0.18554917
81.54135402060663,21.198902922673234,2022,50.71932121999998,0.063545406,0.12567899,-0.12384296
81.58038243483989,21.30424374103073,2022,50.681723000000034,0.08886058,0.022201566,-0.11732985
81.66777506143838,21.12930875083804,2022,46.08448610000005,0.17504866,0.007859192,-0.20210725
81.75767297491953,21.245271679944427,2022,49.30767896000003,0.11186405,0.05277567,-0.15928252
81.66416529867301,21.335541260627547,2022,50.25788852000005,0.10389561,0.02623302,-0.14067338
81.73123452679297,21.25781807306374,2022,46.59377108000001,0.16878313,0.045505382,-0.18565294
81.52642123785766,21.31617211118712,2022,49.43585471000006,0.14661239,0.036384195,-0.18175353
81.64347069671894,21.232578015339744,2022,42.55025341999999,0.19241332,-0.047138263,-0.19842497
81.580444868081,21.131912278356083,2022,41.14202918000001,0.22172739,-0.023382137,-0.22871065
81.58451743406204,21.232755795584463,2022,45.22998110000003,0.08732502,-0.029858336,-0.10121961
81.69444649099712,21.30113701648544,2022,47.84134838,0.17822707,0.027859576,-0.18990017
81.59594074876968,21.304837866152724,2022,48.84624626000004,0.0903976,0.019759914,-0.12365197
81.57331865623044,21.182807878953504,2022,47.38333369999998,0.13332748,0.044291805,-0.16140175
81.73639628494037,21.323671335777497,2022,49.33502312000002,0.18246017,-0.004604437,-0.21391961
81.7029233442286,21.23708806114626,2022,46.932155060000014,0.21933192,-0.038726043,-0.22725795
81.63637240698486,21.271395088723796,2022,42.97750592,0.22179767,-0.075390995,-0.2275353
81.5695032593629,21.32090750698748,2022,46.87404872000002,0.15633051,-0.049261417,-0.18206106
81.73870394395715,21.29104934283569,2022,51.12093857000002,0.086337894,0.095038764,-0.14593807
81.59239603305332,21.21240528798721,2022,39.14419649000001,0.04947454,-0.043590292,-0.043142304
81.60508026110763,21.182313161418836,2022,42.83736710000005,0.16742842,-0.08296588,-0.18335125
81.77200554706754,21.261707893824244,2022,43.36374218000003,0.13757518,0.009918904,-0.16362256
81.76292470276225,21.2037063400691,2022,51.97715258000005,0.13223127,0.06339264,-0.18256038
81.60842447315157,21.357310238814616,2022,48.57451366999999,0.15932283,-0.025021482,-0.16946062
81.55196757046976,21.266356637477013,2022,45.57520112000003,0.19453347,-0.026429905,-0.2012595
81.5605209492327,21.237030379128313,2022,46.53395573,0.17481753,-0.002090257,-0.19953918
81.61554283320925,21.29557607711248,2022,49.87336127000003,0.049619686,0.0026359423,-0.062310375
81.55803802422335,21.289239590885508,2022,45.458988439999985,0.1184573,0.035334848,-0.13821138
81.76116875315043,21.226648800234408,2022,51.91904624000006,0.14636107,0.034147777,-0.1803432
81.51933597481529,21.287553572194934,2022,48.17289632000001,0.11071324,0.0685175,-0.1523342
81.69900809997083,21.253800303759704,2022,50.26814258000002,0.09994095,0.04312351,-0.14079839
81.64656186199605,21.216771023257756,2022,44.59081136000003,0.10440321,8.4557326E-4,-0.13287409
81.61441107230053,21.33561438811477,2022,47.07229388000002,0.09589041,0.009445643,-0.120806985
81.5740832299396,21.33351031061618,2022,43.042448300000046,0.22787207,-0.069208324,-0.22626409
81.59581758462558,21.33452685738583,2022,46.05030590000001,0.10874035,0.018409122,-0.13787475
81.58217045094015,21.166537803741054,2022,50.09211455000002,0.13495147,0.05794147,-0.17673527
81.63910655838346,21.37743026735268,2022,49.666571060000024,0.051378563,0.04180781,-0.06015751
81.70928638117672,21.160720980158928,2022,44.42503739000006,0.15236427,0.04879258,-0.19468798
81.71646740236417,21.282159879430342,2022,47.2978832,0.15306944,0.013891496,-0.18510999
81.64001736947041,21.360053690871073,2022,51.26791343000002,0.08069015,0.017568644,-0.10922067
81.69182040599534,21.350309323830515,2022,45.305177540000045,0.18844275,-0.03554239,-0.18985835
81.65337266880313,21.16357087209385,2022,47.381624690000024,0.09955538,0.03672573,-0.14973347
81.73002198408443,21.26211200369115,2022,45.653815580000014,0.122237764,0.024482166,-0.15563397
81.74841233547808,21.3176470337769,2022,49.69391522000001,0.15146784,0.04675208,-0.19208741
81.6790324309797,21.312600934664385,2022,46.026379760000054,0.17302763,0.01796564,-0.18002205
81.71229512277448,21.317943621866014,2022,48.54716951,0.19393335,0.029196562,-0.20976594
81.69816740069936,21.213110062547567,2022,41.79145298000003,0.22268434,-0.034087013,-0.23073103
81.53620342821746,21.22279617589515,2022,47.403841820000025,0.14669485,0.030976756,-0.18499812
81.50705540933399,21.265200404517227,2022,42.26655776000001,0.19230625,-0.0386936,-0.20267294
81.58989060551406,21.167967708743348,2022,48.694144370000004,0.13841914,0.028852573,-0.17841607
81.5902405625081,21.287174773910703,2022,45.06933416000004,0.1194204,0.0015441942,-0.14367563
81.58387864903868,21.359266631673805,2022,47.49612836000006,0.122626565,0.04859217,-0.16143127
81.56779783376528,21.283485215579994,2022,46.513447610000014,0.12516353,0.036315702,-0.15311514
81.74442240685057,21.251264220792436,2022,51.42685136,0.10713747,0.07128052,-0.13970603
81.71436019609538,21.320180691423847,2022,47.036404670000024,0.12846439,0.038698684,-0.16494575
81.64235832947013,21.29809633503073,2022,48.569386640000005,0.11733884,-0.0050017154,-0.12154919
81.62958761037241,21.304601865405726,2022,44.95312148000005,0.06551486,0.015363441,-0.09953699
81.7058886731687,21.309925922114683,2022,47.59183292,0.14881742,0.060492504,-0.17883089
81.73141450119877,21.30548750673243,2022,50.96200064000004,0.11693697,0.07319645,-0.17335862
81.67830913766393,21.17583870449646,2022,48.50786228000004,0.13478185,0.042336415,-0.17612234
81.73440047712711,21.194885572385765,2022,48.871881410000015,0.14185436,0.02156355,-0.1732907
81.56921872442904,21.154212147023404,2022,47.55594371000001,0.101003975,0.053823214,-0.15699846
81.67325757571822,21.230085374484954,2022,45.127440500000034,0.09261545,0.007960845,-0.13061595
81.64118610165801,21.351034005656633,2022,50.79451766,0.08895688,0.055057663,-0.122038394
81.62994235248793,21.236856121327552,2022,44.2558454,0.11082683,-0.0025217999,-0.15193409
81.53005883219095,21.310941526430412,2022,49.99299197000005,0.14656785,0.027704753,-0.17400451
81.72550752302693,21.2030712099131,2022,48.58134971000004,0.15662444,0.038967337,-0.20105527
81.68506351013032,21.142828960264694,2022,46.14430145000006,0.14209814,0.06554345,-0.18839385
81.50416240062009,21.314805251688092,2022,49.67682511999999,0.09911543,0.06432899,-0.15206109
81.66245564133412,21.30384995152427,2022,45.80420846000004,0.16162272,0.019046698,-0.18597311
81.55188144154233,21.170487228705348,2022,48.933405770000036,0.1249897,0.05602721,-0.17506325
81.52220312736594,21.16410783201927,2022,46.699729700000034,0.11637338,0.033903617,-0.14899008
81.53412218357718,21.2009557791806,2022,50.70564913999999,0.114958405,0.052197564,-0.15547334
81.52647320110923,21.23892354004687,2022,51.37899908000003,0.14560455,0.041000254,-0.17498064
81.68230076309062,21.1600925634598,2022,42.94332572000002,0.1582871,0.034853,-0.19432367
81.66410413821464,21.12606257575398,2022,48.383104549999985,0.1285337,0.064140365,-0.16433904
81.63121349100781,21.36268307203331,2022,49.360658270000044,0.09073583,0.015390369,-0.11023954
81.56458832199478,21.351596770881322,2022,46.81936040000005,0.099171974,0.028629236,-0.1303563
81.60314796920528,21.2105239899902,2022,45.482914580000056,0.15323228,-0.02262052,-0.17339195
81.65593926269014,21.199250461545475,2022,43.852519040000004,0.15033525,0.027031695,-0.1748879
81.73518326596722,21.202779750753074,2022,46.78688921000003,0.07271854,0.020624451,-0.08692433
81.75382323114555,21.2254115447607,2022,49.08892567999999,0.16251777,0.037624836,-0.18988286
81.74310968541637,21.280561791036035,2022,50.25617951000004,0.11348979,0.08004559,-0.16459218
81.58363852982298,21.34608029711397,2022,47.525181530000054,0.11054146,0.041019153,-0.15528627
81.63548452254506,21.238180873544856,2022,43.702126160000034,0.07511737,-0.0016236455,-0.115465514
81.56077588888871,21.217086611755605,2022,49.35894926000003,0.13836534,0.03003364,-0.17020495
81.57785802725256,21.175775730077135,2022,45.831552620000025,0.20578997,-0.06357053,-0.216516
81.61956350934882,21.13965529416003,2022,44.89672415000001,0.14971857,0.014066379,-0.17880698
81.62906408782517,21.36594096978617,2022,46.39552592000001,0.112973005,0.011853448,-0.13869695
81.64384277035168,21.33970000681362,2022,50.449297640000054,0.0936431,0.029425502,-0.124980666
81.71755736589049,21.200452004860534,2022,49.12652390000005,0.1118826,0.089399375,-0.13925381
81.58357164860304,21.195751632911076,2022,47.16458041999999,0.16299842,0.035445504,-0.18727069
81.55997284536134,21.364305510333008,2022,47.10305606000003,0.10031865,0.051704545,-0.14150012
81.65890914918141,21.187046571580492,2022,46.20069878000004,0.106103316,0.044254053,-0.15695821
81.67142778112878,21.20912361026105,2022,45.23339912000006,0.12516655,0.073567376,-0.15188959
81.71656895597408,21.178147214635825,2022,50.529621109999994,0.14032638,0.06894361,-0.18748043
81.69907332098771,21.144460699504638,2022,45.20263694000005,0.13039221,0.056562297,-0.17767498
81.58969949338793,21.380969282077128,2022,45.770028260000004,0.15174097,-0.034421366,-0.17119606
81.62966110471444,21.185903625202183,2022,47.19705161000002,0.192075,-0.006293494,-0.21379334
81.71063013367487,21.263918484257164,2022,44.45067254000003,0.13895579,0.03728876,-0.17261438
81.56862650026721,21.36200988057195,2022,47.42776795999998,0.11446585,0.050803974,-0.15933685
81.70980624213269,21.277391928319812,2022,44.669425820000015,0.18021736,-0.029810963,-0.20006427
81.65352936397723,21.136975777238188,2022,47.95414304000002,0.16317108,0.02450625,-0.1944178
81.65597091980504,21.306796782313608,2022,45.35986586000001,0.10872149,0.012185898,-0.13734445
81.67158193837611,21.16158391875114,2022,47.34402647000002,0.12800613,0.061884273,-0.17637871
81.62510402042979,21.282945172518584,2022,45.87256886,0.13390183,0.013291119,-0.14813109
81.7712002448872,21.25739532524796,2022,42.38618846000003,0.12385749,0.03942199,-0.1609875
81.64443212117075,21.227404774791573,2022,42.14863607000001,0.273799,-0.13591057,-0.2634328
81.65617589743711,21.12344216443976,2022,47.308137260000024,0.17095533,0.018809607,-0.19782233
81.61329618213466,21.330728706444738,2022,50.028881179999985,0.10463052,0.015104653,-0.13376112
81.75587303654994,21.260566737744615,2022,50.11774969999999,0.13250634,0.009218437,-0.1733606
81.70662866082955,21.328222008949517,2022,47.15603537000004,0.15168941,0.04041392,-0.18484938
81.69613547500035,21.28529826103711,2022,42.15889013000003,0.26323748,-0.08727758,-0.24363744
81.67810914279005,21.261933794114807,2022,45.19750991000001,0.12325323,0.036009695,-0.15665454
81.50620294026199,21.237337705113422,2022,44.81981870000004,0.07783961,0.02497741,-0.12028179
81.61025541902005,21.316646044574302,2022,48.20365850000002,0.06326422,0.02490249,-0.09482904
81.55565319428783,21.304307823026242,2022,43.89353528000004,0.18721195,-0.028585916,-0.1981247
81.53984000032393,21.237260274752533,2022,48.06351968000001,0.15620318,0.04451461,-0.17728278
81.5463507018651,21.28905753466624,2022,47.550816680000025,0.13987197,0.011516988,-0.17194946
81.62557607409397,21.244696414726643,2022,45.819589550000046,0.08973579,0.013041663,-0.11033045
81.55068452996301,21.16566311470147,2022,50.76717350000001,0.11763337,0.07887023,-0.16806781
81.48818806452229,21.244212633793317,2022,48.24467474000005,0.092519835,0.054501817,-0.124752164
81.74944486301833,21.29408664911404,2022,46.815942380000024,0.1717684,0.011373956,-0.19303133
81.7111491681268,21.321640633187997,2022,49.30596995000002,0.13432783,0.05686355,-0.16717225
81.64149729691925,21.266756545034912,2022,44.033674099999985,0.13375886,-0.008437288,-0.15851073
81.68810773710594,21.1431644066974,2022,47.95072502000005,0.123343274,0.076194264,-0.17981341
81.55621367428856,21.334220311933052,2022,38.85024677000001,0.27629358,-0.1178106,-0.2636111
81.62080751435914,21.32920201841312,2022,47.718299660000014,0.10333238,0.016801812,-0.13272177
81.67077574011408,21.17601790262019,2022,46.012707680000005,0.14857845,0.034558754,-0.17768033
81.66377781619678,21.263251873113973,2022,44.20286609000004,0.08740768,0.013236378,-0.11356073
81.74436965264438,21.18032836817836,2022,51.852394849999996,0.12721671,0.083231136,-0.17393234
81.58664957297914,21.333266437152705,2022,46.547627809999994,0.11306576,0.014074964,-0.1370251
81.51708766298287,21.245010400358012,2022,46.86037664000003,0.17352176,-0.009404388,-0.18913215
81.59380444897776,21.190672254157242,2022,45.13598554999999,0.21001762,-0.0015617172,-0.23116487
81.67578336495825,21.186214498306594,2022,44.064436279999995,0.14236689,0.06258712,-0.17996526
81.5036210425233,21.228219371836783,2022,49.39996550000001,0.13654216,0.03727728,-0.17636453
81.5851428613143,21.325150156720966,2022,46.55617286000006,0.087249376,0.014355092,-0.12016558
81.58709568339063,21.28092101317166,2022,47.76273392000002,0.15651296,0.007955858,-0.17496866
81.57231637630586,21.172426540204967,2022,47.39358776000006,0.12525983,0.061628312,-0.17985515
81.55381218196868,21.342283454342454,2022,46.11866630000003,0.11821512,0.028450187,-0.15461318
81.52413683319642,21.246663615305156,2022,46.10499421999998,0.119621135,0.032047126,-0.15739796
81.50137408504403,21.286587894459363,2022,49.76911166000002,0.1193633,0.038891513,-0.1552292
81.63967545432988,21.22625770040075,2022,42.84762116000002,0.10053022,-0.0031148647,-0.12882593
81.53356489588462,21.17276668745625,2022,41.64276911000002,0.16937937,-5.588235E-4,-0.19985892
81.65011527723831,21.250961590063906,2022,44.406238280000025,0.09546417,0.0020958781,-0.124962494
81.64756531815836,21.193612879220016,2022,44.49852482000006,0.14396314,-0.030743979,-0.16359037
81.5637608492833,21.36920900094702,2022,47.64993926,0.09509719,0.061862286,-0.13567683
81.76221714339081,21.267671260896243,2022,54.90297770000001,0.0792721,0.106982455,-0.12858835
81.52772568123407,21.230395401316407,2022,46.733909900000015,0.1055492,0.032177288,-0.14104362
81.57770526755893,21.301981204718693,2022,49.10943380000003,0.110838026,0.02616855,-0.13362192
81.69197603610738,21.370986312272166,2022,51.87119396000003,0.09324076,0.0408485,-0.12404468
81.61800192047515,21.266149218808437,2022,43.64743784000001,0.10562296,-1.2950851E-4,-0.13202016
81.7488235508361,21.219635122130832,2022,46.04005184000005,0.10938661,0.04335445,-0.10943241
81.57244982544671,21.160686978792373,2022,50.11945871,0.12663214,0.06280879,-0.18292981
81.6467553769115,21.295609358146603,2022,43.92429746000005,0.10390098,-0.02336741,-0.123411074
81.63125709250387,21.242683905405375,2022,43.74656042000004,0.09885146,0.0060257656,-0.12455432
81.66718241018643,21.322184634703795,2022,47.32351835000003,0.10961934,0.01792526,-0.14041552
81.5345459723801,21.287106453308773,2022,43.12448078,0.18176761,-0.004824824,-0.16521612
81.62951994720318,21.332322571241285,2022,47.171416460000046,0.06317962,0.032223105,-0.09723132
81.5749839247407,21.158074621382557,2022,45.25561625,0.12497927,0.05800361,-0.17443833
81.52393248917667,21.33710673583989,2022,49.468325900000025,0.086056724,0.05413641,-0.13049206
81.55285524096989,21.177758599764978,2022,44.39598422000006,0.120749205,0.05284724,-0.17050499
81.71458198172012,21.190137156534732,2022,44.89159712000003,0.16428673,-0.0016584767,-0.18951054
81.58565236412824,21.226930545988967,2022,42.898891460000016,0.16815364,-0.049308013,-0.18414935
81.58188340762054,21.202920091781817,2022,46.54250078000001,0.14479163,0.0016325659,-0.17017776
81.5504980014681,21.18847352509595,2022,50.97909074000006,0.085328095,0.084115304,-0.15968838
81.64940220509206,21.31025650330679,2022,47.98319621000002,0.07549255,-0.0025755342,-0.12112184
81.62624248714792,21.26402433820266,2022,44.71386008000002,0.10322569,-0.005678493,-0.12122174
81.69062656992057,21.33938095151158,2022,52.56847004000002,0.032136198,0.057488482,-0.036308736
81.56403394369413,21.238585935018033,2022,46.47243136999998,0.13298626,0.020179207,-0.17496283
81.61716869986063,21.124295929426186,2022,47.641394210000044,0.143204,0.030888302,-0.18141821
81.58129627281286,21.139118531988604,2022,44.99584673000004,0.20289807,-0.016946755,-0.2248688
81.66025674736768,21.318627414653132,2022,46.19728076000001,0.18491797,-0.02549114,-0.18726447
81.53943390268851,21.352134345547345,2022,47.22097775000003,0.110562034,0.0881274,-0.1645017
81.61772344972266,21.295231418689198,2022,50.49885892999998,0.066763334,0.048894793,-0.088980265
81.75393858170597,21.215389207697484,2022,47.468784200000016,0.09381838,0.041553073,-0.12280209
81.65435982311487,21.124228212235376,2022,47.09963804000006,0.17442288,0.006063833,-0.1994717
81.61394588302757,21.137906156371933,2022,45.65552459000003,0.22514868,-0.07581834,-0.23949715
81.58136778128163,21.263093747829732,2022,44.34129589999998,0.102551796,-0.005286373,-0.12101528
81.64503723384308,21.13902483631363,2022,47.00735150000003,0.11344436,0.045296688,-0.15550585
81.65818047899097,21.22251143827682,2022,41.494085240000004,0.1569124,-0.031376127,-0.17727217
81.54471663997923,21.20155244022993,2022,49.731513440000015,0.1513429,0.015463134,-0.18697579
81.5339438863634,21.306827540391716,2022,45.43164428,0.099132545,0.027548764,-0.13376966
81.58094483359767,21.287048643610916,2022,45.706794890000026,0.14667358,-0.0062809456,-0.15770617
81.71113525079613,21.294322592986042,2022,48.2378387,0.117340446,0.0542702,-0.16082877
81.59767206754888,21.295267348699518,2022,46.01612570000003,0.11320158,-1.7756312E-4,-0.13826133
81.55438091015797,21.305132236892888,2022,45.0932603,0.1403891,-0.0072243605,-0.15854463
81.55658242978963,21.343193324428704,2022,49.394838470000025,0.11252162,0.038608707,-0.14190415
81.55398742831854,21.2357713157663,2022,48.25834682000004,0.15997094,-0.011754269,-0.18271884
81.71708460859833,21.172755022869097,2022,50.305740800000024,0.1613649,0.015789011,-0.18947665
81.50094502509414,21.214486461647773,2022,44.96679356000004,0.14389394,0.0391139,-0.17284314
81.53731435153102,21.307583055576085,2022,46.91848298000002,0.20917855,-0.03745616,-0.20927183
81.60422050002761,21.180213101693035,2022,39.95939426000001,0.17576532,0.02388852,-0.20433594
81.49342668992756,21.20999296909231,2022,45.80420846000004,0.14438538,0.05162159,-0.18606365
81.70440576451742,21.291893689079775,2022,46.846704560000035,0.1624007,0.038795915,-0.18079475
81.69678082034251,21.154023368096553,2022,46.50832058000003,0.15229303,0.04796005,-0.19384138
81.58804847136994,21.19939424421765,2022,47.718299660000014,0.14798364,0.0441888,-0.18538123
81.63988234274697,21.2972694182101,2022,48.302781080000045,0.10012371,0.019351168,-0.11951269
81.70830143755902,21.2300853943487,2022,46.44679622000001,0.17981252,0.02483429,-0.21306069
81.70251530866084,21.26297087443217,2022,47.03469566000001,0.16021325,0.04195085,-0.18261118
81.7417651423585,21.177558078433677,2022,46.16993660000003,0.11733622,0.08280503,-0.17042188
81.68322306354675,21.255585017126098,2022,46.997097440000005,0.17755844,0.038364183,-0.19826613
81.52714317766736,21.199586281176128,2022,46.77834416000002,0.15912409,-0.016581831,-0.18593808
81.59525084065756,21.195320601625934,2022,48.53349743000001,0.13554901,0.058101803,-0.17180921
81.7515406713461,21.202747774679523,2022,51.091885400000024,0.112307444,0.0704263,-0.15535378
81.56220510113387,21.266623959482065,2022,46.05714194000001,0.16007905,-0.020798553,-0.17044185
81.60681213633728,21.15219848158422,2022,39.56632195999998,0.08716635,-0.07165081,-0.084017515
81.6307571809852,21.30377322155213,2022,45.91358509999998,0.08002674,0.023120154,-0.109656565
81.54350342636698,21.355072957983637,2022,49.24957261999998,0.076155834,0.08828107,-0.12761275
81.62626126655348,21.22473271309781,2022,44.467762640000046,0.081856735,0.017342977,-0.116404586
81.64132247942722,21.289195964143797,2022,44.160140840000054,0.09014284,0.010427246,-0.11833799
81.724495400534,21.273904122000125,2022,51.062832230000026,0.13417289,0.06305399,-0.1713047
81.59360346120471,21.14266619057118,2022,38.95107836,0.26421964,-0.11977602,-0.2580537
81.6068619858833,21.1623152976814,2022,42.90572750000001,0.23181425,-0.079036444,-0.24597749
81.64323233448394,21.194577889048684,2022,45.03002693000002,0.08562126,0.036772892,-0.13320234
81.56260310016181,21.363896953613054,2022,47.68753748000006,0.096838936,0.06873992,-0.14488795
81.63214413730874,21.13728925006471,2022,47.03811368000004,0.15384361,0.053658538,-0.19607069
81.6115330800058,21.31374025069526,2022,46.457050279999976,0.060797844,0.024628323,-0.0931123
81.58623422846033,21.304072907375904,2022,49.11626984000003,0.10438009,0.016557124,-0.12952727
81.5227804048099,21.284816559961712,2022,46.340837599999986,0.12197347,0.047372185,-0.16184594
81.59145246315745,21.182471641574292,2022,45.55469300000004,0.19316529,-0.03593035,-0.22287773
81.54888473655713,21.292586506888597,2022,47.61234104000005,0.1544956,0.010360932,-0.18056375
81.55378795537068,21.255635993568287,2022,47.01418754000002,0.13750699,-0.025389368,-0.1500283
81.76534330441808,21.25375336602424,2022,46.86208565000004,0.11878736,0.024263488,-0.15254757
81.51663788067106,21.29275820167428,2022,46.83303248000004,0.096518956,0.049902827,-0.1439574
81.71074074803488,21.274746021578984,2022,45.83497064000005,0.08107742,0.020505894,-0.12362003
81.5292729532685,21.19883797544348,2022,44.358385999999996,0.15336695,-0.0017713936,-0.17622145
81.62025724390784,21.190817789853163,2022,46.67922157999999,0.18733282,-0.0080836,-0.18693319
81.65401046426872,21.36735885090371,2022,49.61017373000004,0.07777294,-0.008320467,-0.08536079
81.59671528427475,21.19125042595719,2022,45.07104317000005,0.20043834,-0.093982644,-0.20209093
81.64877129297155,21.20046327803448,2022,38.45546546000003,0.2562985,-0.047942776,-0.25483117
81.71084094269948,21.225373292035524,2022,44.91894128000001,0.14420874,0.010799412,-0.16887529
81.75038465827745,21.23058808870094,2022,52.22325002000002,0.10571762,0.021714443,-0.13349283
81.58622778721289,21.16396433468976,2022,42.825404030000016,0.082339056,0.003454835,-0.09170547
81.5141174425574,21.193735375544556,2022,44.112288560000025,0.13216229,0.042675395,-0.16645345
81.65923307031589,21.305965907887767,2022,44.15672282000003,0.19560368,-0.013763513,-0.19642825
81.67731860510757,21.240967843427654,2022,45.12060445999998,0.13237488,-0.02662158,-0.16610217
81.54763555551627,21.168050768143345,2022,49.88874236000004,0.12849727,0.04984813,-0.17682905
81.50766162066026,21.260844320409692,2022,46.431415130000005,0.16335566,0.0058850157,-0.18239333
81.5342343389544,21.17995759655478,2022,44.22508321999999,0.09399834,0.081068054,-0.14633758
81.6552879271967,21.339088401762137,2022,48.11820799999998,0.07711939,0.013980653,-0.10736687
81.56672789048417,21.16176207889511,2022,47.07742091,0.11973557,0.07321305,-0.17834903
81.74483538240436,21.27590094659346,2022,49.78961978000001,0.12555367,0.05552761,-0.17817053
81.60291026362776,21.209895370041288,2022,43.68332705,0.2201891,-0.04391954,-0.22406146
81.66227361364655,21.374750892941037,2022,45.33764873000001,0.077255666,-0.010405757,-0.0778446
81.66045484350653,21.312620176149245,2022,46.28273125999999,0.12917349,0.03477228,-0.15130813
81.72188672576772,21.23212891294821,2022,44.54295908000006,0.109297834,0.04081696,-0.14233066
81.71603738406502,21.30123410312151,2022,43.75510546999999,0.20499596,-0.06875363,-0.20683075
81.67108256369355,21.31782573950585,2022,45.853769750000026,0.20671435,-0.0033066832,-0.2044654
81.55154185801743,21.259364579068553,2022,42.29048390000003,0.20298065,-0.057730235,-0.19987865
81.59139174819707,21.144015451536248,2022,42.14521805000004,0.21743849,-0.069969006,-0.24343178
81.5522612175831,21.24000675204626,2022,42.751916600000015,0.20191543,-0.048025515,-0.21431759
81.61979420415558,21.248765396712027,2022,42.310992020000015,0.19132915,-0.057239283,-0.18381074
81.65933814705657,21.26774723249752,2022,50.169020000000046,0.11402939,0.05228631,-0.14542529
81.59556510091684,21.31559928145217,2022,49.44439976000001,0.06139483,-4.0536706E-5,-0.08059571
81.66974934043174,21.14473916743183,2022,46.954372190000015,0.13889089,0.04069794,-0.17182557
81.65861957798595,21.282645567369666,2022,45.32055863000005,0.13910633,0.054594904,-0.15032172
81.60707328163987,21.199757903303304,2022,41.16082829000004,0.21347974,-0.026585741,-0.2218341
81.54043280008614,21.199229645988908,2022,50.62703468000001,0.1393303,0.04686273,-0.19079807
81.65276746597925,21.29406428514681,2022,45.55127498000002,0.18103723,-0.0021260083,-0.18160115
81.60097115404581,21.22350025729869,2022,42.29048390000003,0.12105709,-0.019881021,-0.15433994
81.6286046007607,21.358315617611698,2022,46.92702803000003,0.11142801,0.00473547,-0.13402312
81.77220528964462,21.239014704432485,2022,48.665091200000006,0.13741533,0.030079456,-0.15330872
81.58102607476982,21.31716455613628,2022,50.435625560000005,0.063516065,-0.010008528,-0.066944815
81.63448561298554,21.218406554310214,2022,39.47916244999999,0.15975228,-0.064342186,-0.15546326
81.52249593540563,21.326582338136483,2022,48.02763047000002,0.14122808,0.027281191,-0.17400163
81.58997285314237,21.1523445374054,2022,41.01214442000003,0.14501739,0.015588417,-0.18015955
81.54087368782439,21.22822822064308,2022,46.70314772000006,0.18600988,-0.008250568,-0.20547946
81.59178636473197,21.22516924989981,2022,46.28614928000002,0.09244053,0.026719835,-0.1281846
81.7115859941606,21.154663173483716,2022,47.87211056000001,0.13461868,0.04623179,-0.17880206
81.58156981969941,21.158894315940085,2022,47.055203780000056,0.14332482,0.019150348,-0.17368343
81.7083203014851,21.290379749110464,2022,48.27030989000002,0.090630084,0.06362107,-0.13096493
81.71546263219662,21.246393336584873,2022,49.67682511999999,0.11963851,0.033638027,-0.1614179
81.66157043806442,21.371513948543,2022,45.83326163000004,0.04449255,0.05078595,-0.07216361
81.75405432353422,21.304372481640527,2022,48.730033580000054,0.14851846,0.028567914,-0.18049328
81.74423740668749,21.183989369679683,2022,50.28181466000001,0.118743934,0.07449873,-0.17079493
81.6473966796843,21.317753454575524,2022,49.680243140000016,0.05062845,0.0057435064,-0.0902442
81.64067471937229,21.33226882891055,2022,50.26814258000002,0.09225121,0.026795657,-0.12557353
81.58700545847235,21.37713181370636,2022,48.66338218999999,0.090199724,0.04836689,-0.114993386
81.69241709348135,21.316774627544287,2022,45.727303010000014,0.048281837,0.105820306,-0.07780183
81.63281347516259,21.192309989081387,2022,44.14817777000002,0.14703572,0.038799595,-0.1768582
81.66706780174965,21.150115453992473,2022,44.00291192000003,0.1531519,-0.030498745,-0.18607366
81.51404155237904,21.174136193653723,2022,49.85456216,0.11993568,0.078864895,-0.14918038
81.65288447887254,21.172326577266578,2022,45.21118199,0.13000086,0.05561488,-0.16355231
81.52066584471828,21.283197946595653,2022,42.61861382000001,0.15849848,0.018838549,-0.17636079
81.73373005153306,21.305924964699436,2022,48.84282824000002,0.14248678,0.047060832,-0.19158928
81.65537495418918,21.309657953650667,2022,45.02660891000005,0.1650204,0.017780779,-0.17381698
81.62925573758005,21.143636022932203,2022,47.899454719999994,0.11547292,0.04875751,-0.14646652
81.52829223236833,21.320948855931817,2022,48.49760822000002,0.215973,-0.050024282,-0.22045763
81.61938580172622,21.363870230763556,2022,48.94878686000004,0.11382698,0.0046043475,-0.13499653
81.68350966054,21.30166724775332,2022,45.73413905000001,0.11909474,0.022404967,-0.14850743
81.52343946910882,21.220113329629882,2022,45.879404900000054,0.14745171,0.013174325,-0.16659285
81.56955578646009,21.215733674773404,2022,48.29252702000002,0.1415062,0.030917726,-0.15880111
81.54995485046634,21.294241689257976,2022,44.491688780000004,0.20113648,-0.075636916,-0.2066128
81.73764108270827,21.213808388453145,2022,52.25059418000001,0.11905449,0.06531115,-0.17028913
81.57525230726438,21.27672127929975,2022,43.83371993000003,0.1592111,-0.037596554,-0.16185081
81.59561398134711,21.214798572417013,2022,44.259263420000025,0.21451494,-0.066815354,-0.22114669
81.75061915041083,21.20853716097345,2022,52.089947240000015,0.10943527,0.088904984,-0.15600331
81.6396724855361,21.255451549564107,2022,44.26439045000001,0.12048171,-0.0052196393,-0.14262035
81.50156037644814,21.226133666466772,2022,48.42924782,0.11748691,0.060535815,-0.15527008
81.65179916147737,21.136327225940004,2022,47.593541930000015,0.17299606,0.006244674,-0.20598806
81.56305775501355,21.29060627307291,2022,45.096678320000024,0.14172897,0.0021944887,-0.16456488
81.72933091934043,21.213286003617114,2022,48.155806220000045,0.13715625,0.04245079,-0.17705823
81.59053284530226,21.265964395114846,2022,45.629889440000056,0.107819684,-0.00627846,-0.13158508
81.58437435755341,21.233744218996197,2022,47.325227359999985,0.12778822,0.030822521,-0.16384658
81.59260743806885,21.27655937502701,2022,48.69927140000004,0.0722901,0.019128814,-0.100695424
81.69749676378729,21.140358100487674,2022,41.23773374000001,0.13616297,0.055266503,-0.1684124
81.55306382041393,21.26920106552964,2022,43.739724379999984,0.12095129,-0.007855892,-0.14915466
81.66841432524646,21.179649402348108,2022,47.79691412,0.17180263,0.031073486,-0.20320551
81.66186613688012,21.126339867183546,2022,49.82892701000003,0.12284264,0.061828464,-0.17427574
81.67517062054057,21.160741254616273,2022,47.313264290000006,0.116051905,0.023487953,-0.15429562
81.58812724369794,21.32570385273194,2022,50.028881179999985,0.108312346,0.03028684,-0.13646147
81.67936148779562,21.208610724144233,2022,43.33639802000005,0.20139557,-0.035979617,-0.21205373
81.71686727754619,21.33493619644117,2022,47.248321910000016,0.15174326,0.048381947,-0.18401188
81.72241262265153,21.225216084243737,2022,48.43950188000002,0.094752215,0.06316501,-0.12049288
81.69682385235632,21.237157037218797,2022,46.01612570000003,0.11082464,-0.009038679,-0.12645791
81.57943766652595,21.179027808995475,2022,47.745643820000055,0.13288634,0.05081615,-0.1611959
81.61558227774162,21.190316802849278,2022,46.43483315000003,0.18892503,0.01953543,-0.20781355
81.5517845404857,21.31605193237749,2022,39.145905500000026,0.1960573,-0.10638612,-0.18116257
81.5952676330887,21.122639581265748,2022,43.16036999000005,0.16779664,0.014115622,-0.20030738
81.56559365949033,21.148602454944456,2022,47.70120956000005,0.15760556,0.0048736464,-0.1804086
81.70885120916785,21.17549592320981,2022,46.510029590000045,0.18103987,0.03976056,-0.22023134
81.74759830630997,21.28232683911635,2022,50.59456349000004,0.13193397,0.07532901,-0.17541637
81.5446617487631,21.16213929737402,2022,48.730033580000054,0.072302334,0.08557942,-0.13497287
81.53545763563575,21.208876856992152,2022,49.30767896000003,0.12115349,0.0532613,-0.17675577
81.72000304170722,21.201007463578364,2022,44.41649233999999,0.18875799,-0.020804262,-0.20180711
81.69756474340832,21.32587516174354,2022,48.275436920000004,0.15306994,-0.0050186333,-0.16967383
81.7225765520833,21.206101626543305,2022,45.814462520000006,0.10904204,0.09171427,-0.1727568
81.65034996051753,21.344794515798203,2022,48.020794430000024,0.064276375,0.037784908,-0.08107288
81.68051313187947,21.358301633221995,2022,50.90389430000005,0.16899599,0.07114576,-0.16184948
81.70553012407369,21.23202544406699,2022,47.55765272000002,0.15508874,0.04239731,-0.19293784
81.51080410834612,21.21801995709783,2022,45.421390220000035,0.14055404,0.024186498,-0.15826288
81.73899906072279,21.179036276102035,2022,49.96222979000004,0.11929169,0.08553826,-0.17806715
81.69552564425665,21.157103117596023,2022,44.859125930000005,0.121488035,0.02949315,-0.14906709
81.57295333040229,21.356409017507424,2022,47.896036700000025,0.1138202,0.0455949,-0.1368314
81.66139808210642,21.36420722197943,2022,46.884302779999985,0.19828928,-0.066149056,-0.18797378
81.56584978160967,21.35682331056618,2022,47.82425827999998,0.09562639,0.05793552,-0.12422435
81.65953893929283,21.294890584214222,2022,38.61440339000001,0.30442768,-0.1662035,-0.2873976
81.5746261790709,21.237603188112544,2022,43.17746009000001,0.23328008,-0.07363097,-0.22423457
81.63310869761,21.377948759223454,2022,46.457050279999976,0.13080446,-0.022267126,-0.12976465
81.60342784435079,21.360661468990184,2022,44.544668090000016,0.10042379,0.005114346,-0.13029791
81.59767514791885,21.248708061171584,2022,45.39746408000002,0.1528316,-0.023315806,-0.17031658
81.51022172676369,21.256845456083273,2022,42.23921360000003,0.19782539,-0.0040172683,-0.2112992
81.56708371001167,21.135486433744457,2022,43.182587119999994,0.12966329,0.048270892,-0.15805238
81.64501429443004,21.302064902923032,2022,45.74781113000006,0.16303627,-0.01595283,-0.15296194
81.65526107518185,21.205013899212947,2022,44.29686164000003,0.09169235,0.0623872,-0.13263081
81.75111715510663,21.23716838953556,2022,50.19978218000006,0.14059213,0.02244405,-0.17389119
81.68080252118008,21.266199308980152,2022,45.90845807000005,0.07797857,0.012375753,-0.11399834
81.68129151950654,21.244606648016568,2022,45.68799578000005,0.21465433,-0.052184388,-0.22279945
81.66883447403197,21.133014103522147,2022,47.76956996000001,0.13560154,0.04744957,-0.1858808
81.69436695789966,21.16853446439021,2022,43.45431971000005,0.19949879,-0.012981594,-0.22109234
81.75484517291267,21.247324594407644,2022,46.35450967999998,0.18187648,-0.009213324,-0.19833225
81.65741673367197,21.246906827918362,2022,43.08346454000002,0.20375335,-0.0642963,-0.20757537
81.6215240591799,21.23367882517509,2022,44.04221915000005,0.14394611,-0.014038877,-0.16849178
81.740068584924,21.32577127818542,2022,49.748603539999976,0.116119385,0.04939201,-0.1672651
81.72951844386954,21.214665162755125,2022,50.854333010000005,0.09415244,0.060688265,-0.12554096
81.50849106992698,21.29788065983866,2022,45.10009634000005,0.1457966,0.023944411,-0.17330122
81.64129747707723,21.252816471625586,2022,42.74166253999999,0.083788775,0.013295423,-0.11686507
81.69340436343589,21.31675070064222,2022,49.20513835999998,0.11656719,0.057111967,-0.15086943
81.67273725922915,21.160372822847044,2022,47.51321846000002,0.08999107,0.054218203,-0.12580013
81.75909102489412,21.22763345509534,2022,49.76911166000002,0.13249949,0.061949883,-0.1798711
81.59434446525725,21.171596988520463,2022,43.066374440000004,0.16896206,1.18098615E-4,-0.1862412
81.54223131062625,21.34518383947556,2022,48.38994059000004,0.13843597,0.03171098,-0.17624336
81.52137287469218,21.2718592811839,2022,45.421390220000035,0.11695303,0.007079646,-0.1564361
81.64854469391642,21.13995695427589,2022,45.82129856000006,0.18604495,-0.011293901,-0.21042106
81.70689330977994,21.36435092757285,2022,47.64993926,0.1253151,0.035030056,-0.16752651
81.6119353508441,21.222770414850803,2022,43.10397266000001,0.12913643,-0.0102208825,-0.1497366
81.61075434107336,21.16523931875002,2022,42.825404030000016,0.21142818,-0.06451903,-0.23308375
81.70939340461487,21.23506752022154,2022,48.357469400000014,0.1517998,0.026596362,-0.19400121
81.56037622375338,21.28379630128327,2022,49.13848697000003,0.12281387,0.035697404,-0.15828998
81.60465478540402,21.208214505940504,2022,41.767526840000016,0.29332942,-0.1315747,-0.275255
81.6230855317723,21.219495300990122,2022,44.91723227,0.09591634,-0.0024446908,-0.130542
81.64689647472068,21.32161146880542,2022,47.93705294000006,0.12019064,0.01610344,-0.15189123
81.74282267548635,21.279400461927132,2022,51.55331810000001,0.12116589,0.078552894,-0.16547865
81.72794585858641,21.316422518716138,2022,50.58601844000003,0.15239249,0.030982347,-0.19440578
81.66439556211482,21.16527963566497,2022,49.12481489000004,0.124633454,0.082821175,-0.18144672
81.72706119875426,21.270782878814273,2022,50.34675704000006,0.07237843,0.066334374,-0.12485202
81.69952116100903,21.18699673796911,2022,45.537602900000024,0.16303612,0.03425911,-0.2047322
81.60119812373003,21.294836231331384,2022,49.03252835000001,0.08317052,0.0112084495,-0.111530446
81.53161998579326,21.302338544035155,2022,47.72684471000002,0.11033421,0.062135655,-0.1473495
81.68159158774914,21.295201080199444,2022,47.90970878000002,0.12944728,0.04106914,-0.1699799
81.53260901399486,21.300484933976797,2022,49.550358380000034,0.11939197,0.033942558,-0.15207899
81.71244840678794,21.306500365889224,2022,49.12823291000001,0.12869178,0.034699794,-0.15146007
81.67477789790568,21.211798350277448,2022,42.82027700000003,0.15265583,-0.019250492,-0.18231255
81.68662800459816,21.246163880088993,2022,49.59821066000001,0.16752595,0.020784687,-0.20445359
81.57065878065194,21.294162706909763,2022,48.13358908999999,0.10330602,0.04280532,-0.14124793
81.61685073305237,21.380692477090157,2022,43.20309524000004,0.09143797,0.028084526,-0.12342907
81.69512827215962,21.21330493228647,2022,44.74462226000003,0.17207186,0.027116925,-0.21940362
81.5632720955744,21.269812226613155,2022,47.140654280000035,0.15198086,0.023984276,-0.17510907
81.61399068034922,21.204375736199854,2022,48.07377373999998,0.13385268,0.028847616,-0.17021355
81.52163293694304,21.16349643750923,2022,46.16310056000003,0.16194178,-0.008341112,-0.19103682
81.55433474460408,21.304085474129057,2022,40.808772230000045,0.21386513,-0.08353443,-0.2159816
81.72777388386068,21.26199243153842,2022,46.41774305000001,0.11310383,0.052602127,-0.15261546
81.63112274139624,21.381492767148874,2022,39.15615955999999,0.20488483,-0.10133406,-0.19860145
81.58732170396979,21.345938283125268,2022,49.29913391000002,0.10804962,0.035913207,-0.1456698
81.64879815185371,21.324653699132774,2022,47.01076952000005,0.15010652,0.0037564256,-0.17894326
81.70905221257016,21.30707101568934,2022,48.37285049000002,0.20659694,-0.024706637,-0.22028396
81.61152606575152,21.234389447215396,2022,45.39575507000001,0.13644789,-0.023526475,-0.16430041
81.57489940420403,21.3239212576942,2022,44.77538444000004,0.12644117,0.020255014,-0.15727957
81.51579996879556,21.18517992177431,2022,47.37649766000004,0.120163925,0.042623922,-0.15834081
81.52026181647962,21.326915737017245,2022,49.15215905000002,0.13866612,0.022334747,-0.16492131
81.74754027355208,21.323147941872584,2022,47.70462758000002,0.09999249,0.03465314,-0.14297973
81.59765505961475,21.167548771792905,2022,45.6230534,0.20780618,-0.041603982,-0.23669933
81.5462215298976,21.16008556884276,2022,46.303239380000036,0.058804728,0.12035685,-0.13754979
81.69620158878463,21.232657368286507,2022,44.19090302000001,0.15335286,0.012909991,-0.16612151
81.67093210114392,21.179396350202158,2022,48.05326562000005,0.16275428,0.045775227,-0.2005367
81.66136900710393,21.324694099358755,2022,49.994700980000005,0.086208254,0.034252826,-0.115127444
81.71165013751732,21.26051906698677,2022,48.877008440000054,0.15158637,0.0475646,-0.19255547
81.58761011897494,21.188684018631495,2022,50.652669830000036,0.15953468,0.045113362,-0.17244655
81.57324892552812,21.35152565746015,2022,45.46582448000004,0.11072639,0.042191353,-0.1432113
81.58261364521496,21.2946829710319,2022,47.58328787000005,0.10129124,0.03304414,-0.12718335
81.69927917906791,21.18518902370407,2022,45.10351436000002,0.15827104,0.04917296,-0.20208763
81.60124218828003,21.26517941380741,2022,47.18850656000001,0.13312802,0.020895703,-0.16879648
81.7471647270611,21.288374936844168,2022,49.06841756000006,0.13610418,0.044834822,-0.17607518
81.64185079365855,21.3048288153994,2022,48.309617119999984,0.1315351,0.012223415,-0.15326461
81.69127965246754,21.249133889460538,2022,44.79931058,0.07076004,0.019246805,-0.10783723
81.74086735748736,21.26933657099641,2022,50.910730339999986,0.09336817,0.041876964,-0.13022141
81.64836546862088,21.311162726472997,2022,48.21733058000001,0.094100825,0.024295371,-0.14033388
81.52648493960203,21.167722229435082,2022,46.74758198000001,0.12591285,0.054481145,-0.17558606
81.71969630518109,21.155807165176874,2022,44.87450702000001,0.1390951,0.034808595,-0.18032786
81.69889328599011,21.251973212971606,2022,48.33012524000003,0.099086255,0.044731822,-0.13558468
81.64042381217621,21.319718084949884,2022,47.667029360000015,0.07443829,0.019897792,-0.10407055
81.70809444438049,21.189637899388735,2022,49.71955036999998,0.16096994,0.048067264,-0.20828928
81.68715504116777,21.23565671412683,2022,42.808313930000054,0.1903156,-0.027756678,-0.21364902
81.76299714697991,21.257084045788492,2022,49.91608652000002,0.12641516,0.03339013,-0.17095782
81.66191667628463,21.19176715486395,2022,47.14236329000005,0.14222084,0.036648758,-0.18017873
81.68633821435758,21.180042177855164,2022,44.100325490000046,0.079400666,0.066683896,-0.116962455
81.52310157049759,21.321428063481537,2022,48.84282824000002,0.18519053,-0.027241735,-0.2050633
81.70302892209837,21.151270384601233,2022,47.00393348,0.14060645,0.04361362,-0.182064
81.71628396609458,21.25124487235037,2022,44.94286742000003,0.14617386,-0.017169923,-0.18392943
81.58469615695866,21.371171841202568,2022,48.22587563000002,0.13236831,0.047284003,-0.17465861
81.55605592265482,21.188528946204766,2022,48.28227296,0.08763952,0.0682053,-0.14188579
81.72427957797815,21.20804045478626,2022,47.567906780000044,0.10442598,0.07556918,-0.14625646
81.64265779482605,21.307595475869217,2022,47.58841490000003,0.103670985,0.016440079,-0.13740341
81.65319316867763,21.208188480187726,2022,44.75829434000002,0.12461387,0.06189829,-0.15871572
81.57610063590099,21.139327123201646,2022,45.83497064000005,0.1260459,0.04426726,-0.1726157
81.56989903988463,21.20243010055105,2022,46.00245361999998,0.18191257,0.013713364,-0.18945017
81.57365055036428,21.320420770296945,2022,41.974317050000025,0.16129288,-0.03527081,-0.16985808
81.64985185922768,21.302327618730963,2022,44.74462226000003,0.1243159,-0.0069773933,-0.14362693
81.62934360202588,21.289545500518155,2022,49.37262134000002,0.08376267,0.0725027,-0.11440901
81.62323906757187,21.221638530905743,2022,44.881343060000006,0.09307834,0.002912839,-0.12189588
81.498831187221,21.232064574364113,2022,47.32864538000001,0.18289752,0.02039622,-0.20486611
81.72816611601874,21.176774218817602,2022,50.656087850000006,0.105969734,0.083667986,-0.15795623
81.54331912855956,21.151978783818254,2022,49.05132746000004,0.12878495,0.061961833,-0.17002903
81.61345709367218,21.365040373345437,2022,51.24227828000005,0.08921338,0.024912713,-0.12352781
81.58671413926268,21.346947476742056,2022,49.79132879000002,0.12651096,0.035490222,-0.16323937
81.62208274794342,21.14542048115448,2022,47.070584870000005,0.16292736,0.045755915,-0.20387483
81.61695691432922,21.24031014016817,2022,41.61713396000005,0.19783296,-0.047937144,-0.20806748
81.63980574495183,21.279503513036993,2022,42.77584274000003,0.18424124,-0.054611754,-0.18806027
81.55628641917666,21.29245457736354,2022,47.34915350000006,0.12980448,0.018978762,-0.16291705
81.62632756912674,21.289287892004282,2022,46.16310056000003,0.11844126,-0.009191713,-0.12156958
81.67693225724913,21.208198760875522,2022,41.35394642000006,0.16447146,-0.011855852,-0.19328603
81.74554737431106,21.187115050733183,2022,50.77400954000001,0.12650844,0.061337356,-0.18008955
81.55751653231425,21.161487111991615,2022,50.059643359999995,0.12942356,0.04833117,-0.17111902
81.67224380796166,21.323840725382325,2022,46.467304340000055,0.14804292,0.023188498,-0.1731739
81.74707109756143,21.32367184757642,2022,43.49362694000001,0.059373304,0.03360865,-0.084069856
81.71519665998952,21.343495348330823,2022,44.55492215000004,0.16520464,0.028406076,-0.17084794
81.71414958516428,21.262589708996746,2022,51.34823690000002,0.15112188,0.05227049,-0.19245736
81.57400257296516,21.34338520088306,2022,48.61382090000001,0.08714686,0.038090352,-0.1268884
81.55051219675269,21.330837890079884,2022,48.42753880999999,0.14893301,-0.0030781194,-0.17216311
81.5904093279505,21.29462699337401,2022,46.80568832000006,0.11452656,0.026440168,-0.1281054
81.64967564587279,21.253795423551033,2022,44.20115708000003,0.08538483,0.010288663,-0.117602065
81.56203848384702,21.29485847544807,2022,46.043469860000016,0.13316925,0.028548934,-0.16137049
81.52932940166735,21.238514846204737,2022,51.98398861999999,0.1559247,-0.0068414677,-0.16472282
81.65395748014363,21.13314577996905,2022,50.90560331000006,0.13795844,0.048669126,-0.17770584
81.73804661414084,21.312700235357298,2022,48.72319754,0.089031026,0.012896826,-0.13245127
81.64407897515562,21.308100023583602,2022,47.26199399000001,0.13148442,0.026435934,-0.15091716
81.68732830174794,21.28910206091753,2022,44.48314373000005,0.1474829,0.018379718,-0.16292179
81.5800645092544,21.36200683670545,2022,49.78278374000001,0.11676245,0.046005677,-0.1518285
81.6230712071688,21.37069014143624,2022,51.31405670000004,0.09397457,0.013564995,-0.122245625
81.49622258057973,21.263898626434315,2022,41.680367330000024,0.20445299,-0.03926856,-0.21216407
81.64950232804024,21.146552991052175,2022,48.32158019000002,0.161533,0.025705894,-0.1907385
81.6281082461551,21.32848527611756,2022,50.21687228000002,0.058019128,0.011082379,-0.09300996
81.66216056838329,21.166957439909506,2022,46.26051413000005,0.13884395,0.06729321,-0.17828393
81.564309641139,21.296131675672964,2022,48.487354159999995,0.108239345,0.011180992,-0.13104992
81.58655461436894,21.276367243159033,2022,47.72513570000001,0.13151911,0.017430201,-0.16304547
81.66151234268432,21.24736080842037,2022,43.22360336000003,0.21730012,-0.08419222,-0.21884279
81.53356862979192,21.280791859255963,2022,51.49521176000002,0.112748876,0.059603676,-0.15323669
81.74877925369216,21.258842954884326,2022,49.080380630000036,0.12772314,0.050258946,-0.1763248
81.65095286295299,21.357279908994855,2022,51.18246293000004,0.07538451,0.01122968,-0.07913011
81.54764375494413,21.23735553030632,2022,50.4424616,0.1384488,0.005457295,-0.15302816
81.50638241090218,21.221614625748156,2022,48.518116340000006,0.12244753,0.042573206,-0.1575742
81.64680561181758,21.196189652256457,2022,46.61940622999998,0.16655156,3.0351777E-4,-0.19514497
81.63626859871783,21.32488926073729,2022,46.78005317000003,0.08499221,0.018306486,-0.1152814
81.6529171308133,21.167392474298023,2022,47.26199399000001,0.16519774,0.040078636,-0.20594725
81.68343651179497,21.208973662896124,2022,44.293443620000005,0.13744724,0.018829975,-0.16054143
81.61140919530797,21.250088602837735,2022,43.87644518000002,0.11883537,-0.028431714,-0.13841596
81.6746019846324,21.339799803074374,2022,47.791787090000014,0.10842303,0.0236058,-0.12546904
81.62582255925979,21.177197974077316,2022,46.35109166000001,0.11133614,0.030211618,-0.14306751
81.71074721789356,21.298514397031013,2022,47.468784200000016,0.14970933,0.044833705,-0.18522531
81.63725136256748,21.13936200777177,2022,45.19921892000002,0.20711458,-0.051181808,-0.22393453
81.62299298454694,21.308618117169818,2022,45.57691012999999,0.15258765,-0.04388352,-0.16022143
81.7226873422513,21.18893850798718,2022,44.68309790000001,0.13577071,0.03454142,-0.16611016
81.71250846069654,21.28766714054586,2022,47.13381823999998,0.104188114,0.0013517167,-0.14157195
81.62715753546865,21.152219589785105,2022,46.80227030000003,0.16357026,-0.021638488,-0.19532032
81.50010268257151,21.238408890393146,2022,44.53954106000003,0.20525357,-0.05570839,-0.20844516
81.69538377003025,21.21573131632416,2022,45.58203716000003,0.1315963,0.037677396,-0.17420888
81.69281522836154,21.227322920477167,2022,43.066374440000004,0.20533657,-0.0047940924,-0.21863489
81.6311714435367,21.17117819387933,2022,48.10624493,0.1520637,0.02582325,-0.18604407
81.72781669746554,21.244193966100603,2022,48.20707651999999,0.13050081,0.06487779,-0.18002765
81.73468884909495,21.288572922299426,2022,49.07183558000003,0.2141429,-0.053182606,-0.22247073
81.740474807156,21.22705322041984,2022,49.52301422000005,0.13497247,0.042771034,-0.17778566
81.5273157084228,21.34452082957026,2022,52.55479796000003,0.07437702,0.094175,-0.12415907
81.65577564957015,21.21817222679411,2022,43.852519040000004,0.11992502,0.0022377342,-0.14323983
81.60620761996928,21.222086059309852,2022,42.95357978000004,0.07181567,0.005502846,-0.1137241
81.54136257033923,21.27774269344163,2022,46.009289660000036,0.105447926,-0.0043370402,-0.13019864
81.50966657968264,21.291490776973355,2022,43.84226497999998,0.13539281,0.028270368,-0.16436985
81.73400036373344,21.290701530575483,2022,50.90047628000002,0.13162816,-0.010687329,-0.15640643
81.63722494211127,21.226447957089388,2022,43.70383517000005,0.10700984,-0.002471032,-0.13216299
81.65240367861362,21.351041944052817,2022,48.70098041000006,0.122053616,0.0073506655,-0.13045777
81.50655725076167,21.258852058884838,2022,46.80910634000003,0.1574868,0.016679091,-0.18380167
81.67597486619503,21.304284431025444,2022,41.036070559999985,0.20233174,-0.022700636,-0.18085483
81.59153437750486,21.1982431979774,2022,48.07548274999999,0.13181981,0.039760306,-0.16708471
81.5663650326586,21.289789470487328,2022,39.00918469999999,0.0538216,-0.0772717,-0.029093428
81.72255071699588,21.215697545166734,2022,47.23635883999998,0.18559279,-0.033954494,-0.20717569
81.7336717296826,21.172532239983067,2022,47.13723626000001,0.11946277,0.08701723,-0.1748042
81.59491352585825,21.322006587685536,2022,48.43608386000005,0.11810876,0.017587276,-0.14807388
81.72855716657395,21.34033213638871,2022,44.76342137000006,0.16203418,0.019372774,-0.19359216
81.63257544684525,21.36905812581691,2022,49.63922690000004,0.05881338,0.0060154335,-0.078261636
81.64324101202298,21.12964189734301,2022,47.23635883999998,0.1466989,0.02630914,-0.16953717
81.67292076209037,21.314336782527707,2022,45.08984228000003,0.18459234,-0.013146116,-0.17638427
81.67557866870445,21.366690902416867,2022,49.53668630000004,0.08097504,0.019720655,-0.109454654
81.66174671250388,21.323872350415485,2022,50.206618219999996,0.079677925,0.03238314,-0.11496297
81.6186584065865,21.26094211655902,2022,45.494877650000035,0.09626713,0.021145172,-0.12095108
81.72074856307185,21.291696624622375,2022,51.44394146000002,0.14556359,0.032573666,-0.1926215
81.72507732971518,21.317876690030626,2022,51.02352500000001,0.1292508,0.04465755,-0.17693114
81.54233667790648,21.225023665661066,2022,48.28056394999999,0.12116607,0.04881193,-0.1496778
81.61387608253101,21.376038139880585,2022,49.34185916000001,0.13062236,0.01650509,-0.14350356
81.67666124097836,21.189970476330185,2022,49.05474548000001,0.1383337,0.05633177,-0.18333653
81.5563520368199,21.30353952578043,2022,45.47436952999999,0.13245997,-0.008875191,-0.15102026
81.54299236465077,21.243759218834217,2022,42.85445720000001,0.20013756,-0.033937916,-0.20284915
81.53807997906769,21.253260849520615,2022,45.727303010000014,0.12295643,-0.026339564,-0.14270239
81.57029619131845,21.301134014041022,2022,49.86481622000002,0.08282318,0.031202516,-0.10789622
81.64856236139745,21.226498888194822,2022,42.21357845,0.11804474,-0.017405802,-0.14084876
81.58732786643203,21.289465385005578,2022,47.43118598000001,0.08525982,0.03001731,-0.11094238
81.60559082551651,21.165923762873373,2022,41.49066721999998,0.21152452,-0.060959008,-0.23091502
81.55491875913243,21.339400005435174,2022,45.51025874000004,0.13178827,0.012646853,-0.15525702
81.60760721509978,21.2152860097478,2022,42.90401849,0.119343676,-0.052523732,-0.14298804
81.66694951921404,21.193566829949045,2022,41.64447812000003,0.051636662,-0.013046391,-0.059526753
81.57425869840392,21.266054716467952,2022,47.667029360000015,0.119362906,0.009780953,-0.14774022
81.57722764521837,21.36453160963656,2022,49.97077483999999,0.12490718,0.05394022,-0.16629665
81.53599896398747,21.295576386610005,2022,43.74997844000001,0.14586456,0.008765973,-0.16867426
81.66496810874649,21.28210687101782,2022,40.51994954000003,0.31157804,-0.13488004,-0.28336826
81.76208209483325,21.2364270402784,2022,52.83507559999998,0.12746859,0.042310797,-0.17374574
81.55328630289242,21.241917007727693,2022,47.11843714999998,0.14226457,0.023223814,-0.16942452
81.64217039821409,21.361844039981968,2022,51.20638907,0.055944648,0.038309317,-0.08423766
81.66305152524775,21.128514839305026,2022,49.26666272,0.13087934,0.047956698,-0.16936365
81.62921915931658,21.32150642767644,2022,44.41991036000002,0.11068647,-0.008620368,-0.13277452
81.59380533466472,21.369767622645924,2022,43.95505964000006,0.08571317,-0.018115345,-0.10455339
81.56381579048154,21.299593313425866,2022,46.492939490000026,0.10736289,0.018953992,-0.1448448
81.52333830312818,21.212707817794207,2022,43.16891504,0.17205375,-0.018860638,-0.19173287
81.72997095431278,21.257394112397595,2022,50.03913524000001,0.116118364,0.024606489,-0.15132901
81.63515412333882,21.123114403909543,2022,49.11968786,0.155828,0.052410048,-0.19889618
81.772720804603,21.2584077024613,2022,44.12254261999999,0.13830055,0.03444733,-0.1812643
81.71653982749243,21.212054495014904,2022,45.489750619999995,0.16122966,0.009684782,-0.1751702
81.53595888735215,21.350229933089935,2022,47.96268809000003,0.10954848,0.05405974,-0.15568037
81.50216024894736,21.238987902764688,2022,44.91894128000001,0.14488477,0.04040047,-0.18012603
81.57132953647373,21.1505911511599,2022,50.681723000000034,0.122859955,0.058571193,-0.17198412
81.66082887579648,21.160130209356524,2022,45.67774172000003,0.15370268,0.023675904,-0.18329318
81.55326988049117,21.29659548148817,2022,46.31691146000003,0.17583299,-0.03104031,-0.18805315
81.57586928113939,21.240777468450357,2022,43.770486559999995,0.2437556,-0.08405172,-0.23391698
81.59224096512914,21.35809902952466,2022,44.84887187000004,0.11758761,0.02953851,-0.1533018
81.60060004820558,21.262826225026224,2022,45.49658666000005,0.13486174,0.014423588,-0.16738677
81.64544007225953,21.320259334357697,2022,47.373079640000014,0.103145055,-0.0052337125,-0.13133201
81.67070317962126,21.351853100201566,2022,47.403841820000025,0.06637826,0.060915116,-0.09957716
81.65022982458707,21.37060159683717,2022,46.737327919999984,0.063365564,-0.0019697156,-0.07815605
81.62761202782299,21.373302566505537,2022,46.86721268000002,0.0721475,-0.015095294,-0.07545231
81.54405782044341,21.358372782263928,2022,48.10453591999999,0.10306718,0.06815966,-0.15603122
81.58201751206649,21.124388937891474,2022,40.80535421000002,0.10852642,-0.12258573,-0.08846474
81.72857477616363,21.176177631507432,2022,50.249343469999985,0.1192289,0.08904688,-0.17249842
81.64542227421806,21.294009352442636,2022,45.21972704000001,0.13564873,-0.015348972,-0.1625525
81.68290893175667,21.14440615209771,2022,43.86277310000003,0.044876624,-0.02423137,-0.04058943
81.59447431010392,21.370829027277075,2022,45.018063859999984,0.11136439,0.040350486,-0.14935361
81.52138464075414,21.21059570987137,2022,44.18406698000001,0.1394305,0.032753505,-0.18250355
81.57964713766825,21.264160137745954,2022,44.86083494000002,0.16020367,-0.01968071,-0.17866476
81.75209434462289,21.28578937650995,2022,50.92440241999998,0.1374157,0.054028917,-0.18220563
81.52617163280159,21.16440422580064,2022,45.12060445999998,0.28769195,-0.08626735,-0.28240567
81.61125351873788,21.317655831214832,2022,49.36236728000006,0.055761166,0.020711752,-0.08379417
81.61637974358862,21.17044447046305,2022,41.87177645000003,0.23144089,-0.040912405,-0.23934545
81.55514794718131,21.273935458819455,2022,46.241715020000015,0.14693986,0.009677999,-0.1606511
81.57234403009629,21.245498818346203,2022,46.42799710999998,0.1506805,0.03254478,-0.18535393
81.59950145212271,21.32767041816414,2022,42.64937600000002,0.062035814,-0.015717866,-0.069212824
81.63818589501443,21.17744604545826,2022,46.30494839000005,0.11372379,0.007093371,-0.15386955
81.60943857108484,21.19809820067088,2022,43.92429746000005,0.32428235,-0.10017816,-0.30456623
81.716243330871,21.28114392589964,2022,46.981716350000056,0.12410958,0.039342176,-0.16106007
81.60477904336007,21.297193102939627,2022,50.695395080000026,0.095161006,-0.015374006,-0.10702755
81.62478685432102,21.174331042821688,2022,46.590353059999984,0.22902533,-0.045577805,-0.24778485
81.58204038673583,21.3116251020925,2022,47.08596596000001,0.09637855,0.016137429,-0.11938404
81.52243445507077,21.288946508353465,2022,48.34379732000002,0.13019113,0.054822657,-0.1698505
81.71397207764207,21.347831161828346,2022,41.28045899000006,0.14980815,-0.07447884,-0.1573433
81.68033678796738,21.300276331008,2022,42.62886788000003,0.18350881,-0.011776581,-0.188984
81.69898553256384,21.150756591333398,2022,44.937740390000044,0.17720264,0.012022611,-0.2023186
81.59259711568117,21.20878576121073,2022,45.65723360000004,0.19039658,0.005419903,-0.20396361
81.67710368161102,21.372389939365135,2022,46.54933682000001,0.16716522,-0.014314652,-0.1797691
81.72088011605071,21.209068707887585,2022,46.54933682000001,0.1258722,0.10229151,-0.17544809
81.66764864255344,21.164100174592328,2022,39.89445188000002,0.025110569,-0.053447247,-0.019370344
81.75518012734467,21.30397264280519,2022,48.518116340000006,0.18334313,0.0050888364,-0.2083348
81.65146623289472,21.360705924259932,2022,50.23054436000001,0.027983833,5.4712757E-4,-0.028194238
81.68804565659636,21.355308748557796,2022,50.26472455999999,0.119070515,0.026929107,-0.14668089
81.72149042236288,21.28886194074232,2022,48.68901734000002,0.21406716,-0.08617789,-0.22458541
81.67156319295401,21.257006882552684,2022,46.10841224000001,0.07971493,0.012715367,-0.11711387
81.61409024766061,21.193070035725455,2022,45.73413905000001,0.14439748,0.03571167,-0.18700507
81.66163359701535,21.326838724401735,2022,50.03571722000004,0.13818988,0.019664332,-0.16705883
81.54704840213027,21.249068751617855,2022,38.686181809999994,0.2091759,-0.11058782,-0.20196988
81.6405444730602,21.35463148110031,2022,52.52745379999999,0.08908267,0.02729737,-0.11301385
81.59039700040515,21.35256540956585,2022,48.53862446000005,0.10046228,-0.0045430874,-0.12256692
81.49898141959517,21.25056459190684,2022,47.15432636000003,0.13081564,0.04144072,-0.16621059
81.66877578240471,21.122545243705204,2022,49.79132879000002,0.13080303,0.0719055,-0.18184994
81.66590408566337,21.270590250875692,2022,46.27931324000002,0.089195065,-0.004746281,-0.12795022
81.61449541870347,21.163081285469715,2022,44.219956190000005,0.20392323,-0.05420226,-0.21912792
81.76080893308517,21.246039258004373,2022,49.29913391000002,0.104531996,0.048215687,-0.15227164
81.52384021001826,21.308372644093335,2022,48.694144370000004,0.13164008,0.01915019,-0.1579232
81.66264423794713,21.314359060490453,2022,42.803186900000014,0.2275955,-0.020030864,-0.2167181
81.57370751823066,21.14218598118467,2022,46.340837599999986,0.12607293,0.036349926,-0.16157301
81.56519900796164,21.18833636918866,2022,44.72411413999998,0.07555769,0.034155946,-0.11820449
81.61163620681613,21.23608344252725,2022,44.02000201999999,0.116045244,0.002122612,-0.15341319
81.75532744613753,21.25734951532342,2022,50.41511744000002,0.11978872,0.039948244,-0.15092291
81.61220350695667,21.310804407916894,2022,51.59091632000002,0.11721705,0.078854665,-0.1268903
81.63649659927825,21.373712722368722,2022,48.91802468000003,0.09158887,-0.015476435,-0.09819719
81.60102459756312,21.198254753707353,2022,43.88157221000006,0.1652015,-0.015915478,-0.18864076
81.53591511616094,21.255263432688217,2022,45.865732820000005,0.14724196,0.023841431,-0.1806257
81.5026168070299,21.19581185680173,2022,42.22212350000001,0.18801722,-0.039446957,-0.1973431
81.59623786554661,21.233477743136607,2022,46.17506363000001,0.08507394,0.010487167,-0.114347704
81.6467681029016,21.262309159845074,2022,45.35986586000001,0.078546055,0.025988335,-0.11806279
81.60630322918095,21.344926527700746,2022,49.601628679999976,0.11607092,0.02589013,-0.14108054
81.58319724281262,21.34121765358173,2022,47.140654280000035,0.12204234,0.021184139,-0.15213057
81.70820155390355,21.239355660710295,2022,48.83599220000002,0.13843846,0.026272377,-0.17473188
81.74148532142324,21.31554818286908,2022,49.86139820000005,0.1240278,0.027540417,-0.16971672
81.71436649774571,21.308037685985102,2022,47.84305739000001,0.19218756,-0.0038499928,-0.20635162
81.65578597562745,21.18616227402421,2022,48.69927140000004,0.072219275,0.04534999,-0.121414386
81.58595408678312,21.215479010422904,2022,45.59570924000002,0.1789078,-0.013838593,-0.18046118
81.75846649461398,21.198825305510006,2022,52.79576837000002,0.10548579,0.08787702,-0.16095689
81.56942921701024,21.240299604985903,2022,44.87792504000004,0.16779275,0.00846249,-0.17737383
81.59126785067288,21.17643910523288,2022,45.34448477000001,0.19706127,-0.02359458,-0.20276296
81.66364501592454,21.283072468128736,2022,43.809793790000015,0.18609883,-0.004210526,-0.18338978
81.71366947599967,21.25681593214983,2022,49.31109698,0.13732757,0.047449347,-0.18206784
81.74976478964345,21.216321021439956,2022,47.882364619999976,0.08769458,0.05837593,-0.12874252
81.74525347705905,21.21317348621242,2022,51.78574346000005,0.12722586,0.053216342,-0.17359982
81.67036027383881,21.153820303422282,2022,47.58328787000005,0.09526428,0.043445636,-0.13489068
81.68815572548276,21.206396363306848,2022,47.55936172999998,0.1313799,0.063260786,-0.19169553
81.72279430917413,21.24433719549463,2022,49.71442334000005,0.12281237,0.06603235,-0.15595682
81.58436903361958,21.364283147128642,2022,50.32453991,0.09299672,0.051770274,-0.13622716
81.71249089274983,21.189714633351844,2022,45.243653180000024,0.13577901,0.045053784,-0.17472798
81.62650230662554,21.19438501341561,2022,47.12527319000003,0.17883572,-0.0041973838,-0.20056203
81.62721817752225,21.299436503085467,2022,47.468784200000016,0.090116054,0.024499042,-0.10662186
81.55996601790164,21.353676613374518,2022,49.71784136000002,0.09537513,0.050119877,-0.12947017
81.5924886834714,21.14274499082656,2022,40.692559550000055,0.21542968,-0.075619794,-0.23378521
81.70293499592101,21.303540997971908,2022,48.60185783000003,0.15947779,0.0012274416,-0.17626145
81.70091038988274,21.33678369210688,2022,48.309617119999984,0.14850019,0.004356489,-0.17005993
81.66789646810092,21.271424914445916,2022,48.125044040000034,0.12672219,0.04120024,-0.15297304
81.71797453409151,21.162121907176406,2022,48.75395972000001,0.1288498,0.036544263,-0.17017625
81.49639492712897,21.213790952079993,2022,42.51607322000001,0.13486665,0.010724039,-0.15341902
81.52148038414848,21.1794340928525,2022,46.67922157999999,0.1320805,0.03633321,-0.17494899
81.7046917732011,21.271919596527283,2022,46.976589320000016,0.13770837,0.06528117,-0.18186231
81.5873154517015,21.16353898933816,2022,46.810815349999984,0.14178656,0.038447227,-0.17478041
81.76580755938564,21.222602802442328,2022,47.70120956000005,0.114747636,0.030611927,-0.14432383
81.62124692117207,21.37267890524969,2022,50.19978218000006,0.09962498,0.02911643,-0.12564155
81.54361832854299,21.2693864585487,2022,47.865274520000014,0.14876062,-0.0013447562,-0.17844124
81.74650367346922,21.23267511320531,2022,55.19009138000001,0.12279245,0.0802473,-0.16495048
81.69374551517535,21.241129379099892,2022,43.11422672000003,0.18343355,-0.024223179,-0.18815815
81.55969813576115,21.223595884228036,2022,50.67488695999998,0.1318855,0.036448736,-0.17162268
81.6791907928619,21.257013824599532,2022,46.02296174000003,0.16690877,-8.877537E-4,-0.1816059
81.6327418724425,21.177278170964783,2022,47.35769855000001,0.1550949,0.009615654,-0.19399756
81.74653068621231,21.259662667746554,2022,52.80431342000003,0.12575689,0.06695289,-0.1773922
81.63660144562903,21.34854238727601,2022,49.01372924000003,0.089338645,0.023853082,-0.10755843
81.66865626841002,21.266283264238915,2022,43.23898445000003,0.16698118,-0.020831041,-0.17779793
81.73100692547501,21.29213217027579,2022,48.18315038000003,0.177361,0.0011901779,-0.20503326
81.72854193523057,21.301042630302742,2022,48.80523002000001,0.12438548,0.008845354,-0.17685205
81.74612547861156,21.233775932011472,2022,50.48518684999999,0.11299043,0.054920513,-0.13972019
81.76668651334782,21.258129567423634,2022,44.19773906,0.16244051,0.03309754,-0.1748147
81.61258252822596,21.229465238775223,2022,45.71704895000005,0.105189435,-0.0039706267,-0.13383427
81.7682140350482,21.261185219129732,2022,46.846704560000035,0.115655,0.042332906,-0.1619713
81.64363631091372,21.227413411588355,2022,40.16960248999999,0.2651518,-0.13403066,-0.24850476
81.60959554364176,21.26125737279955,2022,44.09007143000002,0.18239549,-0.036621198,-0.18870702
81.58454525415988,21.19803308566702,2022,46.103285210000024,0.1667805,0.027089387,-0.2001153
81.70116232767805,21.207110142171135,2022,46.241715020000015,0.20976414,-0.055809297,-0.22242747
81.69763069571164,21.27175771539476,2022,46.01441669000002,0.1569024,0.047035266,-0.17508906
81.57631209284796,21.217915094143383,2022,45.17187476000004,0.1808618,-0.033258725,-0.18431798
81.50155318452204,21.245825757926596,2022,43.57395041000001,0.17610109,-0.009474242,-0.19194113
81.6536754950567,21.202449991065837,2022,40.661797370000045,0.17345743,-0.0058155465,-0.18667266
81.54125405105596,21.17118254918223,2022,45.56152903999998,0.12522328,0.0467516,-0.1659645
81.5702991860897,21.367366648604584,2022,46.33058354000002,0.13706161,0.013908526,-0.16316953
81.65055905103367,21.202317770293664,2022,38.13075356000002,0.07388406,0.0015774055,-0.083336726
81.6155481563421,21.31301518944634,2022,51.79428851,0.10609604,0.02849494,-0.12276166
81.61631760389163,21.16129696701496,2022,45.00439177999999,0.15051655,0.0145782465,-0.18891215
81.67972601919134,21.228848641935855,2022,44.95312148000005,0.21825446,-0.021486335,-0.21679822
81.54764450686163,21.1480853298448,2022,46.15797353000005,0.12846507,0.058916435,-0.15532154
81.67712204448272,21.17034175324219,2022,47.09451101000002,0.11571183,0.06750147,-0.16707818
81.54739164352571,21.24917897340298,2022,39.610756219999985,0.17922251,-0.09865054,-0.1660219
81.61890180145133,21.286039909484636,2022,47.00051546000003,0.08227995,0.0100723505,-0.106258176
81.7071057093754,21.289706816371183,2022,48.83770120999998,0.118369795,0.047123592,-0.14987771
81.65413891635613,21.31795318532636,2022,46.009289660000036,0.1686711,0.011889536,-0.17740023
81.60915954244204,21.298279807994145,2022,48.333543260000056,0.09852823,-0.007233414,-0.11464968
81.5613204350718,21.145420331799855,2022,46.26564116000003,0.12644772,0.06518677,-0.17600292
81.71805102785262,21.17342296575838,2022,51.13802867000004,0.122484,0.052780837,-0.16617762
81.6875819097844,21.323688443559714,2022,46.71169277000001,0.13829969,0.039730553,-0.15777521
81.68274191466507,21.163182544864817,2022,42.57588857000002,0.1425478,0.026958602,-0.16336255
81.63324926185109,21.323106427012007,2022,45.922130150000044,0.059806727,0.01763009,-0.09500179
81.73012357038445,21.21240419182447,2022,48.06010165999999,0.21676135,-0.048159234,-0.23328051
81.589273968823,21.323820930554845,2022,51.765235340000004,0.08076647,0.036490448,-0.119655445
81.65925010213591,21.22628262040076,2022,43.40134039999998,0.098483026,-0.0038350308,-0.13721022
81.62675605170112,21.24179095292559,2022,36.96520873999998,0.103189155,-0.10195693,-0.09476674
81.7283360253882,21.30936296133462,2022,48.79497595999999,0.12036604,0.04126005,-0.16444205
81.62426368985787,21.29794732128182,2022,50.42537149999998,0.12595811,-0.0062271063,-0.13969216
81.70800800213468,21.34635037411418,2022,47.41067786000002,0.1265269,0.04618497,-0.17042217
81.53982662266903,21.286265168861725,2022,40.181565560000024,0.29701534,-0.1619472,-0.28327295
81.59406175467069,21.151969796438596,2022,41.53168346000001,0.2102186,-0.060753856,-0.23485246
81.74678533003255,21.198410279102468,2022,53.226438890000054,0.093600586,0.10701683,-0.14084561
81.74792661765912,21.228602403643237,2022,50.75862845000006,0.114968106,0.07845728,-0.16804807
81.71267662330774,21.191654332027877,2022,46.761254060000056,0.11743229,0.06498324,-0.14944334
81.68531112606878,21.225015702467253,2022,43.23727544000002,0.15762602,0.013043545,-0.18053915
81.60473659075836,21.306855685062516,2022,48.32328919999998,0.108796746,0.0100830365,-0.13651112
81.6341680212685,21.22892649635164,2022,42.10591082000002,0.1148146,-0.0011047435,-0.13566226
81.65203934265217,21.151203400534527,2022,46.13917442000002,0.12757385,0.009731448,-0.15156059
81.7505626872812,21.20671704308715,2022,53.01281263999999,0.14181125,0.06937141,-0.19177222
81.64732143175213,21.16987197548282,2022,43.886699239999984,0.16953406,-0.00853063,-0.17755324
81.6136518549353,21.301307310268538,2022,49.95368474000003,0.04563913,0.052618377,-0.053686436
81.64048947544781,21.190471167373268,2022,46.05714194000001,0.15486223,0.019295013,-0.18376641
81.59242663475409,21.26249234699375,2022,46.36476374000006,0.09469364,0.0033364473,-0.11346354
81.59272648412419,21.151031228209707,2022,38.83486568000001,0.21044181,-0.07459879,-0.2484435
81.6069375167994,21.200536897445392,2022,41.111267,0.3450972,-0.13577867,-0.31140685
81.48957088108443,21.280263791942144,2022,48.51128030000001,0.14492899,0.03847557,-0.18463454
81.56601555598198,21.175621413586136,2022,49.12994192000002,0.134721,0.049900655,-0.17875758
81.72442113847563,21.28535142362273,2022,52.51036370000003,0.06538939,0.008339049,-0.09972377
81.62303471109374,21.36785085067632,2022,43.02535820000003,0.17972587,-0.093824856,-0.17854047
81.6473956518843,21.203003144180258,2022,43.68674507000003,0.09981538,0.026927803,-0.13355805
81.51408954794431,21.216989526092398,2022,44.07127232000005,0.11149945,0.046069577,-0.13755833
81.59995182260933,21.31485348368817,2022,47.57816084000001,0.09164789,0.0213518,-0.11676338
81.71291586916708,21.194737360886787,2022,47.17996151,0.186038,-0.02943444,-0.21239206
81.73404561891594,21.209897444869824,2022,45.79737241999999,0.06466407,-0.0077356705,-0.06893918
81.60787452864844,21.18849317441862,2022,37.94447147000005,0.18874322,-0.11656591,-0.16314454
81.76840590364779,21.236913980819406,2022,50.469805759999986,0.12674654,0.06433232,-0.15306531
81.63888277414547,21.16901986240631,2022,48.12846206000006,0.16295557,0.014235706,-0.19002676
81.66914687979288,21.255514345658757,2022,41.63935108999999,0.15019932,-0.020405333,-0.14427358
81.64586132769173,21.216359921214252,2022,44.95995751999999,0.09252421,0.0036851135,-0.11963157
81.74561242366286,21.228138115207294,2022,49.58282957000006,0.12447302,0.057592086,-0.15095833
81.53320108040501,21.29167935082046,2022,45.39746408000002,0.14506318,0.020661363,-0.15774947
81.52497568423797,21.17830200755198,2022,47.092802000000006,0.12992366,0.0524109,-0.1797404
81.62892495287316,21.35407205404375,2022,45.95801935999998,0.15394913,-0.017855225,-0.16153532
81.59783381373458,21.234043328732444,2022,44.968502570000055,0.16302197,-0.036998875,-0.18438084
81.68477013217844,21.242474106251755,2022,44.91894128000001,0.13691649,-0.03188406,-0.16230766
81.69528352040395,21.14832846675185,2022,47.05349477000004,0.12245509,0.06402235,-0.15478207
81.68797914889255,21.32614229303848,2022,47.584996880000006,0.15886842,0.010284043,-0.17294905
81.67863096426771,21.286851246760598,2022,44.19773906,0.17667073,0.020312248,-0.18713553
81.52493001816323,21.21776166657743,2022,45.22998110000003,0.15500203,0.0146680875,-0.16843827
81.64274737250344,21.29458834497224,2022,45.17187476000004,0.063018546,0.018186772,-0.098879315
81.57665358211271,21.267591841232978,2022,45.161620700000014,0.0857058,0.011623978,-0.121162176
81.65404183069201,21.15690854497848,2022,48.90777062000001,0.16238503,0.042558853,-0.19453472
81.59054855372112,21.206346672992236,2022,44.681388889999994,0.18048139,0.0069993483,-0.2027252
81.5165542891634,21.176050920058376,2022,47.64993926,0.15297623,0.05060362,-0.18623285
81.56073342519822,21.19315506741505,2022,45.20605496000002,0.11514334,0.030239038,-0.15843318
81.59022874301431,21.242178694595392,2022,44.881343060000006,0.26868168,-0.10421181,-0.2520731
81.54188687787573,21.18926737569968,2022,47.85843848000002,0.124212064,0.038156994,-0.14980994
81.62859319730192,21.119945275066186,2022,48.42582980000003,0.1447773,0.073509015,-0.17933363
81.60553396573592,21.27487250718193,2022,47.28421112000001,0.20696013,-0.08075944,-0.20788807
81.59771688031626,21.198685906759493,2022,43.11764474000006,0.25796694,-0.14096408,-0.26505566
81.6321503413692,21.376257821530523,2022,46.583517020000045,0.08001451,0.025219029,-0.09926131
81.61701190212507,21.24632999536983,2022,42.786096799999996,0.12950219,-0.031212404,-0.1472655
81.61185322096671,21.2221257713375,2022,42.84762116000002,0.086942405,0.013437058,-0.11347612
81.70639608047826,21.319431836634546,2022,48.44121088999998,0.16038789,0.036973827,-0.19226216
81.50083093002628,21.24146763199838,2022,46.16651858,0.16416807,0.020474104,-0.18468417
81.61149654625407,21.156147336830752,2022,43.88157221000006,0.15746962,0.029946119,-0.1851797
81.66160627511722,21.281860837185835,2022,45.32739466999999,0.13505293,0.03334426,-0.1602684
81.70318727449839,21.28831031011518,2022,45.77857331000001,0.1759597,0.0023283917,-0.20203832
81.5973082831332,21.273272075539893,2022,49.42389164000002,0.069249436,-0.0038242473,-0.083333336
81.73038957611786,21.333214677231275,2022,48.73345160000002,0.11953995,0.05815749,-0.17730314
81.72616731125792,21.258351849592124,2022,49.649480960000005,0.16463459,0.006755705,-0.19535406
81.59996292511617,21.255751343577316,2022,44.081526380000014,0.08112948,0.0019708818,-0.11384681
81.64625046869116,21.233716337698166,2022,42.427204700000004,0.21019062,-0.06840852,-0.2203315
81.67547548899529,21.301306255797716,2022,42.07173062000004,0.20831561,-0.013287568,-0.1956452
81.76851983523251,21.266984524804485,2022,50.82527984000001,0.11920818,0.024336284,-0.16367611
81.68774225175046,21.20525625312568,2022,46.527119690000006,0.119238794,0.048647024,-0.16440044
81.61165389421733,21.28644502369057,2022,46.021252730000015,0.1126307,5.892331E-4,-0.13653347
81.51270837013011,21.182871213752556,2022,43.57907743999999,0.09516611,0.06402668,-0.14542045
81.51321744009199,21.264438423405352,2022,45.39404606000005,0.14650102,0.051912174,-0.18123476
81.71254105452338,21.262398393433838,2022,51.091885400000024,0.15816589,0.045651373,-0.19735815
81.61257671491289,21.209970932455306,2022,45.86915084000003,0.14980023,0.023676168,-0.17943645
81.61818814118611,21.234618326225778,2022,45.25903427000003,0.07459638,0.012650037,-0.106606714
81.6608798910236,21.20904667751544,2022,47.819131250000055,0.093981534,0.07551854,-0.13007088
81.62459657796973,21.381032907089516,2022,44.19603004999999,0.14655155,-0.03685783,-0.154837
81.54466186166509,21.216182731303,2022,46.70314772000006,0.12028351,0.04419742,-0.16560026
81.71443549427693,21.207021174066014,2022,46.504902560000005,0.13801436,0.03720341,-0.16864143
81.68947377250522,21.330150880479042,2022,47.60721401000001,0.10429176,0.057580728,-0.14105721
81.6518131580246,21.25607288845551,2022,44.760003350000034,0.09298755,0.011724565,-0.118328415
81.62207668437037,21.319215885471408,2022,46.29982136000001,0.08118812,0.022027439,-0.10779193
81.60391464537818,21.307332086235068,2022,44.38914818000001,0.023071794,-0.027984366,-0.018949792
81.64432380411277,21.237142524272613,2022,42.635703920000026,0.1667433,-0.03514855,-0.18003565
81.6974200356015,21.223072386879966,2022,43.343234059999986,0.15230225,0.04165303,-0.18858434
81.57804022133374,21.299054042025215,2022,45.339357740000025,0.11955944,0.023939604,-0.14154048
81.69194022822975,21.153938762400678,2022,39.961103270000024,0.072281584,-0.07107942,-0.06775153
81.69959704388071,21.362987489225524,2022,50.08698751999998,0.10791262,0.04138625,-0.14944002
81.68861486837977,21.271513587076093,2022,45.92042114000003,0.17682807,-0.009443861,-0.1842586
81.64020096768085,21.271547301636158,2022,43.89353528000004,0.16964626,-0.033501726,-0.18600585
81.63268985503696,21.275389059263105,2022,43.38766831999999,0.0706809,0.020308796,-0.09726258
81.69014593332192,21.164391224028662,2022,43.69187210000001,0.11549842,0.07285661,-0.16622314
81.71847706739744,21.207092937184406,2022,44.39256620000003,0.15862463,0.032271545,-0.17923532
81.61302906214945,21.264448237155335,2022,44.17039490000002,0.08813187,-2.8182557E-4,-0.11726692
81.57303527389604,21.29685547129568,2022,48.18315038000003,0.123725355,0.0043168357,-0.14570658
81.72919122254274,21.263652990746237,2022,46.414325029999986,0.17117764,0.048767626,-0.19569466
81.70614062882608,21.25857247319579,2022,45.74268410000002,0.14750363,0.005256786,-0.17437093
81.70619477466418,21.2688460656775,2022,44.28831659000002,0.16572179,0.018853651,-0.18181819
81.7392262701274,21.21406137660208,2022,52.00962377000002,0.12175186,0.05865356,-0.17261794
81.70348745775807,21.295111394531403,2022,48.06181067,0.08482212,0.027844869,-0.114098735
81.67590827545028,21.329311194844237,2022,46.889429810000024,0.18867005,-0.0016579936,-0.17455246
81.55852296993658,21.26566023175857,2022,47.76102491000006,0.13051414,0.02943241,-0.15830898
81.66883436005777,21.123453227154034,2022,49.67340710000002,0.13217665,0.08260913,-0.18568583
81.68273028532904,21.36720783781169,2022,49.434145700000045,0.03100038,0.014632373,-0.0550798
81.65215915295747,21.34442465983127,2022,48.29936306000002,0.115424156,0.015568863,-0.13965213
81.67378398293954,21.22255176133304,2022,42.6835562,0.077690326,0.026732234,-0.1212057
81.59501571194922,21.353621601751176,2022,45.70166786000004,0.1775067,-0.035613637,-0.19182187
81.5554317315174,21.288449526423037,2022,45.452152400000045,0.1432351,0.01981664,-0.1679994
81.6553579501772,21.375190736237514,2022,46.443378199999984,0.09292421,-0.0100950245,-0.09460358
81.7005744552255,21.186921729546878,2022,46.06055995999998,0.13470742,0.038872723,-0.16170079
81.52570250319663,21.24192007231159,2022,49.143614000000014,0.17165226,0.03494495,-0.1978191
81.51822650976618,21.21811525190374,2022,42.28364786000003,0.18160595,0.012825817,-0.19989942
81.50422497298221,21.274642420415475,2022,43.538061200000016,0.25297013,-0.091102645,-0.2535529
81.6872673005837,21.231097498309047,2022,42.51607322000001,0.21588947,-0.040185746,-0.21605103
81.655170295138,21.20852230883923,2022,47.34744449000004,0.10445214,0.05517159,-0.14368138
81.52324360219829,21.199350791787424,2022,42.895473440000046,0.14297159,0.02010615,-0.16906917
81.73151696868841,21.22781209352256,2022,49.24957261999998,0.124952495,0.016348774,-0.15479441
81.60734448633532,21.202845919455633,2022,41.29925810000003,0.24172151,-0.05586568,-0.24883386
81.66319041437478,21.24911342690526,2022,43.727761310000005,0.12658812,0.00923336,-0.16361709
81.52139635678884,21.173431594250825,2022,48.40019465,0.119686596,0.060080107,-0.17000805
81.5521310678528,21.17515450991265,2022,44.16697687999999,0.17085072,0.034442592,-0.20968491
81.60110253619838,21.24149764445996,2022,43.85935508,0.14253241,-9.646202E-4,-0.16804647
81.71993142182087,21.327680889577046,2022,46.53395573,0.1056701,0.060646713,-0.14585057
81.61130145161299,21.378600841636082,2022,49.256408660000034,0.10132671,0.016455915,-0.13071531
81.54278078527854,21.355425966004375,2022,48.66167317999998,0.1104864,0.050357435,-0.14951947
81.61433724118547,21.28905942290215,2022,50.37239219000003,0.05650851,0.0025259727,-0.07369806
81.50239101712327,21.257811093118,2022,47.55423470000005,0.14445537,0.020354051,-0.17375542
81.51315994659385,21.22489613555717,2022,48.96245894000003,0.12138837,0.046243697,-0.15317088
81.64817057816022,21.368734836354978,2022,51.18929896999998,0.0463896,0.0024348134,-0.05711538
81.65400848151793,21.237870315782985,2022,42.81344095999998,0.18925662,-0.06129666,-0.19893467
81.58672787652846,21.33316888012082,2022,48.11137196000004,0.10860876,0.016233545,-0.13687779
81.73613843441417,21.313238312045275,2022,50.975672720000034,0.15148939,0.042809382,-0.19437002
81.63511147270222,21.295252833510474,2022,48.596730800000046,0.07814241,0.027298797,-0.095875464
81.74490830006364,21.221647529669823,2022,42.92623562000006,0.14250931,0.016372615,-0.15745412
81.70841524316083,21.26931030928513,2022,47.03811368000004,0.18028916,0.040510222,-0.20052259
81.60858418627095,21.368269434649363,2022,50.064770390000035,0.0826521,0.027499212,-0.11677929
81.67547614955163,21.257571710958327,2022,45.31030457000003,0.10563253,0.00869255,-0.1410065
81.57619963060417,21.134690911807702,2022,42.29902894999998,0.18324135,-0.021822542,-0.20952347
81.62899662264606,21.158247133768796,2022,48.30449009000006,0.16992228,0.0016434336,-0.19583099
81.5793508054966,21.21231794524461,2022,47.98148720000006,0.14963962,0.054414924,-0.17999186
81.51680596005161,21.320258142963624,2022,50.11091366000005,0.11035571,0.057064798,-0.13160391
81.52554304372475,21.27676567446773,2022,45.13427654000003,0.1129526,0.017983004,-0.15324515
81.62339599775872,21.14693874000604,2022,45.90162203,0.2177636,-0.046608947,-0.21802945
81.70389743288612,21.283348608817484,2022,50.82186181999998,0.090466276,0.054246005,-0.12743595
81.62248906568973,21.31800163505857,2022,48.09086384,0.061281223,0.01281515,-0.096330084
81.65751448405742,21.346714789576055,2022,49.79474680999999,0.12789091,0.02021221,-0.14082025
81.55804173732105,21.258962643269918,2022,45.865732820000005,0.15061674,-0.033849645,-0.16210131
81.67382084298671,21.140038490622366,2022,46.923610010000004,0.14865199,0.033441298,-0.19070354
81.62913105917868,21.145840940727165,2022,48.777885860000026,0.14782122,0.058634263,-0.18104163
81.49040869378204,21.226128252007015,2022,47.489292320000004,0.12222376,0.007926829,-0.15504757
81.61339119387388,21.325089549102007,2022,45.92042114000003,0.11422925,0.007761215,-0.13804728
81.63570538945582,21.204192933246986,2022,45.18554684000003,0.09392671,0.0035068318,-0.1322146
81.64854101464145,21.132456400937674,2022,46.33741958000002,0.22806548,-0.088843,-0.24409369
81.65571062305068,21.153586721013635,2022,48.682181300000025,0.16059943,0.026737032,-0.1941046
81.68581309263054,21.210621450917166,2022,42.84762116000002,0.0727954,0.016982405,-0.10690001
81.7017864003789,21.16235379872715,2022,45.13085852000006,0.14097445,0.038093153,-0.1913235
81.64739675534075,21.208268811845695,2022,43.77732260000005,0.14417878,0.01800492,-0.17988512
81.69262324303308,21.258483478310616,2022,44.70531503000001,0.15938646,-0.04450731,-0.17495543
81.62235057343986,21.239001047776828,2022,44.00291192000003,0.080153234,0.0070432075,-0.11659432
81.69572631858084,21.22997161089044,2022,45.028317920000006,0.14126234,0.014034003,-0.18146461
81.57008186542609,21.36588170804081,2022,45.29150546000005,0.13604027,0.024772165,-0.16808583
81.53627799516738,21.25500886846739,2022,45.66065162000001,0.14855991,0.015541059,-0.17760012
81.67471794326732,21.242108322097135,2022,44.74462226000003,0.10393221,-0.013522958,-0.14156626
81.49606959333089,21.22395948344534,2022,49.01714726,0.122517265,0.025764598,-0.16497968
81.56215859545846,21.266466211480548,2022,46.05714194000001,0.16007905,-0.020798553,-0.17044185
81.69952008718862,21.240754596022956,2022,47.19192457999998,0.1581933,0.012822474,-0.19121122
81.73906617230978,21.176831651426127,2022,49.42047362000005,0.12447979,0.083333336,-0.17796966
81.54421156989285,21.225453984275372,2022,47.36282558000005,0.15140165,0.019174324,-0.16980271
81.7636372387833,21.266575354372495,2022,53.60413010000002,0.12935479,0.03603694,-0.16526295
81.53854009453093,21.1870369867008,2022,46.06055995999998,0.09129469,0.071003415,-0.15328313
81.67491259920583,21.19340199419214,2022,46.16651858,0.13998544,0.05043448,-0.17484017
81.6310910841374,21.235473294539936,2022,45.725594,0.09410133,0.033564404,-0.12654565
81.56793264040527,21.21225525851079,2022,47.31497330000002,0.14846429,0.0070018293,-0.17337507
81.65741926881512,21.331540144865663,2022,48.46684604000001,0.10791759,0.014856114,-0.1341546
81.61347091129097,21.274246888458357,2022,44.720696120000014,0.07950201,0.040577188,-0.12145107
81.69287922312994,21.25498208613245,2022,45.48804160999998,0.11012384,-0.0050315247,-0.14693321
81.71351666638813,21.215379231032045,2022,48.33012524000003,0.118416235,0.08138391,-0.16198838
81.67684899489015,21.208351652887327,2022,41.35394642000006,0.16447146,-0.011855852,-0.19328603
81.5100983346723,21.237801291939704,2022,49.44439976000001,0.12209242,0.034014832,-0.16259575
81.5864096919603,21.300731234067005,2022,50.61165359000006,0.058830973,0.0060788468,-0.083655365
81.72256479048777,21.24761372702348,2022,47.57816084000001,0.14224908,0.03765369,-0.17337498
81.69601874354426,21.192119273481524,2022,46.83986851999998,0.07348954,0.035482258,-0.10967371
81.73269127873769,21.251108205856326,2022,47.757606890000034,0.1366554,0.038119115,-0.16635813
81.49583615132622,21.2507296529685,2022,46.22804294000002,0.08137855,0.04926064,-0.13785242
81.64174754968045,21.147642366269874,2022,46.810815349999984,0.17086269,0.024078008,-0.2014391
81.52335831047982,21.195691965460405,2022,43.17233306000003,0.15301503,1.2661434E-4,-0.1746681
81.62663553206905,21.181544131395448,2022,48.03104848999999,0.1584762,-0.006555458,-0.19193915
81.68404137988749,21.225367027656578,2022,45.00097376000002,0.15270738,0.030454518,-0.17809495
81.62289065944854,21.350937931810343,2022,46.14942847999998,0.08377261,0.03180468,-0.11292472
81.66896120108896,21.181630866203736,2022,47.72342669,0.16336352,0.02395045,-0.1953636
81.7007069924483,21.351243050168932,2022,49.62213680000002,0.1344433,0.035640683,-0.17088607
81.66953261547671,21.18920112322863,2022,44.864252960000044,0.21346809,0.020988971,-0.2368984
81.5087078986936,21.203084112864072,2022,41.80170704,0.113866284,0.028397027,-0.14657062
81.54155016713833,21.25108299180761,2022,39.793620290000035,0.10656683,-0.05629332,-0.10384511
81.71563244751705,21.17807257995319,2022,50.10065960000003,0.1242269,0.0501075,-0.16058888
81.6516518079824,21.253585765546813,2022,44.23704629000002,0.06506041,0.025064021,-0.10439481
81.55860859895529,21.26600234670043,2022,46.583517020000045,0.13711344,0.028476035,-0.16258164
81.62414569251906,21.223669222992758,2022,44.78734751000002,0.10951097,0.0012901641,-0.14253585
81.61286652509695,21.187130629552655,2022,45.568365080000035,0.18005098,-0.01744838,-0.20306201
81.6924235650241,21.28506621899104,2022,43.57565942000002,0.09757329,-0.012894531,-0.1219683
81.60578047795055,21.19544386110991,2022,38.18885990000001,0.34213975,-0.13845208,-0.3007103
81.62286029246017,21.12039563350837,2022,49.40509253000005,0.12098208,0.07555782,-0.1760584
81.58302036518256,21.217946681828373,2022,44.36009501000001,0.17370607,0.009868843,-0.20859407
81.56880316182509,21.261517570618683,2022,46.37501780000002,0.071271725,0.024833146,-0.09904544
81.70342439539864,21.254927744337262,2022,50.11774969999999,0.13854285,0.036505677,-0.17963305
81.65059074357045,21.204103886067728,2022,44.62499156000001,0.10618564,0.02392955,-0.1383828
81.73227891881824,21.26814854366185,2022,51.160245799999984,0.1132257,0.082424894,-0.16555767
81.67707766632485,21.349426547773966,2022,48.14555216000002,0.08264572,0.02600135,-0.10452867
81.61347077822259,21.365520994483603,2022,52.151471600000036,0.088336,0.027864618,-0.12139861
81.62894700326042,21.29250557420434,2022,49.875070280000045,0.11690019,0.016605766,-0.12943034
81.57170557222558,21.129098836431492,2022,43.50217199000002,0.12625822,0.016582193,-0.14138529
81.57420819681695,21.288926235807207,2022,44.65575374000002,0.1125863,0.009723817,-0.1362932
81.68916448006739,21.169485529638887,2022,44.21824718000005,0.12941344,0.03389727,-0.17387755
81.56401794022321,21.20525057080227,2022,47.11160111000004,0.14753263,0.037335653,-0.18089351
81.67553449497552,21.314869670619576,2022,46.22120690000003,0.17927632,0.02407293,-0.18772633
81.59722321636626,21.291792391930382,2022,47.01076952000005,0.12219047,0.012707258,-0.14844677
81.62825979590589,21.313963481587155,2022,44.980465640000034,0.066810906,0.00859738,-0.10754812
81.66936101514705,21.161281709770783,2022,43.65769190000003,0.17692335,0.004466892,-0.19392167
81.54524068288413,21.319857738050363,2022,47.55765272000002,0.14183164,0.03845195,-0.17130385
81.63512195658033,21.322126980483553,2022,42.522909260000006,0.09204152,0.016472265,-0.11490169
81.62322432417182,21.217472448401107,2022,47.70633658999998,0.08434767,0.0231212,-0.12064926
81.68847986324037,21.181210231524588,2022,44.39598422000006,0.100091696,0.0527712,-0.13540523
81.62070495433129,21.205701712431775,2022,45.25048922000002,0.17477998,-0.0031999531,-0.1843893
81.65754495816364,21.370963218671225,2022,47.709754610000005,0.07501541,-0.012527634,-0.07516836
81.7094177758747,21.267033331044484,2022,46.48268543000006,0.16149902,0.047366362,-0.18440406
81.59093579911142,21.152834229605222,2022,38.92715222000004,0.20876297,-0.04549974,-0.23664914
81.763344104587,21.29602306368911,2022,47.91483581,0.11430136,0.06473317,-0.16191334
81.73235414728373,21.23987369181523,2022,45.68115974,0.14617312,0.048125327,-0.1898114
81.5579508940157,21.139411365704607,2022,45.47607854,0.13885295,0.032305345,-0.16992137
81.6082177931683,21.22996581663829,2022,45.92383916000006,0.09279271,0.003972389,-0.120759144
81.7409883697325,21.219998697984302,2022,49.42730965999999,0.15348166,0.059255112,-0.18047649
81.56546619066104,21.245204689645377,2022,47.502964399999996,0.14643158,0.014186405,-0.16918485
81.56412646169747,21.284700856045276,2022,44.31736976000002,0.17253052,-0.02758316,-0.18499108
81.68435110998632,21.32761603345094,2022,49.117978849999986,0.112028375,0.049007848,-0.1333524
81.52002087368152,21.238694457077354,2022,48.186568400000056,0.18453279,0.01479644,-0.2040518
81.61651193543747,21.347914667648475,2022,51.009852920000014,0.111763,0.021203328,-0.14960866
81.59334671246486,21.222857999518272,2022,46.59889811000005,0.07010858,0.0235709,-0.10472302
81.73087982342317,21.30910272575342,2022,47.37991568000001,0.19593273,-0.022214118,-0.2166522
81.70533718762196,21.32782738856464,2022,48.71807051000002,0.13948184,0.023500752,-0.16933934
81.53215457319959,21.311944968855133,2022,49.09063469,0.17477934,9.976089E-4,-0.19539185
81.70114651492827,21.279645276708035,2022,46.69631168000001,0.19063918,-0.038389448,-0.19597025
81.66639891625657,21.291740427195542,2022,43.52780714000005,0.17212962,0.0055163205,-0.1727124
81.57950137605923,21.31707363815939,2022,48.967585970000016,0.041005477,-0.010312557,-0.051737998
81.7005190464279,21.135253645679526,2022,41.391544640000006,0.2545068,-0.14067404,-0.2532177
81.62962621408052,21.12073345470417,2022,49.60846472000003,0.13658303,0.08393303,-0.18821841
81.72175821688846,21.236036781381145,2022,45.85547875999998,0.117120996,0.03222744,-0.13730724
81.52051054258158,21.256988240054945,2022,47.08938397999998,0.12356218,0.012431246,-0.16145678
81.65366001556936,21.363983617881793,2022,51.12777461000002,0.025316456,-0.018970054,-0.025756162
81.52982546231486,21.178652583690273,2022,48.70952546000001,0.10451314,0.07215046,-0.15792668
81.571730470005,21.275819644553955,2022,46.07423204000003,0.11501116,0.022560218,-0.1441022
81.59745686088885,21.360368557055306,2022,40.93865699000003,0.20528956,-0.06617117,-0.21548088
81.60097750352247,21.270642665092193,2022,44.2558454,0.21270177,-0.06632179,-0.21517648
81.50915261361253,21.2103203491756,2022,43.12448078,0.18601424,-0.030816687,-0.19941719
81.60379660908266,21.18007873947421,2022,40.24821695000003,0.13841675,0.027280752,-0.18421438
81.53063084906705,21.2820181296827,2022,49.41363758,0.1380679,0.014938192,-0.17431529
81.66320146215665,21.237785793298023,2022,43.592749519999984,0.07085005,0.026596803,-0.1052037
81.63133766325677,21.167513718739603,2022,44.69335196000003,0.20908779,-0.07289518,-0.20326252
81.64466561728486,21.266936316080635,2022,44.14988678000003,0.1747855,-0.022552853,-0.19690242
81.59352399468759,21.167645396725106,2022,48.88897151000003,0.13263209,0.041903716,-0.16913484
81.70199084766465,21.26785453754748,2022,45.506840720000014,0.08527808,0.06345451,-0.13103762
81.5018527542571,21.264982336133937,2022,44.09861648000003,0.21491385,-0.033637468,-0.21778701
81.57336038099137,21.24725743046955,2022,45.48804160999998,0.14352794,-0.011462302,-0.1669119
81.51873784958941,21.201576455827777,2022,44.33787788000001,0.13487776,0.03583417,-0.18376836
81.66417549260497,21.229723505697837,2022,43.67478200000005,0.16626611,-0.015021867,-0.18609044
81.74614362382052,21.19823002027501,2022,52.517199740000024,0.11236357,0.10007852,-0.16565555
81.55414915739736,21.26301861471061,2022,41.25140582000006,0.18545063,-0.03474254,-0.19192624
81.58194249320725,21.320658724973953,2022,48.31303514000001,0.07106017,-0.013351406,-0.07485862
81.57351266977754,21.32743295727963,2022,45.18554684000003,0.12045919,0.011377827,-0.14123254
81.69178055323013,21.30741447224752,2022,47.33719043000002,0.15463877,0.012153372,-0.16845515
81.56474705792391,21.361076202134484,2022,46.67238554000005,0.107489884,0.048559457,-0.14426345
81.5849931130069,21.269210652618323,2022,49.93659464000001,0.06349772,0.035666823,-0.09807771
81.62254889910969,21.350487799659554,2022,46.23146096000005,0.092192955,0.0358256,-0.120416716
81.61777479670481,21.29146771131536,2022,49.027401320000024,0.041678667,-0.020250833,-0.06901511
81.68734992706102,21.27288220302236,2022,45.42822626000003,0.09437372,0.08988035,-0.11683268
81.50179828102982,21.204097171705108,2022,42.77584274000003,0.24413875,-0.10703827,-0.23923533
81.74901952277524,21.236107600801443,2022,47.57986985000002,0.20044424,0.008330991,-0.21006826
81.56464027574113,21.161401957275643,2022,48.64458308000002,0.0848049,0.079567425,-0.1363043
81.70750559502699,21.33514225278793,2022,46.272477200000026,0.1784108,-0.019764444,-0.189645
81.7393539960901,21.213411380558018,2022,51.40121621000003,0.11753044,0.07201463,-0.16985917
81.66291844095986,21.192754484875135,2022,49.11114281000005,0.1420084,0.05984928,-0.19357452
81.62341595931882,21.32085145689057,2022,46.6655495,0.10805548,0.022541631,-0.14092806
81.66458267009332,21.363238781424666,2022,47.66019332000002,0.0950847,-0.0057561486,-0.097972006
81.622206971962,21.270093832289447,2022,44.49510680000003,0.08952659,0.005372935,-0.120282665
81.56039624330927,21.25445315009342,2022,45.94092926000002,0.1947806,-0.035791688,-0.20302817
81.7359131241936,21.21716056823159,2022,48.651419120000014,0.12836564,0.027646663,-0.16885892
81.54395807818274,21.16752073157651,2022,49.844308100000035,0.12803008,0.049520634,-0.17447291
81.52771381895269,21.182875178629512,2022,44.898433160000025,0.13413267,0.03418952,-0.17852604
81.62170635899086,21.155842896442778,2022,45.031735939999976,0.28484398,-0.09604308,-0.28003508
81.64239155019796,21.13296958603587,2022,48.47197306999999,0.16178878,0.039949972,-0.19040664
81.50221702283672,21.212373120044862,2022,45.178710799999976,0.14691517,0.03224109,-0.18276651
81.6100452893495,21.295664083267663,2022,48.82232012000003,0.12745546,-0.018380973,-0.14355518
81.59341719403768,21.24524038479116,2022,43.16720602999999,0.21430543,-0.052621502,-0.20730546
81.64683521903763,21.383841362907535,2022,50.29377772999999,0.060994696,0.029545093,-0.08230963
81.56458058824626,21.277882292404616,2022,46.908228920000056,0.09769295,0.037143074,-0.1431945
81.55802503172126,21.30224209723479,2022,49.28033479999999,0.082193136,0.024053141,-0.110221826
81.51476450559625,21.313158357867753,2022,51.88486604000002,0.10482834,0.05862846,-0.14454165
81.62354787185694,21.145224773633494,2022,43.89524429000005,0.17247574,0.0052023036,-0.19640465
81.67965972697561,21.243070654029093,2022,46.39894393999998,0.17657216,0.01520407,-0.20875612
81.55688574086147,21.174590694648003,2022,47.25344894,0.17543738,0.036920704,-0.20096852
81.59118594939758,21.311705571896947,2022,46.83303248000004,0.08211454,-0.0056497175,-0.09119986
81.65959371690845,21.15508964640525,2022,49.07354458999998,0.17085731,0.03308026,-0.20363824
81.66888149452835,21.287598391584474,2022,42.938198690000036,0.17639408,-0.027519256,-0.17849067
81.64998142158498,21.21727707264417,2022,43.41159446000006,0.124781705,0.0029209019,-0.1556639
81.60116471112923,21.321372561699743,2022,49.09576172000004,0.10242937,0.0143328905,-0.13644214
81.61059287818159,21.322397326299544,2022,49.94001265999998,0.08468059,0.0020758498,-0.11262277
81.63052404399117,21.14612438348896,2022,47.30301023000004,0.18046936,-2.2665116E-4,-0.20052958
81.68078074723944,21.179181755050337,2022,45.792245390000005,0.13991523,0.027073473,-0.17796719
81.59299781125513,21.379610345941142,2022,46.58009900000002,0.12422869,0.020178946,-0.1570409
81.68299787135737,21.215544749590013,2022,41.77436288000001,0.09096705,0.016039707,-0.12984553
81.61209117300862,21.250824806070934,2022,45.792245390000005,0.11911534,-0.004838547,-0.14080262
81.6099905208045,21.21102072276985,2022,43.90891637000004,0.17950842,-0.00578869,-0.19532847
81.51781213170315,21.191849112219387,2022,45.38721002,0.12993342,0.055061284,-0.16400981
81.65664459765455,21.23731824565092,2022,40.62932618000002,0.1469358,-0.029857231,-0.17779434
81.55864643903695,21.199064254162984,2022,45.64356152000005,0.13960911,0.042110022,-0.17835954
81.76079237745975,21.275124964739668,2022,53.81946535999998,0.1073467,0.04916591,-0.15430969
81.51486704472046,21.174044147002782,2022,49.451235800000006,0.12221819,0.06532663,-0.16325484
81.51055416385468,21.186104807847283,2022,42.64937600000002,0.13176508,0.06472004,-0.18358603
81.64913682830213,21.300957017130226,2022,45.44189834000002,0.16676086,-0.013340346,-0.16422299
81.7698676895753,21.222795856612088,2022,49.403383520000034,0.097393446,0.02376737,-0.13941412
81.56133597174825,21.21186263175619,2022,48.34721534000005,0.14765537,0.0474379,-0.1857375
81.55208878101624,21.348454247315875,2022,48.34721534000005,0.13050722,0.030695422,-0.15943913
81.74380265094736,21.22588178277099,2022,47.88578264,0.13819392,0.038733374,-0.18047045
81.63176307411668,21.14672489002189,2022,45.95118332000004,0.18235065,0.0059093894,-0.21718448
81.54912025541702,21.203077407078208,2022,46.932155060000014,0.13712022,0.057612833,-0.1859608
81.55063958585728,21.201905972599643,2022,49.748603539999976,0.13493258,0.042346563,-0.18207479
81.66571109009563,21.20785974452877,2022,44.21482916000002,0.07666246,0.02985499,-0.12083542
81.58297244037824,21.238202263741623,2022,47.38333369999998,0.0981044,0.010768446,-0.13690454
81.51544860120873,21.18422277539815,2022,46.37159978,0.11847346,0.05094015,-0.15623596
81.7528913596753,21.203708606369336,2022,53.73743288000003,0.10799645,0.09500105,-0.15848848
81.58337964219571,21.167821318921053,2022,50.58772744999999,0.117651336,0.041759472,-0.15456797
81.5960871823512,21.233986487563204,2022,45.77686430000006,0.14850183,-0.026510697,-0.17241505
81.53653821023651,21.324515298894394,2022,48.35234237000003,0.22739726,-0.08635133,-0.23774669
81.60226537085273,21.145548870706172,2022,38.19398693000005,0.17463933,-0.09662302,-0.16340087
81.57741086437069,21.15212005545491,2022,48.58989475999999,0.16021498,0.052015733,-0.19847503
81.514321684675,21.21577194462204,2022,42.70748234000001,0.19707121,-0.026263583,-0.20791803
81.71345661995991,21.216124399595596,2022,47.140654280000035,0.12459028,0.06763042,-0.16339229
81.5776125598018,21.193385904356646,2022,48.42412079000002,0.11487353,0.056940734,-0.15394825
81.67731691605354,21.335132500572765,2022,47.79691412,0.13415599,0.026272578,-0.15503615
81.6058849939683,21.196673737452667,2022,38.96987747000003,0.30931282,-0.104492754,-0.28347754
81.56455883004466,21.29783848613034,2022,46.74074594000001,0.117424674,0.029517114,-0.14349355
81.72160408095125,21.15145199108383,2022,48.02421245000005,0.1320162,0.072364144,-0.1852819
81.6707397788618,21.329916682564562,2022,48.98980310000002,0.11945748,-0.00576826,-0.13600457
81.71071163545942,21.255926102095852,2022,49.71784136000002,0.14433868,0.04258477,-0.18903974
81.61439093188004,21.228560377709137,2022,44.61131948000002,0.07246864,0.013547788,-0.10924838
81.74549319561503,21.26367576430166,2022,54.49623331999999,0.119519316,0.0608871,-0.18129121
81.65583980583247,21.33470701116541,2022,48.85650032000001,0.13928503,-0.005771762,-0.16516775
81.5372379739757,21.33249169043421,2022,48.988094090000004,0.10773833,0.04434006,-0.13307086
81.49467876091096,21.239843483910104,2022,45.49316864000002,0.12038454,0.0490641,-0.15825129
81.56596651293025,21.146413703737533,2022,47.84305739000001,0.11592031,0.05731916,-0.15941055
81.72690278974642,21.232000524973223,2022,48.73345160000002,0.1484064,0.052534096,-0.1946076
81.57873556142037,21.372321532208687,2022,48.565968620000035,0.112096146,0.03782153,-0.14838932
81.58813603674125,21.291376958761383,2022,46.10499421999998,0.17324635,-0.02431999,-0.17580312
81.73972105578046,21.272769579904253,2022,48.06181067,0.14308888,0.02917194,-0.1715512
81.71153572100431,21.150070700334023,2022,48.11820799999998,0.115841895,0.073405854,-0.15455239
81.71755658661628,21.264952656050703,2022,51.56015414000001,0.0789842,0.06527702,-0.1402409
81.70199051030006,21.305600321862368,2022,47.511509450000005,0.19194873,0.032462798,-0.20880808
81.61713474507549,21.297289667823232,2022,49.46148986000003,0.036935706,0.025706941,-0.044622917
81.6428143465582,21.32993742328616,2022,47.41067786000002,0.14791831,0.0031028513,-0.17193979
81.6433527584984,21.26448021991784,2022,45.67432370000006,0.12665726,-0.021777365,-0.15312715
81.69844444887856,21.173655642092143,2022,46.58864405000003,0.1413575,0.038484804,-0.18233179
81.69779523629575,21.153414731477255,2022,47.195342600000004,0.18359742,0.0034705834,-0.22087862
81.67345869743981,21.174160573368653,2022,48.933405770000036,0.12547264,0.05814922,-0.17716645
81.5852503058808,21.320970062555364,2022,46.15284650000001,0.08042831,0.017785259,-0.104435846
81.69739064893824,21.311701092477247,2022,48.46513703000005,0.14213571,0.053008255,-0.1763903
81.5185576537481,21.181285273220347,2022,44.08494440000004,0.11734676,0.06495784,-0.16054498
81.677979908204,21.254391077117788,2022,46.03492481000001,0.17571607,-0.014380393,-0.19443423
81.6372512858572,21.142353670111696,2022,47.991741260000026,0.1526564,0.052126773,-0.19084209
81.56672463038608,21.20354736930742,2022,47.47903826000004,0.16185719,0.011692421,-0.18558855
81.5067421295762,21.24437768092608,2022,48.70268942000001,0.08789946,0.061865248,-0.14952384
81.73095435243026,21.269588421061552,2022,50.71761221000003,0.14293651,0.06648111,-0.16604315
81.76735147933088,21.28789965868183,2022,49.24273658000004,0.09604324,0.041684337,-0.1345671
81.55453698121107,21.211872534478776,2022,49.584538580000014,0.109226316,0.056760877,-0.15918426
81.672288040696,21.345491362596615,2022,50.695395080000026,0.06376639,-0.012143836,-0.061394382
81.6062000292727,21.256567259778766,2022,42.902309479999985,0.13758278,-0.02653981,-0.14563541
81.51182567088702,21.280897033901674,2022,44.63182760000001,0.18179277,-0.013410483,-0.1920358
81.57297288136768,21.19019953948644,2022,45.740975090000006,0.15324305,0.0026760479,-0.18180037
81.63789187754229,21.25978120140029,2022,43.16549702000003,0.103289306,0.0049826764,-0.12552723
81.69012139759609,21.295389470153275,2022,48.31987118000001,0.15545201,0.054363657,-0.17397301
81.69312748032146,21.35702830631089,2022,39.28604432000003,0.14354853,-0.11872432,-0.1385063
81.60800940373672,21.32047751444106,2022,48.67876328,0.06934265,0.011999579,-0.09653427
81.49354336430488,21.262592843183924,2022,43.26803762000003,0.1810671,0.0047343504,-0.19791433
81.56599973626562,21.259992484386945,2022,48.72661556000003,0.09477447,0.01938341,-0.12890701
81.67191435395672,21.35203853602399,2022,47.308137260000024,0.051707927,0.08398971,-0.07702182
81.70562626036453,21.361823673377664,2022,49.62897284000002,0.100541934,0.04294236,-0.13828786
81.69575979159114,21.134698081484533,2022,45.46240646000001,0.15821211,0.025678502,-0.19394545
81.75162127270175,21.2218614648628,2022,42.539999360000024,0.048146494,-0.009897581,-0.046323955
81.74755719264722,21.178143835126242,2022,44.67626186000001,0.2259952,-0.058643088,-0.2397253
81.62905811271011,21.29463397523692,2022,51.29696660000002,0.07640351,0.01982634,-0.092771865
81.57533081414029,21.24394950133054,2022,44.20286609000004,0.13721777,-0.0049258033,-0.16555578
81.667234810422,21.31265952284988,2022,42.61861382000001,0.1805898,0.0016301451,-0.19243658
81.59178439354532,21.159424209875294,2022,47.42264093000006,0.17912117,0.03376154,-0.21155216
81.53084172939279,21.31094604845171,2022,50.47151477,0.13580425,0.04401869,-0.17330463
81.6499753338295,21.3299050837918,2022,47.68070144000001,0.1470726,0.02245285,-0.16795167
81.62532925168904,21.34559097686765,2022,51.44394146000002,0.085260175,0.025041258,-0.11932123
81.70473736110428,21.299606498263433,2022,48.99151211000003,0.120712295,0.061133463,-0.15702878
81.58545042388828,21.136164923489904,2022,43.64743784000001,0.14505029,6.3230156E-4,-0.18810853
81.67064527364136,21.130662504911445,2022,46.80056129000002,0.16214223,0.027825672,-0.19903181
81.59069932220082,21.24299005162463,2022,45.011227820000045,0.25358552,-0.079522125,-0.21613526
81.73419628853364,21.252750832987388,2022,46.79030723000005,0.17196248,0.024939127,-0.1965628
81.51619857404448,21.293275094725278,2022,46.83645050000001,0.11571711,0.04580084,-0.15710986
81.61593342483424,21.332561817842656,2022,48.02250344000004,0.092294216,0.014163916,-0.11888876
81.51117081484266,21.20117872115742,2022,42.047804480000025,0.112147786,0.035629913,-0.14355884
81.6305327044603,21.210395850602325,2022,43.97214974000002,0.072990574,0.01656868,-0.1068039
81.66666450210013,21.368616786680057,2022,49.13335993999999,0.13157478,-0.013659748,-0.14900462
81.528947181254,21.312129321257775,2022,49.53497729000003,0.14629526,0.014685226,-0.17099822
81.597522803295,21.231244093269876,2022,47.30130122000003,0.12348878,0.028901562,-0.15935054
81.54730734329686,21.187685660570967,2022,50.879968159999976,0.1134552,0.07390261,-0.16622882
81.59328574953666,21.344281861879733,2022,52.62999439999999,0.08764273,0.02439877,-0.12018623
81.59650864757319,21.19892147043349,2022,44.00120291000002,0.18415655,-0.001631801,-0.20732182
81.74484492311328,21.214860013771,2022,46.945827140000006,0.09851915,0.04889391,-0.1050905
81.64164170425381,21.23879737366064,2022,44.23191926000004,0.12178335,-0.026198888,-0.14124557
81.75861793032566,21.215579974215107,2022,46.59377108000001,0.13535284,0.04216031,-0.17723955
81.52764523680298,21.180901302958002,2022,48.73686961999999,0.12091672,0.05932387,-0.16796717
81.69219534653624,21.223592367577016,2022,42.596396690000006,0.18453468,-0.042445384,-0.19858243
81.6106569929491,21.25490212736154,2022,42.09565676,0.16430965,-0.0316875,-0.18312787
81.67597532987516,21.286954111599044,2022,46.37159978,0.13352227,0.03944933,-0.15755129
81.64713534580864,21.315704736983655,2022,46.86379466000005,0.20105125,-0.0561664,-0.2
81.73371236308915,21.16183804539882,2022,48.43437485000004,0.118347496,0.07128029,-0.17828989
81.65550352250551,21.37013035699848,2022,48.28056394999999,0.054533225,-0.0076209716,-0.057327297
81.72773854706159,21.183044726484468,2022,48.56255060000001,0.13656947,0.084509745,-0.19737525
81.66958617556824,21.29652709028626,2022,42.69551926999998,0.18387109,0.0142032625,-0.1788265
81.50371920034031,21.25325258455776,2022,48.065228690000026,0.12291677,0.04846466,-0.17337954
81.66890227244524,21.334693451905537,2022,50.00495504000003,0.13475065,0.038666263,-0.16165048
81.71763577374429,21.227795272479046,2022,47.95756105999999,0.14864817,0.027641544,-0.1830657
81.68543202702513,21.165401862991285,2022,44.46434462000002,0.12581336,0.05598133,-0.15975048
81.74383141336632,21.171127033454372,2022,44.638663640000004,0.15026525,0.06985481,-0.20620814
81.73249740502577,21.207394049031425,2022,50.98421776999999,0.13745794,0.056455344,-0.17767671
81.66826622404893,21.15012924898467,2022,45.048826039999994,0.16612597,0.008009359,-0.19486198
81.7455967049861,21.255120642949326,2022,48.11137196000004,0.14098896,0.025361603,-0.18659227
81.65455671012728,21.12432255281258,2022,47.09963804000006,0.17442288,0.006063833,-0.1994717
81.60127833127264,21.133068066048562,2022,43.76023250000003,0.2033537,-0.035186585,-0.23577315
81.62632917628179,21.154463896787863,2022,45.865732820000005,0.1872711,-0.025821332,-0.21759452
81.72931807762366,21.338199104041205,2022,44.85058088000005,0.1468001,0.028403526,-0.17812541
81.60776379134735,21.25933331692904,2022,42.92452661000004,0.11846375,-0.00876193,-0.13775833
81.69313964317287,21.312120242114567,2022,48.933405770000036,0.13521703,0.044092555,-0.16139032
81.76585648541673,21.265233038526762,2022,51.46103156000004,0.092927344,0.08951965,-0.13066709
81.65657314164915,21.36210023261197,2022,47.972942149999994,0.084775746,-0.004071697,-0.07069706
81.66005666131045,21.219141797322507,2022,43.261201580000034,0.14099738,-0.032762866,-0.16642608
81.73226468256205,21.30567764573359,2022,48.00199531999999,0.10642578,0.036243875,-0.14388046
81.52467736199203,21.26281406647687,2022,45.141112580000026,0.12017867,0.0049754377,-0.15002184
81.57701672713951,21.1309100199607,2022,40.916439860000025,0.14259236,-0.0038758428,-0.1679424
81.63492377067595,21.328833967776646,2022,47.47562024000001,0.115189925,0.029002085,-0.14883962
81.63972943925728,21.2358343996075,2022,43.849101020000035,0.16093208,-0.01974219,-0.18634106
81.67400980170126,21.336602310343604,2022,48.23442068000003,0.13669358,0.046549555,-0.16125004
81.65430275529589,21.377492834808162,2022,47.62772213000005,0.08172834,0.0039630705,-0.0799107
81.64928802593501,21.189110552390144,2022,48.50273525,0.132535,0.018480493,-0.16004139
81.72515611531037,21.196730606378235,2022,45.90674906000004,0.20503993,-0.05978028,-0.21717282
81.73637346101653,21.319501321978645,2022,52.845329660000004,0.06187354,0.03835654,-0.10276277
81.61467667971668,21.166411014985147,2022,42.08540270000003,0.16622408,0.02528602,-0.21612711
81.58444352622172,21.171731883824496,2022,46.40919800000006,0.16732503,-0.022301603,-0.18310647
81.5414621849642,21.325080667989944,2022,47.76786095,0.10232672,0.05189726,-0.12197461
81.72490264509386,21.2484206527921,2022,43.71238022,0.19584723,-0.028319735,-0.21923521
81.50185226161155,21.22864620067486,2022,49.86310721000001,0.094993725,0.041046284,-0.12885608
81.76560021627347,21.22138144421654,2022,45.12573149000002,0.06261957,-0.00666519,-0.0748194
81.62435904958406,21.155333203165718,2022,46.96462625000004,0.15903926,0.018561829,-0.18700992
81.51038491177094,21.299484499022046,2022,46.70998376,0.1217026,0.035332445,-0.16295344
81.53502894878422,21.262067000910143,2022,47.70804559999999,0.09703465,0.05709419,-0.13623233
81.6973087249257,21.20087859797909,2022,46.614279200000055,0.16348006,0.018109003,-0.1939024
81.569732603699,21.341324826996786,2022,47.313264290000006,0.11696797,0.018820753,-0.13498431
81.56506878966792,21.32458730971558,2022,48.119917009999995,0.120304614,0.04609817,-0.15939957
81.60990780404948,21.12322739797519,2022,45.33764873000001,0.15095699,0.040443383,-0.185212
81.56356123817129,21.215466535800196,2022,49.666571060000024,0.13521482,0.029767597,-0.16274332
81.6705294649733,21.212151354808405,2022,43.03561225999999,0.10950326,-0.0109981075,-0.15200108
81.50634598273525,21.221763370713248,2022,48.712943480000035,0.11648726,0.048066612,-0.15198474
81.6073985742289,21.230816972105806,2022,45.90162203,0.09287195,0.0049796584,-0.12092102
81.67588460564576,21.359491483893517,2022,48.96245894000003,0.07499052,-0.023560105,-0.100599885
81.66129197563882,21.291974781723667,2022,40.605400040000006,0.1725271,0.012435755,-0.16010132
81.49733305480119,21.21770451984638,2022,45.77344628000003,0.1343136,0.057411917,-0.17226408
81.71423054810332,21.18066721983527,2022,47.403841820000025,0.16357817,0.03912354,-0.18088293
81.65362886460254,21.15721862514925,2022,49.86652522999998,0.14121337,0.058323644,-0.180457
81.74271791524507,21.208894178749635,2022,49.74689453000002,0.114146836,0.07014357,-0.16909742
81.653035838227,21.33607595010571,2022,49.62897284000002,0.11861937,0.021208053,-0.15020308
81.67748089097914,21.25927022161686,2022,45.22314505999998,0.16279233,0.0070586135,-0.18821727
81.74366961815194,21.218311830279468,2022,49.24957261999998,0.12778768,0.081751704,-0.16834512
81.60996192322374,21.371876785697783,2022,46.83986851999998,0.11620817,-9.4379537E-4,-0.1441113
81.62742768958363,21.306826761805134,2022,45.20947297999999,0.059656218,0.020595953,-0.09711709
81.52452712314658,21.331420430918172,2022,52.52403578000002,0.08969133,0.08236433,-0.13987866
81.55231612506137,21.361138918159607,2022,46.41261602000003,0.12209703,0.023609444,-0.15411904
81.60301259672296,21.127065334639642,2022,43.182587119999994,0.22160675,-0.09272766,-0.23766035
81.53089094495591,21.184118145471874,2022,43.16036999000005,0.120436646,0.039262395,-0.16883737
81.61080326563734,21.180527888629765,2022,43.122771769999986,0.26066604,-0.10831527,-0.2566025
81.61260228731983,21.264965245529357,2022,43.990948849999995,0.09125009,-0.0036489086,-0.11941099
81.63528337562049,21.280751850242165,2022,45.98194550000005,0.12771234,-0.020620003,-0.14935629
81.52570683801676,21.324440236558164,2022,47.64993926,0.1486481,0.020415261,-0.14719778
81.51001061622078,21.256537565884763,2022,42.34004519000001,0.2163711,-0.038049832,-0.22395909
81.70980159500184,21.16910067499933,2022,45.13256753000002,0.13548534,0.05832384,-0.18383642
81.63436977699585,21.15639128314487,2022,50.169020000000046,0.1098889,0.057998843,-0.14515088
81.73689377705763,21.33543310722182,2022,46.687766630000056,0.134434,0.061748106,-0.17315169
81.70675077453141,21.16497345604835,2022,44.85741691999999,0.13951284,0.049006768,-0.18794738
81.71460944953895,21.163839326865144,2022,47.64310322000006,0.12250108,0.060885232,-0.16535036
81.49772536612186,21.285745191984017,2022,48.162642259999984,0.14894831,0.02407413,-0.18077233
81.72960568922532,21.207122497715456,2022,50.14851188,0.079338424,0.08052627,-0.12853599
81.58470882788393,21.124602432378005,2022,42.23066855000002,0.1753746,0.0381832,-0.21396852
81.63510453267287,21.307052622423118,2022,47.171416460000046,0.07268722,0.0347941,-0.097533494
81.70071121608191,21.158869217854143,2022,45.42309923000005,0.1459535,0.03821609,-0.18375675
81.67428512433516,21.30122736974768,2022,43.45261070000004,0.18963943,0.013281176,-0.19770247
81.50104209533944,21.29615981469962,2022,44.67626186000001,0.19004525,-0.0073956214,-0.20714614
81.57176758644671,21.14009189561682,2022,47.98148720000006,0.14075837,0.03958887,-0.17683892
81.7293856007591,21.219403501110953,2022,50.11262267000001,0.08187532,0.033376757,-0.13203187
81.70814382471104,21.27673376611667,2022,47.37991568000001,0.14311762,0.02055993,-0.16644959
81.57041130174045,21.368479748616394,2022,49.27691678000002,0.11429762,0.054139283,-0.15883733
81.60322088378999,21.325492011770116,2022,44.07469034000002,0.11999693,0.0076912604,-0.14345098
81.6853331324348,21.16338411450466,2022,43.476536839999994,0.13129821,0.031260867,-0.1641723
81.73897693012997,21.272827075391184,2022,48.66680021000002,0.17542802,0.0071151857,-0.19663684
81.61319236323774,21.19592742399579,2022,45.067625150000026,0.13783357,0.02005757,-0.16373621
81.54988605065823,21.198150763587623,2022,46.61086118000003,0.15328713,0.035861954,-0.1826933
81.70713148586773,21.360240792850895,2022,48.64800109999999,0.11216989,0.044248823,-0.15738773
81.65370851068175,21.29408762893213,2022,46.62453326000002,0.09676437,0.012679049,-0.11826121
81.54277183663817,21.31583370369669,2022,45.486332600000026,0.14771242,0.014147766,-0.17397617
81.50778332683171,21.28041339274293,2022,46.07935907000001,0.16749819,-0.006236665,-0.18128745
81.69372368108412,21.31290685234631,2022,48.32158019000002,0.12683897,0.038768105,-0.15044248
81.69039205096611,21.263637914523933,2022,46.086195110000006,0.09227233,0.045376275,-0.13668983
81.71074263244022,21.276237555282506,2022,42.73140848000003,0.24929135,-0.08453547,-0.25107512
81.63441017380384,21.23522127833715,2022,41.330020279999985,0.14305751,-0.040204212,-0.17651305
81.4964297291136,21.300211504970047,2022,47.468784200000016,0.121402845,0.051687825,-0.1600571
81.72623403326274,21.33356197418299,2022,47.878946600000006,0.15074225,0.04159982,-0.19523974
81.72457172703776,21.189304495115625,2022,46.470722360000025,0.13311331,0.0524379,-0.17624667
81.61495868624476,21.247844251451607,2022,43.23385742000005,0.14375369,-0.023285002,-0.16605194
81.60979893240987,21.35439374770462,2022,43.77732260000005,0.0716939,-0.03976835,-0.082995206
81.5742709203259,21.18863868129471,2022,48.94195081999999,0.13834389,0.0339329,-0.17307042
81.75072820035697,21.286239355667647,2022,50.12116772000002,0.106530376,0.07595888,-0.16267619
81.59505359647035,21.371929766430387,2022,45.752938159999985,0.12383663,0.008770336,-0.14956136
81.60123471173247,21.235435009518103,2022,43.56540536,0.07220685,0.014395672,-0.10799754
81.65667817567207,21.138296298937604,2022,51.481539680000026,0.12431779,0.064437866,-0.16432859
81.5253237038807,21.284341071403748,2022,45.65723360000004,0.11160101,0.016027384,-0.13986066
81.63138513097583,21.336934544376348,2022,46.77834416000002,0.13735445,-0.014556303,-0.15103573
81.59911819751332,21.31562769235681,2022,51.01668896000001,0.071323015,0.041008145,-0.10808093
81.63080347379494,21.19924540325761,2022,45.758065190000025,0.14894743,0.011282363,-0.17488271
81.72776197812738,21.283344640265927,2022,46.92873703999999,0.046210058,0.102799036,-0.09691653
81.62767253049925,21.165004923487306,2022,44.86937999000003,0.15596262,0.021845503,-0.16649412
81.5569581002662,21.193809224569232,2022,47.97465116000001,0.1251141,0.047643576,-0.17161264
81.57787098264289,21.354114679003846,2022,48.64971011,0.105687276,0.032361966,-0.1342726
81.51474877723821,21.243540271566406,2022,44.71044205999999,0.11333967,0.027718026,-0.15982404
81.65996652388554,21.32267313036952,2022,47.57132480000001,0.15157801,0.0074707875,-0.17896014
81.69526295857602,21.140059789220697,2022,42.26997577999998,0.22323693,-0.02216704,-0.2286692
81.62276290068863,21.38099818551286,2022,47.94901601000004,0.11029927,0.034357868,-0.14497648
81.54612777696866,21.333639968054186,2022,49.887033350000024,0.1281313,0.020042686,-0.15532053
81.61511409958996,21.20237619490176,2022,47.41922291000003,0.20121711,-0.014297374,-0.20164727
81.73139276142419,21.262205706208853,2022,46.250260070000024,0.101901144,0.012606474,-0.1473079
81.74570140468525,21.200341635186422,2022,51.03377906000003,0.07766088,0.076020785,-0.11653346
81.53516509677503,21.16894295494612,2022,48.01054037000006,0.12829103,0.054589048,-0.16841021
81.53747121828083,21.27596083168617,2022,45.725594,0.17422363,-0.0014837263,-0.19501261
81.57842529070396,21.301081994926182,2022,48.39164960000005,0.103506245,0.024139883,-0.12659366
81.51817016325809,21.315708454114933,2022,48.107953940000016,0.12504187,0.023868738,-0.15496618
81.59208489109712,21.380936639088365,2022,46.21778888000006,0.10154132,0.04017277,-0.13257281
81.5778823207792,21.21090846498763,2022,47.40213281000001,0.16310713,0.026566532,-0.18759122
81.75487927906748,21.245744193467196,2022,49.86139820000005,0.15490025,0.019440353,-0.19404592
81.56647207283768,21.316691251065333,2022,48.453173960000015,0.09887369,0.04003813,-0.12793024
81.54474121664737,21.354209225794126,2022,47.109892100000025,0.10679192,0.051920824,-0.15121111
81.53151237958481,21.170997203149042,2022,45.86915084000003,0.12370211,0.057365973,-0.16547216
81.68521923976012,21.355121263573192,2022,50.175856039999985,0.12128527,0.017850334,-0.15360501
81.6768262587249,21.334379222093833,2022,47.51321846000002,0.13604595,0.032811586,-0.16001254
81.55474737972811,21.22452948874034,2022,49.16070410000003,0.16102879,0.051538933,-0.19665742
81.6573339663277,21.19990683876205,2022,47.69437352,0.10364216,0.06907424,-0.16337207
81.61939716401021,21.1823721505599,2022,44.674552850000055,0.24920145,-0.07452938,-0.23857611
81.6537411767934,21.289091339195572,2022,46.34425562000001,0.15257932,0.010019762,-0.15295163
81.603911794905,21.14867202209892,2022,46.01612570000003,0.111759484,0.05730497,-0.16573557
81.49692315813326,21.294679312835935,2022,45.865732820000005,0.12458952,0.034478072,-0.14677641
81.60173091356636,21.255918970594685,2022,44.23533728000001,0.1078682,-0.012131828,-0.13202481
81.69905582431048,21.265053360707054,2022,45.67432370000006,0.1675832,0.0088814795,-0.18570496
81.70076518551183,21.217453723314062,2022,43.55856932000006,0.13223635,0.042019997,-0.1741255
81.64921460197566,21.20981828532508,2022,45.68799578000005,0.1282574,0.074847795,-0.15537997
81.64095925507678,21.140922392869516,2022,44.91039623000006,0.19389303,-0.013946817,-0.21448605
81.51447022513211,21.200937127468897,2022,37.09509350000002,0.06892702,-0.031521827,-0.07251909
81.76768328614375,21.283814049580826,2022,45.99219956000002,0.042706236,0.010029268,-0.040994707
81.55722017943593,21.22072738720228,2022,51.09359441000004,0.12282002,0.0596635,-0.15841603
81.70290189396177,21.230867028135993,2022,45.22485406999999,0.19084775,0.0033943711,-0.19893792
81.54504963717294,21.18469655749293,2022,45.12060445999998,0.11092312,0.06237505,-0.16426697
81.65316074008653,21.19244130407737,2022,46.69289365999998,0.12139861,0.017234625,-0.16103655
81.5224198553076,21.228859811165513,2022,49.78620176000004,0.12809741,0.03408121,-0.16407053
81.54269207581382,21.14576562362022,2022,49.97761088000004,0.1297394,0.04856147,-0.16859558
81.75799449174204,21.19741419024868,2022,51.818214650000016,0.109812036,0.08033484,-0.16075172
81.60506087244839,21.365467931047178,2022,43.727761310000005,0.1320262,-0.016482085,-0.16132633
81.66917589860363,21.13380409313164,2022,48.66850922000003,0.13837543,0.02135139,-0.18176757
81.56664951958736,21.163242809293795,2022,48.919733690000044,0.09609421,0.07756178,-0.15835291
81.67218472630864,21.271204431106824,2022,46.36818176000003,0.15971561,-0.016469149,-0.21223582
81.59422112463517,21.158550044395394,2022,44.70189701000004,0.18942142,-0.023375472,-0.21884905
81.52963953379756,21.31249881987284,2022,49.979319890000056,0.11684436,0.054365072,-0.15455076
81.69452549373982,21.217681140284032,2022,43.83542894000004,0.22116372,-0.026127841,-0.23489596
81.59555712840046,21.33393385928754,2022,46.79201624000001,0.10384035,0.020219011,-0.13288878
81.75065585210773,21.216062431407384,2022,47.978069180000034,0.065621525,0.061769526,-0.09885413
81.62154404436265,21.11942788107318,2022,49.49225204000004,0.12605356,0.081647694,-0.1799334
81.58036768490425,21.204991861680156,2022,45.87085984999999,0.23474063,-0.08643799,-0.23655726
81.5589237918327,21.164546875880287,2022,51.62167850000003,0.1361484,0.049349654,-0.18116385
81.64005545405838,21.31553548148365,2022,48.78472190000002,0.06417727,0.019037526,-0.09432578
81.64925387705048,21.19153712675618,2022,44.59935641000004,0.12080769,0.043874525,-0.16633685
81.62098488257912,21.365053247858427,2022,49.22222846,0.12240488,-0.0017910036,-0.14381218
81.6363001993588,21.30034739757325,2022,47.57132480000001,0.08024963,0.0054326807,-0.10032191
81.65365243000537,21.36998246281425,2022,47.86356551000006,0.072651595,-0.005832391,-0.07331156
81.54564942909968,21.263192932696725,2022,41.16937333999999,0.2082648,-0.041159797,-0.22616315
81.6216236421049,21.19862555202634,2022,51.654149690000054,0.13726479,0.030314432,-0.18144758
81.70558451172259,21.248813998485726,2022,51.013270939999984,0.124499895,0.043159656,-0.16938157
81.69344762594484,21.26906594080236,2022,47.802041150000036,0.07699833,0.054732222,-0.12597784
81.53479088619046,21.22035305816002,2022,49.23590053999999,0.118210174,0.043488927,-0.15331706
81.58872700660743,21.255695930844944,2022,47.214141710000035,0.084966846,0.047916766,-0.113715634
81.64225098075349,21.33136560715525,2022,48.68559932000005,0.12807235,0.0017099864,-0.15439373
81.64117193331325,21.315886956815167,2022,49.611882740000055,0.08556001,0.012353706,-0.11860246
81.49298203610672,21.27627969769355,2022,47.728553720000036,0.17545256,0.027728073,-0.20453297
81.65969376752568,21.132058232662523,2022,49.758857600000056,0.14324383,0.04282137,-0.18309616
81.74904275786584,21.225857397276364,2022,51.580662260000054,0.09018076,0.055113055,-0.14171895
81.5672840549844,21.132365391623765,2022,43.38937733,0.18920833,-0.023787756,-0.20165679
81.63303806143895,21.344353620225007,2022,45.44189834000002,0.11883838,0.0056935237,-0.13232096
81.60058766862444,21.381173933873182,2022,45.752938159999985,0.115584485,0.03582066,-0.15085964
81.73909033537804,21.277795090549294,2022,45.85889678000001,0.13756037,0.009999195,-0.16645798
81.52673420470691,21.27412540720976,2022,45.96485540000003,0.12373142,0.026141988,-0.15685178
81.56914243929856,21.355603137434525,2022,45.32397665000002,0.13597734,0.014822701,-0.16128659
81.52155240400785,21.162983909245096,2022,46.74416396000004,0.13718893,0.036927097,-0.1702074
81.49822335418992,21.215513805593798,2022,43.95505964000006,0.23704806,-0.10150091,-0.23768358
81.63362747141286,21.186178285045393,2022,47.94388898,0.14777829,0.031902093,-0.18140468
81.68289862407865,21.139296198631072,2022,45.53418488,0.13953571,0.02669423,-0.17208795
81.59160601272943,21.13141692676809,2022,43.032194240000024,0.18085614,-0.012413391,-0.20853212
81.59684198230782,21.312425226755703,2022,46.79543425999998,0.09408354,0.020410467,-0.10499512
81.72981326144496,21.221448340727232,2022,48.26176484000001,0.19101582,0.0030668282,-0.20799917
81.64375294612759,21.27693291893086,2022,42.21016043000003,0.22335884,-0.062002875,-0.21762379
81.60826857654489,21.152180874606206,2022,43.249238510000055,0.246599,-0.08165741,-0.25708315
81.63338429282507,21.37114231936754,2022,49.43585471000006,0.062028985,-0.007126278,-0.081440344
81.60357701520533,21.30997753442953,2022,46.22291590999998,0.10900401,0.008257116,-0.13871823
81.65103903203597,21.152629604406826,2022,49.26666272,0.15216696,0.069828115,-0.19130571
81.6549697244796,21.26813202256833,2022,47.50980044000005,0.13940203,0.031010441,-0.17726418
81.58050304017335,21.269877423114377,2022,45.118895450000025,0.086395495,0.004518891,-0.11449656
81.69032567369408,21.315398806263513,2022,49.74176750000004,0.10510658,0.04027478,-0.13207006
81.62647458462384,21.167931980940075,2022,46.51173860000006,0.1464994,0.014078714,-0.16379729
81.5847614364244,21.180283391889454,2022,49.343568170000026,0.124205925,0.04172215,-0.16666967
81.52637984255114,21.24572474143691,2022,44.607901459999994,0.19158098,-0.026608674,-0.20247237
81.5673127791761,21.220536931964865,2022,49.075253599999996,0.14580204,0.035527322,-0.1784957
81.71769427990117,21.350686806863454,2022,47.43289499000002,0.14722975,0.0210011,-0.17451026
81.50508566538812,21.24587190956714,2022,48.39506762000002,0.15953335,0.020811526,-0.18701251
81.64971115512984,21.364833329426723,2022,46.72023782000002,0.058729157,-0.009526459,-0.059862755
81.60550276878051,21.120759668206404,2022,44.39598422000006,0.23424445,-0.07004888,-0.2428334
81.70965552755345,21.284237876892416,2022,49.030819339999994,0.11008934,0.032577533,-0.14488396
81.74606309453813,21.26294176206714,2022,53.54260574,0.13340455,0.059671193,-0.18832201
81.57729161557518,21.14261143503021,2022,43.34494307,0.14442606,0.026892744,-0.17545825
81.67935765453771,21.21347550519589,2022,46.37843582000005,0.12440557,0.05375983,-0.17803638
81.51334927213355,21.188159414135345,2022,45.161620700000014,0.14845715,0.039326467,-0.18851504
81.5567749680815,21.362006237574622,2022,49.312805990000015,0.08893468,0.06790398,-0.13349873
81.67447323703003,21.375140461031034,2022,50.88680420000003,0.07543264,0.033882547,-0.10752963
81.68935892142837,21.16818164965098,2022,44.38573015999998,0.12122188,0.0492569,-0.16316004
81.6317189609989,21.32880741057652,2022,48.60698486000001,0.08660944,0.055412192,-0.098975554
81.65302480819625,21.12179669527496,2022,46.834741490000056,0.17374569,-0.008949133,-0.20201424
81.55147569947898,21.157741450616115,2022,45.83497064000005,0.15882675,0.022689924,-0.18305239
81.56537452187526,21.226714523310157,2022,45.32226764000001,0.17817977,-0.042984236,-0.20447008
81.71516781100173,21.348921600077595,2022,42.030714380000006,0.21224049,-0.0054088654,-0.22015071
81.64468849279625,21.331669958239555,2022,48.59331278000002,0.07730467,0.005305546,-0.10903055
81.56601369680034,21.19362176135379,2022,45.20947297999999,0.16205621,0.032104492,-0.17193216
81.69642511104267,21.144324668310965,2022,42.72457244000003,0.14903502,0.043695528,-0.1850787
81.57976893748928,21.16953990978185,2022,50.389482290000046,0.12283669,0.046488535,-0.15800215
81.75264279526583,21.224389757909986,2022,48.444628910000006,0.07740724,0.06628494,-0.11777333
81.69158368118434,21.25061646061023,2022,46.13233838000002,0.10035819,-0.0031141345,-0.14320171
81.69187694933404,21.255988517833835,2022,44.81810969000003,0.11341332,-0.0024884148,-0.14769703
81.68746339322024,21.334546322601614,2022,46.99197041000002,0.17479356,0.028795894,-0.18051597
81.63188783980746,21.2771607735974,2022,43.555151300000034,0.093115926,0.013559434,-0.12190912
81.50076414945889,21.269350697786127,2022,42.51778223000002,0.14823766,0.013968487,-0.17247532
81.55030271341701,21.2384576497821,2022,50.04938930000003,0.14154188,0.02731783,-0.17041956
81.6588834694089,21.27415813065349,2022,47.00393348,0.16703197,0.008154084,-0.17932217
81.67098650110151,21.355124183183616,2022,47.567906780000044,0.14389652,-0.022727273,-0.14446191
81.6422050466162,21.29510707684213,2022,45.03515396,0.09901249,-9.5031224E-4,-0.114925146
81.67782676754814,21.305956168972166,2022,44.90526920000002,0.17439327,0.03827736,-0.18371278
81.64528536691799,21.285181797107267,2022,45.85547875999998,0.15726173,-0.023755353,-0.15980592
81.73450685312073,21.30112020312901,2022,52.038676940000016,0.12853646,0.057656676,-0.18324894
81.68680150313435,21.365598000265564,2022,50.712485180000044,0.078712545,0.0072318693,-0.09910888
81.5892693515446,21.254994256554244,2022,47.027859620000015,0.17279726,-0.05740921,-0.18645471
81.52243606737268,21.238233410024783,2022,45.58203716000003,0.16906975,-0.017194167,-0.18590838
81.67427391330445,21.203288055087203,2022,40.64983430000001,0.04145286,-0.023685006,-0.03828563
81.49185327449445,21.21599269896153,2022,43.4184305,0.12256924,0.032442383,-0.1600822
81.59503058698938,21.284178853191758,2022,49.044491419999986,0.10502461,-1.0608579E-4,-0.12154499
81.63417553195384,21.174284846646284,2022,48.16093325000003,0.15413548,0.048395753,-0.17504327
81.5819816413657,21.136696477274377,2022,42.39644252000005,0.17060181,0.010628491,-0.21100491
81.60578468225599,21.204597901429036,2022,38.968168460000015,0.29424158,-0.12366059,-0.27848497
81.7169935593567,21.247620045601117,2022,47.636267180000004,0.1074506,0.058709335,-0.1622721
81.67059826508428,21.314702111280894,2022,45.35815685,0.16426198,0.021925863,-0.17212196
81.52489229123186,21.266451783140546,2022,44.975338609999994,0.15199244,0.0030895048,-0.17628348
81.70754306763497,21.21596873324289,2022,45.15136663999999,0.14397441,0.047196068,-0.17771922
81.53365329462275,21.179371610380496,2022,43.80295775000002,0.11762242,0.05890983,-0.1687661
81.53125842639689,21.323900109133586,2022,48.25663781000003,0.13818565,0.029223593,-0.15744935
81.53473513307489,21.2292136851589,2022,47.90629076000005,0.13120206,0.042404044,-0.16987224
81.60876927769343,21.17833110416805,2022,44.68651592000003,0.22529998,-0.061433397,-0.23188333
81.58358675294427,21.137488645134876,2022,44.14475975000005,0.21254575,-0.056599166,-0.22909789
81.69789882653836,21.322231464137847,2022,49.49225204000004,0.1033504,0.060748044,-0.13616526
81.51834800952558,21.275878147447678,2022,43.46286476,0.16444665,0.012853625,-0.19081259
81.74205645332353,21.195131180646996,2022,47.27053904000002,0.19731018,0.016226046,-0.22160077
81.53600835397576,21.331480501790683,2022,49.99299197000005,0.11917274,0.034267206,-0.15161346
81.6712935208261,21.153371292388417,2022,41.30096710999999,0.24018766,-0.081867464,-0.24678746
81.57482871304987,21.177815486398135,2022,49.182921230000034,0.1556023,0.03430885,-0.19440386
81.58372618702388,21.364029988627593,2022,50.38264624999999,0.103644446,0.061271396,-0.14473271
81.6772401843794,21.158856940982034,2022,42.488729060000026,0.15958712,-0.006672469,-0.1825514
81.51198657581621,21.22479650298575,2022,48.712943480000035,0.13341187,0.041830145,-0.16643398
81.51492922576485,21.29657743659522,2022,47.85502045999999,0.10622872,0.048503935,-0.14670716
81.62523507104859,21.29276240378499,2022,46.89797485999998,0.14664333,-0.007059975,-0.14078708
81.60604610377372,21.33809240415628,2022,49.95881177000001,0.10901889,0.01872171,-0.13402943
81.71075430767391,21.17904568778535,2022,47.239776860000006,0.14036189,0.0467696,-0.17702587
81.62159197536108,21.190535343637762,2022,46.24000601,0.22933678,-0.041073106,-0.24070846
81.6341609490284,21.214264927939688,2022,45.63501646999998,0.1413505,-0.0021214988,-0.17188548
81.51510042437798,21.30873478257087,2022,49.19488430000001,0.11497581,0.026682273,-0.14435005
81.68811895033062,21.226040296935736,2022,43.16720602999999,0.19068342,-0.024887996,-0.20607269
81.76490635922136,21.24013112580356,2022,53.35803266000005,0.098984405,0.052913804,-0.14997755
81.65540269906884,21.359525515064078,2022,50.12800376000001,0.07130207,0.0065915277,-0.05919885
81.5910991168952,21.316056274165618,2022,46.13917442000002,0.112937495,0.023532309,-0.13426493
81.75085041532186,21.27036101577106,2022,47.878946600000006,0.058728978,0.09438454,-0.09899278
81.59688628951903,21.268323359071818,2022,46.15455551000002,0.11499108,-0.0040330514,-0.1453097
81.59590961089401,21.2543447911406,2022,45.90674906000004,0.12772906,0.003178516,-0.16139516
81.74492671310578,21.27929783560543,2022,49.84089008000001,0.14880016,0.05330877,-0.18324909
81.61530115807449,21.294488185507202,2022,49.65631700000006,0.056396388,-0.0052503785,-0.07458184
81.73166793311465,21.203058671157173,2022,52.10020129999998,0.10739776,0.06069669,-0.16007923
81.678725930589,21.309728731928608,2022,45.80420846000004,0.15555194,0.022939561,-0.16702215
81.58649908290928,21.20320287605165,2022,47.745643820000055,0.17767006,0.00623368,-0.18844765
81.6633338304472,21.180552506605707,2022,44.807855630000006,0.23253515,-0.01658944,-0.23880728
81.65537512815139,21.16118910154079,2022,48.914606660000004,0.124965355,0.031328063,-0.15873016
81.55494402989807,21.35973679231427,2022,49.765693639999995,0.08599339,0.06648154,-0.11796029
81.65747475951375,21.19647281771801,2022,50.38435526000001,0.1510864,0.035644736,-0.18633476
81.66943249539297,21.210363839307657,2022,44.54637710000003,0.07566705,0.0730709,-0.12222695
81.67094335913583,21.282645187224873,2022,42.051222499999994,0.15004681,0.004606977,-0.17135273
81.58137995490347,21.138986193109513,2022,44.99584673000004,0.20289807,-0.016946755,-0.2248688
81.73013122936838,21.196634805068978,2022,50.370683180000015,0.10102083,0.06080199,-0.14505589
81.54831710810478,21.226824242613905,2022,45.18041980999999,0.1457787,0.013561223,-0.17744298
81.63361078686944,21.354366330407835,2022,49.52643224000002,0.10449565,0.023758244,-0.13434342
81.66947356680464,21.14229246017335,2022,47.330354390000025,0.10329804,0.037620787,-0.13549307
81.61833149325793,21.241909113497115,2022,43.67820002000002,0.122527,-0.01370965,-0.14103532
81.62176573814257,21.372219129806805,2022,50.028881179999985,0.10268255,0.031360127,-0.13091181
81.72386097082355,21.170895741729932,2022,46.93044605,0.1049283,0.049318735,-0.1284015
81.59758001410167,21.28032453745512,2022,45.725594,0.08022369,0.019536488,-0.12119442
81.69703042553307,21.311447751240614,2022,48.14384315000001,0.13796087,0.032905553,-0.1716367
81.6897325317424,21.363294360578596,2022,51.775489400000026,0.08648786,0.07906475,-0.11066765
81.72374931897055,21.20250905720924,2022,45.88965896000002,0.16178842,0.030773195,-0.20017014
81.5468566094344,21.32331250615389,2022,46.467304340000055,0.11400828,0.049197648,-0.13930762
81.72066681965667,21.187344594819326,2022,49.35894926000003,0.15025167,0.042412233,-0.19188075
81.57730669126279,21.24330223723894,2022,41.61713396000005,0.08191619,-0.062576145,-0.081257746
81.70623868901308,21.157854484374596,2022,46.241715020000015,0.12029229,0.073864125,-0.16741249
81.62851881125938,21.328471307332975,2022,50.42195348000001,0.05055349,0.04767425,-0.09931836
81.5412133745944,21.35049782396133,2022,46.04859689,0.10667634,0.059706096,-0.15651295
81.52575003506405,21.237164469676788,2022,46.37159978,0.17962159,-0.0027467497,-0.19772528
81.70492352043868,21.152867667189867,2022,47.88065561000002,0.12444852,0.06252975,-0.16805953
81.73645729404592,21.176790061786903,2022,49.73834948000001,0.1233652,0.074355125,-0.18097319
81.49920897515312,21.29436537118042,2022,47.52689054000001,0.10079241,0.05295745,-0.13768001
81.5189915100866,21.25460633310659,2022,42.164017160000014,0.17507689,-0.024183724,-0.19861695
81.5089710034593,21.219540806542224,2022,46.74074594000001,0.1286645,0.04272753,-0.14661753
81.67136997408667,21.231046825131564,2022,44.057600240000056,0.074600354,0.011707052,-0.11020491
81.6339849667547,21.29860061467957,2022,49.027401320000024,0.10918936,-0.008464672,-0.13392538
81.64625515478717,21.38262943669718,2022,50.54671121000001,0.0564612,0.01901965,-0.07923154
81.70038323312306,21.248396228604516,2022,50.06306138000002,0.13918419,0.011740851,-0.15959936
81.60833764142245,21.17197112598533,2022,43.79099468000004,0.21490324,-0.06973707,-0.22789507
81.76214066000358,21.280180814990683,2022,49.044491419999986,0.1448537,0.022226142,-0.17639984
81.49212637382954,21.279399901430473,2022,49.386293420000015,0.14312719,0.040058702,-0.17417984
81.67375418659226,21.17179978733203,2022,48.76934081000002,0.12575315,0.07033949,-0.18068002
81.6985856498724,21.312233133800433,2022,48.13017107000002,0.16372696,0.024569426,-0.17768945
81.49180985977387,21.24427182465783,2022,47.69437352,0.07410986,-0.0012916384,-0.117971875
81.6265914369981,21.146611185408883,2022,48.51640732999999,0.13626419,0.043235462,-0.1702903
81.57210859521653,21.35868801680455,2022,49.51276016000003,0.10099421,0.061299298,-0.13255677
81.51718887128405,21.18294430781361,2022,45.71192192000001,0.12535772,0.041424517,-0.16342251
81.54563378268044,21.167838672955263,2022,50.39119130000006,0.1333649,0.05698412,-0.17922236
81.5860035199497,21.345433740225513,2022,47.44827608000003,0.12770204,-0.0056926,-0.15175292
81.62472134397575,21.38302818882684,2022,40.12345922000003,0.21259402,-0.08494112,-0.20636816
81.73173886017435,21.317071145678963,2022,47.802041150000036,0.12692365,0.02145517,-0.17563452
81.6103929690133,21.33154610936378,2022,48.20365850000002,0.05968744,0.012285012,-0.090697676
81.5368156153091,21.15741923959772,2022,47.93705294000006,0.11170938,0.08780269,-0.15742417
81.63696179188426,21.343856863504623,2022,45.83326163000004,0.11931011,0.016490858,-0.1423029
81.52325262636057,21.305147211866156,2022,47.058621800000026,0.095237255,0.016868848,-0.11655622
81.6010406676637,21.350086229104416,2022,49.35724025000002,0.14467756,0.006495833,-0.17578305
81.65733252309917,21.296258837188816,2022,41.65302316999998,0.20976454,-0.065066926,-0.20695738
81.69995555741346,21.28825918402851,2022,43.93796954000004,0.18628334,-0.042631246,-0.1964869
81.59136190661417,21.190425327813685,2022,50.492022890000044,0.156445,0.038287867,-0.1941122
81.51525975476217,21.25713536320247,2022,43.028776220000054,0.18747436,0.0047276584,-0.2146304
81.68770109449817,21.1715889856659,2022,48.094281860000024,0.12181424,0.04058002,-0.16022345
81.76508950278941,21.222940265448486,2022,46.96633526000005,0.2215269,-0.0639696,-0.22782311
81.53317994668795,21.27183780848128,2022,47.27395706000004,0.1096478,0.03768967,-0.1466677
81.66411703937773,21.157712660833692,2022,48.58647674000002,0.10608798,0.026679102,-0.15027554
81.75204522167587,21.23675252525668,2022,51.88144801999999,0.11602291,0.04222334,-0.15175629
81.75398051153186,21.24964436350326,2022,47.73880778,0.1466898,0.002390689,-0.17974854
81.74249331789888,21.17064385089896,2022,44.74462226000003,0.12958995,0.078859545,-0.17624952
81.6169574216267,21.174543055382966,2022,42.46309391,0.21745022,-0.078573465,-0.21481682
81.63023512917874,21.247362076404006,2022,44.37205807999999,0.07725884,0.010788604,-0.112797774
81.64491450173725,21.365597431353066,2022,49.64435393000002,0.035582352,0.0325511,-0.050453283
81.72120820274525,21.342553557802493,2022,45.31543160000001,0.15882944,0.034949936,-0.20215163
81.55489851205999,21.330777003361415,2022,45.183837830000016,0.14499241,-0.01579997,-0.1607362
81.63627460346832,21.321211343114353,2022,45.13427654000003,0.10043843,0.010761977,-0.1218646
81.75539292611262,21.306991335086835,2022,40.64641628000004,0.118479505,-0.08469909,-0.10837796
81.61011396617337,21.32345799535344,2022,50.076733460000014,0.08442784,0.01684522,-0.11390718
81.62052723908829,21.12094514268024,2022,47.95927007,0.14548495,0.06162003,-0.19656461
81.60962839169675,21.31160994058894,2022,49.875070280000045,0.06952837,0.0180482,-0.09641607
81.62618069061156,21.227969470872516,2022,41.00359937000002,0.25923017,-0.105297856,-0.2536238
81.56533753132183,21.2675431166134,2022,46.26222314000006,0.1458242,0.012759523,-0.17222804
81.69561346335531,21.369241730973066,2022,49.16754014000003,0.095741615,0.02746129,-0.124377266
81.64797448365763,21.29055271449329,2022,48.72319754,0.12813602,0.05427357,-0.18059427
81.65952852393127,21.29027580961236,2022,41.18133641000003,0.19771637,-0.018406149,-0.19459054
81.58260515164314,21.330322404083212,2022,46.67580356000002,0.13357286,-0.0063793594,-0.14963563
81.6187830539358,21.128377224506103,2022,47.468784200000016,0.15779346,0.014695475,-0.19819774
81.75700218158312,21.240241114670134,2022,51.53964602000002,0.13811304,0.032770544,-0.17002034
81.72623998638984,21.26881841756508,2022,49.584538580000014,0.05633849,0.03612002,-0.10726215
81.71701070947715,21.275109720342048,2022,45.91187609000002,0.19890311,-0.03697702,-0.20918009
81.72714681843986,21.208115699228983,2022,49.77594770000002,0.22399916,-0.03946033,-0.24607292
81.64728374129234,21.251122053320138,2022,45.141112580000026,0.08779914,0.0011492252,-0.11811945
81.54822985489851,21.206725636896312,2022,48.90606161000005,0.12235972,0.053816006,-0.17756024
81.58203724918408,21.21860148053756,2022,44.22166520000002,0.19597535,-0.037511326,-0.21278022
81.49786704189499,21.277949855669977,2022,49.951975730000015,0.09534913,0.06684735,-0.14002445
81.62449107230499,21.222210434799184,2022,44.67967987999998,0.10109787,-0.0015622607,-0.13344774
81.70601233484173,21.19641575417678,2022,45.048826039999994,0.20611788,-0.03693635,-0.2245952
81.5147672677042,21.287086586134677,2022,44.16355886000002,0.14797369,0.005094639,-0.16659413
81.65956834575606,21.310996885958406,2022,45.905040050000025,0.14828737,0.030513937,-0.15950519
81.55344262495966,21.27745372782654,2022,44.284898569999996,0.09502832,-0.0019001554,-0.10534675
81.65269254084609,21.232696673283822,2022,43.15524296000001,0.06446031,0.023352738,-0.099869624
81.60868555547547,21.210710974070846,2022,43.25094752000001,0.29262617,-0.12687288,-0.28227577
81.55099002045382,21.17041385760531,2022,49.10601578000001,0.12850495,0.06071686,-0.176719
81.68261618974334,21.366701029945105,2022,47.468784200000016,0.10072039,0.018512608,-0.1152922
81.60622413050693,21.33069550483577,2022,49.78620176000004,0.07311577,0.022111401,-0.09785517
81.5760107876053,21.254657752900037,2022,44.46092659999999,0.12398927,0.013110653,-0.1525443
81.75215321288181,21.240258030448956,2022,49.96393880000005,0.14783713,0.07423059,-0.17878108
81.52434375108693,21.265821730138715,2022,46.20753481999998,0.10049516,0.026954599,-0.14517282
81.69344936780175,21.181714016026554,2022,44.33445986000004,0.12875883,0.030494558,-0.16161223
81.64834798048886,21.129607660620366,2022,51.597752360000015,0.11438232,0.07292757,-0.16861826
81.73305536461062,21.25389191575519,2022,48.38994059000004,0.094560854,0.04155906,-0.13899454
81.60951355113654,21.16000512181123,2022,38.70839894000005,0.0831,-0.082688935,-0.071983844
81.65198532188872,21.29101635081024,2022,45.52393082000003,0.1721626,-0.01131948,-0.1863332
81.58106894683561,21.26219869760677,2022,43.65085585999998,0.11467635,0.004236727,-0.14274861
81.68242793181875,21.221347327289315,2022,43.86106409000001,0.17201862,0.031237412,-0.19965601
81.64299179149675,21.20410045062798,2022,42.43062272000003,0.09577321,0.019830545,-0.13141936
81.71126643931457,21.159940937558968,2022,45.50342269999999,0.12731193,0.04926696,-0.17227487
81.63136800249106,21.211156162029525,2022,44.423328380000044,0.11916551,0.028789137,-0.15253085
81.5538436151481,21.220824249562487,2022,51.61142444000001,0.14169987,0.033988558,-0.18095568
81.74786143643627,21.178920894312306,2022,46.52541068000005,0.14854822,0.044491466,-0.19472219
81.72410870528196,21.265515352483284,2022,51.368745020000006,0.22087465,-0.028240101,-0.23425892
81.59671871549784,21.142213625323635,2022,44.15843183000004,0.16849776,0.008878306,-0.2054712
81.75379115281397,21.225951849758808,2022,48.743705660000046,0.15810458,0.013648534,-0.17527136
81.59963816915958,21.255129524236793,2022,43.90378934,0.08772444,-0.003957114,-0.11251031
81.52926203402819,21.252625893137264,2022,45.65039755999999,0.16394751,0.018196275,-0.19080119
81.65730613882823,21.142789468060283,2022,46.42970611999999,0.13750587,0.052809056,-0.17331146
81.67888826218572,21.258030212194384,2022,45.98878153999999,0.15335166,0.018962266,-0.18777215
81.58242386364951,21.242845263469004,2022,44.34129589999998,0.26235127,-0.06327165,-0.25172535
81.59571234469941,21.129044481061268,2022,41.46845009000003,0.14966205,-0.013604906,-0.1788995
81.51821228173752,21.25693668990357,2022,48.00199531999999,0.11474361,0.04484974,-0.16103482
81.62694584835299,21.25287601599093,2022,45.494877650000035,0.10114788,-0.01068979,-0.13155375
81.67652303957173,21.346075283560417,2022,49.37262134000002,0.14527163,0.0051386026,-0.16134824
81.59385526484337,21.286059517625446,2022,46.850122580000004,0.14345708,9.0154214E-4,-0.16966948
81.55642881986837,21.322419881390154,2022,46.27418621000004,0.112814404,0.019811552,-0.14458477
81.6484800279607,21.28862457322512,2022,47.26028498000005,0.15062566,0.0467541,-0.176115
81.54402204310747,21.310433576495477,2022,42.28022984000006,0.16567641,-0.023543576,-0.18069594
81.73249971859775,21.244982371271675,2022,47.268830030000004,0.13550109,0.07129148,-0.17977864
81.69774258909091,21.361336794353537,2022,50.19978218000006,0.118894145,0.04926233,-0.15580016
81.49852474617482,21.215241006146556,2022,44.54295908000006,0.16348808,-0.020881817,-0.18314925
81.60644803509958,21.120361761684023,2022,45.014645840000014,0.18087521,0.019343987,-0.21386953
81.75886479580429,21.228298410474103,2022,52.70519084,0.13885759,0.04653556,-0.18552744
81.5572143687987,21.249560745829275,2022,44.67113483000003,0.16562971,0.015133953,-0.18128769
81.63058207457598,21.314047938004748,2022,46.60744316,0.15640217,-0.022879194,-0.17026058
81.65498096938683,21.29839555053581,2022,42.902309479999985,0.1758914,-0.008317315,-0.17125389
81.49618127809764,21.26763075312494,2022,42.40327855999999,0.22012441,-0.061940704,-0.22442535
81.64047102608954,21.257414999981172,2022,43.775613590000034,0.09991476,-0.0075535113,-0.1301765
81.7572872267625,21.21403084979565,2022,51.35165491999999,0.09185641,0.046730075,-0.13434094
81.64216642050022,21.31886585826773,2022,46.920191990000035,0.078430586,0.016681587,-0.090691686
81.706076300119,21.31036164174438,2022,49.27178975000004,0.1257365,0.04952225,-0.16828631
81.62259087192402,21.146913328293575,2022,46.699729700000034,0.15678145,0.054426543,-0.19751182
81.55328305487907,21.240024704061984,2022,42.350299250000035,0.21702538,-0.055885565,-0.2316177
81.55130731894168,21.154813104362866,2022,45.571783100000005,0.09944617,0.06368841,-0.14840822
81.67134133223429,21.180898138477804,2022,47.82425827999998,0.16356799,0.051376667,-0.19802122
81.55273253187116,21.149175810096633,2022,41.97944408000001,0.13958013,0.049186863,-0.18048091
81.54132822344043,21.3088010839915,2022,40.30119625999998,0.21393548,-0.05046896,-0.21536928
81.53422479997299,21.246792906976594,2022,49.21197440000003,0.113806725,0.026179487,-0.13914764
81.62726081048496,21.224110083948663,2022,40.36955666000006,0.11429499,-0.013258073,-0.1427937
81.55959733879786,21.22963854804385,2022,50.13996683000005,0.116842434,0.039294332,-0.15255065
81.60386019597239,21.171841182662902,2022,42.69210125000001,0.1869232,-0.06332045,-0.2053979
81.55512076104151,21.33430844467745,2022,39.65348147000003,0.23050691,-0.1396987,-0.2115439
81.57824806070268,21.186404400558263,2022,50.90389430000005,0.11752297,0.054944105,-0.16107821
81.73687590868992,21.16355317597236,2022,44.58910235000002,0.25160423,-0.05925634,-0.2546775
81.59829405401524,21.14527722973544,2022,40.10636912000001,0.14593884,-0.10566346,-0.13990009
81.6149395198215,21.182658836933136,2022,44.038801130000024,0.1934491,0.0142728845,-0.21259816
81.70878257934635,21.262735639842813,2022,43.93796954000004,0.16838977,-0.008197366,-0.18980244
81.61213273737762,21.228430018717223,2022,45.40259111,0.108956374,-0.008257875,-0.13323776
81.63311399877541,21.1530362840884,2022,45.87769589000004,0.1744248,-0.033986125,-0.20402911
81.52628979885546,21.213919655943684,2022,44.85399890000002,0.13554837,0.025178267,-0.16946137
81.60026556103735,21.268181678260223,2022,46.03150678999998,0.08966555,0.0060265562,-0.12033577
81.56994191502923,21.203032376846625,2022,44.90868722000005,0.19029476,0.004000361,-0.20073973
81.73125799345499,21.159654751699918,2022,48.008831360000045,0.11131785,0.060073238,-0.15277262
81.5212369379271,21.193529537397215,2022,45.390628040000024,0.1579583,0.010952338,-0.1860152
81.75533814374944,21.288964942568644,2022,48.340379299999995,0.1929265,0.016737258,-0.21435787
81.5448203783666,21.19757110711711,2022,47.08254794000004,0.06063915,0.08182878,-0.12474911
81.58276819307358,21.298809626474213,2022,50.17927406000001,0.097841844,0.032022152,-0.113898195
81.67721749539066,21.16630117944357,2022,44.77025741,0.14000735,0.06419409,-0.1709053
81.69447593914073,21.14731672474564,2022,47.80375016000005,0.12451585,0.07553474,-0.16874865
81.50150437826908,21.22477344027076,2022,48.75225071,0.136318,0.041743796,-0.17940657
81.63975879049768,21.12515543677828,2022,49.83405404000001,0.13399544,0.063718244,-0.1813294
81.59398949547506,21.360007428654185,2022,45.41455417999998,0.12735502,0.028192783,-0.16607839
81.6865259503232,21.191663547788263,2022,50.84578796000005,0.13695638,0.056134086,-0.17987292
81.69754455549479,21.13894007779942,2022,40.56096578000006,0.21273124,-0.0052362047,-0.2273861
81.56009675279175,21.28097545301278,2022,47.75589788000002,0.10388201,0.02958502,-0.13315144
81.72819130164459,21.304551118221106,2022,51.95322643999998,0.10629133,0.08754324,-0.14175409
81.49654461040029,21.282805395099977,2022,47.978069180000034,0.13845667,0.038575053,-0.17598186
81.61994085838023,21.20902372900809,2022,42.88009235000004,0.14111736,0.024116784,-0.1764262
81.60302735308473,21.245495917601055,2022,42.50581915999999,0.18830758,-0.010129146,-0.1853943
81.50909802601198,21.264003530223178,2022,43.51413506000006,0.13326927,0.02471137,-0.15335263
81.64318880325001,21.22134921763382,2022,42.56392549999998,0.1928664,-0.032983907,-0.20308147
81.54567688963785,21.337678421792006,2022,47.85502045999999,0.11310443,0.029731594,-0.14679559
81.51601207202799,21.308005344781996,2022,51.269622440000035,0.106189884,0.04729775,-0.13701415
81.65728880113728,21.33648008677208,2022,47.520054500000015,0.07030365,0.02234597,-0.10645174
81.66301884718126,21.191538796652903,2022,48.97954904000005,0.08430109,0.072236784,-0.1307414
81.74538977017137,21.240457952897124,2022,33.45148418000002,-0.002807947,-0.024493795,0.012072223
81.71633632546737,21.292468784834274,2022,48.336961280000025,0.11260797,0.01620046,-0.15662174
81.63134721436707,21.191533386314266,2022,43.13473484000002,0.17620651,0.012124167,-0.17889836
81.7447522451459,21.316029935540474,2022,49.075253599999996,0.19759747,0.023261271,-0.2235614
81.52546903496625,21.29535742714863,2022,42.56905253000002,0.20915258,-0.06527282,-0.22177139
81.68210209783794,21.189644313506324,2022,45.809335490000024,0.16085324,0.0424399,-0.21054386
81.59064772027874,21.309691895848463,2022,51.07821332000003,0.038789026,0.051936276,-0.055160485
81.61987659970269,21.149495836140005,2022,41.83417823000002,0.25126493,-0.08412608,-0.25848147
81.71702764689344,21.189459749107243,2022,44.40282026,0.12206417,0.025931137,-0.15878655
81.70529940913906,21.23977812092721,2022,45.014645840000014,0.15102124,0.00412534,-0.1822034
81.70089681194158,21.35759683464498,2022,50.548420220000025,0.12591793,0.020481022,-0.16063675
81.60453698341597,21.17583980207253,2022,42.61006877,0.16415429,0.00755031,-0.18026058
81.64167385670048,21.35824558760217,2022,53.91516992000004,0.061680347,0.07079384,-0.10628168
81.62393256852349,21.323794549188705,2022,49.16412212,0.0896568,0.01047214,-0.12398506
81.73661191281155,21.331582259743225,2022,47.54398064000003,0.12947719,0.055496458,-0.15723622
81.53006489828256,21.317063790596418,2022,51.43539641000001,0.12294991,0.057650078,-0.15695544
81.67325780580494,21.27038651341397,2022,43.801248740000005,0.15683345,-0.031669386,-0.17481987
81.5924408600516,21.196560322482863,2022,45.658942610000054,0.1608048,0.004150471,-0.17973933
81.69086073518737,21.223686369571503,2022,43.015104140000005,0.28842515,-0.09716144,-0.2733481
81.74667790070572,21.321222418279863,2022,47.178252499999985,0.16893469,0.023661718,-0.20132841
81.67391576784378,21.366681492967732,2022,49.533268280000016,0.08981216,0.0033651588,-0.11077192
81.50281957719982,21.313160054170407,2022,47.14236329000005,0.12222766,0.051504936,-0.160217
81.66828414418359,21.165753491671136,2022,46.761254060000056,0.111212395,0.062374476,-0.15508528
81.71150990170476,21.20368124240134,2022,44.03709212000001,0.1883572,-0.020297699,-0.20990099
81.55122377975762,21.35246862166744,2022,47.48245628000001,0.116284326,0.047995374,-0.14740388
81.54360209981863,21.26748631019665,2022,45.93409322000002,0.14048457,0.01856091,-0.17303853
81.74734266121231,21.214480259182213,2022,46.78518020000001,0.057945568,-0.011160527,-0.050063178
81.6732290208021,21.218780722771243,2022,43.31247188000003,0.16424187,-0.02048096,-0.19325687
81.66281548583913,21.220205846267845,2022,42.82369502000006,0.11922716,0.007488213,-0.15217859
81.58157591165819,21.125235164824044,2022,41.25824186,0.18604355,-0.018034758,-0.1855044
81.51580182179222,21.302399485347177,2022,49.22564648000002,0.08072043,0.06844852,-0.12146316
81.58661679908143,21.160093172925922,2022,46.626242270000034,0.16668373,0.016694227,-0.20421928
81.73730343459442,21.33631841870868,2022,47.40725984000005,0.111427516,0.074371174,-0.15763761
81.65846577265425,21.27245547274718,2022,47.865274520000014,0.1574283,0.01673837,-0.1779818
81.56316388256603,21.168746905323186,2022,51.037197080000055,0.13229585,0.062578976,-0.17656794
81.56122864736204,21.27379872757691,2022,48.60698486000001,0.12953633,0.041395552,-0.16540475
81.71262779386281,21.319744422456168,2022,48.993221120000044,0.16209906,0.064636916,-0.19237645
81.57996122877084,21.191310444051666,2022,49.188048260000016,0.14643219,0.043055803,-0.18133631
81.74018644562416,21.174359065373707,2022,48.34379732000002,0.07955221,0.097465746,-0.14826323
81.5346337750832,21.256798403808954,2022,46.00758065000002,0.10054884,0.02183963,-0.14083852
81.54551521548098,21.165965847113164,2022,46.31178442999999,0.13530989,0.056574102,-0.18691574
81.52927650533523,21.23506058949188,2022,50.522785070000054,0.11311904,0.034017917,-0.1445402
81.62254662724409,21.14548011348104,2022,47.15945339000001,0.1547378,0.041689813,-0.19003955
81.54930944759835,21.167652191904327,2022,52.52061776000005,0.09468411,0.07243787,-0.1605059
81.60122440048512,21.17383672193756,2022,45.54956597,0.17987089,0.0034116332,-0.21153814
81.756438003337,21.30820259366584,2022,47.209014679999996,0.21419942,-0.039012376,-0.22486289
81.73214103692516,21.22027009424146,2022,51.14486470999998,0.12117123,0.029133052,-0.1517223
81.5479572651631,21.204075708029436,2022,45.28808744000003,0.13229086,0.053908583,-0.18175326
81.54063573434672,21.29477168039365,2022,37.671029869999984,0.25023386,-0.09452928,-0.2369166
81.62730888497606,21.252175106238838,2022,45.458988439999985,0.09066595,0.014771865,-0.105834045
81.72564915411459,21.173421365980747,2022,44.216538170000035,0.26796773,-0.08140258,-0.26871604
81.70882241271283,21.288721064251522,2022,49.338441139999986,0.07884732,0.07329694,-0.11573309
81.72477879109101,21.17721002385042,2022,48.02421245000005,0.1163834,0.06902456,-0.16568175
81.67667401522063,21.13817196594539,2022,49.24615460000001,0.09220796,0.06522696,-0.12901022
81.70979820782303,21.36207918944179,2022,47.33206340000004,0.09731091,0.043082602,-0.13684131
81.72724987511666,21.188375138765423,2022,45.57861914,0.12013785,2.9447372E-4,-0.14683582
81.54945359012626,21.167317459851425,2022,52.88634590000004,0.08610111,0.09111204,-0.15492359
81.72225199550401,21.26525999575194,2022,53.050410860000056,0.11348012,0.05799056,-0.1726357
81.57946550489555,21.25150872707985,2022,47.58670589000002,0.11102066,0.045928985,-0.13624582
81.63891051002783,21.323411148260185,2022,46.09132213999999,0.07989209,0.022021765,-0.10772684
81.58523488553098,21.325231096858722,2022,47.14749032000003,0.07981476,0.018777184,-0.11783427
81.7036103705704,21.324589568310646,2022,49.324769059999994,0.16753463,0.018246273,-0.19779022
81.57484203352142,21.202682250656114,2022,46.23146096000005,0.13388495,0.025979597,-0.1628749
81.70923284576716,21.26725408404653,2022,46.41774305000001,0.1516402,0.06301128,-0.17899787
81.62421273267238,21.142726268055227,2022,43.69187210000001,0.20245484,-0.026096677,-0.21795006
81.65769165577348,21.37646863116311,2022,46.22291590999998,0.108223945,-0.010909835,-0.10909499
81.6454013415538,21.169891447476214,2022,42.992887010000004,0.12410528,0.03340002,-0.15872222
81.68688151070832,21.185453520773134,2022,47.98661422999999,0.15774073,0.019998778,-0.18617219
81.65438317475478,21.359515129992797,2022,50.098950590000015,0.044405553,0.05254022,-0.062479228
81.53355814057629,21.301032599254338,2022,46.25709611000002,0.1393159,0.04115387,-0.1742239
81.60668990548932,21.354368512860976,2022,47.12698220000004,0.113475844,0.02203281,-0.14459038
81.68794679346186,21.14471458207739,2022,46.76638108999998,0.12563461,0.025420872,-0.16801292
81.68872746480864,21.28860995760958,2022,44.18748500000004,0.21951956,-0.035440765,-0.21427229
81.58739162122355,21.13390842409774,2022,40.75066589000005,0.25388432,-0.09122361,-0.24194859
81.62702131875992,21.2564190454072,2022,41.67353129000003,0.31249574,-0.100628026,-0.28556833
81.57674321199427,21.350814099674597,2022,47.104765069999985,0.12558533,0.01330058,-0.15814632
81.61827913657487,21.264487934011107,2022,43.79270369000005,0.08794366,0.0030062674,-0.11433832
81.67556151013704,21.208816831792987,2022,41.42230682000002,0.17179966,-0.033399552,-0.1936895
81.54498704046476,21.303828411137317,2022,43.58420447000003,0.13233882,0.032311007,-0.1733414
81.62583700118874,21.144285212618517,2022,45.599127260000046,0.14155267,0.036424555,-0.18086176
81.57039725933528,21.151548794804103,2022,49.13677796000002,0.15044864,0.044455357,-0.19612381
81.63701374374648,21.275194963480345,2022,42.50240114000002,0.1376002,0.0047001936,-0.146812
81.55106715560417,21.22412660721644,2022,45.79053638000005,0.1484403,0.029805537,-0.17047323
81.56818140626388,21.371754281203845,2022,47.09622002000003,0.107567064,0.040364206,-0.14144072
81.69066530001798,21.32811618921681,2022,39.421056109999995,0.014626556,-0.05404386,0.008690805
81.6344089537856,21.244726279124016,2022,45.47266051999998,0.10710703,0.017597917,-0.13061981
81.61606933772691,21.286885851184895,2022,49.78107473,0.08999501,0.012018437,-0.1157291
81.6095527400989,21.256541621910745,2022,43.70554418000006,0.10409236,0.007994714,-0.13236292
81.53076767853217,21.18716731856646,2022,45.32568565999998,0.12179676,0.06794326,-0.17878705
81.5457105969589,21.359787665161964,2022,47.991741260000026,0.09420872,0.076434694,-0.13848259
81.63335441149856,21.11858290235956,2022,47.38504270999999,0.14436653,0.07071448,-0.19131747
81.76018458449171,21.237108283760243,2022,51.173917879999976,0.15263061,0.025389837,-0.18001652
81.60390219790611,21.315718403536764,2022,44.91381425000003,0.031893402,-0.053927477,-0.016525414
81.6266945563021,21.172300708574994,2022,47.18167052000001,0.17312841,0.016184261,-0.17837106
81.66495623964208,21.296464817436778,2022,42.76217066000004,0.18024187,0.020700425,-0.17965138
81.66328916123244,21.24237072992808,2022,41.68891238000003,0.0863901,0.015596663,-0.120057024
81.66718297936787,21.340414535506834,2022,48.694144370000004,0.06590642,0.011297128,-0.09531913
81.54683857002148,21.237243772931976,2022,50.712485180000044,0.111704566,0.025287664,-0.13588524
81.55377224755038,21.265339314144917,2022,45.65723360000004,0.17304216,7.227477E-4,-0.19114508
81.56102450847008,21.364260590363585,2022,47.27737508000001,0.09789833,0.053752787,-0.14080931
81.61043808060121,21.307515167378046,2022,50.77059152000004,0.06469532,0.0042864196,-0.09011483
81.64217154231027,21.338285482312116,2022,51.29013056000002,0.078272164,0.05946048,-0.12555091
81.75888779339859,21.200493363664666,2022,51.931009310000036,0.15400253,0.03424508,-0.19254458
81.63692867266448,21.259209584297217,2022,43.85593706000003,0.07413044,0.016932087,-0.10203544
81.76543840700805,21.247186526683986,2022,51.01668896000001,0.08750685,0.0015494868,-0.10684073
81.69049063640327,21.153336186744216,2022,40.77630104000002,0.19936793,-0.10937881,-0.19844358
81.58149722746259,21.360091438589418,2022,48.23954771000001,0.1222521,0.039836533,-0.15351012
81.51185692806014,21.191422650107864,2022,41.261659880000025,0.19141707,-0.01869395,-0.20301312
81.73635927562451,21.322087550472922,2022,50.862878060000014,0.104389384,0.06005138,-0.16077861
81.53610556743644,21.216830359812953,2022,47.81058619999999,0.14137429,0.024161931,-0.17663442
81.708821659266,21.336909557715096,2022,46.64162336000004,0.1632482,0.033794448,-0.18546504
81.53858631237989,21.283728022185702,2022,48.67192724000006,0.15648855,0.003032258,-0.17317036
81.75495743666696,21.24443034449558,2022,52.007914760000006,0.11843703,0.03980037,-0.16289212
81.59035122183242,21.376136850031585,2022,50.245925450000016,0.10349621,0.04342733,-0.13464478
81.66664999192788,21.165218162845008,2022,43.00485007999998,0.10406802,0.036031142,-0.1346369
81.72156316516767,21.166746721797146,2022,49.30767896000003,0.11278196,0.06762224,-0.1705972
81.70673372726532,21.26777103819997,2022,41.309512160000054,0.11276596,-0.042404767,-0.10228397
81.65836713972348,21.17514684898872,2022,43.78757666000001,0.23350854,-0.07078643,-0.24078646
81.5073896248928,21.27277630794628,2022,46.303239380000036,0.14732705,0.043851558,-0.17173922
81.60650538323134,21.202002986784755,2022,39.40567501999999,0.26332694,-0.07797956,-0.2521634
81.58854320259043,21.333248056449058,2022,48.33183425000004,0.10819445,0.027100088,-0.13714726
81.75255848874855,21.21936403658275,2022,43.06295641999998,0.015673356,-0.034626532,0.00775345
81.68744948566173,21.17927040726632,2022,44.30369768000003,0.1238872,0.06976042,-0.17410505
81.58298869301981,21.232636349823384,2022,48.92656972999998,0.109752275,0.014023031,-0.14728767
81.76857786338144,21.233305901681764,2022,51.33285581000001,0.10441286,0.06245949,-0.15403724
81.69760870253579,21.217703112797324,2022,40.46184320000003,0.2885527,-0.15062097,-0.28363082
81.7302519777196,21.217008790604346,2022,54.08265290000003,0.093708605,0.05864468,-0.11864274
81.68513492349928,21.1948244284147,2022,46.40236196000001,0.13761592,0.06651484,-0.18732558
81.64304334590392,21.364951062254942,2022,45.21289100000001,0.009726536,-0.032546997,-0.0033905166
81.63389938089122,21.350444282082144,2022,52.76671520000002,0.1019131,0.031235853,-0.13153827
81.71834685345331,21.32029341289911,2022,49.73834948000001,0.13101353,0.071168296,-0.17218204
81.67960507854369,21.191905208182135,2022,46.44679622000001,0.15152305,0.040397458,-0.18408093
81.5886003739593,21.357134006000578,2022,48.357469400000014,0.09442682,0.0441267,-0.12716052
81.60782303034236,21.298282786663826,2022,48.665091200000006,0.069992945,0.016966997,-0.091841325
81.53493196562198,21.292264771469736,2022,43.09884563000003,0.11562039,0.0423416,-0.16160662
81.66872115421522,21.218168546091484,2022,42.868129280000005,0.15939672,0.008723135,-0.17675309
81.70396329237232,21.19301928741105,2022,48.526661390000015,0.102213316,0.029846797,-0.14400639
81.5667237314061,21.353992104448885,2022,46.798852280000006,0.1340828,-0.020505162,-0.15588455
81.69288380318766,21.1328543283254,2022,47.689246490000016,0.19362925,0.008512869,-0.22265114
81.75243163472885,21.189586762923284,2022,51.47299463000002,0.08415229,0.109194346,-0.14429232
81.7512284039276,21.30195195047354,2022,47.62601312000004,0.14646083,0.044877406,-0.1920765
81.5979997564555,21.25784179756038,2022,44.2558454,0.07087724,0.0054337154,-0.100152075
81.49649638480797,21.30116584506643,2022,46.70656574000003,0.1119811,0.056683622,-0.16240437
81.62402227829344,21.154192107576154,2022,45.585455180000054,0.13746853,0.03691486,-0.17214425
81.62936431201732,21.219590483332098,2022,44.11399757000004,0.104845904,0.0050902213,-0.13775952
81.60455121542093,21.329530981697125,2022,48.31987118000001,0.082766846,0.021026526,-0.11314547
81.51661805705228,21.300346337173117,2022,48.8701724,0.08731541,0.07295971,-0.12788688
81.73525102971445,21.225688962240795,2022,49.38971144000004,0.13024582,0.025943324,-0.17048515
81.74345901914607,21.20727648276277,2022,51.001307870000005,0.11032973,0.055574205,-0.1456814
81.58850411601101,21.27529021515119,2022,47.67386540000001,0.12822081,0.018915595,-0.14316703
81.59613143492348,21.164715701266573,2022,45.72388498999999,0.20310184,-0.019747604,-0.22160593
81.62163164820946,21.118770800734413,2022,49.32647807000001,0.11745489,0.07538038,-0.17288789
81.68554371367537,21.368552104001914,2022,51.71738306000003,0.049117528,0.015955854,-0.069605246
81.57588378535696,21.188201198322826,2022,49.89728740999999,0.12546535,0.058630537,-0.16162165
81.51593662988755,21.251027901106752,2022,44.53954106000003,0.10163832,0.012333744,-0.13840513
81.5851108136066,21.295697261308696,2022,48.09599087000004,0.14308809,-0.012275867,-0.14926556
81.59228227314178,21.180969227229408,2022,46.841577529999995,0.18956009,0.022446446,-0.21502942
81.58840838845445,21.285021079697135,2022,47.61234104000005,0.15636684,0.014986887,-0.17554124
81.56770328446153,21.229823172859465,2022,43.396213370000055,0.1632927,0.005828094,-0.1864184
81.60153174285212,21.288192582945737,2022,49.57428451999999,0.0921238,0.037030466,-0.120882295
81.68302099447735,21.17611276546747,2022,42.639121939999995,0.086350776,0.071253665,-0.13507722
81.63394826198392,21.23829548619966,2022,45.08300624000003,0.05789594,0.03223109,-0.091487855
81.71258206217246,21.173446188102684,2022,48.20024048000005,0.1450673,0.05663917,-0.19026734
81.6748203134014,21.19179438625593,2022,47.391878750000046,0.14941095,0.0027507627,-0.17775293
81.57335222867684,21.30670748104727,2022,52.599232219999976,0.06610694,0.013497607,-0.08319332
81.56073981087349,21.28762082660421,2022,46.46901335000001,0.13093424,0.02838867,-0.16494714
81.55481159083526,21.290902163143343,2022,43.421848520000026,0.2144061,-0.08501097,-0.21891664
81.55675571641328,21.23794960347734,2022,50.69881310000005,0.1323238,0.03612571,-0.16219701
81.62518355251778,21.245504823098095,2022,44.24559134000003,0.116620086,-0.021381142,-0.1296174
81.61259074483137,21.358043393054785,2022,50.11091366000005,0.08958838,0.018705918,-0.1250879
81.68157960831896,21.257221898760946,2022,46.88601179,0.18245341,0.032858256,-0.20238368
81.68298069559114,21.365609532945513,2022,47.291047160000005,0.05041816,0.0045740684,-0.06296547
81.7023701514649,21.173481553583713,2022,45.61450835000005,0.14246443,-0.010355824,-0.16284816
81.6860481492542,21.237143972997345,2022,45.39233705000004,0.13689044,-0.008015647,-0.16404095
81.69614412718401,21.243987708158645,2022,46.393816910000055,0.15475062,0.026416894,-0.18767747
81.58939445828503,21.315942795064704,2022,47.20217864000006,0.107195534,0.019002544,-0.12851977
81.4897019852884,21.228192967840094,2022,51.594334340000046,0.08794596,0.08603768,-0.14629641
81.58402213197483,21.14939636823543,2022,41.179627400000015,0.25779375,-0.1271292,-0.25311127
81.63861088562831,21.256958572281647,2022,43.221894350000014,0.11251519,-0.01347002,-0.13585007
81.64131249539369,21.284282385931473,2022,44.69676998,0.17674933,-0.042665582,-0.18920171
81.5894667752319,21.290992754261897,2022,45.862314800000036,0.15277672,-0.013771329,-0.16627382
81.50298764925375,21.24872996785641,2022,45.08984228000003,0.18464117,-0.0075808116,-0.20714961
81.65098130039904,21.26880154470861,2022,42.62886788000003,0.22792928,-0.04033003,-0.21968563
81.73338039350148,21.18745961481337,2022,44.994137720000026,0.20499209,-0.021517554,-0.21913569
81.68524577003416,21.15015164520659,2022,47.318391320000046,0.11549327,0.07095059,-0.14876735
81.68258604406682,21.241321486957133,2022,46.46388632000003,0.19416828,5.584408E-4,-0.21686214
81.63329482273049,21.36904585589705,2022,49.827218000000016,0.10125238,0.0384898,-0.11445026
81.52854449781009,21.264555939629577,2022,45.55811102000001,0.09152033,0.036433667,-0.13889097
81.55142350565258,21.293217999833196,2022,45.82129856000006,0.100464396,-0.0019426986,-0.12472511
81.6624444611603,21.276350135947585,2022,45.486332600000026,0.08386475,0.007267047,-0.121623695
81.70860913294162,21.264625809600947,2022,43.35519713000002,0.20521562,-0.05305023,-0.22199136
81.70359550978685,21.21063756379862,2022,46.79201624000001,0.14947294,0.033703815,-0.17848769
81.67166390373102,21.184316089782612,2022,43.64743784000001,0.16001457,0.027382804,-0.2002879
81.60305040694821,21.293875825755446,2022,50.95516459999999,0.07480575,0.0063046883,-0.09688304
81.70270184784735,21.145267347889607,2022,47.49612836000006,0.1296765,0.089885496,-0.17414252
81.54865726337114,21.270918891588632,2022,44.423328380000044,0.19750196,-0.028675437,-0.2141565
81.6731270262106,21.333228767336514,2022,50.169020000000046,0.09015403,0.032500166,-0.12669241
81.57688344192725,21.338843855791378,2022,47.91654482000001,0.098972075,0.03740463,-0.13551857
81.66152694264034,21.182867728639476,2022,45.78711836000002,0.13531886,0.037124388,-0.16892895
81.56392297827004,21.19766990508591,2022,44.15672282000003,0.1193397,0.04837931,-0.13887283
81.58988175178006,21.320834076884935,2022,52.14805358000001,0.069181375,0.03867243,-0.101660356
81.66832114960788,21.21235928840377,2022,47.08938397999998,0.12363611,0.070056364,-0.17453054
81.76250885645521,21.211178980778083,2022,49.67340710000002,0.13040797,0.053573478,-0.17258288
81.69885528809739,21.153711661267867,2022,47.81229521,0.100479364,0.06394839,-0.13527924
81.67101145189186,21.140961540111867,2022,44.720696120000014,0.24877149,-0.053437274,-0.25809777
81.64820001570352,21.19319837674359,2022,45.29663248999998,0.13610432,0.011845877,-0.16589844
81.6337568688989,21.239589757868956,2022,44.621573539999986,0.09192518,0.043938488,-0.119416945
81.6326692624839,21.269703957702525,2022,44.53612304000001,0.100530036,0.030958308,-0.1232936
81.56082451877474,21.188127800377682,2022,45.458988439999985,0.072662465,0.028346114,-0.11365739
81.59286441668633,21.287459313995083,2022,44.93603138000003,0.17301182,-0.008246973,-0.1928791
81.62487304623095,21.364384253640907,2022,50.88680420000003,0.08999961,0.034418795,-0.12620193
81.61111386696868,21.240153411269233,2022,43.78415863999999,0.20783514,-0.04369758,-0.20474236
81.53289929770814,21.277220147024842,2022,45.88624093999999,0.12019878,-0.051795926,-0.1575494
81.70304998115031,21.158595591006378,2022,44.79760156999998,0.11211667,0.068126954,-0.16055171
81.6902045106788,21.311812241172685,2022,47.868692539999984,0.12897122,0.029591167,-0.1501928
81.70298701376703,21.321494673310447,2022,47.58841490000003,0.21213654,-0.014403821,-0.22238007
81.56341031000589,21.285662682121,2022,43.736306360000015,0.04087416,0.10645992,-0.06824226
81.68982248146088,21.35829542418826,2022,49.11968786,0.116916165,-0.014170197,-0.13633618
81.51578212960771,21.179125841094514,2022,48.63774704000002,0.12960128,0.030134242,-0.16567001
81.58149635649126,21.329472687104506,2022,48.51469831999998,0.10788693,0.024879085,-0.13466677
81.75593754379851,21.208924082842792,2022,53.04357482,0.10759337,0.08795513,-0.14239177
81.58020301487207,21.256512795032638,2022,45.990490550000004,0.07012833,0.02351556,-0.10881466
81.70917723940451,21.276777036820665,2022,46.27076819000001,0.13348716,0.021825708,-0.16589732
81.5437794212638,21.206202478061027,2022,48.44633792000002,0.10603667,0.0339222,-0.15431479
81.6268974926063,21.176546553410212,2022,44.15672282000003,0.16372176,-0.045976818,-0.15810701
81.685668195787,21.3031015832312,2022,45.067625150000026,0.16393442,0.01855663,-0.17732014
81.66553897733178,21.35707734766761,2022,51.19442600000002,0.028779859,0.011792856,-0.053859472
81.73342250163677,21.19531022532736,2022,47.87552858000004,0.13047136,0.06575497,-0.17650278
81.66630378935169,21.201299620743704,2022,45.09838733000004,0.07867618,0.035370916,-0.11993965
81.54934923443363,21.34183035766745,2022,46.16480956999999,0.1437603,0.024190944,-0.1680133
81.52173708580193,21.189983263276513,2022,44.00974796000003,0.16622856,-0.0013363822,-0.20146808
81.77227286245683,21.26735065576208,2022,48.46684604000001,0.11590209,0.05727041,-0.17174467
81.62708912080181,21.180080877124194,2022,44.92577732000001,0.13800906,0.013600709,-0.16456926
81.63707124221648,21.176368633081644,2022,48.012249380000014,0.17235628,0.024403643,-0.19608642
81.50818787125891,21.249789020215626,2022,43.36716020000006,0.17856339,-0.014865563,-0.19058271
81.76837715766861,21.282735557062335,2022,46.54250078000001,0.11288162,0.038597323,-0.15451209
81.5979929637858,21.193518006401515,2022,49.29913391000002,0.1298144,0.044337884,-0.17409274
81.64539764503998,21.263802700351313,2022,47.636267180000004,0.10271924,0.04152814,-0.15082015
81.55784147536866,21.23994399673998,2022,52.500109640000005,0.09370638,0.035966057,-0.1655354
81.58206604173417,21.130253868312877,2022,40.55412974000001,0.23215242,-0.056340612,-0.23643133
81.62006327006344,21.27805133155608,2022,45.048826039999994,0.08753407,0.045687124,-0.12539275
81.55677242790888,21.25647665044844,2022,47.12356418000002,0.12733369,0.0025620281,-0.15406819
81.5960374525483,21.34530252339524,2022,50.68001399000002,0.110224545,0.033103295,-0.1459388
81.6401768693807,21.365706081068936,2022,51.03036104,0.07769357,0.020345675,-0.09167639
81.63337536076679,21.16426258731232,2022,44.906978210000034,0.25623912,-0.1395654,-0.2572648
81.61135471210864,21.124464216991232,2022,45.77515529000004,0.19888532,-0.019532934,-0.21830913
81.6868413079886,21.318823392131332,2022,48.107953940000016,0.11243416,0.037022352,-0.14484084
81.66618721812816,21.28607428584861,2022,40.42937201000001,0.25760606,-0.111743905,-0.2596125
81.74761502570674,21.3127035532063,2022,48.682181300000025,0.18179606,0.03258673,-0.21309018
81.62592648565968,21.262673815665817,2022,44.26268144000005,0.14592788,-0.028934345,-0.16139723
81.60926362670934,21.18260438970133,2022,43.538061200000016,0.21404037,-0.033198114,-0.22060715
81.58552959523325,21.129895088994026,2022,39.672280580000006,0.24783969,-0.12942049,-0.23637304
81.50456924669558,21.308773770809946,2022,46.71681980000005,0.13159275,0.013148653,-0.15998848
81.75161029151607,21.302080146782597,2022,48.186568400000056,0.15059866,0.03602935,-0.19257446
81.61492283036179,21.132253919142496,2022,44.467762640000046,0.12970147,0.0653084,-0.17208554
81.5742269469051,21.327154133142145,2022,44.77196642000001,0.11925618,0.019223647,-0.149282
81.57011448135054,21.22545837549137,2022,45.21630902000004,0.1586819,0.022416953,-0.17048511
81.60676242562067,21.268519539485915,2022,42.81344095999998,0.15356238,0.002002503,-0.17801744
81.61836286538288,21.255625812895346,2022,42.50240114000002,0.17858225,-0.06252511,-0.18875286
81.50062151137804,21.207068724296988,2022,43.06295641999998,0.1292875,0.034197316,-0.1650467
81.6245694368102,21.21622151865421,2022,45.10009634000005,0.0929755,-0.008884247,-0.124424785
81.54952071234611,21.17448739230016,2022,42.82711304000003,0.11571786,0.056038227,-0.1648742
81.62949117090315,21.222601190428854,2022,37.27624856,0.33482862,-0.15394522,-0.3066588
81.51178690301246,21.22263978591633,2022,48.309617119999984,0.110007524,0.06395939,-0.14016308
81.61516682894022,21.335806110920643,2022,46.50661157000002,0.114812516,0.0055361097,-0.13805154
81.67374346148395,21.330419871896556,2022,48.03104848999999,0.15146449,0.015972886,-0.1787795
81.50609224941088,21.264764748097257,2022,44.53612304000001,0.1574452,0.0072931186,-0.17489547
81.64743754414224,21.351385529885274,2022,49.98102890000001,0.12282143,0.019573683,-0.1301831
81.58075065221168,21.364660306643266,2022,51.264495409999995,0.10780401,0.058247562,-0.14225802
81.66554608993225,21.31123513291725,2022,42.63741292999998,0.2718595,-0.1147552,-0.2589765
81.51595809922058,21.27066118159277,2022,46.06055995999998,0.14159803,0.03073054,-0.17269017
81.62103973425883,21.36535175885965,2022,49.54694036000001,0.09615612,0.045454547,-0.12466629
81.69332239227093,21.155010829169658,2022,43.20309524000004,0.16737561,-0.03623858,-0.19498447
81.62035522586487,21.197491353865914,2022,43.36716020000006,0.18938127,-0.0047979383,-0.2191341
81.51675295747236,21.29877575493223,2022,49.52301422000005,0.11157456,0.042289674,-0.15140994
81.62161361011532,21.152565626235596,2022,44.548086109999986,0.2385012,-0.056245327,-0.24245194
81.6984872777198,21.338975009605562,2022,47.23294082000001,0.17224278,0.008663367,-0.1870086
81.66556385098653,21.135144254214296,2022,48.29081801000001,0.102953225,0.032589678,-0.14706482
81.64586576638648,21.256611360731945,2022,44.50706987000001,0.12348882,-0.019066067,-0.15134744
81.5567542605692,21.2776432608261,2022,42.83224007000001,0.18446177,-0.055898197,-0.20079206
81.75721316682441,21.28655767104455,2022,45.51709477999998,0.1202053,0.06580689,-0.16623896
81.65156687014921,21.19981757945084,2022,36.14146592000003,-0.0035591086,-0.02685927,0.022978632
81.70215541189212,21.1867385285724,2022,44.095198460000006,0.17627543,-0.027653722,-0.20583029
81.69837549089722,21.33458871427244,2022,46.993679420000035,0.12305787,0.01870594,-0.14917444
81.66401572748343,21.13023934224966,2022,49.76398462999998,0.13053747,0.057857115,-0.17897582
81.57461742601178,21.165234800079663,2022,52.872673820000045,0.11142817,0.06570325,-0.15696432
81.73558117824327,21.229146764556887,2022,47.11501913000001,0.13863775,0.04643848,-0.18038158
81.72084186104226,21.274056641328333,2022,49.61700976999998,0.086288415,0.04208469,-0.14329158
81.69299050988457,21.325548463013163,2022,46.55446385000005,0.16628078,-0.00469124,-0.18585204
81.69688077054808,21.358195787557904,2022,49.21197440000003,0.12556446,0.030811958,-0.16225854
81.64385127886689,21.279580661125824,2022,43.476536839999994,0.22266965,-0.069641516,-0.21586949
81.5855398378545,21.300759025017946,2022,52.154889620000006,0.08142857,-5.05345E-4,-0.099961534
81.68561083130608,21.149284794644743,2022,47.942179969999984,0.11786461,0.06962082,-0.15494518
81.69045321966416,21.184164052507015,2022,44.057600240000056,0.14172542,0.063219786,-0.18141465
81.63849437532686,21.198469585183375,2022,45.28637843000001,0.108657464,0.018469423,-0.1437102
81.54038105508461,21.187481866443658,2022,45.84180667999999,0.12342676,0.04942875,-0.16350226
81.54776844187462,21.350356370398753,2022,45.347902790000035,0.04212781,0.0030548545,-0.0683394
81.66771825037908,21.251463274594688,2022,44.530996010000024,0.110768616,0.006019698,-0.14246283
81.67425022552906,21.21055919668782,2022,42.570761540000035,0.14711295,-0.009842279,-0.17665076
81.71021466960549,21.290009739790644,2022,47.14919932999999,0.10100516,0.045666475,-0.13896018
81.71933007649643,21.26668413212812,2022,49.80670988000003,0.10068626,0.071101874,-0.14875486
81.54252305030595,21.327662971090927,2022,47.66190233000003,0.11789319,0.03439534,-0.14083338
81.58832198875601,21.139346120346353,2022,42.26313974000004,0.20154387,-0.032518648,-0.21574618
81.54467409953126,21.354859307168727,2022,47.26370300000002,0.107622705,0.065119915,-0.15794754
81.61088322276728,21.261387726254412,2022,43.978985780000016,0.16452372,-0.014475045,-0.17883278
81.6608802134093,21.332197995403156,2022,53.53235168000003,0.037525628,5.5810757E-4,-0.057749104
81.59253972935818,21.326959798262994,2022,50.38777328000003,0.101075426,0.03640584,-0.13936614
81.62817441960114,21.13786347961459,2022,44.34642293000002,0.16937399,-9.5168967E-4,-0.17704856
81.58206729270113,21.212897658417987,2022,48.84624626000004,0.1227096,0.005410723,-0.14099766
81.72638247333327,21.175400276612617,2022,48.704398430000026,0.15409824,0.06518705,-0.20071004
81.69381763189723,21.22981951185161,2022,43.32101693000004,0.14987592,0.009412489,-0.17661673
81.66056879541458,21.264910941272607,2022,44.90356019000001,0.10581439,-0.001130401,-0.12719882
81.58901871468171,21.12307850352115,2022,45.43848032000005,0.15409335,0.00890434,-0.18286535
81.70020586261334,21.26062765655532,2022,43.438938620000044,0.20220062,-0.028328173,-0.21513106
81.54035527300935,21.309463178340323,2022,43.21676732000003,0.21588464,-0.081489444,-0.21299993
81.54938964671013,21.288324047216243,2022,44.68309790000001,0.1513013,-0.00180798,-0.17448425
81.69111423409844,21.260678123227688,2022,44.87963405000005,0.16162123,-0.011996698,-0.18500824
81.5485572744508,21.189910693083245,2022,50.27497862000001,0.11732852,0.05086545,-0.16378625
81.53779215521503,21.328905830410168,2022,50.03059019,0.109974526,0.032323197,-0.14075455
81.72092937636305,21.15994821320597,2022,49.97590187000003,0.12241029,0.072183125,-0.17227359
81.7092201839672,21.18243150668574,2022,45.809335490000024,0.11001104,0.040482715,-0.15002583
81.6428306075636,21.177267384161198,2022,45.51367676000001,0.122129664,0.05407138,-0.1529473
81.57621899549534,21.193403932045346,2022,43.71921626000005,0.3538839,-0.13338512,-0.32506233
81.5447210012748,21.192700666124278,2022,46.59377108000001,0.117957234,0.06029144,-0.15806802
81.60110063316974,21.177723359102004,2022,46.11866630000003,0.12398531,0.010467634,-0.1553109
81.56303930303207,21.286801404273444,2022,44.88647008999999,0.15121694,0.020154044,-0.17466913
81.60421821618587,21.360427340588288,2022,46.363054730000044,0.07399764,0.0027204133,-0.10815795
81.62291882224828,21.320277953908917,2022,46.77834416000002,0.099935,0.017811151,-0.12647696
81.53620794174363,21.216485629456667,2022,48.77446784000006,0.13844314,0.032525834,-0.18183072
81.69113398805953,21.30206682077798,2022,46.74587297000005,0.17320323,0.028117629,-0.18134378
81.75614724537344,21.19121236665947,2022,49.960520780000024,0.12481645,0.07135073,-0.17590037
81.5346174357563,21.290318821425803,2022,43.78415863999999,0.12486022,0.037142813,-0.15466401
81.53505736534495,21.2757842496723,2022,42.53316332000003,0.207957,-0.014639958,-0.21062277
81.64872717116839,21.260089942795865,2022,44.12937866000004,0.13590917,-0.008814441,-0.16230091
81.60178137972109,21.16953029511525,2022,43.47140981000001,0.2525967,-0.08640267,-0.26185235
81.74551596300485,21.180938809791492,2022,51.33285581000001,0.13079944,0.08121212,-0.18017472
81.77223732795248,21.2575769201943,2022,42.80660492000004,0.19596857,-0.021448653,-0.21290323
81.7196808045983,21.31958413526533,2022,48.535206440000024,0.10915505,0.069425285,-0.16129957
81.71016644495708,21.331922238452737,2022,46.419452060000026,0.12316368,0.051094666,-0.15230945
81.49401764873792,21.284840432923733,2022,44.700188000000026,0.20372751,-0.05326627,-0.2167605
81.58454582633854,21.336514269921597,2022,44.74462226000003,0.14341743,0.004449114,-0.16615385
81.66913514212469,21.266580244458122,2022,45.636725479999996,0.08699993,0.010259074,-0.11973848
81.64260357515563,21.31974945719218,2022,46.651877420000005,0.11550069,0.0036943492,-0.10878503
81.56391934150889,21.17335414105146,2022,44.62840958000004,0.19306546,-0.05635923,-0.2020409
81.61958859108721,21.282315657598748,2022,45.81788054000003,0.10891792,0.024880592,-0.14956573
81.67705960102354,21.126975259341968,2022,47.152617350000014,0.1280878,0.057523165,-0.17562501
81.51523635135922,21.310209128237467,2022,49.796455820000006,0.1033776,0.047204167,-0.13270755
81.6063417434976,21.35450529742833,2022,46.86208565000004,0.11526738,0.019130103,-0.15150838
81.55631271319712,21.276349967353266,2022,44.95653950000002,0.12556623,0.04898959,-0.15430355
81.75220532809045,21.317682581781003,2022,47.783242040000005,0.10359031,0.04041067,-0.14959954
81.69207139571374,21.14341468169297,2022,45.84180667999999,0.1379085,0.053140994,-0.19035237
81.5798139600479,21.3678460744928,2022,50.613362600000016,0.1083274,0.06339468,-0.14952202
81.67948020212182,21.18918456321528,2022,48.55913257999998,0.14146015,0.06674151,-0.18495342
81.50534605693024,21.22034994024709,2022,47.89090967000004,0.12257276,0.041917384,-0.16564353
81.50800427416716,21.268281649433476,2022,41.80854308000005,0.25687617,-0.07486061,-0.25205848
81.54510050623512,21.25757732451239,2022,42.044386460000055,0.10973862,0.041638426,-0.14405319
81.5531345194919,21.196422673229847,2022,45.79053638000005,0.117956154,0.052285574,-0.16108394
81.70676340960743,21.295925571620973,2022,49.476870950000034,0.1156409,0.06434513,-0.15897928
81.72904890654982,21.31148185555524,2022,45.26416130000001,0.15593335,-0.009971174,-0.19532828
81.50674792722813,21.292727385828925,2022,43.46628278000003,0.21432689,-0.054245137,-0.22043964
81.70643242282226,21.185494484540264,2022,46.33400156000005,0.13496299,0.039955456,-0.17933929
81.55803410647673,21.2239730357232,2022,49.153868060000036,0.13186249,0.04768757,-0.17340426
81.5663249474379,21.243931170551864,2022,46.88772080000001,0.16177876,0.0024298653,-0.17652313
81.66948962657948,21.247578202546734,2022,44.160140840000054,0.11794163,0.013139843,-0.1592594
81.74121996805255,21.243157811497454,2022,49.79987384000003,0.11711246,0.06325898,-0.15677123
81.68735356371545,21.309594854816197,2022,45.036862970000016,0.16775681,-0.028507289,-0.18724872
81.65555076179923,21.18253762627736,2022,44.660880770000006,0.08772913,0.05178905,-0.13175768
81.64971602354635,21.305032739708814,2022,45.556402010000056,0.07171648,0.020912943,-0.09782842
81.54792806227815,21.319567257774953,2022,44.37205807999999,0.19285604,-0.04914717,-0.19919859
81.62714634972835,21.161623181924014,2022,46.00245361999998,0.2026977,-0.04622526,-0.20681193
81.62544849335005,21.36052015003076,2022,48.42582980000003,0.12159329,0.013440193,-0.14419676
81.54577985666184,21.32186307779004,2022,49.01714726,0.122166984,0.029956393,-0.15206786
81.5695224387213,21.367346799600174,2022,46.682639600000016,0.13641456,0.018384993,-0.1710296
81.64339518979807,21.15164125222914,2022,46.67238554000005,0.17578544,0.03948613,-0.2104898
81.56215453118729,21.18494779788179,2022,46.180190659999994,0.11242064,0.05891426,-0.1624932
81.61489686099104,21.176393831953543,2022,41.34369235999998,0.23992243,-0.0419498,-0.24091083
81.56146879620941,21.254843752671803,2022,44.94286742000003,0.16176698,-0.013925696,-0.17375332
81.62997851338847,21.159103685580007,2022,46.33741958000002,0.17164372,-0.0050345133,-0.18631335
81.51490669179213,21.24185996622531,2022,49.464907880000055,0.13343509,0.03344937,-0.17230238
81.65136780802533,21.314901323100823,2022,46.730491880000045,0.16635086,0.0043560425,-0.1702368
81.68275489686525,21.321947819285324,2022,48.51640732999999,0.20245242,0.0740803,-0.2034815
81.61037635342028,21.22192098630341,2022,42.69381026000002,0.10258157,0.010876872,-0.13219556
81.55629557362505,21.20527892309006,2022,47.59525094000003,0.123269744,0.050001457,-0.1710942
81.57765287569605,21.211977411974953,2022,48.138716120000026,0.16180333,0.016779318,-0.17739359
81.69867045317113,21.197264434422085,2022,47.055203780000056,0.13503124,0.0782854,-0.16055635
81.65945118075301,21.19593962828545,2022,50.681723000000034,0.13331972,0.051516447,-0.16986302
81.50198517545375,21.276463810638933,2022,46.272477200000026,0.16872016,2.9063097E-4,-0.19526692
81.56822462738197,21.330814546150297,2022,42.62374084999999,0.15182322,0.012671735,-0.16568969
81.67007297904897,21.33572898934199,2022,49.62213680000002,0.13504313,0.022446653,-0.1625276
81.64036365167794,21.352818958062077,2022,52.96837837999999,0.094073266,0.036544852,-0.12356274
81.75501970254304,21.23584424301057,2022,52.69151876000001,0.151978,0.013910835,-0.186284
81.57578462057256,21.185500080878263,2022,46.16993660000003,0.10063793,0.057491433,-0.12798162
81.73168886930425,21.27777574945094,2022,48.043011560000025,0.10124078,0.036187086,-0.13563815
81.73818680080842,21.180450721378403,2022,52.89318193999998,0.12616089,0.059918653,-0.17676406
81.73368614290699,21.34053738524178,2022,42.25630369999999,0.23040852,-0.041813016,-0.23109683
81.49763722426714,21.221699400292714,2022,49.15899509000002,0.13406692,0.029721702,-0.17000231
81.64648431990288,21.201082824104567,2022,41.63422406000001,0.1632248,-0.0067818067,-0.18686707
81.62561637104201,21.120315497532822,2022,49.95368474000003,0.13785437,0.07890131,-0.18765804
81.59948360555538,21.26275038327981,2022,46.40407097000002,0.121548966,0.02712754,-0.15645555
81.61113757901401,21.147657386279796,2022,41.476995139999985,0.23942518,-0.071193,-0.25526246
81.68556324563677,21.14726861880307,2022,43.69529011999998,0.20427208,-0.05087711,-0.21864222
81.6602453351809,21.23471523506298,2022,42.868129280000005,0.108569376,-0.0013602799,-0.13891038
81.52180197508274,21.33457330405966,2022,51.300384620000045,0.09675874,0.06510481,-0.1569693
81.6332568893073,21.351546174912986,2022,49.74689453000002,0.10115994,0.02697109,-0.13311273
81.63843695437566,21.353569021742988,2022,50.36726515999999,0.092253156,0.022567505,-0.115692444
81.66918256802298,21.16220426311552,2022,44.00974796000003,0.15143175,0.0068805963,-0.1849714
81.50223554898336,21.211579226874303,2022,44.66258978000002,0.14128904,0.02786716,-0.17349164
81.6677461114397,21.23569202612555,2022,44.06785430000002,0.19579978,-0.039398827,-0.20537698
81.6626616081113,21.302052687490338,2022,45.048826039999994,0.15535377,0.02253521,-0.18242013
81.64812013913327,21.361131204344215,2022,49.97077483999999,0.07698876,-0.0030040643,-0.056393076
81.5763412415649,21.35898203294177,2022,48.06351968000001,0.120766334,0.0351147,-0.14688034
81.49254855176956,21.270630628202905,2022,47.104765069999985,0.14069179,0.026595745,-0.18104072
81.54638989468557,21.249429574997826,2022,41.01214442000003,0.24238421,-0.0594016,-0.22800653
81.5382137523332,21.30728628136391,2022,46.70998376,0.15961137,0.0352194,-0.1768987
81.67722202926025,21.147220426087525,2022,47.01418754000002,0.13665463,0.065466344,-0.1843022
81.68760212478605,21.288373055711585,2022,42.83224007000001,0.23553096,-0.061494827,-0.22256
81.62956600725975,21.242179627149998,2022,43.84739201000002,0.09651641,0.02080266,-0.12111056
81.61577848117486,21.122286466834296,2022,46.73561891000003,0.17352615,0.018120943,-0.19667114
81.63076323631304,21.248063263873405,2022,44.41991036000002,0.063242026,0.03476454,-0.09620385
81.56002422007494,21.171458416425,2022,43.12448078,0.18669425,0.014513497,-0.2101378
81.52134609008544,21.23979343469105,2022,48.456591979999985,0.15220378,0.023906888,-0.17253627
81.57383426475275,21.247519553959624,2022,45.32568565999998,0.13579878,0.012170978,-0.16285557
81.70663900132261,21.25694352259042,2022,49.00347518000001,0.13909878,0.04277303,-0.18293683
81.62152358133564,21.37145560371373,2022,45.60938132000001,0.13568893,-0.0063261734,-0.15417093
81.50318515049563,21.210701364603754,2022,45.05908010000002,0.13466594,0.041372057,-0.17233
81.63695450495048,21.1225579827077,2022,49.54352233999998,0.11736767,0.062403396,-0.15652922
81.70203852400644,21.274739421017138,2022,43.75168745000002,0.18933281,-0.02121636,-0.18891776
81.591050125936,21.37218980563546,2022,48.37797752000006,0.1055544,0.040659465,-0.13650572
81.5129432462228,21.280742749325835,2022,44.62328255,0.15724124,-0.0026726732,-0.1755316
81.5198621532348,21.217399709640056,2022,41.95551794000005,0.1763726,-0.030931598,-0.19490957
81.65394286377214,21.3281790804922,2022,49.48199798000002,0.08030446,-0.014536985,-0.1110427
81.65237112366992,21.304561888252934,2022,44.97362959999998,0.15267678,-0.0040757535,-0.16352117
81.59743164232825,21.312154667751763,2022,45.98365451000001,0.10245927,0.020086648,-0.122513436
81.77122734440019,21.252477578730588,2022,48.113080970000055,0.08935324,0.06484162,-0.12559919
81.70765418453999,21.309310242619993,2022,48.92998775000001,0.16086608,0.057865582,-0.18915662
81.62154802224175,21.2885737745844,2022,46.57326296000002,0.06779462,0.02639003,-0.08517752
81.69208307514775,21.17024778864394,2022,44.12254261999999,0.12856634,0.049097776,-0.17253105
81.70156624320586,21.195837311803377,2022,47.75931590000005,0.0828772,0.06693675,-0.14422365
81.70694945845301,21.27112171636581,2022,44.867670980000014,0.22603627,-0.050910924,-0.24071209
81.52145300508033,21.16683960376943,2022,48.11137196000004,0.16142558,0.0407998,-0.19871572
81.63779700795489,21.366485882816683,2022,48.712943480000035,0.07916693,0.014291144,-0.10202694
81.63885244677603,21.158709444397427,2022,45.78199132999998,0.12313401,0.029104598,-0.1573948
81.62420627393192,21.206340598916633,2022,46.21437086000003,0.19206859,3.2956825E-4,-0.19629988
81.59004347497545,21.167497712732445,2022,49.01202023000002,0.13097991,0.04144589,-0.17340773
81.74834945947174,21.31810520698141,2022,49.611882740000055,0.08875524,0.032519273,-0.12602255
81.72179985150095,21.252817968764283,2022,52.12754546000002,0.12947816,0.04899101,-0.16824295
81.73689213187458,21.24847555220404,2022,49.23590053999999,0.08594526,0.04763452,-0.13063759
81.63026625352083,21.353594767407202,2022,46.957790209999985,0.132708,0.0038818058,-0.1560449
81.57501457149611,21.356706638040848,2022,48.309617119999984,0.10228143,0.044750374,-0.13773212
81.66316046070523,21.173315214031142,2022,47.749061840000024,0.14490674,0.039459266,-0.17454806
81.59878571467829,21.31620539833059,2022,51.416597300000035,0.08414004,0.037077315,-0.12089564
81.68715719187031,21.260222439168846,2022,44.34129589999998,0.06470466,0.018409237,-0.09949168
81.51068538066231,21.233183304308056,2022,48.71123447000002,0.12386301,0.04148465,-0.15972881
81.6271910961907,21.240794181459012,2022,37.88123810000002,0.002970945,-0.046553172,0.008808161
81.77135754370491,21.256589744371922,2022,43.00143206000001,0.15966569,-0.014093885,-0.18278138
81.70018577774925,21.312562496720776,2022,49.528141249999976,0.13371481,0.045811113,-0.17199834
81.73474749096756,21.20169537283808,2022,51.50375681000003,0.113909036,0.06801265,-0.17185439
81.62748057125432,21.138407912105144,2022,43.023649190000015,0.21350569,-0.07747106,-0.21237986
81.49569053915359,21.220722098405652,2022,47.52689054000001,0.13472213,0.028091623,-0.17049594
81.77044568298977,21.276997360020655,2022,48.302781080000045,0.11935679,0.06842339,-0.1664566
81.72323020919899,21.156888772993273,2022,49.256408660000034,0.15423594,0.05266086,-0.19253397
81.64394948160421,21.250437228486252,2022,43.07662850000003,0.18934953,-0.067106016,-0.20341587
81.61569434610932,21.378749142343587,2022,49.170958160000055,0.11174892,0.020363923,-0.14319663
81.72624183921766,21.233142365275857,2022,47.05178576000003,0.2047419,0.011880744,-0.22117949
81.63321165122615,21.16490248671979,2022,45.118895450000025,0.26883608,-0.14412482,-0.2703465
81.6373761693212,21.364773900530846,2022,49.53497729000003,0.077980615,0.005241767,-0.099916
81.66309297075333,21.30971901520535,2022,45.188964860000056,0.13523875,0.031053664,-0.15559632
81.73925384417694,21.18044527668444,2022,52.72228094000002,0.05525913,0.012465519,-0.084266216
81.6046890187332,21.21045680408736,2022,43.127898800000025,0.1628545,0.011485541,-0.17303169
81.55736682124365,21.168166049182695,2022,48.777885860000026,0.12998255,0.043970585,-0.16852833
81.54002031998112,21.29204426606591,2022,41.218934630000035,0.15987134,-0.01899124,-0.17657351
81.50898470666657,21.184367905658753,2022,44.17039490000002,0.13535552,0.05410179,-0.18393306
81.6086962909701,21.142643222347367,2022,44.81981870000004,0.22986591,-0.05489962,-0.24969593
81.51852048417858,21.196834731379525,2022,40.52336756,0.18521483,0.008207247,-0.20720354
81.68269866617649,21.14714712472027,2022,45.35986586000001,0.17716727,-0.01504919,-0.20871596
81.73726512933486,21.184239575822488,2022,45.41797220000001,0.15916166,-0.024860105,-0.18477146
81.74932771402102,21.292062315939187,2022,49.16070410000003,0.10752342,0.047218967,-0.13115926
81.61115394879867,21.210688684115414,2022,44.73778622000003,0.15237135,0.033333335,-0.18126695
81.66628418458312,21.34871868148643,2022,51.775489400000026,0.06666667,0.04803456,-0.07382032
81.62293161769989,21.19140919957191,2022,42.856166210000026,0.19939718,-0.039430313,-0.21493867
81.51391660542411,21.295295971865198,2022,44.77538444000004,0.13791311,0.02914713,-0.16486107
81.53517492267518,21.268295869891958,2022,48.025921460000006,0.16018191,0.023480238,-0.18770625
81.54072125307475,21.248146664646605,2022,43.51413506000006,0.18149415,-0.017000094,-0.19457214
81.64365090470747,21.16249580595057,2022,49.92292256000002,0.15643285,0.044801824,-0.19279261
81.63641956904189,21.192182584436452,2022,42.5810156,0.14969748,0.018843848,-0.17609604
81.5104497734842,21.255677492736265,2022,44.038801130000024,0.20780838,-0.05810633,-0.21369818
81.6345179400438,21.16138330300299,2022,45.98878153999999,0.18416528,-0.002203817,-0.20100807
81.54326636390996,21.23683524031245,2022,45.25390723999999,0.1922516,-0.007489335,-0.1910935
81.65307821983596,21.211888081088684,2022,43.78074062000002,0.09291655,0.047726136,-0.12576619
81.64936579425003,21.263234741082265,2022,44.64891770000003,0.15477741,-0.029791595,-0.16508833
81.56537248179481,21.33277457108901,2022,43.840555970000025,0.1538742,0.002804563,-0.17347129
81.74390719021547,21.196727131107156,2022,52.655629550000015,0.11045031,0.09154713,-0.16287561
81.67998557387737,21.21022240172534,2022,46.00245361999998,0.1509161,0.04001609,-0.19158496
81.70109895317442,21.3182820966602,2022,50.85091498999998,0.11651392,0.059160218,-0.15156795
81.61366436216876,21.218034928288837,2022,45.79053638000005,0.15938623,-0.032966375,-0.19233425
81.56118389685629,21.304415728802567,2022,48.19682246000002,0.10034602,0.038134422,-0.1371991
81.7208296896411,21.15763834532872,2022,49.54864937000002,0.105627954,0.07536945,-0.14858429
81.59448462193198,21.20918428119377,2022,43.329561979999994,0.21889661,-0.01987037,-0.21593383
81.67426341631959,21.174138157575406,2022,49.42389164000002,0.13130645,0.05364223,-0.18206133
81.71999082179704,21.325331077631407,2022,47.174834480000015,0.1222131,0.05969034,-0.15365434
81.58618746797208,21.33081377641955,2022,48.06351968000001,0.14316078,-0.040091164,-0.16644722
81.52249303817034,21.296685428167677,2022,48.95733190999999,0.09294233,0.06338064,-0.12446697
81.61365933709205,21.17132676763496,2022,42.30586499000003,0.28755656,-0.10496423,-0.28328913
81.6799902592768,21.204128701500363,2022,44.11057955000001,0.10647095,0.0035220555,-0.13227905
81.50557516117347,21.268813972897707,2022,41.753854760000024,0.2152076,-0.019805657,-0.20746006
81.59498444600567,21.330862217398018,2022,48.46684604000001,0.112157695,0.029690502,-0.14164294
81.59068177274797,21.179182435841106,2022,48.33525227000001,0.13181692,0.060158845,-0.17558658
81.72582273432039,21.232135950237332,2022,48.29936306000002,0.15905328,0.036541265,-0.20628485
81.56891793633108,21.263594530817546,2022,48.36772345999998,0.102902,0.04890264,-0.13052976
81.55239758535724,21.300231299710315,2022,41.49237622999999,0.20279692,-0.06919494,-0.20227595
81.68068883510705,21.144015098440796,2022,44.37376709,0.24698393,-0.0707988,-0.25229853
81.62627701343037,21.148174483389678,2022,45.54614794999998,0.15386571,0.00435764,-0.1760197
81.713521624332,21.15480022739939,2022,47.60721401000001,0.15564296,0.03538345,-0.18930048
81.50794379986118,21.257477050568188,2022,44.59422938,0.18842113,0.009142487,-0.20753771
81.65892058431811,21.264437900789286,2022,45.32226764000001,0.10834129,0.03988115,-0.13181317
81.73788820466936,21.28804292933958,2022,51.594334340000046,0.09953335,0.08541053,-0.14168401
81.7607560924811,21.246389939157815,2022,49.22393747000001,0.10526316,0.045556866,-0.15155658
81.56877633954693,21.29349776277469,2022,47.57816084000001,0.107565604,0.024233192,-0.14455722
81.618482058763,21.275520488159508,2022,44.07810835999999,0.13918418,4.648136E-4,-0.17000979
81.59495549160515,21.232676742173552,2022,46.414325029999986,0.11098316,0.0016306052,-0.1411265
81.66696142876748,21.36249535981432,2022,48.36088742000004,0.1193365,0.020092104,-0.11770064
81.67636543514853,21.2031685345543,2022,45.33423071000004,0.12597536,0.02264787,-0.15864049
81.6928629520297,21.176353432834595,2022,44.290025600000035,0.12942006,0.07137962,-0.17885226
81.57334417336612,21.306077782897418,2022,52.34971675999998,0.09637128,0.037620924,-0.114661574
81.68711546097167,21.204114304675706,2022,47.205596660000026,0.11378751,0.05603716,-0.15753002
81.66331482550453,21.3516097988793,2022,48.730033580000054,0.1416369,-0.031501025,-0.15284073
81.71471988610509,21.14735353148684,2022,49.217101430000014,0.12088834,0.080888525,-0.17078982
81.58249843180117,21.37531100597386,2022,50.6475428,0.11856745,0.03624925,-0.15231234
81.64873430515169,21.265220314372876,2022,47.01760555999999,0.108864695,0.046846848,-0.14778653
81.658037817711,21.33910762372535,2022,48.66167317999998,0.0713528,0.048934367,-0.116639026
81.7152605461039,21.243497115479066,2022,48.42582980000003,0.122223005,0.023863567,-0.1571522
81.7289156403035,21.23736505511896,2022,48.23954771000001,0.12418125,0.07219389,-0.17115442
81.69188750898422,21.36423234492433,2022,49.680243140000016,0.07668554,0.035500232,-0.11709513
81.68420218079545,21.343565548488158,2022,48.59502179000003,0.10371499,0.046262383,-0.12203646
81.65612439414242,21.34274178689605,2022,44.423328380000044,0.14517404,0.011291626,-0.14424615
81.52773930303853,21.201788439596026,2022,47.82767630000001,0.12649903,0.038404386,-0.1518076
81.58903224224244,21.296374536994882,2022,45.995617580000044,0.1584252,-0.0225543,-0.16715589
81.60147637696555,21.373856790566318,2022,43.58249546000002,0.15675876,-0.028285092,-0.17338148
81.53347863065395,21.211508156236395,2022,47.02273259000003,0.16093564,0.017398048,-0.19006859
81.59689950175037,21.229366633807544,2022,47.75931590000005,0.08517819,0.038023155,-0.13169564
81.76555366127853,21.275763074498308,2022,49.381166389999976,0.08305605,0.054131456,-0.13769989
81.65707874523218,21.137853460198397,2022,50.48005982000001,0.13203716,0.06776193,-0.1749278
81.71767149789383,21.255679124035623,2022,49.157286080000006,0.15843743,0.0075294953,-0.19243509
81.63654764628232,21.142690978676264,2022,45.464115470000024,0.20039885,-0.024344126,-0.19933586
81.6636454438807,21.376061612008797,2022,49.04278241000003,0.08815253,0.008053771,-0.10382828
81.61959719642867,21.343209713782468,2022,48.17973236,0.089498624,0.023563258,-0.11904855
81.61255789913112,21.217320076668145,2022,45.49658666000005,0.19075452,-0.07306465,-0.21021198
81.54533049289601,21.337092196652257,2022,48.11137196000004,0.09892259,0.05903017,-0.13119154
81.69722450694759,21.18077710500912,2022,43.24582049000003,0.10218632,0.029412674,-0.1334766
81.70150252055585,21.182584617217508,2022,43.44064763000006,0.09769211,0.030417787,-0.1375542
81.62871340013685,21.33518697642463,2022,47.84818442000005,0.11151937,0.023220666,-0.14127468
81.69646546567775,21.175315126024397,2022,43.71238022,0.11502638,0.0014873574,-0.16428061
81.6420267730046,21.25930205580558,2022,43.329561979999994,0.26810077,-0.0975113,-0.25581735
81.70226307231898,21.14013397911976,2022,45.17358377000005,0.21684982,-0.039718617,-0.23682718
81.70791440037327,21.192701746361035,2022,46.80568832000006,0.107336044,0.019374982,-0.13591802
81.5165728662322,21.280862051181142,2022,45.07617019999998,0.15646051,0.008710404,-0.17234461
81.69417095403875,21.23770165362753,2022,44.58568433000005,0.23121034,-0.055856247,-0.23109934
81.57353976668469,21.31721691353324,2022,49.74347651000005,0.09619981,0.0333187,-0.12233121
81.5962056223231,21.121186653605534,2022,42.37764341000002,0.1967874,-0.026427986,-0.22189525
81.68980308217759,21.14917520743308,2022,40.17985655000001,0.20875655,-0.050997145,-0.21928576
81.6166343405278,21.168714496123748,2022,43.127898800000025,0.23840664,-0.07065659,-0.23128873
81.6541191212175,21.18104287438131,2022,45.41455417999998,0.12307692,0.039445966,-0.16399749
81.74999819741802,21.268794429902563,2022,48.61723891999998,0.19421488,-0.048309974,-0.20412105
81.76029340287408,21.290652792289784,2022,50.859460040000045,0.115510255,0.043366205,-0.1686916
81.57202443624257,21.24984377826173,2022,43.06124741000002,0.21308301,-0.025757436,-0.2150579
81.72963989623105,21.166101680594124,2022,47.66532035,0.111918956,0.049443994,-0.16188385
81.67195621980322,21.191528682295065,2022,45.58203716000003,0.16538668,0.03330469,-0.19573385
81.65791088103667,21.1460662712321,2022,45.54614794999998,0.18208715,0.0070732175,-0.2016729
81.58752791550644,21.313520218407184,2022,46.730491880000045,0.09366259,0.0059923735,-0.11974798
81.55209040080405,21.193711311099797,2022,49.97761088000004,0.1193492,0.065502964,-0.16244256
81.55980542966418,21.357217523870055,2022,47.256866960000025,0.109784484,0.020155141,-0.1386417
81.51865014601469,21.260141082788447,2022,45.32397665000002,0.11806672,0.0058137667,-0.14990526
81.58181882107384,21.345551977145675,2022,45.86915084000003,0.1299842,0.0069070593,-0.15351489
81.58668784792071,21.24708197361813,2022,48.379686530000015,0.14965974,0.003064912,-0.17925039
81.60919197926545,21.221222993318424,2022,46.08790412000002,0.07317158,0.022510987,-0.108772054
81.74064421803463,21.24557036445226,2022,49.40509253000005,0.12772945,0.04420203,-0.17027634
81.57005076404177,21.22675555612184,2022,47.896036700000025,0.13409579,0.027639885,-0.16704671
81.54787062867965,21.349897187640593,2022,45.715339940000035,0.04346194,-0.019977983,-0.06319592
81.75767411771675,21.24651328717619,2022,52.22666804000005,0.12292147,0.04826011,-0.16952845
81.69456745205864,21.244021150082705,2022,47.69437352,0.15043935,0.02201956,-0.1892168
81.59722553092755,21.29581741908384,2022,47.83451234000006,0.10696205,0.016975975,-0.13476709
81.61796296723143,21.307755441633173,2022,44.9907197,0.06875951,-0.012198008,-0.07537941
81.53934495702256,21.268336485559562,2022,46.457050279999976,0.14825645,0.043801174,-0.17295198
81.71579807733328,21.320285027373334,2022,49.01372924000003,0.117723934,0.041786525,-0.15309636
81.5625750249208,21.20942257357229,2022,47.41409587999999,0.14456467,0.052739404,-0.18227644
81.66255017507595,21.234283355785784,2022,43.44919268000001,0.09888465,0.010016051,-0.13483477
81.52367789360758,21.249004127225874,2022,44.58910235000002,0.09735696,0.033065777,-0.12613177
81.64111411840395,21.252759619329012,2022,42.85274819000006,0.14862852,-0.033962883,-0.16591068
81.57098553382845,21.26337422002036,2022,47.104765069999985,0.119003095,0.016757777,-0.15005043
81.6134051067952,21.25175960373205,2022,45.63843449000001,0.1028221,0.0057903975,-0.13503999
81.55973710604782,21.243599671709717,2022,47.55423470000005,0.14286703,0.0075531197,-0.17373776
