longitude,latitude,Year,LST,NDVI,NDBI,NDWI
81.55702018058663,21.178393851755413,2024,50.26814258000002,0.14011355,0.057849087,-0.16792619
81.64803642620063,21.24326947806197,2024,40.766046980000056,0.18562526,-0.04969345,-0.19551635
81.53645071915611,21.295511611389895,2024,41.48895821000002,0.28560093,-0.122246884,-0.26470798
81.5898481218558,21.165810307670377,2024,52.26939329000004,0.1576657,0.03497237,-0.18475349
81.49651446260243,21.26450190665363,2024,41.50263029000001,0.27259016,-0.13649355,-0.262766
81.71259364518578,21.319762922116496,2024,47.65335728000002,0.14882949,0.04987735,-0.17613462
81.62663484544345,21.232946586015863,2024,46.457050279999976,0.10267136,0.0067996215,-0.109188765
81.6586846864913,21.241540100673056,2024,45.86744183000002,0.10938544,2.8217235E-4,-0.10284718
81.57320025818653,21.256160808556825,2024,43.61838467000001,0.17309046,-0.029520232,-0.18303308
81.64538053436634,21.24176620699931,2024,41.30267612,0.15179624,-0.034453545,-0.15025906
81.68495149409891,21.23588425497677,2024,47.91996284000004,0.15442377,-0.0034219706,-0.16645321
81.64024013469614,21.255174749317234,2024,45.73072103000004,0.14638372,-0.008765244,-0.16451891
81.72415010371883,21.232304383129524,2024,52.68126470000004,0.10864681,0.037896655,-0.14341244
81.68455562750782,21.13425405810118,2024,57.256284470000026,0.10694433,0.066437274,-0.15708295
81.74282244276601,21.315755301337926,2024,48.42924782,0.14498895,0.058858555,-0.16220587
81.57427633487214,21.311748940760065,2024,49.62555482000005,0.13301776,0.034837432,-0.14961945
81.63987122351382,21.326145259293124,2024,44.39256620000003,0.09468151,0.0118983425,-0.11375377
81.69537697681106,21.20182114824312,2024,50.42537149999998,0.090843536,0.064077504,-0.14121117
81.55535708428418,21.242192202994207,2024,43.11080870000001,0.18165758,-0.012443241,-0.19256827
81.53035335729471,21.280893484828773,2024,51.47641265000004,0.11462022,0.043534882,-0.15471868
81.69794747931876,21.32556357940541,2024,44.36180402000002,0.12957609,0.011954809,-0.14209788
81.54580602126613,21.21891036125095,2024,49.13677796000002,0.13587166,0.063640565,-0.16597152
81.68977263983285,21.132725689063655,2024,58.732869110000024,0.11224271,0.07131751,-0.1633543
81.55041926008857,21.24676901469852,2024,48.22587563000002,0.09704903,0.031753086,-0.121945426
81.6866575917718,21.150244216507648,2024,53.09484512000006,0.1346625,0.06510826,-0.1967232
81.60084865093148,21.278525467420216,2024,49.38971144000004,0.13504392,-4.4802064E-4,-0.14224333
81.64228739182798,21.27478402438701,2024,44.700188000000026,0.21304941,-0.07827057,-0.20903373
81.59225850159072,21.37399406610401,2024,48.56255060000001,0.12056085,0.06193405,-0.15274364
81.57282532580037,21.2603350837669,2024,44.58226631000002,0.087369815,0.026216721,-0.109964244
81.5469349830569,21.24255282267882,2024,36.41490752000004,0.32469243,-0.180636,-0.29039162
81.53585292362075,21.276614978433166,2024,50.14851188,0.15112096,0.05898034,-0.18683648
81.63505095649121,21.277703446743107,2024,50.435625560000005,0.0842202,0.0032729192,-0.109622315
81.56843645569496,21.170071216189402,2024,46.981716350000056,0.15255556,0.04371255,-0.18560144
81.5771061974977,21.24308022887342,2024,39.503088590000004,0.10956415,-0.06510216,-0.091685824
81.60254358567016,21.271251707556576,2024,41.982862100000034,0.14247355,-0.018087128,-0.15046923
81.59263771293783,21.346302467276654,2024,49.18121222000002,0.12580538,0.0029021425,-0.14769357
81.71184960048532,21.193583212560938,2024,48.71123447000002,0.16375622,0.031142082,-0.18012469
81.65026563158605,21.3302395611071,2024,49.813545920000024,0.09737138,0.0174016,-0.11361419
81.64900309447046,21.36204080275643,2024,54.26893499000005,0.063505545,0.008903643,-0.06682758
81.57269817956022,21.201060529709864,2024,43.654273880000005,0.19696447,-0.013020378,-0.20691454
81.57860053848636,21.23863619177493,2024,44.08494440000004,0.18109415,0.0031258536,-0.19161285
81.49800342215238,21.23350281448119,2024,49.22564648000002,0.122488886,0.053657074,-0.15649498
81.56180122531883,21.365788618362195,2024,48.84624626000004,0.11380127,0.04169497,-0.1469165
81.56221727639878,21.300183902295448,2024,46.954372190000015,0.1403094,0.03131227,-0.16363981
81.50340535706542,21.286963566010705,2024,45.54102092000005,0.2549273,-0.14141227,-0.23859182
81.72486702330444,21.245322843546944,2024,47.878946600000006,0.17653657,0.0046990034,-0.18990631
81.63938043698964,21.292487512987215,2024,47.31497330000002,0.08761784,0.01614816,-0.10734264
81.66877256727851,21.24541403232235,2024,47.49100133000002,0.13984427,-0.0070717274,-0.15102085
81.53302088022724,21.277715813142493,2024,49.63751789000003,0.14603204,-0.14096063,-0.19711748
81.61021254503339,21.347421086900862,2024,49.191466279999986,0.11149254,0.04927869,-0.13283895
81.55272753083574,21.314332800905593,2024,43.476536839999994,0.185057,-0.03589457,-0.1976731
81.61410819827634,21.289276474221154,2024,51.47128562,0.061241683,0.0137586845,-0.07801904
81.59162638178292,21.23966375221768,2024,41.01214442000003,0.25946847,-0.07677068,-0.23839362
81.52276552646931,21.21149451600381,2024,45.226563080000005,0.14308937,0.045385826,-0.16759123
81.66332420171499,21.203030088590943,2024,47.079129920000014,0.13633783,0.030849159,-0.16527264
81.57792434523898,21.28531530715112,2024,42.54512639000001,0.16516517,-0.021680633,-0.14807776
81.5676226855256,21.18868202006896,2024,46.535664740000016,0.13426973,0.0832959,-0.15787084
81.7285505532883,21.230781320286457,2024,46.540791770000055,0.19478787,-0.0063605313,-0.2042288
81.59837388587619,21.22978647993922,2024,44.82665473999998,0.10962385,0.048781984,-0.13909912
81.65675572891676,21.201676888971065,2024,44.155013810000014,0.2161676,-0.010802175,-0.22465505
81.63052967103897,21.244873688182953,2024,41.408634740000025,0.1829784,-0.04768593,-0.18306774
81.50305235092233,21.29961358485872,2024,46.59889811000005,0.23254564,-0.077790074,-0.21642342
81.58223081581939,21.229084688299775,2024,45.61963537999998,0.17536527,0.024403261,-0.18459046
81.62075240319338,21.24936285291427,2024,42.23237756000003,0.09918293,0.025357215,-0.11731457
81.74872587507011,21.266320456261855,2024,49.15045004000001,0.11943976,0.049354162,-0.15119646
81.52852060950192,21.273321967304554,2024,49.00518419000002,0.1598722,-0.02952913,-0.17730442
81.57472511912817,21.16429162099055,2024,49.832345030000056,0.13098644,0.060775023,-0.1630241
81.73335319729989,21.273165332351237,2024,48.444628910000006,0.15196191,0.0340983,-0.17382163
81.70792514995624,21.264656094124692,2024,40.12858625000001,0.23748067,-0.07915857,-0.23106359
81.6444034809998,21.343395291774755,2024,44.78905652000003,0.12020695,0.003932626,-0.11801449
81.6233390714087,21.139095081498567,2024,54.90468671000002,0.11041129,0.035763413,-0.13946243
81.67610915584282,21.314604606708595,2024,47.98490522000003,0.17226157,6.381412E-4,-0.18023537
81.55121749343999,21.207100830072196,2024,49.96393880000005,0.12199841,0.07071112,-0.15953724
81.67300236838084,21.133795627578536,2024,55.109767910000016,0.17751744,0.007919177,-0.2089764
81.62609589643532,21.304511641915504,2024,47.55423470000005,0.07070629,0.025625745,-0.09729378
81.56424002927022,21.17302605592006,2024,46.42970611999999,0.13788119,0.024562491,-0.15762387
81.59165284231277,21.218715115854277,2024,44.05418222000003,0.1442185,0.0038867295,-0.14783591
81.6211673331013,21.3782760474012,2024,38.39735912000003,0.11729323,0.019400818,-0.15144706
81.64907831254519,21.332705980164427,2024,43.00826810000001,0.10471871,0.019942818,-0.119280845
81.57115317070169,21.313030450393033,2024,49.27520777000001,0.12671904,0.041159842,-0.15142731
81.66623625765106,21.36262225854911,2024,43.261201580000034,0.09520282,-0.030408643,-0.098305084
81.58860721138589,21.19667197893525,2024,45.64014350000002,0.16315547,0.017598545,-0.16615918
81.69829210023592,21.359821588809723,2024,52.34971675999998,0.08408072,0.054361302,-0.109831326
81.554461327335,21.342825517401106,2024,48.64800109999999,0.12729965,0.038049623,-0.15424831
81.673969039333,21.18191448738011,2024,55.48062307999999,0.12942168,0.054473516,-0.16488749
81.5206011088137,21.246456254434555,2024,46.30494839000005,0.14751951,-0.010467385,-0.16311586
81.6963859598757,21.17750605543438,2024,53.81092031000003,0.17041248,-0.013290803,-0.19468471
81.70034745162992,21.169560528108253,2024,52.64537548999999,0.120479345,0.052540835,-0.16403434
81.73770658318563,21.326048301444658,2024,47.54739866,0.1373818,0.057361662,-0.15849996
81.52195502456762,21.19605278251403,2024,47.644812230000014,0.14146015,0.023661865,-0.16031371
81.57757818825517,21.32417521724373,2024,47.00393348,0.05772511,0.075849086,-0.07519621
81.68294835485038,21.314323199910987,2024,48.88213546999998,0.16470565,0.0053284215,-0.17015883
81.72703360320821,21.15377380215939,2024,55.424225750000005,0.12398302,0.06742974,-0.16532806
81.62491569895845,21.31485545301903,2024,49.001766169999996,0.11321852,0.007040426,-0.13263614
81.6102556265048,21.371172577647588,2024,45.378664970000045,0.11681922,0.035222054,-0.14174758
81.49484362402393,21.22455412499319,2024,50.85091498999998,0.113709174,0.06167592,-0.14291653
81.67439462224566,21.156068316601072,2024,53.33410651999998,0.19628352,-0.031448845,-0.21562421
81.59902368101415,21.285138872108128,2024,46.730491880000045,0.08520791,0.020796277,-0.11801997
81.5187595269797,21.332686311682412,2024,47.602086980000024,0.120597355,0.07527757,-0.15829329
81.71317393699759,21.24622707890439,2024,49.51617818,0.13824347,0.046721537,-0.16076152
81.62269464956907,21.265515867992846,2024,46.72365583999999,0.09335176,0.01782697,-0.114353895
81.64662041330718,21.27230531741191,2024,41.43256087999998,0.3348202,-0.15405966,-0.3079037
81.63104819839643,21.18358119138147,2024,55.91812964000002,0.14931425,0.03917234,-0.18202916
81.61532616093437,21.29938430631156,2024,51.765235340000004,0.068900816,0.017861797,-0.07857253
81.69254912803783,21.224549711153085,2024,42.00678823999999,0.14746587,-0.027033813,-0.16395542
81.58859701548549,21.341735738569973,2024,47.731971740000006,0.15088318,0.0140200285,-0.16301046
81.74878869667515,21.250355275214158,2024,48.61723891999998,0.15875258,-0.020832282,-0.16547011
81.64187400306523,21.18526758877053,2024,53.67761753000002,0.13723676,0.04059211,-0.17872302
81.56804134485691,21.330089958057087,2024,37.036987160000024,0.19797054,0.020473035,-0.21384698
81.5587607850772,21.223125827257796,2024,45.653815580000014,0.13915145,0.018297138,-0.16806008
81.69021654353459,21.143255883891094,2024,55.93351073000002,0.127517,0.044419445,-0.18811509
81.70736620175325,21.300752867811095,2024,46.51515662000003,0.1400604,0.049203012,-0.16927579
81.6325132624881,21.17030032400489,2024,53.723760800000036,0.1661035,0.026660332,-0.1939619
81.60666824588452,21.240612336772916,2024,41.20013552,0.16930416,-0.046415504,-0.16327068
81.68607917871208,21.32143384310733,2024,46.94411812999999,0.14882347,-0.004213647,-0.16412781
81.55741650687462,21.33748915053737,2024,40.72503074000002,0.24029781,-0.1308825,-0.23073629
81.55962584084023,21.163410781877015,2024,51.61484245999998,0.11046805,0.086677365,-0.14973523
81.77145792719335,21.226083133157,2024,48.58647674000002,0.13596138,0.034982596,-0.16049619
81.50104436746396,21.222268267393396,2024,50.99959885999999,0.0935359,0.066128656,-0.13115402
81.62984541538322,21.188290542589023,2024,47.68582847000005,0.18163341,0.02638707,-0.1961784
81.67605159436344,21.17288789058122,2024,58.927696250000054,0.0840091,0.08570571,-0.1336433
81.58965751049827,21.288172277847558,2024,45.274415360000035,0.15761535,-0.003539823,-0.16302921
81.56093887269567,21.198991362244378,2024,48.77446784000006,0.14767155,0.023681818,-0.16633567
81.62876991193961,21.254228689537975,2024,47.18167052000001,0.11022995,0.048965923,-0.12769842
81.5803754652515,21.337465034679333,2024,44.64891770000003,0.17231089,-7.611887E-4,-0.19344202
81.72667188432189,21.197779969892252,2024,54.53383154000005,0.10349859,0.024321012,-0.13757052
81.57628343625379,21.30418281637567,2024,48.06864671000005,0.08301807,0.014816939,-0.091251776
81.70075062361494,21.156634632949405,2024,55.33535723,0.14731838,0.04994831,-0.18723676
81.64824088994881,21.337244605845644,2024,42.07856665999998,0.15690602,-0.0016864671,-0.13794278
81.54313970733239,21.200406759004046,2024,43.37399624,0.083269775,-0.068386465,-0.07492654
81.74011020420974,21.17129795528368,2024,57.03069515000004,0.1160616,0.0682582,-0.15858321
81.58572862231897,21.29074754702898,2024,43.3158899,0.24539053,-0.088896796,-0.21734633
81.49909601606255,21.306783509201296,2024,50.73299330000003,0.1288445,0.045183834,-0.16203104
81.63465590231588,21.13222428393116,2024,54.06214478000004,0.19654953,-0.0063753063,-0.22156276
81.66122130537745,21.282262970980696,2024,51.38925314000005,0.13640462,0.012255076,-0.14390627
81.6596457497866,21.280837412855483,2024,53.727178820000006,0.13284147,0.044231467,-0.15186155
81.69769485122288,21.290327323462336,2024,43.080046519999996,0.09583703,0.0028692093,-0.12879092
81.70324993720587,21.322951198524308,2024,43.05612038000004,0.14070487,-0.0058971057,-0.16096225
81.64151902796647,21.21569271153129,2024,47.74735283000001,0.094340295,0.02937497,-0.11801401
81.61219883712351,21.321544882561312,2024,43.05612038000004,0.15818956,-0.010196856,-0.15197028
81.70167745488621,21.174495866997425,2024,54.21424667000002,0.13379903,0.028683906,-0.16348495
81.49245145570814,21.257630003689712,2024,46.13062937000001,0.14778006,0.026603676,-0.17471683
81.70809939657317,21.307450562963798,2024,48.34379732000002,0.10410814,0.051851332,-0.11262462
81.71449745396211,21.244957177219703,2024,48.670218230000046,0.12161159,0.025555206,-0.12615335
81.64630284669705,21.36587820346935,2024,51.97202555000001,0.035744615,0.01120283,-0.031365313
81.53553266102048,21.282149857904773,2024,49.34185916000001,0.16745922,0.01002474,-0.17936842
81.60861022654043,21.37457154699303,2024,45.21289100000001,0.1537242,0.009671118,-0.16728947
81.73846224737206,21.272167235870253,2024,49.01543824999999,0.16465265,0.034737337,-0.1894527
81.54025822875113,21.31315633711291,2024,42.885219380000024,0.15843098,0.020606944,-0.16079633
81.70226561279293,21.211819402183345,2024,46.462177310000015,0.16245687,0.026258443,-0.17890088
81.51688774881123,21.239938144626088,2024,48.902643590000025,0.1088581,0.042648036,-0.14037459
81.5500488483814,21.186348379194445,2024,50.55867427999999,0.09760842,0.10672724,-0.1507439
81.51519671321553,21.249537524430586,2024,46.82277842000002,0.09157595,0.016470505,-0.12384645
81.6607531273613,21.22182390637818,2024,45.79566341000003,0.19333757,-0.043750964,-0.19359055
81.65689156005497,21.31213014587409,2024,46.11524828000006,0.13314143,0.01073351,-0.1525776
81.59293544668523,21.138101225465164,2024,44.55834017000001,0.1971085,0.009841791,-0.21172166
81.66637125855291,21.323260609381187,2024,48.50273525,0.10191852,0.029327663,-0.11453466
81.66501715948456,21.192720823790594,2024,54.92690384000002,0.111668006,0.04170747,-0.15921326
81.61519603287424,21.218879950353124,2024,47.96439710000004,0.13106132,-0.010501821,-0.15411432
81.71007599518423,21.34527245550221,2024,52.61119529000001,0.09200724,0.06733711,-0.12323129
81.70311167687686,21.253073215552988,2024,47.73026273000005,0.14086431,0.04178776,-0.16425067
81.71293533772752,21.200576577390116,2024,50.155347920000054,0.1396248,0.09067017,-0.17190981
81.61510873290517,21.274899919419116,2024,44.43870947000005,0.17682265,-0.0033327485,-0.18488945
81.62295916195768,21.322737948132584,2024,50.138257820000035,0.10523188,0.021197822,-0.120315745
81.60092425330087,21.27086995616433,2024,44.31053372000002,0.16478607,0.01722121,-0.16974127
81.5855047615938,21.350052959114173,2024,48.00199531999999,0.10936472,0.054251973,-0.14082733
81.69812979662278,21.17322498124052,2024,53.44861019000001,0.13769713,-0.012356034,-0.17817053
81.61138974832471,21.146959661560945,2024,44.816400680000015,0.22587383,-0.019918116,-0.24935898
81.62915270861804,21.28521808406677,2024,47.788369070000044,0.12859792,0.0018717578,-0.13848844
81.57310913895941,21.262731750730566,2024,43.753396459999976,0.10693658,-0.005962391,-0.12544899
81.52725615421372,21.30395008737017,2024,47.205596660000026,0.14064956,0.048332307,-0.16810177
81.62158459495689,21.16625103764205,2024,49.753730570000016,0.1266717,0.042414214,-0.16957271
81.54406826936425,21.212610169847864,2024,46.82790545,0.13393815,0.02173913,-0.15785174
81.61025797032502,21.30193578442876,2024,50.63728874000003,0.10344099,-0.005795483,-0.11132858
81.64357964757535,21.27176804609499,2024,42.92623562000006,0.34292418,-0.17017886,-0.31055146
81.68779292083204,21.232721831930245,2024,46.48097642000005,0.15640968,0.012702486,-0.16883758
81.54262460758919,21.215344827787828,2024,44.72582315,0.017437631,-0.012660594,-0.021056103
81.59732440516899,21.24814608283038,2024,46.11524828000006,0.16823529,0.023238657,-0.17824169
81.75053614276199,21.238653286066832,2024,42.972378890000016,0.22074014,-0.030288953,-0.22242229
81.52999884695137,21.26159244301523,2024,40.80706322000003,0.26021007,-0.08513675,-0.23607698
81.49847793814924,21.30479724250661,2024,50.025463160000015,0.11727929,0.03894374,-0.1441654
81.6404472513622,21.165043826050358,2024,54.68080640000005,0.12562703,0.030665528,-0.15508626
81.67566065042445,21.125638304645285,2024,58.33296077,0.09738008,0.081479564,-0.145135
81.61523091774517,21.224997334825613,2024,46.6655495,0.10311907,0.012400039,-0.12430201
81.69323203047843,21.17353457406321,2024,55.002100280000036,0.12762792,0.05815928,-0.16687475
81.67087842092467,21.26988147999775,2024,50.897058259999994,0.09342822,0.03838272,-0.13946314
81.59130143393483,21.344539275366653,2024,48.229293650000045,0.13181767,-0.014354718,-0.15823817
81.6639493415799,21.282918953007957,2024,47.00393348,0.19380976,-0.042487707,-0.19105938
81.64245204617382,21.316959982245486,2024,51.179044910000016,0.07607382,0.04131816,-0.08950718
81.5286396458595,21.291008992631106,2024,43.28000069000001,0.21438934,-0.033986885,-0.22024521
81.53323596015683,21.174501003660584,2024,47.07229388000002,0.12655734,0.07807955,-0.1620562
81.6711089169693,21.358886582081787,2024,34.65804523999998,0.013290288,-0.014873895,-0.004909285
81.71970657570489,21.287453377762862,2024,43.63376576000002,0.21325748,-0.02549703,-0.195905
81.49602321473765,21.289375066816344,2024,52.03354991000003,0.1171112,0.043277048,-0.15856637
81.64244248479945,21.172179977624104,2024,55.99332608000003,0.14190932,0.040165283,-0.17661436
81.56019820210773,21.347303571579204,2024,47.97465116000001,0.1374334,0.053866044,-0.16714764
81.54886850299512,21.356698445760102,2024,49.56061244,0.14249018,0.057059787,-0.17500095
81.58625758722273,21.356366160783228,2024,47.355989539999996,0.15188043,0.042128477,-0.189022
81.67363298246698,21.24784267009111,2024,49.03765538000005,0.3445232,-0.17105336,-0.3224539
81.56335091626606,21.224580278546952,2024,47.29446518000003,0.12170511,0.044701412,-0.16164042
81.71103977774071,21.244703101179823,2024,47.54056262000006,0.14024577,-0.01601605,-0.15180603
81.56895138046836,21.312453429639746,2024,48.49419020000005,0.13262206,0.037495773,-0.16684675
81.59282747997278,21.192463043701387,2024,54.86879750000003,0.1457208,0.03624521,-0.19442727
81.55935087780287,21.30219719186346,2024,48.480518120000056,0.12057226,0.064716965,-0.14804146
81.67830003682903,21.304097764629617,2024,46.246842050000055,0.17074293,-0.011693776,-0.1784908
81.71290909259072,21.305014860740926,2024,47.54739866,0.12499036,0.04737031,-0.13589475
81.50959061445758,21.314017763171197,2024,50.53303913000002,0.0973955,0.07194741,-0.14769985
81.62248332356911,21.205836316314166,2024,46.72707386000002,0.18207684,0.014545075,-0.19244725
81.58027060918606,21.257704671542218,2024,43.295381780000014,0.097875975,0.014249007,-0.12191416
81.6219667404515,21.36917936590315,2024,37.327518860000055,0.26974854,-0.10422961,-0.22739935
81.61121195301635,21.209182087055463,2024,49.29571589,0.15324157,0.035928234,-0.17371555
81.66919673827648,21.202459349473433,2024,55.96598191999999,0.091605954,0.049431715,-0.13907905
81.5942374719268,21.23876929104948,2024,42.20503340000005,0.13497801,-0.015741728,-0.14144367
81.70623161510123,21.285634649000198,2024,46.70656574000003,0.21232751,-0.01813599,-0.19907324
81.60930776364485,21.32281213812713,2024,48.41215771999998,0.10405077,0.010567707,-0.12831806
81.61459029105275,21.171887270076454,2024,44.30027966,0.21005869,-0.029812897,-0.21609086
81.77187466294454,21.259157016237324,2024,48.46513703000005,0.12837465,0.061741214,-0.1591578
81.597231697022,21.359520734898325,2024,36.47301386000004,0.025145616,-0.03494765,-0.014480528
81.68359676331985,21.13836778481954,2024,57.799749650000024,0.10954464,0.07950688,-0.15457344
81.55939691967599,21.322640528284005,2024,36.07652354000004,0.19711088,-0.06417541,-0.2217308
81.55017010088172,21.24233944383454,2024,42.05293151000001,0.2199475,-0.0353046,-0.21960454
81.59328590903596,21.209068823078145,2024,40.97112818000005,0.28748658,-0.111475706,-0.27266085
81.70279389930171,21.33519565039011,2024,43.33639802000005,0.13588314,-0.005136229,-0.14207312
81.68047263344558,21.157429574878996,2024,52.03696793000006,0.1597352,0.007503961,-0.19535512
81.57794566821808,21.309058347551808,2024,47.59183292,0.14592195,-0.0047115753,-0.15247376
81.7515989446115,21.301517339684622,2024,48.21391256000004,0.10281304,0.080067635,-0.13902663
81.6011001544767,21.25725790313294,2024,43.62692972000002,0.13392656,0.0012619554,-0.13912351
81.58195423301879,21.363150061260196,2024,50.23054436000001,0.11071521,0.052029714,-0.14195223
81.70670943926623,21.179937457714473,2024,50.45613367999999,0.17038168,-7.757952E-4,-0.17832676
81.69966813752926,21.32684249270414,2024,44.00462092999999,0.04434132,-0.026607007,-0.046246246
81.57499706831645,21.175776756342362,2024,49.73322245000003,0.13888119,0.051797774,-0.1667436
81.5730926434499,21.285576869236646,2024,45.03002693000002,0.14232971,-0.005201411,-0.16035305
81.61245596358363,21.251676740015,2024,42.07856665999998,0.11641768,-0.0068224105,-0.12692352
81.72298390847536,21.190843937874142,2024,46.04005184000005,0.21459463,-0.058779176,-0.21753867
81.57382082020884,21.2407921251684,2024,43.442356640000014,0.16023749,0.0041197473,-0.17765509
81.68087642706489,21.234400540217283,2024,46.733909900000015,0.20058262,-0.036465917,-0.19385578
81.55394219203052,21.218827842674596,2024,47.80375016000005,0.14200276,0.028800305,-0.15986484
81.75505643218021,21.241424077373548,2024,47.93192591000002,0.14917062,0.047502965,-0.16243555
81.54884055047543,21.349831480603175,2024,47.21243270000002,0.18547265,0.0091799265,-0.20201945
81.63725607528197,21.19184987308978,2024,46.57326296000002,0.1540686,-0.0055677104,-0.17674895
81.67647321225242,21.24907972532292,2024,49.006893200000036,0.065138675,0.013688213,-0.09375958
81.6153533283688,21.125516481985755,2024,55.02431740999998,0.103007846,0.03502779,-0.14435786
81.70430522870717,21.17890562180187,2024,49.97761088000004,0.17258641,-0.0010773008,-0.17870659
81.70876776644359,21.15001872624646,2024,55.74551962999999,0.12540215,0.06163996,-0.168418
81.55433164723495,21.146531277040108,2024,38.72719805000003,0.023627335,-0.04927465,-0.0054662833
81.51504677076537,21.209602305704433,2024,42.67159313000002,0.18659094,-0.06609158,-0.17158474
81.60219664519066,21.25703594536172,2024,43.67820002000002,0.12736085,0.009982788,-0.16133769
81.76579539413166,21.211218214929342,2024,50.53816616000006,0.114945166,0.060126536,-0.15054214
81.66164719529928,21.361950461197956,2024,49.22051944999998,0.11398549,-0.029035464,-0.10523088
81.5720046040436,21.16845146810468,2024,48.803521010000054,0.16175157,0.05271713,-0.18185951
81.64573893178738,21.289275971350513,2024,45.69824984000002,0.16941518,0.006067292,-0.17956913
81.58404756188128,21.332223886224117,2024,40.448171119999984,0.26953688,-0.10616518,-0.23677312
81.53554911325105,21.183986686872313,2024,43.27829168000005,0.14122325,-0.029694173,-0.15779766
81.591958714504,21.200062098912117,2024,46.699729700000034,0.14471197,0.0021876732,-0.17883419
81.62391602317447,21.19836444662775,2024,47.655066290000036,0.17763433,0.023500284,-0.20599942
81.697919830245,21.14406251641463,2024,57.78949559,0.08725852,0.068309695,-0.13336475
81.67398586929079,21.251642312730493,2024,46.55617286000006,0.11613798,0.0129683,-0.14168692
81.67114232045479,21.318650885551083,2024,48.05839265000003,0.14908797,0.0153658055,-0.16106533
81.51616649200527,21.24052969861163,2024,47.85160244000002,0.09716504,0.06270727,-0.11676079
81.59520696825705,21.12839924208826,2024,51.92246426000003,0.082840234,0.03289109,-0.11064426
81.70663290520875,21.242975972779675,2024,47.72342669,0.16886802,0.038322404,-0.19064273
81.72850950533604,21.20927282821643,2024,48.65825516000001,0.16584265,0.0050632106,-0.18245468
81.62933641851619,21.34811683423906,2024,47.16458041999999,0.1269742,2.7743098E-4,-0.14088966
81.56341555052235,21.26011537427328,2024,46.82619643999999,0.13292487,-0.013628391,-0.15292086
81.71989747090927,21.29173280489414,2024,47.26028498000005,0.16792086,0.018263891,-0.18734287
81.64294986476682,21.36258245264052,2024,49.72980443000006,0.06975729,0.0090177525,-0.08160833
81.71779335358517,21.230023502284066,2024,56.300947880000024,0.09098033,0.058751944,-0.12134026
81.51963817082374,21.185517374861448,2024,48.59331278000002,0.14931726,0.048864342,-0.17664285
81.64871116887637,21.153122761003225,2024,61.36132649000001,0.10440645,0.059387095,-0.13913594
81.59506863699036,21.302644599599017,2024,46.77492614000005,0.08265515,0.021166788,-0.10867547
81.63211589890106,21.37161200597097,2024,49.805000870000015,0.095838755,-0.027181689,-0.09564203
81.49059584502069,21.25720447480462,2024,46.90651991000004,0.20059787,-0.020739857,-0.21433371
81.57505195126026,21.365898644207167,2024,52.30870052,0.123347856,0.06714119,-0.15645856
81.61869928162473,21.284155553692095,2024,49.32306004999998,0.07516986,0.0052896636,-0.09644569
81.6966085013231,21.165409059370162,2024,55.15591118000003,0.16605243,0.01494396,-0.19098747
81.55056677854803,21.228583598556856,2024,41.53168346000001,0.17846392,-0.051937185,-0.18747503
81.66404534734812,21.13223133823182,2024,56.05314142999998,0.13421321,0.049437966,-0.17253475
81.61959487453571,21.19368457525874,2024,47.097929030000046,0.1898298,-0.015476474,-0.20301943
81.60750433352106,21.2486300658492,2024,44.74120424,0.14029807,0.026017468,-0.1701708
81.6279215997405,21.367495343022682,2024,44.61986453000003,0.20328361,-0.05055487,-0.21997494
81.64009298950758,21.24958893961978,2024,47.07229388000002,0.10520424,0.02452081,-0.11174351
81.62657841541281,21.314895208232368,2024,47.94047096000003,0.09397628,0.01584507,-0.11481164
81.63980732865627,21.141213592079744,2024,55.73697458000004,0.11742276,0.05042246,-0.1598942
81.67697075473065,21.30286426973651,2024,43.30734485000005,0.21071726,-0.041177254,-0.20368798
81.65572470739413,21.245603773504108,2024,41.904247639999994,0.21215367,-0.04598321,-0.20824955
81.52129087304482,21.335338376422538,2024,50.38777328000003,0.1022376,0.076244526,-0.14212714
81.5225585839847,21.27186320087231,2024,50.51253101000003,0.09726397,0.064831845,-0.13562128
81.65842138062871,21.306008687138316,2024,45.46240646000001,0.19011243,-0.016496368,-0.19931734
81.67536786921508,21.34282765020328,2024,51.43197839000004,0.09022573,0.009129227,-0.09819116
81.56837450706166,21.341222601444507,2024,44.25242738000003,0.20581149,-0.0061370097,-0.21211348
81.51980163600376,21.241704904297823,2024,48.52153436000003,0.113858,0.052913133,-0.15106896
81.64375986833392,21.167697745759575,2024,53.882698730000016,0.18010496,0.0075214426,-0.2051273
81.64078201921791,21.193093138781652,2024,48.83086517000004,0.13227026,0.01831502,-0.16519769
81.70936034856359,21.346432656525863,2024,51.64218662000002,0.09908066,0.06309984,-0.13334213
81.69211812523119,21.323881669421073,2024,42.85103918000004,0.10466212,0.017201489,-0.12930569
81.74129333813416,21.26954989305463,2024,50.00495504000003,0.10343537,0.058526613,-0.13671868
81.72855533861674,21.210045907661417,2024,48.750541699999985,0.19049436,-0.012923172,-0.20180474
81.70734806688108,21.177391962396957,2024,52.55821598,0.1692773,0.011065455,-0.18202567
81.68435243581048,21.267843113028675,2024,44.68993394000006,0.1840321,0.0016916526,-0.19199026
81.75612454790965,21.25413574367366,2024,48.76592278999999,0.13397907,0.04021609,-0.15836431
81.56640597906005,21.341541287483267,2024,41.145447200000035,0.21111111,-0.032639023,-0.2078479
81.52387025411399,21.255290769532575,2024,45.412845170000026,0.13426504,0.004312598,-0.16048208
81.65764362033102,21.189002690212465,2024,53.06066492000002,0.15586752,0.008231947,-0.18043298
81.74247747848656,21.214134044250887,2024,47.01247853000001,0.16308606,0.05761783,-0.19028026
81.73503826806896,21.22895137519673,2024,47.468784200000016,0.16286181,0.02945318,-0.18366398
81.62817924338908,21.27849171935779,2024,44.65062670999998,0.114436366,-0.033044595,-0.121307716
81.68543386886704,21.17652570160903,2024,58.52778791000003,0.09571588,0.0656613,-0.13778694
81.5202426702036,21.18414626606639,2024,45.35302982000002,0.098104,0.060335413,-0.12843859
81.58118210954635,21.29762727155797,2024,47.34915350000006,0.14104325,0.03210156,-0.16229391
81.76812108483789,21.246751077651833,2024,51.94980842000001,0.054224465,0.012897366,-0.05512002
81.60191610219654,21.283226647639243,2024,49.654607990000045,0.11142078,-0.0072479686,-0.12431814
81.60780577316929,21.169890683995643,2024,42.803186900000014,0.21228214,-0.040241532,-0.23524041
81.52309355750276,21.336201573014826,2024,49.43072768000002,0.12266404,0.085236706,-0.16923977
81.73424043273812,21.210073732472203,2024,45.28466942,0.15530601,-0.024991896,-0.16158219
81.6676034730854,21.2117299796759,2024,48.64800109999999,0.11740226,0.058924194,-0.13215615
81.57749907542475,21.27375669250821,2024,42.51778223000002,0.1480599,0.0041331584,-0.16564785
81.54135402060663,21.198902922673234,2024,49.36236728000006,0.07184787,0.14105035,-0.11869991
81.58038243483989,21.30424374103073,2024,47.304719240000054,0.11354894,0.027407827,-0.13429554
81.66777506143838,21.12930875083804,2024,55.21401752000003,0.139586,0.0056423126,-0.17286627
81.75767297491953,21.245271679944427,2024,50.228835350000054,0.12795873,0.06545286,-0.15572347
81.66416529867301,21.335541260627547,2024,48.2378387,0.10806241,0.03390739,-0.13294435
81.73123452679297,21.25781807306374,2024,47.966106110000055,0.17505616,0.030169088,-0.19594681
81.52642123787575,21.31617211119856,2024,43.732888340000045,0.305278,-0.13647242,-0.26999384
81.64347069671894,21.232578015339744,2024,46.80227030000003,0.1887425,-0.038650937,-0.18951854
81.58044486809126,21.131912278354044,2024,54.11341507999998,0.18332039,-0.0035183327,-0.20636407
81.58451743406204,21.232755795584463,2024,44.146468760000005,0.16825397,0.012592616,-0.19203445
81.69444649099712,21.30113701648544,2024,43.763650520000056,0.1454942,0.017301038,-0.17215736
81.59594074876968,21.304837866152724,2024,46.68434861000003,0.09688397,0.016654547,-0.11762453
81.57331865623044,21.182807878953504,2024,46.48610345000003,0.14082554,0.03771936,-0.16304211
81.73639628494499,21.323671335768527,2024,47.10647408,0.12710005,0.04324192,-0.15438467
81.7029233442286,21.23708806114626,2024,47.20046963000004,0.19083779,-0.026932914,-0.20483017
81.63637240698486,21.271395088723796,2024,48.04984760000002,0.21440358,-0.08772621,-0.21507192
81.56950325936758,21.320907506988046,2024,39.99357445999999,0.23625708,-0.04913793,-0.20872489
81.7387039439726,21.291049342865794,2024,50.58601844000003,0.092486165,0.091378696,-0.13288422
81.59239603305332,21.21240528798721,2024,41.01898046000002,0.07317547,-0.070111774,-0.043724485
81.60508026109875,21.182313161410335,2024,42.686974220000025,0.21084307,-0.019558571,-0.22918455
81.77200554706754,21.261707893824244,2024,46.91677397000001,0.20662138,-0.0505057,-0.20697977
81.76292470276225,21.2037063400691,2024,49.71784136000002,0.14340939,0.071511656,-0.17627425
81.60842447315846,21.357310238819558,2024,44.354967980000026,0.17972124,-0.036797613,-0.18315774
81.55196757046976,21.266356637477013,2024,44.92577732000001,0.21455508,-0.037021913,-0.21603154
81.5605209492327,21.237030379128313,2024,40.28581516999998,0.17012346,-0.020368159,-0.19108315
81.61554283320925,21.29557607711248,2024,51.490084730000035,0.06565449,0.004397252,-0.07646466
81.55803802422744,21.289239590887103,2024,46.877466740000045,0.119357295,0.060783062,-0.14471453
81.76116875315043,21.226648800234408,2024,48.57109565000002,0.14908372,0.01881597,-0.17930286
81.51933597482078,21.287553572193744,2024,52.34458973000005,0.11282844,0.078104995,-0.14921945
81.69900809997083,21.253800303759704,2024,52.992304520000005,0.1088308,0.038076673,-0.14122726
81.64656186199605,21.216771023257756,2024,48.430956830000014,0.08871994,0.040431757,-0.12213023
81.61441107230053,21.33561438811477,2024,45.66065162000001,0.13722558,0.00269114,-0.1378971
81.57408322994846,21.333510310622533,2024,39.870525740000005,0.19351614,0.006361096,-0.20240279
81.59581758462558,21.33452685738583,2024,46.04005184000005,0.15259022,0.01454664,-0.16836813
81.58217045095662,21.166537803750252,2024,53.597294060000024,0.1317686,0.06659214,-0.17078175
81.63910655838346,21.37743026735268,2024,48.897516559999985,0.049448997,0.049803853,-0.056063693
81.70928638117672,21.160720980158928,2024,55.39175455999998,0.1312732,0.063548796,-0.17320386
81.71646740236417,21.282159879430342,2024,43.66452794000003,0.18964933,-0.011691598,-0.18571912
81.64001736947041,21.360053690871073,2024,48.04984760000002,0.09782288,0.022203885,-0.09514808
81.69182040599534,21.350309323830515,2024,46.40236196000001,0.13960595,-0.01746885,-0.13255525
81.65337266880313,21.16357087209385,2024,53.610966140000016,0.12938291,0.00786072,-0.17126654
81.73002198408443,21.26211200369115,2024,45.922130150000044,0.14750014,-0.005490072,-0.16866495
81.74841233546694,21.317647033795563,2024,47.28079309999998,0.123597085,0.051094458,-0.14733902
81.6790324309797,21.312600934664385,2024,45.6230534,0.14683479,0.018301299,-0.1563559
81.71229512277448,21.317943621866014,2024,48.07206473000002,0.17276017,0.019209923,-0.18852848
81.69816740069936,21.213110062547567,2024,49.79987384000003,0.1970147,-0.041447263,-0.21018057
81.53620342821746,21.22279617589515,2024,44.97021158000001,0.15923521,0.012578999,-0.1775491
81.50705540935427,21.26520040453071,2024,44.46605363000003,0.21312813,-0.046079088,-0.21072842
81.58989060551406,21.167967708743348,2024,51.191007979999995,0.14084952,0.02655423,-0.16888992
81.5902405625081,21.287174773910703,2024,44.64549968000006,0.13731875,-0.0041113747,-0.15966646
81.58387864905114,21.35926663167925,2024,46.49806652000001,0.13074476,0.042425424,-0.14589807
81.56779783376528,21.283485215579994,2024,48.05326562000005,0.1046887,0.048026368,-0.13486162
81.74442240685057,21.251264220792436,2024,49.21197440000003,0.17426509,0.012271444,-0.1900863
81.71436019609538,21.320180691423847,2024,45.06078911000003,0.14383256,0.033002887,-0.15958168
81.64235832947013,21.29809633503073,2024,50.58601844000003,0.12777174,-0.021133946,-0.13420755
81.62958761037066,21.30460186540506,2024,47.11160111000004,0.07865879,0.015242527,-0.10048985
81.7058886731687,21.309925922114683,2024,46.61598821000001,0.1793355,0.015363231,-0.19792041
81.73141450119877,21.30548750673243,2024,47.49954638000003,0.13084657,0.06260845,-0.15953554
81.67830913766393,21.17583870449646,2024,58.82173763000003,0.13681749,0.055625297,-0.17268257
81.73440047712711,21.194885572385765,2024,48.76592278999999,0.1927179,-0.011440208,-0.2051886
81.56921872442904,21.154212147023404,2024,44.57201225000006,0.109491065,0.055405565,-0.15773761
81.67325757571822,21.230085374484954,2024,49.728095420000045,0.111611485,0.032542534,-0.144689
81.64118610165801,21.351034005656633,2024,50.85262399999999,0.070599385,0.054635473,-0.10363074
81.62994235248473,21.23685612132552,2024,41.94526388000003,0.15001377,0.012718883,-0.17128119
81.53005883221097,21.310941526441376,2024,49.03594637000003,0.16758958,0.020184599,-0.18589099
81.72550752302693,21.2030712099131,2024,49.411928569999986,0.12000599,0.076125525,-0.15400182
81.68506351013032,21.142828960264694,2024,58.011666890000015,0.1026836,0.068815775,-0.14663944
81.50416240062009,21.314805251688092,2024,50.656087850000006,0.098865815,0.055648692,-0.14574221
81.66245564133412,21.30384995152427,2024,45.25048922000002,0.18451901,-0.011353941,-0.18842424
81.55188144154233,21.170487228705348,2024,44.66258978000002,0.17191392,0.056746338,-0.20754096
81.5222031271705,21.164107832310908,2024,46.41261602000003,0.1746281,-0.012484352,-0.17425936
81.53412218357718,21.2009557791806,2024,49.54010432000001,0.12356788,0.0618184,-0.15794113
81.52647320110923,21.23892354004687,2024,50.11604068999998,0.11678818,0.060457073,-0.14142849
81.68230076309062,21.1600925634598,2024,56.74016345000001,0.13728759,0.066435814,-0.17902236
81.66410413821464,21.12606257575398,2024,58.43721038000001,0.09821591,0.068626545,-0.13908832
81.63121349100781,21.36268307203331,2024,43.770486559999995,0.096458174,0.021117548,-0.1046904
81.56458832199478,21.351596770881322,2024,47.304719240000054,0.14994806,0.029553566,-0.17176986
81.60314796920528,21.2105239899902,2024,45.90674906000004,0.18018568,-0.028568827,-0.19479465
81.65593926268807,21.19925046154412,2024,52.07969318000005,0.16687277,0.017867468,-0.1959162
81.73518326596722,21.202779750753074,2024,46.21437086000003,0.0787961,-0.001614809,-0.088492736
81.75382323114555,21.2254115447607,2024,47.21243270000002,0.15877026,0.03125241,-0.17171416
81.74310968540428,21.280561791006768,2024,48.85820933000002,0.13084686,0.07319186,-0.1688632
81.58363852983646,21.346080297121848,2024,44.544668090000016,0.14814562,0.0398303,-0.18066302
81.63548452254506,21.238180873544856,2024,42.461384899999985,0.08850689,0.035559192,-0.11947986
81.56077588888871,21.217086611755605,2024,35.464697960000024,0.2725078,-0.12737408,-0.24700652
81.57785802725256,21.175775730077135,2024,46.82277842000002,0.20241082,-0.009988632,-0.2057179
81.61956350934882,21.13965529416003,2024,55.69083131000002,0.13221788,0.045672704,-0.17261298
81.62906408782517,21.36594096978617,2024,47.39016974000003,0.14474195,1.8640593E-4,-0.15779352
81.64384277035168,21.33970000681362,2024,46.57668097999999,0.10755698,0.033833276,-0.113836505
81.71755736589049,21.200452004860534,2024,46.79030723000005,0.15199044,0.059985068,-0.17415549
81.58357164860304,21.195751632911076,2024,45.718757960000005,0.16383843,0.040742084,-0.18147738
81.55997284536134,21.364305510333008,2024,48.66167317999998,0.12917389,0.04173842,-0.16258927
81.65890914918238,21.18704657158123,2024,54.86879750000003,0.11915739,0.040323563,-0.15647905
81.67142778112954,21.209123610261337,2024,48.755668730000025,0.1042246,0.059306495,-0.12007573
81.71656895597408,21.178147214635825,2024,57.30413675,0.10767926,0.085756876,-0.14868325
81.69907332098771,21.144460699504638,2024,55.981363009999995,0.13396433,0.05842118,-0.18541157
81.58969949338793,21.380969282077128,2024,44.11912460000002,0.23814018,-0.10800013,-0.23652445
81.62966110471444,21.185903625202183,2024,49.72125937999999,0.17873137,-0.008004772,-0.18725158
81.71063013367487,21.263918484257164,2024,51.22518818000003,0.09570612,0.063152604,-0.14529507
81.56862650029257,21.362009880577144,2024,50.04597128,0.16655861,0.04409585,-0.19318697
81.70980624213269,21.277391928319812,2024,45.36328388000004,0.19418965,-0.032022737,-0.20088194
81.65352936397723,21.136975777238188,2024,54.79531007000003,0.14413875,0.03884973,-0.17606004
81.65597091980504,21.306796782313608,2024,46.96804427000001,0.13510215,0.0125776045,-0.15461436
81.67158193837611,21.16158391875114,2024,55.04824355000005,0.12520823,0.07180802,-0.17060012
81.62510402042979,21.282945172518584,2024,48.077191760000005,0.14278723,0.040125214,-0.15720657
81.7712002448872,21.25739532524796,2024,43.874736170000006,0.17002486,0.017700687,-0.1958488
81.64443212117075,21.227404774791573,2024,44.26951747999999,0.29739562,-0.15400784,-0.26172566
81.65617589743711,21.12344216443976,2024,53.79724823000004,0.14608335,0.017856348,-0.18520771
81.61329618213466,21.330728706444738,2024,48.596730800000046,0.13274266,0.005805975,-0.13721071
81.75587303654994,21.260566737744615,2024,48.08060978000003,0.12673175,0.021201633,-0.15506743
81.70662866082958,21.32822200895675,2024,43.39450436000004,0.13580957,0.03815353,-0.14949054
81.69613547500035,21.28529826103711,2024,42.902309479999985,0.2539855,-0.09052683,-0.243788
81.67810914279005,21.261933794114807,2024,43.76023250000003,0.15301017,0.010412734,-0.16507408
81.50620294026199,21.237337705113422,2024,45.300050510000005,0.08051638,0.027447313,-0.12068484
81.61025541902005,21.316646044574302,2024,45.421390220000035,0.092049345,0.017593348,-0.105874486
81.555653194289,21.30430782302568,2024,45.520512800000006,0.18411364,-0.0067661568,-0.2005882
81.53984000032017,21.237260274747257,2024,44.43358244000001,0.15900789,0.02698711,-0.16870746
81.54635070187173,21.289057534671098,2024,48.33012524000003,0.14924955,0.029668907,-0.16523585
81.62557607409738,21.244696414728768,2024,42.85445720000001,0.12888002,0.013611372,-0.13300985
81.55068452996301,21.16566311470147,2024,48.67534526000003,0.14161439,0.07251869,-0.18447301
81.48818806446486,21.244212633425544,2024,47.239776860000006,0.11873945,0.020758567,-0.14028187
81.74944486301833,21.29408664911404,2024,45.72901202000003,0.18662073,-0.022513608,-0.18965207
81.7111491681268,21.321640633187997,2024,48.936823790000005,0.13800573,0.052509867,-0.16019784
81.64149729691925,21.266756545034912,2024,44.90526920000002,0.12806024,-0.0043946244,-0.1411205
81.68810773710594,21.1431644066974,2024,57.485291810000035,0.09797517,0.073543884,-0.15220091
81.55621367429912,21.3342203119424,2024,40.000410500000044,0.24809892,-0.08404062,-0.25263909
81.62080751435242,21.329202018401276,2024,49.177794199999994,0.121074386,-0.0014145831,-0.13103019
81.67077574011408,21.17601790262019,2024,54.971338100000025,0.13101992,0.040993787,-0.16971758
81.66377781619678,21.263251873113973,2024,50.206618219999996,0.09399176,0.006695989,-0.11845364
81.74436965264438,21.18032836817836,2024,58.85762684000002,0.06676626,0.09824068,-0.13394807
81.58664957298973,21.333266437160038,2024,44.79589256000003,0.13870314,0.011222026,-0.15872774
81.51708766298772,21.24501040036389,2024,44.527577990000054,0.18760751,-0.014110541,-0.19191527
81.59380444897776,21.190672254157242,2024,53.14953344000003,0.16072577,0.03521673,-0.20282704
81.67578336495825,21.186214498306594,2024,55.044825530000026,0.10398956,0.063613795,-0.14078212
81.5036210425233,21.228219371836783,2024,47.455112120000024,0.119672716,0.07589771,-0.15747279
81.58514286131704,21.325150156722177,2024,44.46263561000001,0.13859574,0.009183299,-0.14975846
81.58709568339063,21.28092101317166,2024,45.404300120000016,0.15579614,0.02082997,-0.17446545
81.57231637630586,21.172426540204967,2024,47.68411946000003,0.13483836,0.027856017,-0.19598773
81.55381218196868,21.342283454342454,2024,49.42730965999999,0.12591107,0.058406167,-0.15103489
81.52413683319696,21.2466636153049,2024,45.40600913000003,0.1570201,0.032660376,-0.18330887
81.50137408515552,21.286587894523976,2024,53.079464030000054,0.1049295,0.06315741,-0.14759806
81.63967545432988,21.22625770040075,2024,46.35280067000002,0.12408144,0.0067683537,-0.13824457
81.53356489588462,21.17276668745625,2024,40.65325231999998,0.23203583,-0.05237451,-0.23025592
81.65011527723831,21.250961590063906,2024,46.35280067000002,0.10710268,0.007980645,-0.1279994
81.64756531815836,21.193612879220016,2024,47.34402647000002,0.17479712,-0.028153729,-0.1816281
81.5637608492833,21.36920900094702,2024,47.72513570000001,0.15985239,0.025151245,-0.1828005
81.76221714339081,21.267671260896243,2024,50.85775103000003,0.1268196,0.0668588,-0.1555982
81.52772568123407,21.230395401316407,2024,44.97021158000001,0.14741151,6.314327E-5,-0.16574037
81.57770526755893,21.301981204718693,2024,47.32864538000001,0.12088088,0.02372374,-0.13576996
81.69197603610738,21.370986312272166,2024,46.34767364000004,0.07954293,0.03631673,-0.08606191
81.61800192047515,21.266149218808437,2024,46.516865629999984,0.113578424,0.01032722,-0.13168369
81.7488235508361,21.219635122130832,2024,43.68845408000004,0.10977601,0.0016383872,-0.109636635
81.57244982544671,21.160686978792373,2024,49.398256489999994,0.12796323,0.07233573,-0.15853874
81.6467553769115,21.295609358146603,2024,45.183837830000016,0.107856795,0.004516009,-0.1273368
81.63125709250387,21.242683905405375,2024,41.46674108000002,0.117050335,-0.0012239902,-0.12614562
81.66718241018643,21.322184634703795,2024,48.241256720000024,0.11271543,0.041753016,-0.15191148
81.5345459723801,21.287106453308773,2024,48.936823790000005,0.11745604,0.053277865,-0.13325301
81.62951994720318,21.332322571241285,2024,50.89193123000001,0.069598146,0.015405353,-0.08724775
81.5749839247407,21.158074621382557,2024,45.80762648000001,0.14074758,0.061938696,-0.16906047
81.52393248917667,21.33710673583989,2024,49.08208964000005,0.12151318,0.067691624,-0.13931912
81.5528552409581,21.177758599775643,2024,47.41067786000002,0.14075978,0.057992067,-0.17477791
81.71458198172012,21.190137156534732,2024,52.12412744000005,0.14255226,0.011366893,-0.16984402
81.58565236412824,21.226930545988967,2024,40.56780182,0.18058813,-0.06282076,-0.18908311
81.58188340762054,21.202920091781817,2024,44.95312148000005,0.16645606,8.569238E-4,-0.18547323
81.5504980014681,21.18847352509595,2024,50.432207540000036,0.10132449,0.07725871,-0.15264706
81.64940220509206,21.31025650330679,2024,49.541813330000025,0.07360889,0.009330855,-0.110388346
81.62624248714792,21.26402433820266,2024,47.08596596000001,0.10034149,0.009398197,-0.12790191
81.69062656992057,21.33938095151158,2024,53.38366781000002,0.04406942,0.06292835,-0.047378913
81.56403394369413,21.238585935018033,2024,42.933071659999996,0.14671807,0.027786689,-0.17359395
81.61716869986063,21.124295929426186,2024,55.17641930000002,0.1430728,0.028025387,-0.18129344
81.58129627281286,21.139118531988604,2024,48.04984760000002,0.14161183,0.02613101,-0.16485347
81.66025674736768,21.318627414653132,2024,46.58864405000003,0.16244057,-0.011823825,-0.17483078
81.53943390268851,21.352134345547345,2024,48.54204248000002,0.13212155,0.076288074,-0.17670523
81.61772344972266,21.295231418689198,2024,50.91243935,0.07654916,0.049167477,-0.08934987
81.75393858170597,21.215389207697484,2024,45.780282320000026,0.12613803,0.02038878,-0.15275075
81.65435982311487,21.124228212235376,2024,53.416139000000044,0.16988334,0.0018950826,-0.21136023
81.61394588302757,21.137906156371933,2024,54.841453340000044,0.1440797,0.0450705,-0.19442593
81.58136778127901,21.263093747827547,2024,43.35007010000004,0.116506875,0.00783088,-0.13033657
81.64503723384308,21.13902483631363,2024,53.08288205000002,0.101148546,0.04576618,-0.14650096
81.65818047899097,21.22251143827682,2024,46.37501780000002,0.14552239,-0.004925355,-0.15881751
81.54471663997923,21.20155244022993,2024,47.81058619999999,0.15355666,0.011210834,-0.17307365
81.53394388637305,21.306827540395535,2024,45.13256753000002,0.13342658,0.007907222,-0.14402808
81.58094483359767,21.287048643610916,2024,46.657004450000045,0.14333929,0.025629612,-0.15496388
81.7111352507917,21.294322592984525,2024,45.21972704000001,0.14671259,0.032954007,-0.16576165
81.59767206754888,21.295267348699518,2024,49.39312946000001,0.08567624,0.027567765,-0.10731889
81.55438091016346,21.305132236897116,2024,46.49806652000001,0.1590598,-0.013603859,-0.17474268
81.55658242978963,21.343193324428704,2024,48.993221120000044,0.15485406,0.024651593,-0.17490683
81.55398742831854,21.2357713157663,2024,46.03150678999998,0.1594182,0.007274969,-0.17808019
81.71708460859122,21.172755022853764,2024,55.97623598000001,0.13766196,0.03381819,-0.1705736
81.50094502509414,21.214486461647773,2024,49.287170840000044,0.11561411,0.03668868,-0.13456056
81.53731435153102,21.307583055576085,2024,43.85935508,0.116009794,0.023128899,-0.14398752
81.6042205000212,21.180213101688796,2024,42.41011460000004,0.22524099,-0.061868235,-0.23295994
81.49342668991468,21.20999296894397,2024,49.48541599999999,0.10790404,0.067526534,-0.14026491
81.70440576451742,21.291893689079775,2024,44.669425820000015,0.1871476,-0.0030844405,-0.20904037
81.69678082034251,21.154023368096553,2024,56.003580140000054,0.1373063,0.064140506,-0.18068253
81.58804847136994,21.19939424421765,2024,45.88624093999999,0.14503759,0.023854993,-0.1510687
81.63988234274697,21.2972694182101,2024,51.51059285000002,0.09729677,0.012714245,-0.115454055
81.70830143755902,21.2300853943487,2024,47.528599550000024,0.18797155,0.01661487,-0.20108765
81.70251530866084,21.26297087443217,2024,47.05007675000002,0.16456483,0.024186004,-0.1794387
81.7417651423585,21.177558078433677,2024,55.94205578000003,0.107878365,0.09966242,-0.1599655
81.68322306354675,21.255585017126098,2024,53.94935012000002,0.13792613,0.039362054,-0.17312832
81.52714317766736,21.199586281176128,2024,45.95118332000004,0.15886731,-0.0187499,-0.18835507
81.59525084065756,21.195320601625934,2024,53.86731764000001,0.14507253,0.033827785,-0.17794523
81.7515406713461,21.202747774679523,2024,49.948557710000046,0.11979436,0.08338813,-0.15403153
81.56220510113387,21.266623959482065,2024,46.31178442999999,0.18224262,-0.0200191,-0.17722027
81.60681213633728,21.15219848158422,2024,40.97625520999998,0.058040734,-0.02835741,-0.05418038
81.6307571809852,21.30377322155213,2024,48.14555216000002,0.08788274,0.002026081,-0.102223486
81.54350342636698,21.355072957983637,2024,48.401903660000016,0.086093746,0.08863399,-0.1258806
81.62626126655348,21.22473271309781,2024,46.31691146000003,0.10358642,0.016134292,-0.12851113
81.64132247942722,21.289195964143797,2024,49.23248252000002,0.086210124,0.00910983,-0.11114512
81.724495400534,21.273904122000125,2024,43.98923983999998,0.12909104,0.038723152,-0.16704093
81.59360346120471,21.14266619057118,2024,42.302446970000005,0.2528138,-0.09213725,-0.25056773
81.6068619858833,21.1623152976814,2024,46.65529544000003,0.17752984,-0.0033391286,-0.20846905
81.64323233448394,21.194577889048684,2024,46.63649633,0.12183053,0.022343135,-0.15776125
81.56260310016181,21.363896953613054,2024,49.48541599999999,0.12189383,0.06940707,-0.16328417
81.63214413730874,21.13728925006471,2024,55.24477969999998,0.12936373,0.061849743,-0.17246458
81.6115330800058,21.31374025069526,2024,46.210952840000004,0.07773409,0.025208114,-0.08184776
81.58623422846033,21.304072907375904,2024,47.268830030000004,0.13114654,0.026564961,-0.1460899
81.52278040482,21.284816559967442,2024,48.603566839999985,0.13752966,0.04154173,-0.16792266
81.59145246315745,21.182471641574292,2024,55.86173230999998,0.12552872,0.051297918,-0.1658972
81.54888473655821,21.29258650688809,2024,45.715339940000035,0.16968343,0.011804128,-0.18591091
81.55378795537068,21.255635993568287,2024,45.091551289999984,0.1363664,-0.015244728,-0.14417583
81.76534330441808,21.25375336602424,2024,46.97829833000003,0.11549992,0.0032579186,-0.13110276
81.51663788067106,21.29275820167428,2024,50.94661955000004,0.1149495,0.05397508,-0.15322432
81.71074074803488,21.274746021578984,2024,45.73755706999998,0.12025373,-0.0020285905,-0.14758144
81.5292729532685,21.19883797544348,2024,46.18531769000003,0.1400186,0.009926383,-0.16573153
81.62025724390972,21.190817789855625,2024,45.053953070000034,0.213864,-0.035341583,-0.2163082
81.65401046426872,21.36735885090371,2024,51.34823690000002,0.06939311,-0.009850068,-0.0660494
81.59671528427475,21.19125042595719,2024,51.70029296000001,0.13778405,0.028001707,-0.20090602
81.64877129297155,21.20046327803448,2024,44.12596064000002,0.2193691,-0.031337112,-0.22732575
81.71084094269882,21.225373292030643,2024,42.522909260000006,0.37585744,-0.1751966,-0.34576085
81.75038465827745,21.23058808870094,2024,49.14190499000006,0.14566217,-0.004196535,-0.16310474
81.58622778721289,21.16396433468976,2024,53.10851720000005,0.10727721,0.07987496,-0.14082786
81.5141174425574,21.193735375544556,2024,41.524847420000015,0.18909496,-0.12004752,-0.19165862
81.65923307031589,21.305965907887767,2024,44.85741691999999,0.18192005,-0.024533149,-0.19200204
81.67731860510757,21.240967843427654,2024,51.41317928000001,0.12931694,-0.026236858,-0.15614995
81.54763555551627,21.168050768143345,2024,45.92383916000006,0.14259566,0.047087833,-0.1715451
81.50766162067616,21.260844320418837,2024,45.46582448000004,0.18786411,-0.015216248,-0.1968385
81.5342343389544,21.17995759655478,2024,47.09622002000003,0.14416507,0.073321894,-0.18170913
81.6552879271967,21.339088401762137,2024,43.93796954000004,0.10146264,0.007439858,-0.10698341
81.56672789048417,21.16176207889511,2024,48.94878686000004,0.11497635,0.08763202,-0.1698789
81.74483538240436,21.27590094659346,2024,46.24513304000004,0.1928565,-0.0059946314,-0.20733039
81.60291026362776,21.209895370041288,2024,44.83178177000002,0.23904425,-0.06571402,-0.2350828
81.66227361364655,21.374750892941037,2024,42.54683540000002,0.05229641,-0.011453745,-0.05647583
81.66045484350653,21.312620176149245,2024,48.84624626000004,0.109595545,0.03839315,-0.13503955
81.72188672576772,21.23212891294821,2024,47.299592210000014,0.14027864,0.011941806,-0.16026095
81.71603738406034,21.301234103114805,2024,45.599127260000046,0.1536704,-0.024142895,-0.18113564
81.67108256369355,21.31782573950585,2024,47.64993926,0.16889685,-2.745611E-4,-0.17832613
81.55154185801743,21.259364579068553,2024,42.00507922999998,0.14489737,0.009988608,-0.1567799
81.59139174819707,21.144015451536248,2024,46.16139155000002,0.18491712,0.0011225123,-0.22183992
81.5522612175831,21.24000675204626,2024,40.52849459000004,0.21600917,-0.058737356,-0.21845183
81.61979420415558,21.248765396712027,2024,40.89934976000001,0.22614893,-0.07302969,-0.2119322
81.65933814705657,21.26774723249752,2024,52.59239618000004,0.17350484,-0.0055427104,-0.18529028
81.59556510091684,21.31559928145217,2024,48.65825516000001,0.086386584,0.0056913956,-0.09049784
81.66974934043174,21.14473916743183,2024,57.83222083999999,0.10342252,0.06483313,-0.14192963
81.65861957798595,21.282645567369666,2024,52.48985558000004,0.11681809,0.05102076,-0.13762751
81.60707328163987,21.199757903303304,2024,52.57188805999999,0.14100304,0.024493821,-0.18361785
81.54043280008614,21.199229645988908,2024,48.07890077000002,0.14596166,0.03777615,-0.17716888
81.65276746597925,21.29406428514681,2024,41.43597890000001,0.15188861,-0.010566223,-0.16268174
81.60097115404581,21.22350025729869,2024,47.391878750000046,0.12350768,0.008559872,-0.14141323
81.62860460077023,21.35831561762439,2024,43.97214974000002,0.18020663,-0.02320201,-0.1791727
81.77220528964462,21.239014704432485,2024,49.748603539999976,0.13286418,0.010832622,-0.153163
81.58102607476982,21.31716455613628,2024,46.27418621000004,0.08179657,-0.010329033,-0.06608473
81.63448561298554,21.218406554310214,2024,42.55025341999999,0.11974778,-0.030419188,-0.12553298
81.52249593540563,21.326582338136483,2024,47.33206340000004,0.14108218,0.03742762,-0.15427285
81.58997285314237,21.1523445374054,2024,51.60800642000004,0.1347996,0.030381845,-0.19799002
81.54087368782439,21.22822822064308,2024,44.63524561999998,0.19395675,-0.03157552,-0.2036615
81.59178636473197,21.22516924989981,2024,43.18942316000005,0.113797806,0.027015168,-0.13199154
81.7115859941606,21.154663173483716,2024,55.11147692000003,0.11618361,0.07136808,-0.16676259
81.58156981969941,21.158894315940085,2024,51.83188673000001,0.17163059,0.017022697,-0.18706486
81.7083203014851,21.290379749110464,2024,47.75931590000005,0.10341147,0.045071118,-0.13407189
81.71546263219662,21.246393336584873,2024,53.713506740000014,0.10957573,0.035533313,-0.1456491
81.66157043806442,21.371513948543,2024,47.35940756000002,0.050284564,0.010109929,-0.054879915
81.75405432353422,21.304372481640527,2024,49.01372924000003,0.16880403,0.013529537,-0.17643219
81.74423740668749,21.183989369679683,2024,51.66953078000006,0.1354621,0.09698233,-0.17163336
81.6473966796843,21.317753454575524,2024,50.77913656999999,0.081287794,0.0075710244,-0.10034433
81.6406747193739,21.332268828911,2024,48.86846338999999,0.10861586,0.026158407,-0.1281629
81.58700545847235,21.37713181370636,2024,47.27737508000001,0.13053654,0.047426544,-0.14722821
81.69241709348135,21.316774627544287,2024,46.443378199999984,0.06415015,0.13464771,-0.11038695
81.63281347516259,21.192309989081387,2024,50.19978218000006,0.15528081,0.043705173,-0.1783578
81.66706780174965,21.150115453992473,2024,54.660298280000006,0.1115768,0.028319636,-0.1418653
81.51404155237904,21.174136193653723,2024,49.728095420000045,0.12342978,0.10897794,-0.1596853
81.65288447887366,21.17232657726792,2024,56.17789916000004,0.12971072,0.037975457,-0.1588675
81.52066584472803,21.283197946597543,2024,47.814004220000015,0.1611875,0.02118843,-0.17877541
81.73373005153306,21.305924964699436,2024,47.291047160000005,0.14424986,0.04345548,-0.16501826
81.65537495418918,21.309657953650667,2024,47.45682112999998,0.13738738,0.015846139,-0.15549804
81.62925573758005,21.143636022932203,2024,49.994700980000005,0.27386883,-0.1261029,-0.2705522
81.52829223238709,21.320948855945378,2024,49.075253599999996,0.11650956,0.0023637514,-0.13117662
81.61938580172622,21.363870230763556,2024,46.63136930000002,0.14223328,-0.01587626,-0.15735134
81.68350966054,21.30166724775332,2024,44.03709212000001,0.20177217,-0.039693367,-0.20552897
81.52343946910882,21.220113329629882,2024,44.66771681,0.14778626,0.016113466,-0.16061056
81.56955578646009,21.215733674773404,2024,43.96873172000005,0.19004807,-0.022125568,-0.19170985
81.5499548504712,21.294241689259426,2024,41.02752551000003,0.29050195,-0.12765028,-0.26221514
81.73764108270827,21.213808388453145,2024,51.00472589000003,0.12193541,0.07424956,-0.15341057
81.57525230726438,21.27672127929975,2024,42.11445587000003,0.21711975,-0.07590435,-0.21159531
81.59561398134711,21.214798572417013,2024,41.51459336000005,0.2326932,-0.048519563,-0.22301956
81.75061915041083,21.20853716097345,2024,49.65973502000003,0.119446024,0.070674926,-0.16067465
81.6396724855361,21.255451549564107,2024,45.74781113000006,0.10660921,0.0018508547,-0.12345889
81.50156037645688,21.226133666478233,2024,39.44327324000005,0.25436,-0.11923792,-0.23828773
81.65179916147737,21.136327225940004,2024,53.96985824000001,0.16758002,0.01963548,-0.20457053
81.56305775501355,21.29060627307291,2024,46.516865629999984,0.16997321,-0.0061601643,-0.17965983
81.72933091934043,21.213286003617114,2024,47.64652124000003,0.15595666,0.013881324,-0.18254514
81.59053284530226,21.265964395114846,2024,42.08540270000003,0.13890277,-0.016016737,-0.15394203
81.58437435755856,21.233744219001647,2024,44.454090560000054,0.14629161,0.02178733,-0.17194971
81.59260743806885,21.27655937502701,2024,44.92919533999998,0.08804195,0.018124908,-0.108381264
81.69749676378714,21.140358100487518,2024,54.444963020000046,0.1349899,0.02668514,-0.17082715
81.55306382041393,21.26920106552964,2024,45.06591614000001,0.13359138,-0.009033718,-0.15381147
81.66841432524646,21.179649402348108,2024,56.31974699,0.13170476,0.053596184,-0.17133518
81.66186613688012,21.126339867183546,2024,58.25092829000005,0.102125846,0.072095,-0.14738245
81.67517062054057,21.160741254616273,2024,56.56242641000006,0.1036434,0.0406664,-0.13960984
81.58812724369794,21.32570385273194,2024,48.767631800000004,0.12908113,0.011506449,-0.14768615
81.67936148779562,21.208610724144233,2024,51.08504936000003,0.119138405,0.03160454,-0.15754515
81.71686727754619,21.33493619644117,2024,42.539999360000024,0.15717028,0.03858192,-0.1641704
81.72241262265153,21.225216084243737,2024,50.664632900000015,0.10845983,0.056981105,-0.11699236
81.69682385235632,21.237157037218797,2024,44.69847899000001,0.15359148,-0.017604304,-0.17860332
81.57943766652595,21.179027808995475,2024,45.06933416000004,0.13316879,0.030253794,-0.14827712
81.61558227774896,21.19031680285291,2024,47.36966161999999,0.21279961,-0.0049439357,-0.2231471
81.5517845404857,21.31605193237749,2024,39.77311216999999,0.17662252,-0.073060386,-0.16589141
81.59526763196466,21.122639581775555,2024,54.14930429000003,0.14541698,0.030123392,-0.1984962
81.56559365949033,21.148602454944456,2024,45.67090568000003,0.13561518,0.028894981,-0.17594776
81.70885120917119,21.175495923219223,2024,55.57290962000002,0.14972067,0.056963656,-0.18974581
81.74759830630997,21.28232683911635,2024,46.10499421999998,0.1579238,0.040631343,-0.18115892
81.5446617487631,21.16213929737402,2024,50.028881179999985,0.09544551,0.09785915,-0.14233802
81.53545763563575,21.208876856992152,2024,49.83405404000001,0.10526316,0.08032558,-0.14806706
81.72000304170722,21.201007463578364,2024,43.38425030000002,0.18489574,-0.032457203,-0.19006748
81.69756474340832,21.32587516174354,2024,43.914043400000025,0.12946515,0.008372156,-0.13821831
81.7225765520833,21.206101626543305,2024,49.52301422000005,0.13256744,0.07976825,-0.16012174
81.65034996051753,21.344794515798203,2024,46.62453326000002,0.05754428,0.061168976,-0.08594889
81.68051313187947,21.358301633221995,2024,46.25196907999998,0.0857354,0.076165184,-0.09790733
81.70553012407369,21.23202544406699,2024,44.63182760000001,0.15430346,0.03225397,-0.1672091
81.51080410834646,21.218019957097628,2024,46.094740160000015,0.13551758,0.0392517,-0.14175998
81.73899906072279,21.179036276102035,2024,56.47526690000001,0.10969713,0.09284864,-0.15648884
81.69552564425665,21.157103117596023,2024,56.71794632000001,0.09837419,0.064051814,-0.13324356
81.57295333040229,21.356409017507424,2024,45.61621736000001,0.13713354,0.031720173,-0.1551169
81.66139808210642,21.36420722197943,2024,43.50388099999998,0.16719049,-0.047705915,-0.14164202
81.56584978160967,21.35682331056618,2024,49.80670988000003,0.13620341,0.058081888,-0.14468119
81.65953893929462,21.294890584221513,2024,37.26428549000002,0.33743283,-0.13644132,-0.30604032
81.5746261790821,21.237603188124858,2024,38.769923300000016,0.3194063,-0.15493049,-0.2752116
81.63310869761,21.377948759223454,2024,45.35644783999999,0.092707835,0.008793197,-0.11485551
81.6034278443603,21.360661468998178,2024,39.805583360000014,0.12869072,-0.0015879318,-0.14137073
81.59767514791885,21.248708061171584,2024,47.47562024000001,0.17913267,0.028539417,-0.18946727
81.51022172677357,21.256845456087476,2024,46.58009900000002,0.17534426,0.009629957,-0.19128008
81.56708371001167,21.135486433744457,2024,46.95949922,0.11504733,0.058531243,-0.14102335
81.64501429443295,21.302064902923927,2024,47.85331144999998,0.14972505,-0.026195921,-0.14757371
81.65526107518077,21.2050138992123,2024,53.891243780000025,0.08461373,0.047747523,-0.13016605
81.75111715510663,21.23716838953556,2024,46.246842050000055,0.20099293,-0.0012759469,-0.20517671
81.68080252118008,21.266199308980152,2024,41.65815020000002,0.12389717,0.016381528,-0.13584392
81.68129151950654,21.244606648016568,2024,50.92440241999998,0.16979001,-0.041337263,-0.18089956
81.66883447403197,21.133014103522147,2024,55.977944990000026,0.12537791,0.049822256,-0.17819206
81.69436695789966,21.16853446439021,2024,52.33775369,0.19698203,-0.026948152,-0.2118259
81.75484517291267,21.247324594407644,2024,46.01954372,0.2197272,-0.04430606,-0.22156624
81.65741673367197,21.246906827918362,2024,44.19944807000002,0.21682161,-0.057526838,-0.20132251
81.6215240591799,21.23367882517509,2024,41.67865832000001,0.15809797,3.3947473E-4,-0.16606069
81.740068584924,21.32577127818542,2024,47.04836774,0.12303539,0.056718644,-0.14212644
81.72951844386273,21.214665162746595,2024,50.66121487999999,0.119435474,0.05038766,-0.13457479
81.50849106996867,21.297880659863498,2024,49.01202023000002,0.15009633,0.020843972,-0.17720601
81.64129747707723,21.252816471625586,2024,44.88305207000002,0.1044663,0.013634166,-0.1295794
81.69340436343589,21.31675070064222,2024,44.307115700000054,0.11878712,0.05226573,-0.1284881
81.67273725922915,21.160372822847044,2024,54.26380796000001,0.112318456,0.04351278,-0.15051788
81.75909102489412,21.22763345509534,2024,50.266433570000004,0.14265725,0.052846767,-0.17304412
81.59434446525725,21.171596988520463,2024,49.63068185000003,0.1803856,0.008678507,-0.19662465
81.54223131062625,21.34518383947556,2024,48.86675438000003,0.12560274,0.043360434,-0.15212546
81.52137287469218,21.2718592811839,2024,48.224166620000005,0.13868895,-6.6311867E-4,-0.15538803
81.64854469391642,21.13995695427589,2024,54.426163910000014,0.1381333,0.028056901,-0.17181484
81.70689330977994,21.36435092757285,2024,46.10157620000001,0.097746134,0.049713973,-0.10825193
81.61193535084607,21.222770414852604,2024,48.189986420000025,0.12592086,0.01931253,-0.14478792
81.61075434107336,21.16523931875002,2024,44.48143472000004,0.15688796,-0.008466658,-0.19096203
81.70939340461487,21.23506752022154,2024,46.24342403000003,0.19649173,-0.001719832,-0.20703512
81.56037622375338,21.28379630128327,2024,47.22952280000004,0.14383486,0.022830905,-0.16747974
81.60465478540402,21.208214505940504,2024,44.454090560000054,0.27724382,-0.11932997,-0.2580387
81.6230855317723,21.219495300990122,2024,47.18679755000005,0.119844355,0.007928301,-0.1385722
81.64689647472068,21.32161146880542,2024,50.23225337000002,0.14067501,-5.8556075E-4,-0.15182395
81.74282267548635,21.279400461927132,2024,48.74199665000003,0.13720144,0.05953671,-0.1676969
81.72794585858641,21.316422518716138,2024,46.457050279999976,0.13761973,0.053250365,-0.16061448
81.66439556211482,21.16527963566497,2024,56.21549737999999,0.13012895,0.071550205,-0.17186096
81.72706119875546,21.270782878821503,2024,49.18463024000005,0.092488326,0.050942138,-0.14201154
81.69952116100903,21.18699673796911,2024,54.73378571000001,0.12364181,0.06721409,-0.15851893
81.60119812373003,21.294836231331384,2024,49.33160510000005,0.08242392,0.03651258,-0.11620074
81.53161998579813,21.302338544037234,2024,48.72148852999999,0.12221348,0.061294418,-0.14887483
81.68159158774914,21.295201080199444,2024,45.62818043000004,0.15416193,0.019293956,-0.17159653
81.53260901398467,21.30048493396925,2024,49.991282960000035,0.13226272,0.030754033,-0.15240966
81.71244840678794,21.306500365889224,2024,47.19876062000003,0.1380009,0.046436317,-0.149909
81.67477789790568,21.211798350277448,2024,53.19738572000006,0.12814793,0.009761742,-0.15902066
81.68662800459816,21.246163880088993,2024,53.30676235999999,0.13328835,0.040040914,-0.16677026
81.57065878065194,21.294162706909763,2024,48.37797752000006,0.114976935,0.051172778,-0.13787803
81.61685073305237,21.380692477090157,2024,41.261659880000025,0.12624002,0.02244327,-0.16607957
81.69512827215962,21.21330493228647,2024,53.27258216000001,0.14038022,0.048416495,-0.18134569
81.5632720955744,21.269812226613155,2024,47.15090834,0.16554995,0.019055614,-0.18357128
81.61399068034922,21.204375736199854,2024,45.62134438999999,0.159441,0.02780497,-0.17431743
81.52163293694304,21.16349643750923,2024,45.55127498000002,0.21116678,-0.046446905,-0.22135201
81.55433474460679,21.304085474131206,2024,42.10249280000005,0.23210071,-0.06121527,-0.22782259
81.72777388386068,21.26199243153842,2024,47.54056262000006,0.15771224,0.022822093,-0.17908934
81.63112274139624,21.381492767148874,2024,43.767068540000025,0.18255292,-0.056314472,-0.193482
81.58732170397212,21.34593828312649,2024,45.00780980000002,0.19335467,-0.008539735,-0.20332868
81.64879815185371,21.324653699132774,2024,48.743705660000046,0.083312914,0.0038492593,-0.10185262
81.70905221257016,21.30707101568934,2024,48.22758464000003,0.12709163,0.039421413,-0.1277656
81.61152606575152,21.234389447215396,2024,42.478475,0.15018846,-0.012506381,-0.16338575
81.57489940420733,21.323921257695314,2024,35.05282655000002,0.3143286,-0.15775901,-0.27629253
81.51579996879556,21.18517992177431,2024,45.65039755999999,0.13217087,0.031424936,-0.16162503
81.52026181647962,21.326915737017245,2024,49.728095420000045,0.123567574,0.053100243,-0.1520752
81.74754027355208,21.323147941872584,2024,47.472202219999986,0.10766885,0.031406816,-0.11527739
81.59765505961475,21.167548771792905,2024,47.88920066000003,0.17845784,-0.0022088988,-0.19505465
81.5462215298976,21.16008556884276,2024,50.890222220000055,0.07961252,0.1510581,-0.148502
81.69620158878463,21.232657368286507,2024,49.839181069999995,0.14654659,0.021174528,-0.16450912
81.67093210114463,21.179396350202623,2024,56.35050917000001,0.12861429,0.06593359,-0.17026672
81.66136900710393,21.324694099358755,2024,50.33137595000005,0.09373707,0.03151957,-0.10931633
81.71165013751732,21.26051906698677,2024,46.96462625000004,0.17166416,0.03706746,-0.19007994
81.58761011897494,21.188684018631495,2024,57.54168914000002,0.15058447,0.0095625,-0.17650989
81.5732489255365,21.351525657466,2024,45.29150546000005,0.15345483,0.01873264,-0.1686733
81.58261364521496,21.2946829710319,2024,46.733909900000015,0.12238759,0.030796917,-0.14036874
81.69927917906791,21.18518902370407,2024,56.24796857000001,0.09572766,0.09088412,-0.14105682
81.60124218828003,21.26517941380741,2024,44.48827075999998,0.15313485,0.030280853,-0.1664588
81.7471647270611,21.288374936844168,2024,46.64504138000001,0.17882419,-0.011757631,-0.19711094
81.6418507936547,21.30482881539602,2024,52.288192400000014,0.10798587,0.017624931,-0.10951518
81.69127965246774,21.249133889463764,2024,45.862314800000036,0.10663598,0.019124523,-0.12466864
81.74086735748736,21.26933657099641,2024,49.464907880000055,0.101456806,0.023451539,-0.13694638
81.64836546862088,21.311162726472997,2024,49.13165092999998,0.117388226,0.03141869,-0.14241599
81.52648493960203,21.167722229435082,2024,47.991741260000026,0.15497461,0.04440591,-0.1875388
81.71969630514513,21.155807165142207,2024,54.36293053999998,0.105859235,0.054061487,-0.14655603
81.69889328599011,21.251973212971606,2024,47.49612836000006,0.10862494,0.040613692,-0.1430256
81.64042381217338,21.319718084953,2024,50.06989742000002,0.072798505,0.017748145,-0.09035567
81.70809444438049,21.189637899388735,2024,55.28408693000006,0.13233577,0.061813068,-0.17291415
81.68715504116776,21.235656714130467,2024,45.84009766999998,0.17896332,-0.025248688,-0.18169431
81.76299714697991,21.257084045788492,2024,50.08698751999998,0.12376606,0.050777048,-0.15846297
81.66191667628463,21.19176715486395,2024,47.689246490000016,0.15777266,0.030319331,-0.17805533
81.68633821435758,21.180042177855164,2024,50.85775103000003,0.059176993,0.04327157,-0.08106165
81.52310157053309,21.321428063504413,2024,47.98832324,0.17982838,-0.009770934,-0.1924958
81.70302892209837,21.151270384601233,2024,55.62417992000002,0.09221237,0.0746071,-0.1275955
81.71628396609458,21.25124487235037,2024,50.288650700000005,0.111473076,0.0012197354,-0.14873917
81.58469615695866,21.371171841202568,2024,48.11820799999998,0.17299455,0.018526392,-0.1856037
81.55605592265482,21.188528946204766,2024,49.01714726,0.11691236,0.07483826,-0.15452595
81.72427957797815,21.20804045478626,2024,49.64606293999998,0.14046025,0.07594339,-0.1752052
81.64265779482841,21.307595475872063,2024,50.66292389,0.109474316,0.015999867,-0.1252299
81.65319316867763,21.208188480187726,2024,55.613925859999995,0.12082961,0.044972576,-0.15405007
81.57610063590099,21.139327123201646,2024,47.429476969999996,0.148191,0.050619993,-0.1966939
81.56989903988463,21.20243010055105,2024,49.10943380000003,0.1229736,0.054007478,-0.13440168
81.57365055036979,21.320420770299883,2024,37.25915845999998,0.24931157,-0.09370414,-0.21919303
81.64985185922768,21.302327618730963,2024,47.26370300000002,0.10236727,0.0029444909,-0.11423464
81.62934360202588,21.289545500518155,2024,49.97419286000002,0.08422854,0.04165568,-0.096928716
81.62323906757187,21.221638530905743,2024,47.04324071000002,0.10440053,0.010523272,-0.12660289
81.49883118725755,21.23206457438336,2024,48.22758464000003,0.170887,0.010848639,-0.1970857
81.72816611601874,21.176774218817602,2024,57.28875565999999,0.087704495,0.07337271,-0.13726318
81.54331912855956,21.151978783818254,2024,49.728095420000045,0.12762396,0.058600914,-0.16937876
81.61345709367303,21.36504037334492,2024,49.56061244,0.12714802,0.01942502,-0.15521218
81.58671413926855,21.346947476746305,2024,47.09451101000002,0.16350271,0.025780978,-0.18933862
81.62208274794342,21.14542048115448,2024,46.29982136000001,0.1637734,0.04797943,-0.18702978
81.61695691432922,21.24031014016817,2024,39.5389778,0.23492523,-0.06783033,-0.22361939
81.63980574495183,21.279503513036993,2024,48.25834682000004,0.15162192,-0.050223526,-0.16190109
81.55628641918055,21.292454577365252,2024,46.764672080000025,0.14955015,0.030950544,-0.16746284
81.62632756912674,21.289287892004282,2024,49.07696261000001,0.09362154,-0.008211251,-0.09425033
81.67693225724781,21.2081987608751,2024,50.87313212000004,0.15234049,7.2537357E-4,-0.18252987
81.74554737431106,21.187115050733183,2024,49.869943250000006,0.08317235,0.12719254,-0.14098917
81.55751653231746,21.161487111990482,2024,48.67534526000003,0.15093373,0.0520538,-0.16995458
81.67224380796166,21.323840725382325,2024,47.73538976000003,0.14149413,0.013333784,-0.15445
81.74707109756143,21.32367184757642,2024,43.28854574000002,0.08403783,0.038958147,-0.089876294
81.71519665998952,21.343495348330823,2024,47.25003092000003,0.12654392,0.043030683,-0.13181925
81.71414958516428,21.262589708996746,2024,49.519596200000024,0.13845837,0.045880016,-0.17024922
81.57400257296803,21.343385200884246,2024,41.23431572000004,0.205372,-0.073097736,-0.2374329
81.55051219675269,21.330837890079884,2024,48.16947830000004,0.15166378,0.012071588,-0.16680682
81.5904093279505,21.29462699337401,2024,46.07594104999998,0.11893861,0.019524634,-0.13302563
81.64967564587279,21.253795423551033,2024,46.16651858,0.071753375,0.010724385,-0.09122298
81.56203848384996,21.294858475450095,2024,44.989010689999986,0.13555193,0.028121153,-0.15945946
81.52932940166735,21.238514846204737,2024,51.50033879,0.14379273,0.0046327156,-0.15895067
81.65395748014363,21.13314577996905,2024,58.51582484000005,0.10628769,0.06661708,-0.14907879
81.73804661414084,21.312700235357298,2024,46.85354060000003,0.106707975,0.032044616,-0.12949482
81.64407897515562,21.308100023583602,2024,48.21220355000003,0.12805839,0.013509447,-0.15105148
81.68732830174794,21.28910206091753,2024,39.43301918000003,0.21681035,-0.036597308,-0.21480313
81.5800645092544,21.36200683670545,2024,47.99857730000002,0.10142223,0.060168818,-0.13628836
81.6230712071688,21.37069014143624,2024,38.233294160000014,0.20868379,-0.09681634,-0.19842224
81.49622258055226,21.263898626264055,2024,44.07127232000005,0.17096595,-0.0281911,-0.18431404
81.6495023280318,21.146552991053795,2024,55.21914455000001,0.13177939,0.049002137,-0.1678337
81.6281082461551,21.32848527611756,2024,52.99743154999999,0.059284315,0.022185702,-0.08669183
81.66216056838329,21.166957439909506,2024,57.16741595000002,0.12890686,0.06264293,-0.17154796
81.564309641139,21.296131675672964,2024,46.87917575000006,0.13589744,0.005125419,-0.13893554
81.58655461436894,21.276367243159033,2024,44.79589256000003,0.15712714,0.016141685,-0.17873086
81.66151234268534,21.247360808420712,2024,45.13769456,0.2216329,-0.066187546,-0.21176344
81.53356862979685,21.280791859258454,2024,52.46763844999998,0.11532757,0.073866725,-0.1441105
81.74877925369216,21.258842954884326,2024,49.217101430000014,0.14522967,0.043485895,-0.18179189
81.65095286295299,21.357279908994855,2024,51.404634230000056,0.06793612,0.013578434,-0.08275952
81.54764375494413,21.23735553030632,2024,47.06374883000001,0.116512924,0.02482711,-0.1297973
81.50638241090094,21.221614625748572,2024,45.12573149000002,0.1575373,0.03533487,-0.1720212
81.64680561181758,21.196189652256457,2024,47.097929030000046,0.1580444,-0.04541876,-0.16280575
81.63626859871783,21.32488926073729,2024,47.92167185000005,0.09377047,0.013001912,-0.11494659
81.6529171308133,21.167392474298023,2024,56.64274988,0.13799642,0.03970488,-0.17190382
81.68343651179497,21.208973662896124,2024,52.616322319999995,0.1496461,0.016587898,-0.17871821
81.61140919530797,21.250088602837735,2024,39.870525740000005,0.184,-0.03883495,-0.17796704
81.6746019846324,21.339799803074374,2024,50.36555615000003,0.08758075,0.024259694,-0.09930585
81.62582255925979,21.177197974077316,2024,47.878946600000006,0.11387635,0.022525895,-0.14103615
81.71074721789356,21.298514397031013,2024,45.41797220000001,0.16994227,0.021816762,-0.18995418
81.63725136256748,21.13936200777177,2024,54.09290696000005,0.13964935,0.0369575,-0.18867227
81.62299298454694,21.308618117169818,2024,46.81252436,0.15312998,-0.039306615,-0.15317707
81.72268734224807,21.18893850798075,2024,47.822549270000025,0.13885336,0.038289778,-0.15676388
81.71250846069654,21.28766714054586,2024,43.51755308000003,0.17398612,-0.0080311205,-0.16724789
81.62715753546865,21.152219589785105,2024,53.26745513000003,0.18732,-0.032738928,-0.2038599
81.50010268259928,21.238408890409033,2024,43.08688256000005,0.19599016,-0.06688263,-0.2065794
81.69538377003025,21.21573131632416,2024,44.96679356000004,0.15035474,0.023391278,-0.17081642
81.69281522836292,21.22732292048128,2024,46.920191990000035,0.15672345,0.02616985,-0.17430596
81.6311714435367,21.17117819387933,2024,55.74210161000002,0.118211105,0.05295838,-0.14245728
81.72781669746554,21.244193966100603,2024,48.99663914000001,0.16089785,0.058674026,-0.19265261
81.73468884909495,21.288572922299426,2024,44.53270501999998,0.2433178,-0.0703466,-0.22852512
81.74047480716467,21.22705322043497,2024,47.84989343000001,0.1472096,0.046100635,-0.16794205
81.5273157084228,21.34452082957026,2024,51.303802640000015,0.09537199,0.11290273,-0.12891604
81.65577564957015,21.21817222679411,2024,48.738578630000006,0.11697936,0.011627349,-0.12941134
81.60620761996718,21.2220860593078,2024,48.00712235000003,0.08444133,0.008468052,-0.1128231
81.5413625703401,21.27774269344122,2024,45.84864272000004,0.09901028,-0.0095461225,-0.12190099
81.50966657971547,21.29149077700048,2024,48.82573814,0.1289358,0.03949316,-0.14999601
81.73400036373344,21.290701530575483,2024,47.06545784000002,0.09874438,0.011264168,-0.12695763
81.6372249421136,21.226447957094884,2024,46.93728209000005,0.108966775,0.0151821375,-0.12873636
81.65240367861726,21.35104194405695,2024,48.94878686000004,0.13053586,0.031218875,-0.13558777
81.50655725076167,21.258852058884838,2024,47.78495105000002,0.1631203,0.0012005987,-0.18071352
81.67597486619503,21.304284431025444,2024,43.953350630000045,0.20553622,-0.044333562,-0.19061163
81.59153437750486,21.1982431979774,2024,42.6835562,0.1427786,-0.058755048,-0.14313772
81.5663650326586,21.289789470487328,2024,40.22599982000003,0.008609036,-0.070748776,0.022951271
81.7225507169911,21.215697545156647,2024,47.593541930000015,0.15814303,0.0119287195,-0.1818594
81.7336717296826,21.172532239983067,2024,53.48791742000003,0.106804326,0.10525566,-0.15465206
81.59491352585825,21.322006587685536,2024,47.85502045999999,0.11718536,0.017817296,-0.1411136
81.72855716657395,21.34033213638871,2024,40.325122400000055,0.19279057,0.019190576,-0.1633987
81.63257544684525,21.36905812581691,2024,51.43026938000003,0.07160329,-0.0060752835,-0.07916247
81.64324101202298,21.12964189734301,2024,57.76215143000002,0.09591285,0.068100475,-0.12940392
81.67292076209037,21.314336782527707,2024,45.865732820000005,0.17397633,-0.038940303,-0.16932502
81.6755786687019,21.366690902418174,2024,49.97077483999999,0.080064595,0.02409523,-0.097200334
81.66174671250388,21.323872350415485,2024,50.45955170000002,0.09356903,0.03653712,-0.11244316
81.6186584065865,21.26094211655902,2024,47.53885361000005,0.086917266,0.038033504,-0.12499135
81.72074856307185,21.291696624622375,2024,45.26757931999998,0.18621609,0.0019466729,-0.20552923
81.72507732971518,21.317876690030626,2024,48.58647674000002,0.16234158,0.024722984,-0.18163773
81.54233667790648,21.225023665661066,2024,43.89524429000005,0.15802455,0.0021253985,-0.17439502
81.61387608254446,21.376038139889257,2024,46.14942847999998,0.14898652,0.0020886518,-0.16506357
81.67666124097836,21.189970476330185,2024,58.724324060000015,0.10217199,0.06677509,-0.14221184
81.55635203682252,21.303539525782593,2024,46.08448610000005,0.13016728,0.04207816,-0.14180264
81.54299236465077,21.243759218834217,2024,40.26359804000003,0.21550147,-0.0468362,-0.20992003
81.53807997906769,21.253260849520615,2024,43.27829168000005,0.14338747,-0.036108013,-0.1504669
81.57029619131845,21.301134014041022,2024,48.58647674000002,0.08403327,0.02328276,-0.10698896
81.64856236139745,21.226498888194822,2024,41.261659880000025,0.12699129,-0.025097074,-0.14839439
81.58732786643203,21.289465385005578,2024,47.57132480000001,0.13391018,0.023108872,-0.14110379
81.60559082551651,21.165923762873373,2024,48.089154829999984,0.15016688,0.058303148,-0.19959198
81.55491875914184,21.33940000543954,2024,41.757272779999994,0.28093302,-0.11852712,-0.24494167
81.60760721509355,21.21528600974128,2024,48.53691545000004,0.14759958,-0.038157932,-0.169516
81.66694951921404,21.193566829949045,2024,50.172438020000016,0.034447122,-0.014998522,-0.04533983
81.57425869840392,21.266054716467952,2024,44.97021158000001,0.2090376,-0.079793945,-0.20320073
81.57722764521837,21.36453160963656,2024,51.47470364000003,0.11946175,0.06536448,-0.1425673
81.5359989639925,21.29557638661569,2024,39.59366612000002,0.3192305,-0.15394591,-0.28784242
81.66496810874649,21.28210687101782,2024,46.55617286000006,0.25812143,-0.107137084,-0.24953465
81.76208209483325,21.2364270402784,2024,49.528141249999976,0.13398044,0.0319371,-0.15929936
81.55328630289242,21.241917007727693,2024,43.63547477000003,0.16599388,0.004775641,-0.18057905
81.64217039821409,21.361844039981968,2024,51.179044910000016,0.0731697,0.032385964,-0.09165592
81.66305152524775,21.128514839305026,2024,58.023629959999994,0.10612578,0.050121002,-0.14057392
81.62921915931658,21.32150642767644,2024,46.49635751000005,0.12987219,-0.002535747,-0.14447683
81.59380533466472,21.369767622645924,2024,44.48997976999999,0.13461092,0.023119656,-0.14823069
81.56381579048988,21.29959331343183,2024,46.915064959999995,0.088229306,0.033100817,-0.12344688
81.52333830312818,21.212707817794207,2024,41.07366878000005,0.2863512,-0.11964448,-0.25847757
81.72997095431278,21.257394112397595,2024,47.70291857000001,0.13680375,0.016012618,-0.16274428
81.63515412333882,21.123114403909543,2024,60.40598990000001,0.097853296,0.06465893,-0.13340381
81.772720804603,21.2584077024613,2024,46.28785829000003,0.13953103,0.028565157,-0.16419592
81.71653982749243,21.212054495014904,2024,47.355989539999996,0.15598126,0.04714472,-0.17697228
81.53595888735215,21.350229933089935,2024,47.41409587999999,0.12495996,0.06774812,-0.16492832
81.50216024894736,21.238987902764688,2024,45.34961180000005,0.13137765,0.053939994,-0.14992185
81.57132953647373,21.1505911511599,2024,49.24273658000004,0.1044866,0.04123743,-0.14507125
81.66082887579648,21.160130209356524,2024,54.40736479999998,0.14933194,0.02791394,-0.17876528
81.5532698804938,21.29659548149054,2024,43.51755308000003,0.22079791,-0.06844094,-0.21701871
81.57586928113939,21.240777468450357,2024,43.52780714000005,0.20925468,-0.042765763,-0.21578237
81.59224096513364,21.35809902952914,2024,41.25482384000003,0.13522848,0.031701136,-0.17340855
81.60060004820558,21.262826225026224,2024,42.28706588,0.16725571,0.004839446,-0.17776737
81.64544007225953,21.320259334357697,2024,48.91289764999999,0.10748671,-0.0055422485,-0.12602541
81.67070317962126,21.351853100201566,2024,49.247863610000024,0.05833565,0.020015016,-0.06948541
81.65022982458707,21.37060159683717,2024,47.63455816999999,0.06430989,-0.013292754,-0.06503587
81.62761202782299,21.373302566505537,2024,47.91996284000004,0.056852985,0.006612388,-0.05252121
81.54405782044341,21.358372782263928,2024,49.08892567999999,0.12011567,0.067777745,-0.15536334
81.58201751206649,21.124388937891474,2024,47.024441600000046,0.081910625,-0.058555063,-0.083173774
81.72857477616363,21.176177631507432,2024,56.62736878999999,0.107033305,0.10246487,-0.14907968
81.64542227421806,21.294009352442636,2024,45.118895450000025,0.13819389,-0.0012512833,-0.15680024
81.68290893175802,21.144406152100498,2024,51.450777500000015,0.03604578,-0.008353981,-0.030728199
81.59447431010392,21.370829027277075,2024,46.81936040000005,0.13378619,0.035610005,-0.1650616
81.52138464075414,21.21059570987137,2024,47.66361133999999,0.13269417,0.039434347,-0.1530618
81.57964713766825,21.264160137745954,2024,43.38766831999999,0.17613165,-0.019860106,-0.17961498
81.75209434462289,21.28578937650995,2024,47.22268675999999,0.11378931,0.03297162,-0.14411682
81.52617163280159,21.16440422580064,2024,45.79737241999999,0.1565456,0.03453888,-0.17902099
81.61125351873788,21.317655831214832,2024,45.54785695999999,0.08273275,0.02378781,-0.0880061
81.61637974358862,21.17044447046305,2024,43.34665208000001,0.22578971,-0.052613158,-0.22189595
81.55514794718131,21.273935458819455,2024,47.49954638000003,0.12959467,0.0023962178,-0.16129519
81.57234403009629,21.245498818346203,2024,42.90914552000004,0.17207244,0.026063656,-0.18745607
81.59950145212271,21.32767041816414,2024,42.59126966000002,0.20171082,-0.06503397,-0.20007873
81.63818589501443,21.17744604545826,2024,53.25891008000002,0.124196686,0.012510953,-0.16970089
81.60943857108484,21.19809820067088,2024,49.06841756000006,0.32825974,-0.13143398,-0.31933945
81.716243330871,21.28114392589964,2024,46.241715020000015,0.19189255,-0.0032133677,-0.19621025
81.60477904336007,21.297193102939627,2024,53.38024978999999,0.106393375,0.00881329,-0.11281857
81.62478685432102,21.174331042821688,2024,47.52176351000003,0.16804548,-0.053392712,-0.18333364
81.58204038673583,21.3116251020925,2024,44.34813194000003,0.13706991,0.0066794264,-0.1298456
81.52243445507077,21.288946508353465,2024,50.71932121999998,0.13046673,0.045975942,-0.16394652
81.71397207764207,21.347831161828346,2024,44.069563310000035,0.19083367,-0.043043043,-0.18811804
81.68033678796738,21.300276331008,2024,44.88647008999999,0.19090103,-0.004518256,-0.20026264
81.69898553256384,21.150756591333398,2024,57.143489810000005,0.10574237,0.1028637,-0.1461122
81.59259711568117,21.20878576121073,2024,42.40156954999998,0.21827066,-0.019707311,-0.22268355
81.67710368161102,21.372389939365135,2024,45.07275218000001,0.13091774,-0.0084539745,-0.13818875
81.72088011605071,21.209068707887585,2024,49.41363758,0.14184867,0.0819384,-0.1733623
81.66764864255344,21.164100174592328,2024,45.51538577000002,0.021193461,-0.012902277,-0.020436404
81.75518012734467,21.30397264280519,2024,48.36088742000004,0.16534825,-0.0032082323,-0.18336308
81.65146623289472,21.360705924259932,2024,51.25082333,0.037830736,-0.0057305186,-0.036364093
81.68804565659636,21.355308748557796,2024,53.809211300000015,0.071049124,0.018010736,-0.08023073
81.72149042236288,21.28886194074232,2024,42.75875264000001,0.27017388,-0.12317545,-0.24986434
81.67156319295401,21.257006882552684,2024,46.50319354999999,0.09859407,0.026843509,-0.123937264
81.61409024766061,21.193070035725455,2024,47.50125538999998,0.1759982,0.025946844,-0.1952365
81.66163359701535,21.326838724401735,2024,45.178710799999976,0.13287671,0.02072232,-0.13493441
81.54704840213027,21.249068751617855,2024,37.254031430000055,0.08406152,-0.05814194,-0.07753898
81.6405444730602,21.35463148110031,2024,49.386293420000015,0.10605315,0.015908925,-0.11501571
81.59039700041333,21.352565409570957,2024,45.61963537999998,0.15958288,-0.009272912,-0.17002203
81.49898141959517,21.25056459190684,2024,47.99515928000005,0.1268366,0.03567539,-0.15670091
81.66877578240471,21.122545243705204,2024,58.77730337000003,0.092691585,0.081292085,-0.13624036
81.66590408566337,21.270590250875692,2024,49.83063602000004,0.078634605,-0.0039876513,-0.11511948
81.61449541870347,21.163081285469715,2024,42.553671440000016,0.22797053,-0.093534395,-0.22936276
81.76080893308517,21.246039258004373,2024,50.06135237000001,0.12560996,0.061643,-0.15549135
81.52384021003536,21.30837264410287,2024,46.93044605,0.21068041,-0.03227743,-0.20973894
81.66264423794713,21.314359060490453,2024,46.46388632000003,0.110618375,0.03978578,-0.14116265
81.57370751823066,21.14218598118467,2024,46.05372392000004,0.1327421,0.059382703,-0.1570248
81.56519900796164,21.18833636918866,2024,45.783700339999996,0.12338059,0.023927392,-0.16318433
81.61163620681613,21.23608344252725,2024,43.592749519999984,0.12722775,0.023996977,-0.13882561
81.75532744613753,21.25734951532342,2024,49.43927273000003,0.14529729,0.03641645,-0.1710453
81.61220350695667,21.310804407916894,2024,48.254928800000016,0.101902574,0.05171111,-0.1030095
81.63649659927825,21.373712722368722,2024,49.65289898000003,0.12316709,-0.014300551,-0.12341555
81.60102459756312,21.198254753707353,2024,45.424808240000004,0.16298394,-0.009212114,-0.18582816
81.53591511616564,21.255263432691773,2024,46.34938265000005,0.1548643,0.022820096,-0.16985525
81.5026168070299,21.19581185680173,2024,37.334354899999994,0.2531313,-0.11432344,-0.22583048
81.59623786554661,21.233477743136607,2024,43.329561979999994,0.10033296,0.015556732,-0.115896896
81.6467681029016,21.262309159845074,2024,51.78574346000005,0.09500898,-0.002828017,-0.12196019
81.60630322918095,21.344926527700746,2024,37.13610974000005,0.211323,-0.06256611,-0.21020053
81.58319724281974,21.341217653585616,2024,44.92235930000004,0.18610086,-0.0011133378,-0.18485054
81.70820155390355,21.239355660710295,2024,41.97602605999998,0.12923445,0.006074882,-0.16209458
81.7414853214243,21.31554818286425,2024,47.72513570000001,0.14871906,0.023800738,-0.16460618
81.71436649774571,21.308037685985102,2024,46.699729700000034,0.15566607,0.020304412,-0.16366582
81.65578597562745,21.18616227402421,2024,49.77594770000002,0.101772435,0.059156425,-0.14509156
81.58595408678312,21.215479010422904,2024,42.64595798000005,0.18422374,-0.0112152,-0.17473942
81.75846649461398,21.198825305510006,2024,50.29377772999999,0.1420288,0.09446306,-0.18276654
81.56942921701024,21.240299604985903,2024,44.180648959999985,0.15820533,0.022328362,-0.18802187
81.59126785067288,21.17643910523288,2024,46.83303248000004,0.23884934,-0.06631117,-0.22862913
81.66364501592454,21.283072468128736,2024,49.758857600000056,0.1651453,-0.0058153537,-0.17173094
81.71366947599967,21.25681593214983,2024,48.98467606999998,0.15626219,0.06335302,-0.19038147
81.74976478964345,21.216321021439956,2024,46.20240779000005,0.14415485,0.039899953,-0.16511591
81.74525347705905,21.21317348621242,2024,49.35724025000002,0.1527473,0.034881704,-0.18139815
81.67036027383881,21.153820303422282,2024,56.34709114999998,0.06382352,0.014929893,-0.092735365
81.68815572548276,21.206396363306848,2024,57.65448379999998,0.12531744,0.06916707,-0.16342606
81.72279430917413,21.24433719549463,2024,46.72878287000003,0.16103417,0.033230305,-0.17848842
81.58436903361958,21.364283147128642,2024,51.81650564000006,0.09274194,0.06009471,-0.115270466
81.71249089274913,21.18971463334595,2024,52.23008606000002,0.13391665,0.042874727,-0.17297032
81.62650230662892,21.19438501341945,2024,49.91608652000002,0.13885191,0.055859834,-0.17182137
81.62721817752225,21.299436503085467,2024,47.94388898,0.07196822,0.026265984,-0.09534421
81.55996601790164,21.353676613374518,2024,47.140654280000035,0.13332331,0.047468655,-0.15826261
81.5924886834714,21.14274499082656,2024,44.307115700000054,0.20359729,-0.03303471,-0.2276513
81.70293499592101,21.303540997971908,2024,45.06933416000004,0.16241047,0.008254415,-0.16568893
81.70091038988274,21.33678369210688,2024,43.753396459999976,0.115996666,-0.005146901,-0.13601293
81.66789646810092,21.271424914445916,2024,39.73380494000003,0.28163293,-0.11996953,-0.26592174
81.71797453409151,21.162121907176406,2024,52.92565313,0.11864773,0.048914872,-0.1565821
81.49639492712114,21.213790952035193,2024,46.993679420000035,0.13964313,0.030106958,-0.16204564
81.52148038414848,21.1794340928525,2024,44.66258978000002,0.14364092,0.029110387,-0.18378647
81.7046917732011,21.271919596527283,2024,45.64868855000003,0.16079907,0.010688655,-0.17695144
81.5873154517015,21.16353898933816,2024,51.42343334000003,0.15043108,0.057885174,-0.18315797
81.76580755938564,21.222602802442328,2024,45.594000230000006,0.11293818,0.03975025,-0.14698173
81.62124692117207,21.37267890524969,2024,49.10601578000001,0.12291808,0.029632041,-0.14053889
81.54361832854586,21.26938645855214,2024,47.79862313000001,0.1462875,-0.016152415,-0.1593368
81.74650367346922,21.23267511320531,2024,51.93271832000005,0.13534847,0.05826092,-0.16026987
81.69374551517535,21.241129379099892,2024,51.09872144000002,0.16126758,-0.021465734,-0.17386656
81.55969813576115,21.223595884228036,2024,46.957790209999985,0.13567102,0.017687164,-0.15148394
81.6791907928619,21.257013824599532,2024,48.03104848999999,0.15231411,0.009438572,-0.1927908
81.63274187245005,21.177278170967263,2024,52.78209629000003,0.1253096,0.022367807,-0.17434968
81.74653068620337,21.25966266772676,2024,50.26301554999998,0.14311337,0.06543098,-0.17298879
81.63660144562903,21.34854238727601,2024,48.84966428000001,0.08152662,0.03354627,-0.09917421
81.66865626841002,21.266283264238915,2024,48.77446784000006,0.1289161,-0.018717099,-0.15291262
81.73100692547501,21.29213217027579,2024,43.21676732000003,0.21044195,-0.02379031,-0.20965712
81.72854193523057,21.301042630302742,2024,45.55127498000002,0.14880303,0.015802762,-0.15998678
81.74612547861156,21.233775932011472,2024,49.87677929000006,0.09986846,0.05189708,-0.13995071
81.76668651334782,21.258129567423634,2024,46.52028365000001,0.21164618,-0.04821763,-0.21048258
81.61258252822596,21.229465238775223,2024,43.00826810000001,0.12804945,0.0025871547,-0.14073306
81.7682140350482,21.261185219129732,2024,49.22222846,0.11949754,0.043530554,-0.15538502
81.64363631091372,21.227413411588355,2024,41.35052840000003,0.3396392,-0.1852084,-0.2984165
81.60959554364176,21.26125737279955,2024,42.129836960000034,0.1649854,-0.019169226,-0.17243688
81.58454525415988,21.19803308566702,2024,45.24536219000004,0.17870264,0.020283528,-0.1915176
81.70116232767805,21.207110142171135,2024,44.48827075999998,0.21540096,-0.047363356,-0.21847299
81.69763069571164,21.27175771539476,2024,44.54295908000006,0.1852414,0.0014309636,-0.19853827
81.57631209284796,21.217915094143383,2024,43.736306360000015,0.18760782,-0.05208864,-0.20011622
81.50155318454706,21.245825757939556,2024,44.68651592000003,0.24052823,-0.08695203,-0.22208455
81.6536754950567,21.202449991065837,2024,41.909374670000034,0.2624133,-0.08445179,-0.24577276
81.54125405105596,21.17118254918223,2024,46.74758198000001,0.12849803,0.062210362,-0.16707446
81.5702991860897,21.367366648604584,2024,49.27691678000002,0.15548043,0.035438247,-0.16379677
81.65055905103367,21.202317770293664,2024,44.618155520000016,0.05282159,0.011381064,-0.060203418
81.6155481563421,21.31301518944634,2024,49.20513835999998,0.09061299,0.03374029,-0.10063211
81.61631760389163,21.16129696701496,2024,45.16845674000001,0.17845759,-0.040930305,-0.20145524
81.67972601919134,21.228848641935855,2024,49.900705430000016,0.1608629,0.021671921,-0.17458266
81.54764450686163,21.1480853298448,2024,46.23146096000005,0.15937145,0.022269906,-0.1912383
81.67712204448272,21.17034175324219,2024,58.10908046000003,0.08959948,0.08057228,-0.14010026
81.54739164352571,21.24917897340298,2024,38.368305950000035,0.17759919,-0.08904842,-0.17359947
81.61890180145133,21.286039909484636,2024,49.52301422000005,0.07827314,0.011186363,-0.09335689
81.7071057093754,21.289706816371183,2024,49.65631700000006,0.12994018,0.045653183,-0.1425603
81.65413891635613,21.31795318532636,2024,47.08083893000003,0.1476826,0.0015742166,-0.1565717
81.60915954244204,21.298279807994145,2024,52.872673820000045,0.08758028,-0.0057172766,-0.09573838
81.5613204350718,21.145420331799855,2024,47.73368075000002,0.13407344,0.06784323,-0.17019133
81.71805102785262,21.17342296575838,2024,56.57268047000002,0.11578611,0.0661564,-0.1564291
81.6875819097844,21.323688443559714,2024,43.770486559999995,0.13530965,0.017214,-0.1573475
81.68274191466507,21.163182544864817,2024,57.546816170000056,0.12134377,0.043809526,-0.16097899
81.63324926184659,21.323106427008597,2024,47.81229521,0.07888829,0.019728886,-0.10240952
81.7301235703897,21.212404191828096,2024,47.41922291000003,0.21689087,-0.023218183,-0.22429223
81.589273968823,21.323820930554845,2024,49.86310721000001,0.09950903,0.039447464,-0.12959726
81.65925010213695,21.226282620401197,2024,47.26199399000001,0.13375519,0.00574009,-0.14927952
81.62675605170112,21.24179095292559,2024,35.73130351999998,0.07528315,-0.051416874,-0.05372132
81.7283360253882,21.30936296133462,2024,46.798852280000006,0.12008297,0.064153746,-0.14177836
81.62426368985787,21.29794732128182,2024,50.76546449,0.10953475,0.005338824,-0.11876704
81.70800800213468,21.34635037411418,2024,46.768090099999995,0.11772974,0.06113983,-0.13427657
81.5398266226823,21.286265168868457,2024,41.13177512000004,0.26548013,-0.13718261,-0.22923951
81.59406175467069,21.151969796438596,2024,45.13598554999999,0.17794509,-0.015003244,-0.21593964
81.74678533003255,21.198410279102468,2024,52.26084824000003,0.11167171,0.11256638,-0.14239079
81.74792661765912,21.228602403643237,2024,51.74985425,0.10251829,0.11799131,-0.1519752
81.71267662330774,21.191654332027877,2024,48.020794430000024,0.12202479,0.05064948,-0.14272773
81.68531112606878,21.225015702467253,2024,52.27452032000002,0.1249669,0.040250476,-0.15471844
81.60473659075836,21.306855685062516,2024,45.56494706000001,0.0841842,0.01592973,-0.095005386
81.6341680212685,21.22892649635164,2024,46.28102224999998,0.13972142,-0.0039526992,-0.14971709
81.65203934265217,21.151203400534527,2024,53.92884200000003,0.09431438,0.031967737,-0.12893151
81.7505626872694,21.20671704307869,2024,50.01862712000002,0.17103241,0.059702735,-0.1994694
81.64732143175213,21.16987197548282,2024,55.37466446000002,0.12828588,0.031890556,-0.16390084
81.6136518549353,21.301307310268538,2024,52.322372599999994,0.061520174,0.034849815,-0.07042699
81.64048947544781,21.190471167373268,2024,53.76819506000004,0.16476223,0.0019055436,-0.1891722
81.59242663475887,21.262492346997394,2024,42.816858980000006,0.10572415,0.014575371,-0.13256152
81.59272648412419,21.151031228209707,2024,45.63501646999998,0.1840143,0.018516313,-0.21658956
81.6069375167994,21.200536897445392,2024,53.97840329000002,0.16179928,0.018605394,-0.20414704
81.48957088108443,21.280263791942144,2024,48.357469400000014,0.11011439,0.06479203,-0.15838549
81.56601555598198,21.175621413586136,2024,48.28227296,0.15767534,0.03759963,-0.18051718
81.72442113847563,21.28535142362273,2024,48.747123680000016,0.08966885,0.0022876647,-0.1015957
81.62303471109374,21.36785085067632,2024,38.643456560000004,0.2345081,-0.08628468,-0.20109977
81.64739565188673,21.203003144182027,2024,48.24467474000005,0.12527488,0.009837878,-0.14439286
81.51408954794431,21.216989526092398,2024,45.317140610000024,0.112721734,0.04530598,-0.13875005
81.59995182260933,21.31485348368817,2024,47.02273259000003,0.09093495,0.047063,-0.111552715
81.71291586916297,21.194737360880165,2024,46.210952840000004,0.19889063,-0.03327709,-0.20325293
81.73404561891594,21.209897444869824,2024,44.75316730999998,0.081253365,-0.044560574,-0.07270581
81.60787452864844,21.18849317441862,2024,42.709191350000026,0.16483565,-0.09830494,-0.15762219
81.76840590364779,21.236913980819406,2024,50.36726515999999,0.12751628,0.06059687,-0.15864287
81.63888277414547,21.16901986240631,2024,56.89568336000002,0.15134381,0.026187629,-0.1829953
81.66914687979288,21.255514345658757,2024,43.68845408000004,0.14090684,2.89417E-4,-0.14591128
81.64586132769173,21.216359921214252,2024,48.11820799999998,0.12063598,1.5692181E-4,-0.1416183
81.74561242366286,21.228138115207294,2024,51.00814391000006,0.13163038,0.040525414,-0.16624635
81.53320108039352,21.291679350812704,2024,45.416263189999995,0.17544824,-0.0050822725,-0.17634818
81.52497568423797,21.17830200755198,2024,45.41797220000001,0.15398468,0.05902338,-0.18778847
81.62892495287316,21.35407205404375,2024,45.66406963999998,0.11757991,0.021873327,-0.1247333
81.59783381373458,21.234043328732444,2024,42.15376309999999,0.19989508,-0.045033287,-0.18726133
81.68477013217844,21.242474106251755,2024,50.56209230000002,0.13522002,-0.023916053,-0.15794837
81.69528352040395,21.14832846675185,2024,56.171063119999985,0.11939114,0.055109,-0.15906629
81.68797914889255,21.32614229303848,2024,43.042448300000046,0.14906953,0.018965114,-0.13704206
81.67863096426991,21.286851246763327,2024,40.95745610000006,0.23486558,-0.048710782,-0.22064629
81.52493001816323,21.21776166657743,2024,45.563238049999995,0.18016814,-0.0075192875,-0.1840819
81.64274737250344,21.29458834497224,2024,47.101347050000015,0.077290006,0.020762831,-0.100245565
81.57665358211271,21.267591841232978,2024,43.95505964000006,0.117472135,0.0024320066,-0.13407321
81.65404183069201,21.15690854497848,2024,54.371475590000045,0.17002003,0.028134156,-0.20014754
81.59054855372112,21.206346672992236,2024,40.87029659000001,0.13423769,0.017401692,-0.15279724
81.5165542891634,21.176050920058376,2024,49.18463024000005,0.12300252,0.096099064,-0.16497019
81.56073342519822,21.19315506741505,2024,44.60277443000001,0.19517644,-0.016454792,-0.21283703
81.59022874301431,21.242178694595392,2024,40.81731728,0.27427202,-0.11007499,-0.2546433
81.54188687787573,21.18926737569968,2024,44.677970870000024,0.19344507,-0.014704548,-0.20178457
81.62859319730192,21.119945275066186,2024,58.898643080000056,0.09551697,0.08291285,-0.1452303
81.60553396573378,21.274872507180614,2024,45.22998110000003,0.21150565,-0.065605804,-0.20064484
81.59771688031626,21.198685906759493,2024,53.12560730000001,0.13512832,0.03669259,-0.1871686
81.6321503413692,21.376257821530523,2024,45.404300120000016,0.12409674,3.7156766E-5,-0.13009155
81.61701190212507,21.24632999536983,2024,41.54193752000003,0.14299549,-0.0143796895,-0.1488151
81.61185322096671,21.2221257713375,2024,48.413866729999995,0.105981186,0.04892074,-0.13209625
81.70639608047826,21.319431836634546,2024,43.57907743999999,0.15259501,0.028212346,-0.15925507
81.50083093002628,21.24146763199838,2024,45.800790440000014,0.13062452,0.060702562,-0.15264834
81.61149654625407,21.156147336830752,2024,42.998014040000044,0.22933468,-0.02239395,-0.24355453
81.66160627511722,21.281860837185835,2024,51.532809980000025,0.14020757,0.02971893,-0.15724127
81.70318727449839,21.28831031011518,2024,43.81492082,0.233756,-0.055884246,-0.2298793
81.5973082831332,21.273272075539893,2024,46.63820534000001,0.08373988,0.003948992,-0.08388541
81.73038957611786,21.333214677231275,2024,47.57132480000001,0.10352108,0.080680855,-0.13793103
81.72616731126342,21.25835184960615,2024,41.78119892000001,0.19306552,0.0061076474,-0.1814263
81.59996292511617,21.255751343577316,2024,43.38083228000005,0.11241611,0.014492754,-0.1279434
81.64625046869116,21.233716337698166,2024,45.53418488,0.19932176,-0.055013407,-0.19793881
81.67547548899587,21.3013062558,2024,42.21357845,0.22681156,-0.056162823,-0.2131097
81.76851983523251,21.266984524804485,2024,49.921213550000004,0.13296486,0.020587653,-0.16472143
81.68774225175187,21.205256253125956,2024,47.85331144999998,0.14039196,0.056728072,-0.15982899
81.61165389421733,21.28644502369057,2024,49.26153569000002,0.10489338,0.0060063945,-0.11768251
81.51270837013011,21.182871213752556,2024,44.02000201999999,0.107750945,-0.032073796,-0.11896891
81.51321744008777,21.264438423406247,2024,49.03252835000001,0.13284762,0.04448641,-0.1644094
81.71254105452131,21.262398393427038,2024,48.665091200000006,0.1353718,0.05913398,-0.16211711
81.61257671491289,21.209970932455306,2024,49.524723230000006,0.15860537,0.025543712,-0.18075016
81.61818814118611,21.234618326225778,2024,42.23579558000006,0.10661697,0.014072467,-0.119465396
81.6608798910236,21.20904667751544,2024,50.94491054000002,0.118421525,0.078396596,-0.14512397
81.62459657797355,21.381032907091175,2024,49.355531240000005,0.11842488,0.0151306745,-0.14666666
81.54466186166509,21.216182731303,2024,47.913126799999986,0.1224239,0.060948744,-0.15377675
81.71443549427693,21.207021174066014,2024,48.07377373999998,0.13993672,0.03341724,-0.16569413
81.68947377250522,21.330150880479042,2024,45.339357740000025,0.074608676,0.063027166,-0.112662174
81.6518131580246,21.25607288845551,2024,46.33571057000006,0.072142914,0.006427744,-0.08760303
81.62207668437037,21.319215885471408,2024,51.00472589000003,0.044303656,-0.0074605765,-0.056234606
81.60391464539438,21.307332086248937,2024,41.93159179999998,0.02981979,-0.03857953,-0.014253291
81.64432380411277,21.237142524272613,2024,40.46867924000003,0.17726247,-0.049131446,-0.1843125
81.6974200356015,21.223072386879966,2024,45.62476241000002,0.16512857,0.042480208,-0.18714447
81.57804022133374,21.299054042025215,2024,49.25982668000006,0.07736219,0.031850547,-0.09951741
81.69194022822975,21.153938762400678,2024,53.72546981000005,0.12661421,0.038495034,-0.15771812
81.69959704388071,21.362987489225524,2024,51.51742889000002,0.070799276,0.018963337,-0.08892295
81.68861486837977,21.271513587076093,2024,44.638663640000004,0.19525023,-0.038630575,-0.20199023
81.64020096767686,21.271547301637213,2024,49.728095420000045,0.17812443,-0.046491913,-0.19035786
81.63268985503696,21.275389059263105,2024,49.191466279999986,0.06821667,-6.012426E-4,-0.097530596
81.69014593332192,21.164391224028662,2024,56.784597710000014,0.10589826,0.075331725,-0.15248863
81.71847706739744,21.207092937184406,2024,47.61234104000005,0.15324801,0.0036322726,-0.16903639
81.61302906214945,21.264448237155335,2024,46.810815349999984,0.10053065,0.01212181,-0.12286466
81.57303527389604,21.29685547129568,2024,45.17187476000004,0.16617073,-0.023031982,-0.1541852
81.72919122254274,21.263652990746237,2024,46.69631168000001,0.18800022,0.024882488,-0.20696037
81.70614062882608,21.25857247319579,2024,49.43072768000002,0.16142868,0.007989895,-0.17744958
81.70619477466418,21.2688460656775,2024,45.30688655000006,0.22001846,-0.014834094,-0.22576101
81.7392262701274,21.21406137660208,2024,50.29548674,0.13901298,0.055317547,-0.16990195
81.70348745775807,21.295111394531403,2024,43.33298000000002,0.113968484,-0.0066891937,-0.12081078
81.67590827545028,21.329311194844237,2024,44.77196642000001,0.16142574,-0.0043284,-0.14497195
81.55852296993658,21.26566023175857,2024,48.14897017999999,0.13395995,0.037203453,-0.15480213
81.66883436005777,21.123453227154034,2024,59.100306260000025,0.09043279,0.082616545,-0.13557139
81.68273028532795,21.367207837811286,2024,46.35109166000001,0.041715123,0.0035308343,-0.021823231
81.6521591529585,21.344424659833237,2024,43.818338840000024,0.20780785,-0.06152706,-0.1862254
81.67378398293954,21.22255176133304,2024,46.92873703999999,0.09336807,0.033301257,-0.121769056
81.59501571196365,21.35362160176197,2024,40.760919950000016,0.18143061,-0.022565754,-0.209071
81.55543173152114,21.28844952642495,2024,46.89284783000005,0.14250481,0.031216362,-0.16759641
81.6553579501772,21.375190736237514,2024,47.304719240000054,0.097845554,-0.020499088,-0.0865357
81.7005744552255,21.186921729546878,2024,54.89101463000003,0.12131148,0.059775762,-0.1573057
81.52570250320082,21.241920072317424,2024,47.76102491000006,0.13129297,0.06097249,-0.16856249
81.51822650976618,21.21811525190374,2024,41.36420048000002,0.19887103,-0.014451929,-0.20108755
81.50422497302294,21.274642420435708,2024,47.01589654999998,0.114903346,0.04120074,-0.13024583
81.6872673005837,21.231097498309047,2024,45.92554817000001,0.1641186,-0.0063159834,-0.1750646
81.655170295138,21.20852230883923,2024,54.448381040000015,0.11898017,0.017015584,-0.15063904
81.52324360219829,21.199350791787424,2024,48.59502179000003,0.13767716,0.037531786,-0.15369923
81.73151696868841,21.22781209352256,2024,47.32351835000003,0.15038465,-0.0011406279,-0.1638481
81.60734448633532,21.202845919455633,2024,47.031277639999985,0.25749987,-0.094512604,-0.2567212
81.66319041437478,21.24911342690526,2024,46.36818176000003,0.12147373,0.029178932,-0.14614438
81.52139635698602,21.17343159419504,2024,49.10259775999998,0.12050919,0.073260605,-0.16124304
81.5521310678528,21.17515450991265,2024,46.04005184000005,0.20083599,0.029075693,-0.21804966
81.60110253619838,21.24149764445996,2024,42.950161760000015,0.1805045,0.019499954,-0.18720257
81.71993142182087,21.327680889577046,2024,47.82938531000002,0.10395468,0.075761124,-0.14567722
81.61130145161299,21.378600841636082,2024,46.583517020000045,0.103361264,0.009310723,-0.123381704
81.54278078527854,21.355425966004375,2024,46.57326296000002,0.14136243,0.039919533,-0.16669214
81.61433724118547,21.28905942290215,2024,51.59262533000003,0.06620749,0.014561948,-0.080816895
81.50239101712327,21.257811093118,2024,48.01908542000001,0.13529356,0.024017539,-0.16327685
81.5131599465936,21.22489613555729,2024,49.618718779999995,0.11061037,0.03317503,-0.12886246
81.64817057816022,21.368734836354978,2024,51.88486604000002,0.052492302,-0.0044309753,-0.0539629
81.65400848151793,21.237870315782985,2024,45.03344494999999,0.19299619,-0.06083669,-0.18803386
81.58672787653268,21.33316888012376,2024,45.096678320000024,0.16986851,-0.006454557,-0.17128874
81.73613843441417,21.313238312045275,2024,48.84966428000001,0.13244939,0.053813394,-0.15354173
81.63511147270222,21.295252833510474,2024,50.46809675000003,0.07884365,0.014546252,-0.097618565
81.74490830006364,21.221647529669823,2024,44.30540669000004,0.13004221,0.0683149,-0.1524396
81.70841524316083,21.26931030928513,2024,45.81104449999998,0.23058638,-0.037379734,-0.23017786
81.60858418627518,21.36826943465124,2024,40.367847650000044,0.11956284,0.046581972,-0.14995603
81.67547614955163,21.257571710958327,2024,47.542271630000016,0.14257824,-0.009026369,-0.14939828
81.57619963060417,21.134690911807702,2024,39.14248748,0.2288095,-0.008944845,-0.23280913
81.62899662264606,21.158247133768796,2024,54.923485819999996,0.1751181,-0.007319634,-0.1998928
81.5793508054966,21.21231794524461,2024,43.826883889999976,0.19607508,2.71479E-4,-0.2107285
81.5168059600506,21.320258142965027,2024,49.49908807999998,0.13599809,0.023042422,-0.14889677
81.52554304373109,21.276765674470333,2024,46.30494839000005,0.13365076,0.013829248,-0.15502049
81.62339599775872,21.14693874000604,2024,55.653233090000015,0.1435512,0.016458988,-0.17105734
81.70389743288612,21.283348608817484,2024,45.22314505999998,0.07239172,0.06673384,-0.11835517
81.62248906568973,21.31800163505857,2024,51.66098572999999,0.07325127,0.0019046878,-0.09006389
81.65751448405742,21.346714789576055,2024,47.68070144000001,0.10974778,0.0057635787,-0.108236894
81.55804173732105,21.258962643269918,2024,46.436542160000045,0.1478689,-0.0070161927,-0.15957734
81.67382084298671,21.140038490622366,2024,48.260055830000056,0.3002723,-0.13744503,-0.29451582
81.62913105917868,21.145840940727165,2024,56.521410170000024,0.12756728,0.052420218,-0.16599786
81.49040869372203,21.226128251664864,2024,48.34208831000001,0.11363389,0.013113911,-0.14300606
81.61339119388632,21.325089549117,2024,45.73584806000002,0.12972234,0.0072361007,-0.12771583
81.63570538945582,21.204192933246986,2024,48.13358908999999,0.09388046,0.02679933,-0.12458782
81.64854101464145,21.132456400937674,2024,56.96746178000001,0.1668311,0.027248608,-0.20928161
81.65571062305068,21.153586721013635,2024,55.38491852000004,0.14920431,0.011831693,-0.17550664
81.68581309263054,21.210621450917166,2024,51.49862977999999,0.060530264,0.025824832,-0.09935698
81.7017864003789,21.16235379872715,2024,52.794059360000006,0.10592066,0.06348802,-0.14699945
81.64739675534075,21.208268811845695,2024,48.92656972999998,0.15127675,0.027830333,-0.17556453
81.69262324303308,21.258483478310616,2024,48.02763047000002,0.14456314,-0.008960219,-0.16419168
81.62235057343986,21.239001047776828,2024,42.17768924000001,0.097259656,0.030144602,-0.11584879
81.69572631858084,21.22997161089044,2024,51.331146800000056,0.14395721,0.018415418,-0.16977143
81.57008186542609,21.36588170804081,2024,45.87256886,0.1609299,0.020228136,-0.18650311
81.53627799517201,21.255008868470966,2024,45.84522470000002,0.15903921,0.013309264,-0.17230487
81.67471794326732,21.242108322097135,2024,51.191007979999995,0.09488312,-3.698225E-4,-0.1353223
81.4960695933178,21.22395948336251,2024,50.862878060000014,0.1010124,0.05518498,-0.13129699
81.56215859545846,21.266466211480548,2024,46.31178442999999,0.18224262,-0.0200191,-0.17722027
81.69952008718862,21.240754596022956,2024,42.84078512000002,0.18004376,-0.011277431,-0.20307745
81.73906617230978,21.176831651426127,2024,56.33854610000003,0.091545545,0.087031476,-0.14048605
81.54421156989285,21.225453984275372,2024,41.88715754000003,0.19416514,-0.054660432,-0.19049247
81.7636372387833,21.266575354372495,2024,50.6475428,0.15056553,0.01715666,-0.16407031
81.53854009453093,21.1870369867008,2024,48.600148820000015,0.14107287,0.06373424,-0.17216276
81.67491259920583,21.19340199419214,2024,56.15226401000001,0.12670822,0.061931107,-0.16735147
81.6310910841374,21.235473294539936,2024,43.92429746000005,0.16951235,0.018854616,-0.1943463
81.56793264040527,21.21225525851079,2024,39.797038310000005,0.33060873,-0.16959728,-0.2860484
81.65741926881422,21.331540144863617,2024,44.11912460000002,0.1130938,0.033095937,-0.11439263
81.61347091129097,21.274246888458357,2024,45.477787550000016,0.086492285,0.020491317,-0.120506495
81.69287922312994,21.25498208613245,2024,47.308137260000024,0.12888668,-0.01018259,-0.15030205
81.71351666638813,21.215379231032045,2024,46.71340178000003,0.13612892,0.071552984,-0.1747232
81.67684899489015,21.208351652887327,2024,50.87313212000004,0.15234049,7.2537357E-4,-0.18252987
81.51009833467653,21.237801291947534,2024,48.62920199000001,0.11562861,0.042119272,-0.14802863
81.5864096919603,21.300731234067005,2024,49.27349876000005,0.08548156,0.0057541966,-0.08992039
81.72256479048777,21.24761372702348,2024,48.20024048000005,0.16459529,0.0051898477,-0.18015607
81.69601874354545,21.192119273481666,2024,55.69766735000002,0.06750633,0.04433546,-0.10551514
81.73269127873769,21.251108205856326,2024,48.29252702000002,0.13722944,0.045696035,-0.16460092
81.49583615131179,21.25072965287249,2024,48.336961280000025,0.08834062,0.03989765,-0.13208179
81.64174754968045,21.147642366269874,2024,54.88076057000001,0.13122061,0.051391046,-0.16826428
81.52335831047982,21.195691965460405,2024,47.18167052000001,0.17059356,-0.002259794,-0.17400882
81.62663553206905,21.181544131395448,2024,51.12093857000002,0.13821682,0.025941296,-0.16211155
81.68404137988749,21.225367027656578,2024,54.10657904000004,0.13562573,0.035955902,-0.1654235
81.62289065944854,21.350937931810343,2024,50.67488695999998,0.09283129,0.02936184,-0.10673694
81.66896120108896,21.181630866203736,2024,56.283857780000005,0.1233286,0.048952773,-0.15672776
81.7007069924483,21.351243050168932,2024,51.31747472000001,0.10797462,0.03979157,-0.13055257
81.66953261547671,21.18920112322863,2024,53.723760800000036,0.16778854,0.03733538,-0.19988443
81.50870789874864,21.203084112916052,2024,46.467304340000055,0.12981805,0.044799548,-0.15464309
81.5415501671037,21.2510829917733,2024,39.708169790000056,0.107672684,-0.07523676,-0.092294075
81.71563244751705,21.17807257995319,2024,56.67863909000005,0.108589105,0.065550335,-0.14607175
81.6516518079824,21.253585765546813,2024,46.27931324000002,0.07470425,0.027479893,-0.08402681
81.55860859895529,21.26600234670043,2024,47.98319621000002,0.14988638,0.029268777,-0.1658491
81.62414569251906,21.223669222992758,2024,46.59889811000005,0.123946585,0.006778607,-0.14421837
81.61286652509695,21.187130629552655,2024,46.03492481000001,0.17872906,-0.006615098,-0.19956706
81.69242356502498,21.285066218995052,2024,41.9486819,0.10829933,0.020868473,-0.124591656
81.60578047794601,21.19544386110346,2024,44.34813194000003,0.32034692,-0.12583637,-0.30316925
81.62286029246017,21.12039563350837,2024,60.214580780000006,0.09224181,0.076732434,-0.14629972
81.58302036518256,21.217946681828373,2024,42.18452528,0.16565143,0.018695423,-0.196
81.56880316182509,21.261517570618683,2024,47.084256950000054,0.087235294,0.024047,-0.10972152
81.7034243953961,21.254927744336808,2024,47.00393348,0.18541586,0.018864244,-0.20707564
81.6505907435743,21.204103886065017,2024,54.35609450000004,0.09464427,0.046501886,-0.14528072
81.73227891881824,21.26814854366185,2024,43.53122516000002,0.13034977,0.06644737,-0.15485351
81.67707766632485,21.349426547773966,2024,48.357469400000014,0.0816641,0.0146646,-0.086637095
81.61347077822924,21.3655209944861,2024,49.55719442000003,0.1259093,0.0037786602,-0.15260643
81.62894700326042,21.29250557420434,2024,50.927820440000005,0.124575704,0.004283195,-0.1348635
81.57170557222558,21.129098836431492,2024,48.21903959000002,0.23720507,-0.04828767,-0.23931307
81.57420819681695,21.288926235807207,2024,46.369890769999984,0.10949232,0.00892025,-0.13361125
81.68916448006739,21.169485529638887,2024,58.201367000000005,0.08767009,0.063675664,-0.12515683
81.56401794022321,21.20525057080227,2024,46.66725851000001,0.1579099,0.032020222,-0.17976086
81.67553449497552,21.314869670619576,2024,47.420931920000044,0.15989076,0.00997419,-0.16816315
81.59722321636626,21.291792391930382,2024,44.97704762000001,0.0861371,0.039441492,-0.09696763
81.62825979590767,21.313963481587813,2024,46.79030723000005,0.094533786,0.00435014,-0.11028328
81.66936101514705,21.161281709770783,2024,53.68103555000005,0.15180646,0.020721296,-0.17997438
81.54524068289341,21.319857738056108,2024,49.437563720000014,0.14769535,0.0255005,-0.16274954
81.63512195658201,21.32212698048409,2024,44.87792504000004,0.09320169,0.0079148775,-0.108455345
81.62322432417182,21.217472448401107,2024,49.95026672000006,0.1018481,0.021267273,-0.13126527
81.68847986324037,21.181210231524588,2024,50.09724158000006,0.06899911,0.0025294444,-0.0832457
81.62070495433586,21.20570171243128,2024,45.506840720000014,0.15608579,0.011199438,-0.17759258
81.65754495816364,21.370963218671225,2024,49.11114281000005,0.0671451,-0.008196531,-0.06073191
81.7094177758747,21.267033331044484,2024,51.93955435999999,0.13037787,0.04568587,-0.16857773
81.59093579911142,21.152834229605222,2024,43.28170970000002,0.17971472,-0.03618624,-0.21555054
81.763344104587,21.29602306368911,2024,46.72365583999999,0.10071651,0.07739377,-0.13647625
81.73235414728373,21.23987369181523,2024,46.55104583000002,0.16235507,0.035869,-0.18046004
81.5579508940157,21.139411365704607,2024,43.066374440000004,0.1559028,0.02254543,-0.17222117
81.6082177931683,21.22996581663829,2024,43.15182493999998,0.12156891,-0.0032607277,-0.13230045
81.74098836972567,21.219998697977353,2024,49.73664047,0.15343858,0.051644985,-0.18281104
81.56546619066104,21.245204689645377,2024,43.25436553999998,0.21506216,-0.04856251,-0.20800212
81.56412646167456,21.28470085602223,2024,48.65825516000001,0.08801341,0.03297806,-0.12777501
81.68435110998632,21.32761603345094,2024,43.63034774000005,0.15104045,0.028483095,-0.15640293
81.52002087368585,21.238694457084087,2024,47.88920066000003,0.14021918,0.050209466,-0.16644269
81.61651193545022,21.347914667663666,2024,49.24273658000004,0.122931086,0.022911757,-0.15187529
81.59334671246486,21.222857999518272,2024,44.39940224000003,0.10172899,0.026045369,-0.11741371
81.73087982342317,21.30910272575342,2024,43.10397266000001,0.16506433,0.016143639,-0.17047438
81.70533718761675,21.32782738855502,2024,49.15215905000002,0.12734531,0.016853133,-0.15265307
81.53215457319959,21.311944968855133,2024,46.513447610000014,0.16561115,0.008938923,-0.19632466
81.70114651492827,21.279645276708035,2024,43.35007010000004,0.24318054,-0.095308736,-0.23863848
81.66639891625657,21.291740427195542,2024,40.61223608,0.15526676,0.004200752,-0.13977225
81.57950137605923,21.31707363815939,2024,47.28079309999998,0.056549616,0.0041671214,-0.060329407
81.7005190464279,21.13525364567941,2024,55.16274722000003,0.1485367,0.010920746,-0.20028915
81.62962621408052,21.12073345470417,2024,59.22677299999998,0.09816013,0.086137965,-0.14533953
81.72175821688846,21.236036781381145,2024,46.332292550000034,0.12198032,-0.003116407,-0.14324786
81.5205105425918,21.256988240063656,2024,45.51367676000001,0.1264898,0.025550999,-0.1624781
81.65366001556936,21.363983617881793,2024,52.151471600000036,0.027155045,-0.009549001,-0.015647454
81.52982546231486,21.178652583690273,2024,47.171416460000046,0.10485019,0.07768842,-0.15866953
81.571730470005,21.275819644553955,2024,45.73755706999998,0.12427307,0.028860306,-0.1473718
81.59745686089116,21.360368557056308,2024,41.12493907999999,0.11532697,-0.014857881,-0.116692334
81.60097750352247,21.270642665092193,2024,44.327623819999985,0.17413363,-0.010614713,-0.17266916
81.50915261361253,21.2103203491756,2024,44.99242871000001,0.15996508,0.013660555,-0.17290466
81.60379660908266,21.18007873947421,2024,41.524847420000015,0.24631701,-0.10590599,-0.23732714
81.53063084907842,21.28201812968738,2024,49.740058490000024,0.13776222,0.026718894,-0.16031057
81.66320146215665,21.237785793298023,2024,47.79349610000003,0.087402605,0.03395572,-0.107642084
81.63133766325677,21.167513718739603,2024,55.75235567000004,0.11024374,0.024730084,-0.12768605
81.64466561728486,21.266936316080635,2024,50.39119130000006,0.17953172,-0.051989093,-0.19044948
81.59352399468759,21.167645396725106,2024,52.40269607000005,0.122874334,0.05126807,-0.1555029
81.70199084766465,21.26785453754748,2024,43.69529011999998,0.15033492,0.053119227,-0.16935173
81.50185275433273,21.264982336183053,2024,47.34573548000003,0.18885763,-0.024771206,-0.20009089
81.57336038099137,21.24725743046955,2024,43.22702138,0.17316622,-0.021967903,-0.18074395
81.51873784958941,21.201576455827777,2024,48.357469400000014,0.1369226,0.066598795,-0.16905749
81.66417549260497,21.229723505697837,2024,47.37478865000003,0.18598866,-0.037474398,-0.18679187
81.74614362382052,21.19823002027501,2024,51.55673611999998,0.12056787,0.10575636,-0.1568681
81.55414915739736,21.26301861471061,2024,41.19500849000002,0.24682502,-0.065937445,-0.23370227
81.58194249321208,21.320658724976973,2024,49.08208964000005,0.093351945,-0.01125098,-0.073470384
81.57351266978112,21.3274329572806,2024,37.149781820000044,0.31510523,-0.13788435,-0.27047646
81.69178055323013,21.30741447224752,2024,45.76148321000005,0.17377965,-0.004578354,-0.1749813
81.56474705796589,21.36107620214403,2024,49.50592412000003,0.1361428,0.062523305,-0.15290251
81.5849931130069,21.269210652618323,2024,46.49123048000001,0.089878865,0.026312495,-0.107913375
81.62254889910969,21.350487799659554,2024,50.91756638000004,0.109251775,0.02993383,-0.12187222
81.61777479670481,21.29146771131536,2024,49.71955036999998,0.056554962,-0.004350787,-0.07785379
81.68734992706278,21.272882203025198,2024,41.50433930000003,0.10961249,0.07676095,-0.13665533
81.50179828102982,21.204097171705108,2024,40.69085054000004,0.27014002,-0.11125129,-0.25283527
81.74901952277524,21.236107600801443,2024,46.086195110000006,0.26081035,-0.08732454,-0.25456598
81.56464027574113,21.161401957275643,2024,51.032070050000016,0.0974574,0.09937359,-0.13727602
81.70750559502699,21.33514225278793,2024,48.55913257999998,0.09887396,0.04595347,-0.12648542
81.7393539960901,21.213411380558018,2024,49.282043810000005,0.13016431,0.08133589,-0.16204105
81.66291844095986,21.192754484875135,2024,49.64606293999998,0.13436466,0.05198338,-0.1646927
81.62341595931619,21.32085145689155,2024,52.16685269000004,0.06697556,0.029316828,-0.08509329
81.66458267009332,21.363238781424666,2024,45.06249811999999,0.05864143,-0.0055025835,-0.074271865
81.622206971962,21.270093832289447,2024,47.16458041999999,0.09765271,0.0066675977,-0.11564173
81.56039624330927,21.25445315009342,2024,42.30586499000003,0.23095545,-0.055861928,-0.21257257
81.7359131241936,21.21716056823159,2024,46.962917240000024,0.2032495,-0.0151723735,-0.2192711
81.54395807818274,21.16752073157651,2024,47.13381823999998,0.1577006,0.045035735,-0.18150502
81.52771381895269,21.182875178629512,2024,44.83007276000001,0.18070675,0.03292181,-0.20397568
81.62170635899086,21.155842896442778,2024,44.259263420000025,0.2199514,-0.06684457,-0.21323268
81.64239155019796,21.13296958603587,2024,57.74164331000003,0.12784469,0.06710282,-0.16393656
81.50221702283764,21.212373120044575,2024,48.82573814,0.12447531,0.017144425,-0.14853548
81.61004528934741,21.2956640832666,2024,52.48643756000001,0.12070003,-0.0072657005,-0.12459278
81.59341719403768,21.24524038479116,2024,39.76456712000004,0.22981462,-0.06448298,-0.20711304
81.64683521903763,21.383841362907535,2024,51.44394146000002,0.08763812,0.030380137,-0.10022311
81.56458058824626,21.277882292404616,2024,48.12162602000001,0.10679267,0.057894897,-0.1430298
81.55802503172222,21.3022420972343,2024,48.00541334000002,0.09893304,0.031610165,-0.12063956
81.51476450561287,21.313158357878123,2024,49.55377640000006,0.14188066,0.025578912,-0.17319058
81.62354787185694,21.145224773633494,2024,54.750875810000025,0.14954907,0.0069489037,-0.18171631
81.67965972697561,21.243070654029093,2024,51.59091632000002,0.14610212,0.038846686,-0.18182783
81.55688574086147,21.174590694648003,2024,50.39460932000003,0.13613176,0.054463852,-0.15895702
81.59118594939758,21.311705571896947,2024,44.02342004000002,0.11395199,-0.014575305,-0.11216198
81.65959371690845,21.15508964640525,2024,55.69083131000002,0.14758994,0.044950966,-0.18215273
81.66888149452835,21.287598391584474,2024,40.130295260000025,0.19473843,-0.049890388,-0.19149578
81.64998142158498,21.21727707264417,2024,46.923610010000004,0.1243687,0.019632101,-0.15592061
81.60116471112923,21.321372561699743,2024,46.443378199999984,0.11716746,0.00845099,-0.13720256
81.61059287818159,21.322397326299544,2024,48.22074859999998,0.11309833,-0.0068611875,-0.11948928
81.63052404399117,21.14612438348896,2024,54.85683443000005,0.14020874,0.0254944,-0.17714779
81.68078074723944,21.179181755050337,2024,53.26061908999998,0.131028,0.029184723,-0.16334127
81.59299781125513,21.379610345941142,2024,45.07617019999998,0.18419366,-0.0020419883,-0.188181
81.68299787135794,21.21554474959014,2024,52.647084500000005,0.08553935,0.021968395,-0.119696856
81.61209117300862,21.250824806070934,2024,41.53168346000001,0.17652011,-0.03678975,-0.17203522
81.6099905208045,21.21102072276985,2024,41.78119892000001,0.2526199,-0.041518796,-0.24069428
81.51781213170315,21.191849112219387,2024,45.06591614000001,0.14661682,0.04736466,-0.16380194
81.65664459765455,21.23731824565092,2024,43.442356640000014,0.13669173,-0.042011846,-0.13751066
81.55864643903695,21.199064254162984,2024,49.153868060000036,0.1559653,0.026281329,-0.17478047
81.76079237745975,21.275124964739668,2024,51.040615100000025,0.12129459,0.03357733,-0.15300967
81.51486704498872,21.174044146597524,2024,50.452715660000024,0.14944744,0.07994158,-0.18225275
81.51055416385468,21.186104807847283,2024,44.27293550000002,0.14595026,0.05882995,-0.17947842
81.64913682830213,21.300957017130226,2024,47.06374883000001,0.17692901,-0.037201315,-0.17148456
81.7698676895753,21.222795856612088,2024,46.246842050000055,0.08476201,0.0398773,-0.113942266
81.56133597174825,21.21186263175619,2024,47.98490522000003,0.12801051,0.03499516,-0.16044748
81.55208878101624,21.348454247315875,2024,48.57622268,0.15732963,0.02525299,-0.17916279
81.74380265094523,21.225881782763043,2024,49.14703201999998,0.14607494,0.040291633,-0.17085907
81.63176307411668,21.14672489002189,2024,54.952538989999994,0.1389175,0.042798344,-0.18735646
81.54912025541702,21.203077407078208,2024,45.78711836000002,0.14576983,0.06173675,-0.17808704
81.55063958585728,21.201905972599643,2024,48.20365850000002,0.13040645,0.0419338,-0.15631248
81.66571109009563,21.20785974452877,2024,45.83667965000001,0.09254422,0.008290501,-0.123242736
81.58297244037824,21.238202263741623,2024,43.84568300000001,0.11857138,0.0035698628,-0.15294032
81.51544860120873,21.18422277539815,2024,47.00393348,0.12514585,0.050532,-0.1518958
81.7528913596753,21.203708606369336,2024,52.16514368000003,0.11407221,0.09006454,-0.15908426
81.58337964219571,21.167821318921053,2024,48.31987118000001,0.12848145,0.053559493,-0.14323057
81.5960871823512,21.233986487563204,2024,43.360324160000005,0.17547101,-0.02420497,-0.18224038
81.53653821022885,21.32451529888786,2024,49.85114414000003,0.17129067,0.014787431,-0.17822602
81.60226537085273,21.145548870706172,2024,39.48599849000004,0.21354781,-0.13420236,-0.19760999
81.57741086437069,21.15212005545491,2024,52.664174600000024,0.14492968,0.04142452,-0.17996271
81.51432168470886,21.215771944655575,2024,38.34096179000005,0.20496534,-0.09159063,-0.21653414
81.71345661995991,21.216124399595596,2024,47.27053904000002,0.1736042,0.011248511,-0.19864528
81.5776125598018,21.193385904356646,2024,46.53395573,0.11680519,0.035917893,-0.15261959
81.67731691605354,21.335132500572765,2024,45.684577760000025,0.10329822,0.052393444,-0.12175432
81.6058849939683,21.196673737452667,2024,44.56346719999999,0.30894998,-0.10546364,-0.2886977
81.56455883004756,21.29783848613226,2024,47.65677530000005,0.11730849,0.017343052,-0.13829166
81.72160408095125,21.15145199108383,2024,55.19350940000004,0.114591226,0.06848831,-0.16067727
81.67073977886292,21.329916682564726,2024,48.40019465,0.121179804,-0.02126149,-0.12800512
81.71071163545942,21.255926102095852,2024,45.161620700000014,0.15588447,0.050474495,-0.16615675
81.61439093188004,21.228560377709137,2024,47.11672814000002,0.08953077,0.024990864,-0.114015505
81.74549319561503,21.26367576430166,2024,51.377290070000015,0.14162354,0.06047574,-0.18355893
81.65583980583247,21.33470701116541,2024,45.46924250000001,0.17165829,-0.042885512,-0.1708581
81.5372379739757,21.33249169043421,2024,48.70610743999998,0.12996954,0.045397557,-0.14517534
81.49467876088448,21.23984348374558,2024,46.74758198000001,0.12965496,0.039017294,-0.15488909
81.56596651293025,21.146413703737533,2024,43.52438912000002,0.16585034,-0.021040766,-0.19814822
81.72690278974642,21.232000524973223,2024,44.15159578999999,0.17075995,0.0438408,-0.19341226
81.57873556142037,21.372321532208687,2024,47.84818442000005,0.14058091,0.031900056,-0.17426807
81.58813603674125,21.291376958761383,2024,43.54147922000004,0.1923653,-0.035382,-0.1953492
81.73972105578046,21.272769579904253,2024,48.27372791000005,0.17721356,0.00838153,-0.1918516
81.71153572100431,21.150070700334023,2024,56.73503642000003,0.1078299,0.06559777,-0.153189
81.71755658661628,21.264952656050703,2024,47.972942149999994,0.10555042,0.052723978,-0.15262724
81.70199051030006,21.305600321862368,2024,43.64401982000004,0.16417572,0.03985021,-0.16567531
81.61713474507549,21.297289667823232,2024,52.38731498000004,0.055076096,0.019363465,-0.063066855
81.6428143465582,21.32993742328616,2024,45.80420846000004,0.12664336,-0.01935347,-0.13809298
81.64335275850007,21.264480219921353,2024,46.28785829000003,0.14029576,-0.018059926,-0.14246234
81.69844444887856,21.173655642092143,2024,53.25549206000005,0.14585567,0.024334949,-0.17996652
81.69779523629575,21.153414731477255,2024,56.90593741999999,0.14830126,0.04696281,-0.18856096
81.67345869743981,21.174160573368653,2024,57.28362863000001,0.10318499,0.072077915,-0.1434357
81.5852503058808,21.320970062555364,2024,47.04836774,0.09342405,0.009375808,-0.11292195
81.69739064893824,21.311701092477247,2024,48.29594503999999,0.16123155,0.03224827,-0.17886405
81.5185576537481,21.181285273220347,2024,45.64014350000002,0.14519358,0.031869423,-0.18130906
81.677979908204,21.254391077117788,2024,47.55594371000001,0.16980429,-0.007279374,-0.17705913
81.6372512858572,21.142353670111696,2024,56.261640650000004,0.12219235,0.042375263,-0.16089211
81.56672463038608,21.20354736930742,2024,46.315202450000015,0.16449904,0.03763361,-0.17941327
81.50674212958526,21.244377680932185,2024,49.24957261999998,0.09797291,0.05344649,-0.14010379
81.73095435242713,21.269588421056884,2024,49.324769059999994,0.14541127,0.042919822,-0.17035496
81.76735147933088,21.28789965868183,2024,43.40134039999998,0.11682801,0.036191456,-0.14549968
81.55453698121107,21.211872534478776,2024,49.22564648000002,0.116977766,0.037919547,-0.14520986
81.672288040696,21.345491362596615,2024,49.62555482000005,0.061215203,-0.02094432,-0.05145806
81.6062000292727,21.256567259778766,2024,41.69233040000006,0.16740088,-0.037777252,-0.16426164
81.51182567089784,21.280897033913096,2024,46.146010460000014,0.16777144,0.0047564264,-0.17154811
81.57297288136768,21.19019953948644,2024,46.09132213999999,0.17655742,0.00894073,-0.19269618
81.63789187754229,21.25978120140029,2024,44.963375540000015,0.10840746,0.004757897,-0.12604944
81.69012139759609,21.295389470153275,2024,42.33491816000003,0.15141977,0.02473268,-0.18489996
81.69312748032146,21.35702830631089,2024,39.21084788000002,0.06145141,-0.05524577,-0.053047016
81.60800940375469,21.32047751445807,2024,46.39552592000001,0.092518166,0.0048073367,-0.107170776
81.49354336426435,21.26259284293596,2024,44.91723227,0.14733094,0.037616562,-0.17521037
81.56599973626858,21.25999248438979,2024,48.90435260000004,0.12441744,-3.84898E-4,-0.14222932
81.67191435395672,21.35203853602399,2024,49.15045004000001,0.05670295,0.033590384,-0.081793725
81.70562626036453,21.361823673377664,2024,48.22758464000003,0.09781778,0.048253525,-0.10216956
81.69575979159114,21.134698081484533,2024,55.56094655000004,0.12056685,0.04556115,-0.15793467
81.75162127270755,21.221861464868695,2024,46.10841224000001,0.06750495,0.022298198,-0.10040337
81.74755719264722,21.178143835126242,2024,57.760442420000004,0.09502316,0.061569907,-0.12838428
81.62905811270755,21.294633975233587,2024,51.15853679000003,0.086769305,0.019060804,-0.098453835
81.57533081414029,21.24394950133054,2024,42.64595798000005,0.17163236,-0.013399312,-0.17333235
81.667234810422,21.31265952284988,2024,44.932613360000005,0.1732768,-0.0083136745,-0.18065266
81.59178439352354,21.159424209879774,2024,50.664632900000015,0.18660496,0.019481191,-0.21325469
81.53084172939279,21.31094604845171,2024,46.70827474999999,0.15514168,0.017131185,-0.17662752
81.6499753338295,21.3299050837918,2024,48.66850922000003,0.15605542,-0.0014664981,-0.1625932
81.62532925168904,21.34559097686765,2024,47.50980044000005,0.109264776,0.023562286,-0.12563133
81.70473736110428,21.299606498263433,2024,47.4004238,0.14638117,0.05079365,-0.16904578
81.58545042388828,21.136164923489904,2024,55.67715923000003,0.1305006,0.023139004,-0.19132848
81.67064527364136,21.130662504911445,2024,54.75429383000005,0.13858321,0.04860727,-0.17428213
81.59069932220082,21.24299005162463,2024,41.19671749999998,0.24671206,-0.07136921,-0.22818382
81.73419628853364,21.252750832987388,2024,48.19682246000002,0.19064575,0.0074581676,-0.20602961
81.51619857405267,21.293275094723842,2024,51.54990008000004,0.13250735,0.050216343,-0.16748132
81.61593342483424,21.332561817842656,2024,47.598668960000055,0.063587524,0.030480228,-0.07553213
81.51117081484266,21.20117872115742,2024,48.06693770000004,0.12439269,0.05226209,-0.13995309
81.6305327044603,21.210395850602325,2024,47.04324071000002,0.09166854,0.0155033935,-0.11990934
81.66666450210013,21.368616786680057,2024,46.93044605,0.09966963,-0.0032489137,-0.10428919
81.528947181254,21.312129321257775,2024,49.584538580000014,0.13425443,0.045679837,-0.16678496
81.597522803295,21.231244093269876,2024,44.57372126000001,0.15719472,0.023449114,-0.1694275
81.54730734329686,21.187685660570967,2024,46.884302779999985,0.1569329,0.03929375,-0.18240245
81.59328574955262,21.34428186189049,2024,49.244445590000055,0.113610625,0.009716884,-0.13662718
81.59650864757319,21.19892147043349,2024,53.77503109999998,0.14198563,0.019096086,-0.20154297
81.74484492311328,21.214860013771,2024,43.266328610000016,0.14925016,-0.0276584,-0.1356166
81.64164170425381,21.23879737366064,2024,47.11160111000004,0.13342464,-0.037226878,-0.13254489
81.75861793032566,21.215579974215107,2024,45.792245390000005,0.14420666,0.035746794,-0.1648278
81.52764523680298,21.180901302958002,2024,44.97021158000001,0.15003547,0.07116436,-0.1726905
81.69219534653669,21.223592367577073,2024,43.109099689999994,0.2048321,-0.029362863,-0.23792277
81.6106569929491,21.25490212736154,2024,40.49602340000001,0.16539253,-0.017423391,-0.16930339
81.67597532987516,21.286954111599044,2024,44.898433160000025,0.15418285,0.027828982,-0.17856114
81.64713534580864,21.315704736983655,2024,48.23954771000001,0.18976255,-0.031687137,-0.18289492
81.73371236308915,21.16183804539882,2024,56.391525409999986,0.11088954,0.089433745,-0.15976727
81.65550352250551,21.37013035699848,2024,51.23544224,0.058696028,-0.0049097543,-0.05625046
81.72773854706159,21.183044726484468,2024,46.53908276000004,0.13700035,0.10026592,-0.17310219
81.66958617556824,21.29652709028626,2024,44.168685890000006,0.18602367,-0.015813464,-0.17957696
81.50371920035091,21.253252584563164,2024,48.11137196000004,0.11701118,0.045487065,-0.15221187
81.66890227244524,21.334693451905537,2024,45.865732820000005,0.10647047,0.021567859,-0.107095316
81.71763577374429,21.227795272479046,2024,55.24136168000001,0.15548645,0.001311874,-0.17413385
81.68543202702513,21.165401862991285,2024,58.04584709000005,0.10825287,0.0634319,-0.14349638
81.74383141336632,21.171127033454372,2024,55.61221684999998,0.10592542,0.0865059,-0.15287384
81.73249740502577,21.207394049031425,2024,49.34527718000004,0.17375754,0.03551533,-0.19534647
81.66826622404893,21.15012924898467,2024,54.12879616999999,0.13416147,0.009339519,-0.17244618
81.7455967049861,21.255120642949326,2024,47.91483581,0.17321949,0.008050022,-0.20021199
81.65455671012728,21.12432255281258,2024,53.416139000000044,0.16988334,0.0018950826,-0.21136023
81.6012783312685,21.133068066050264,2024,48.64800109999999,0.16792756,0.037107285,-0.22040898
81.62632917628179,21.154463896787863,2024,57.44085755000003,0.11205763,0.04952595,-0.14673643
81.72931807762366,21.338199104041205,2024,46.18702670000005,0.10347736,0.06051704,-0.11480363
81.60776379134735,21.25933331692904,2024,42.33491816000003,0.15370677,-0.016665004,-0.15812209
81.69313964317287,21.312120242114567,2024,43.042448300000046,0.17468564,0.006938256,-0.17353693
81.76585648541673,21.265233038526762,2024,51.27816748999999,0.13037455,0.05243998,-0.1534333
81.65657314166862,21.362100232630723,2024,45.85206074000001,0.039783772,0.0063440274,-0.049889877
81.66005666131045,21.219141797322507,2024,47.28592013000002,0.13175051,-0.009345794,-0.15294367
81.73226468256205,21.30567764573359,2024,46.11183026000003,0.15011117,0.0231779,-0.16245016
81.52467736199686,21.262814066480658,2024,46.76638108999998,0.12121549,0.0226398,-0.14711408
81.57701672713951,21.1309100199607,2024,52.20445090999999,0.106697805,0.043629643,-0.13927582
81.63492377067595,21.328833967776646,2024,45.99390857000003,0.17387155,-0.05175578,-0.17219332
81.63972943925728,21.2358343996075,2024,43.59616754000001,0.17953147,0.001958778,-0.19234397
81.67400980170126,21.336602310343604,2024,49.71955036999998,0.09364641,0.052222982,-0.11906156
81.65430275529589,21.377492834808162,2024,44.17039490000002,0.065832265,0.0050140303,-0.056719918
81.64928802593501,21.189110552390144,2024,42.65108501000003,0.18468778,-0.030758178,-0.2200045
81.72515611530841,21.196730606375784,2024,51.57724424000003,0.20744158,-0.055812724,-0.20821825
81.73637346101653,21.319501321978645,2024,50.16560198000002,0.09201144,0.018150281,-0.1300442
81.61467667971668,21.166411014985147,2024,46.25538710000001,0.1401512,0.029872902,-0.1809655
81.58444352622172,21.171731883824496,2024,42.37251637999998,0.20268665,-0.027146043,-0.21634418
81.54146218497526,21.325080667995152,2024,47.304719240000054,0.13507837,0.039710205,-0.14530262
81.72490264509386,21.2484206527921,2024,43.67307299000004,0.2491514,-0.06747114,-0.25172198
81.50185226161909,21.22864620067381,2024,43.01852216000003,0.23161453,-0.050194953,-0.2177487
81.76560021621673,21.221381444057904,2024,42.92623562000006,0.09163347,-0.01689618,-0.10427626
81.62435904958406,21.155333203165718,2024,52.689809749999995,0.15840216,0.012777526,-0.18645175
81.51038491180651,21.299484499042958,2024,50.695395080000026,0.12283328,0.06640454,-0.16235824
81.5350289487885,21.26206700091359,2024,46.988552389999995,0.1487373,-0.0012948656,-0.17928682
81.6973087249257,21.20087859797909,2024,47.239776860000006,0.16442038,0.002270185,-0.17309143
81.56973260370205,21.341324826997976,2024,47.03298665,0.1596153,-0.024944576,-0.18764886
81.56506878967463,21.32458730972106,2024,47.892618680000055,0.13398539,0.042078752,-0.16429612
81.60990780404948,21.12322739797519,2024,56.54533631000004,0.13305801,0.03171457,-0.20419666
81.56356123817129,21.215466535800196,2024,44.48485274000001,0.1470975,-0.021138538,-0.1567461
81.67052946497253,21.212151354808114,2024,47.13723626000001,0.123292565,-0.021763846,-0.14327772
81.50634598273652,21.221763370712818,2024,46.22804294000002,0.12858266,0.058521897,-0.15775195
81.6073985742289,21.230816972105806,2024,42.885219380000024,0.10985489,0.007406453,-0.1256208
81.67588460564576,21.359491483893517,2024,45.37011991999998,0.08805059,-0.0021941199,-0.09473593
81.66129197563882,21.291974781723667,2024,42.833949080000025,0.17942995,-0.026833097,-0.16628818
81.49733305490538,21.217704519898255,2024,45.26416130000001,0.10486703,-0.010277115,-0.12356111
81.71423054810332,21.18066721983527,2024,54.47059817000002,0.14182869,0.0411235,-0.17163634
81.65362886460254,21.15721862514925,2024,55.84464221000002,0.13731791,0.056151457,-0.1730468
81.74271791524507,21.208894178749635,2024,48.47197306999999,0.16956632,0.035378113,-0.20043732
81.653035838227,21.33607595010571,2024,43.97214974000002,0.15029334,0.023498345,-0.15269886
81.67748089097914,21.25927022161686,2024,46.49635751000005,0.1521594,-0.013262679,-0.16409546
81.74366961815194,21.218311830279468,2024,47.520054500000015,0.13202439,0.07664454,-0.16044176
81.6099619232333,21.37187678570285,2024,44.39598422000006,0.19670677,-0.055362564,-0.20526108
81.62742768958363,21.306826761805134,2024,47.178252499999985,0.08249185,0.01444187,-0.10314792
81.52452712307033,21.33142043089801,2024,51.34823690000002,0.10859663,0.09054242,-0.14630681
81.55231612506137,21.361138918159607,2024,47.92338086000001,0.16704421,-0.006427626,-0.1910213
81.60301259672296,21.127065334639642,2024,47.36966161999999,0.15704903,0.03543093,-0.19750379
81.53089094490268,21.18411814548616,2024,47.70120956000005,0.14221075,0.065610096,-0.18644293
81.61080326563734,21.180527888629765,2024,46.37843582000005,0.23144467,-0.04857026,-0.2438502
81.61260228731983,21.264965245529357,2024,46.93044605,0.09393906,0.021999536,-0.11618572
81.63528337562049,21.280751850242165,2024,50.859460040000045,0.101767644,-0.020344174,-0.119887955
81.52570683803727,21.324440236565597,2024,49.18121222000002,0.11914754,0.018686868,-0.12899478
81.51001061622078,21.256537565884763,2024,46.29811235,0.2050249,-0.031507667,-0.2165425
81.70980159500184,21.16910067499933,2024,54.98501018000002,0.13632278,0.049139228,-0.17980091
81.63436977699585,21.15639128314487,2024,56.69402018000005,0.12751031,0.052233543,-0.16275473
81.73689377705763,21.33543310722182,2024,48.34379732000002,0.08786821,0.070954666,-0.12753029
81.70675077453141,21.16497345604835,2024,55.89762152000003,0.12261647,0.04993424,-0.16444187
81.71460944953895,21.163839326865144,2024,57.47161973000004,0.09454086,0.07472158,-0.13636978
81.49772536610016,21.285745191856243,2024,51.65585870000001,0.13695967,0.037995126,-0.16728355
81.72960568922532,21.207122497715456,2024,48.21220355000003,0.105684824,0.07557445,-0.15356241
81.58470882788393,21.124602432378005,2024,56.00870716999998,0.15465818,0.053030822,-0.19954045
81.63510453267287,21.307052622423118,2024,50.14338485000002,0.07557408,0.016247429,-0.09058198
81.70071121608191,21.158869217854143,2024,56.911064450000026,0.14538251,0.041557446,-0.18673684
81.67428512433516,21.30122736974768,2024,44.01145697000004,0.19533429,-0.009304485,-0.19837995
81.50104209558123,21.296159814842117,2024,47.68753748000006,0.17967169,-0.0047569675,-0.20012383
81.57176758644671,21.14009189561682,2024,48.63603803000001,0.12861136,0.04388118,-0.1653772
81.72938560075137,21.21940350109506,2024,48.14726116999998,0.0986883,0.06354997,-0.12487851
81.70814382471104,21.27673376611667,2024,47.231231810000054,0.18725054,-0.009564949,-0.1913915
81.57041130174045,21.368479748616394,2024,52.582142120000015,0.15035255,0.07449737,-0.16852748
81.60322088378999,21.325492011770116,2024,46.67409455000001,0.12794241,0.0123764,-0.15092432
81.6853331324348,21.16338411450466,2024,56.05655945000001,0.12818062,0.048345447,-0.16321243
81.73897693012997,21.272827075391184,2024,48.43779287000001,0.20705083,-0.024961855,-0.21282588
81.61319236323774,21.19592742399579,2024,46.88601179,0.15322444,0.014022609,-0.1786134
81.54988605065823,21.198150763587623,2024,48.80181200000004,0.14719912,0.023946194,-0.17559971
81.7071314859017,21.360240792818832,2024,49.56061244,0.10185148,0.052052155,-0.11046629
81.65370851068175,21.29408762893213,2024,42.734826500000054,0.10468058,0.0042049745,-0.12586623
81.54277183664651,21.315833703700033,2024,45.47266051999998,0.14072004,0.027033994,-0.16142929
81.50778332683171,21.28041339274293,2024,44.38743916999999,0.22753166,-0.06554522,-0.22637121
81.69372368108412,21.31290685234631,2024,48.98296706000002,0.1390471,0.034932557,-0.15453273
81.69039205096611,21.263637914523933,2024,46.61257019000004,0.14209725,0.019880684,-0.15983981
81.71074263244022,21.276237555282506,2024,43.274873660000026,0.24751821,-0.06689892,-0.2344482
81.63441017380384,21.23522127833715,2024,40.78997312000001,0.13998917,0.01248006,-0.15775578
81.4964297291136,21.300211504970047,2024,52.26597527000001,0.1098062,0.05159476,-0.15033542
81.72623403326274,21.33356197418299,2024,45.52734884000006,0.11476493,0.05004066,-0.14033638
81.7245717270412,21.18930449512213,2024,48.57622268,0.13802558,0.06701278,-0.17238866
81.61495868624286,21.24784425145029,2024,41.40521672,0.1714974,-0.046876527,-0.17622049
81.60979893240987,21.35439374770462,2024,41.57953573999998,0.17357278,-0.02882171,-0.19611858
81.5742709203259,21.18863868129471,2024,46.16139155000002,0.16751163,0.026917173,-0.18444563
81.75072820035697,21.286239355667647,2024,46.94240911999998,0.14303112,0.03089422,-0.18134543
81.59505359647035,21.371929766430387,2024,46.55959088000003,0.15035607,-0.005196305,-0.16277689
81.60123471173907,21.235435009523975,2024,43.322725940000055,0.11251921,0.024813488,-0.12249376
81.65667817567207,21.138296298937604,2024,59.41305509000006,0.10807971,0.0754697,-0.14859256
81.5253237038807,21.284341071403748,2024,43.16549702000003,0.24960074,-0.07513092,-0.24478541
81.63138513097209,21.336934544368862,2024,45.70508588000001,0.12912889,0.0016950349,-0.13188662
81.59911819751332,21.31562769235681,2024,48.914606660000004,0.08622464,0.028902585,-0.104083
81.63080347379494,21.19924540325761,2024,44.97362959999998,0.28043228,-0.13436466,-0.26938248
81.72776197812738,21.283344640265927,2024,46.29640333999998,0.04720973,0.11301747,-0.0894974
81.62767253049925,21.165004923487306,2024,53.55969584000002,0.1637144,-0.003638873,-0.17698562
81.5569581002662,21.193809224569232,2024,50.43904358000003,0.11968042,0.06303268,-0.1497838
81.57787098265395,21.354114679010518,2024,44.94628544,0.18419033,0.0155357765,-0.17988913
81.51474877724213,21.243540271572993,2024,44.90526920000002,0.14698386,0.005891016,-0.16692278
81.65996652388554,21.32267313036952,2024,43.52609813000004,0.19282186,-0.03706277,-0.20574303
81.69526295857602,21.140059789220697,2024,55.72842953000003,0.14517933,0.02284151,-0.17373279
81.62276290068863,21.38099818551286,2024,44.057600240000056,0.12546822,0.02671685,-0.16216017
81.54612777696866,21.333639968054186,2024,44.9907197,0.17014626,0.0064549954,-0.17883524
81.61511409958996,21.20237619490176,2024,51.857521880000036,0.16305095,-0.0069473656,-0.19726835
81.73139276142419,21.262205706208853,2024,45.99732659000006,0.13511792,0.0140156755,-0.16181956
81.74570140468525,21.200341635186422,2024,50.26130654000002,0.09313953,0.08041592,-0.12789828
81.53516509677503,21.16894295494612,2024,46.077650059999996,0.16032903,0.034464125,-0.1759415
81.53747121828584,21.275960831688554,2024,44.57201225000006,0.24761075,-0.050201494,-0.24481931
81.57842529070396,21.301081994926182,2024,47.99515928000005,0.1292215,0.015414392,-0.1501938
81.51817016328538,21.315708454129155,2024,47.54056262000006,0.16020581,0.005936182,-0.18481003
81.59208489109712,21.380936639088365,2024,41.36420048000002,0.1964946,-0.06707558,-0.20774858
81.5778823207792,21.21090846498763,2024,45.00780980000002,0.17255703,0.037889116,-0.19287248
81.75487927906748,21.245744193467196,2024,46.98000734000004,0.18426755,0.010008604,-0.20186932
81.56647207285228,21.316691251073216,2024,44.578848289999996,0.13660902,0.029688383,-0.16593838
81.54474121664737,21.354209225794126,2024,49.174376180000024,0.11774969,0.07537333,-0.15170415
81.53151237958481,21.170997203149042,2024,45.88624093999999,0.17260632,0.030775225,-0.18623927
81.68521923976012,21.355121263573192,2024,48.46342802000004,0.09712308,0.02674905,-0.10587825
81.6768262587249,21.334379222093833,2024,45.66406963999998,0.08025111,0.05228932,-0.114649184
81.55474737972811,21.22452948874034,2024,48.0327575,0.1547541,0.021001915,-0.1793727
81.65733396632871,21.199906838762686,2024,54.23988182000005,0.10488038,0.052572172,-0.15740485
81.61939716401021,21.1823721505599,2024,47.18850656000001,0.24178374,-0.07514757,-0.2306705
81.6537411767934,21.289091339195572,2024,43.13473484000002,0.1557703,-0.015159453,-0.1553568
81.603911794905,21.14867202209892,2024,52.12583645000001,0.12197815,0.063388586,-0.16438079
81.49692315809703,21.29467931261855,2024,48.61894792999999,0.13131313,0.02388889,-0.1478971
81.60173091356636,21.255918970594685,2024,43.274873660000026,0.1261136,-0.010421936,-0.13770318
81.69905582431048,21.265053360707054,2024,45.02489990000004,0.19692771,-0.026066564,-0.20555301
81.70076518551183,21.217453723314062,2024,42.85103918000004,0.16432904,0.02504444,-0.17905606
81.64921460197566,21.20981828532508,2024,51.19271699000001,0.105645,0.071471326,-0.13476002
81.64095925507678,21.140922392869516,2024,57.69208202000004,0.11889888,0.06313106,-0.16165046
81.51447022513211,21.200937127468897,2024,40.26359804000003,0.07855111,-0.05244684,-0.079634905
81.7676832862138,21.283814049323542,2024,42.40327855999999,0.061148137,0.011867175,-0.055185243
81.55722017943593,21.22072738720228,2024,42.43404074,0.22274952,-0.069826804,-0.21710841
81.70290189396177,21.230867028135993,2024,46.742454950000024,0.17385258,0.021108791,-0.1841736
81.54504963717294,21.18469655749293,2024,47.95756105999999,0.15539233,0.053762287,-0.19878882
81.65316074008653,21.19244130407737,2024,49.37091233000001,0.12697615,0.02596112,-0.15331016
81.52241985526312,21.228859811120063,2024,49.403383520000034,0.15294656,0.05548112,-0.18092081
81.54269207581382,21.14576562362022,2024,48.65483714000004,0.15080242,0.04588889,-0.18691039
81.75799449195102,21.19741419046048,2024,49.45636282999999,0.14588235,0.08421589,-0.18738253
81.6050608724559,21.365467931051658,2024,38.02992197000003,0.16963266,-0.009740972,-0.18380612
81.66917589860363,21.13380409313164,2024,55.34390228000001,0.12572654,0.034380425,-0.16596492
81.56664951958736,21.163242809293795,2024,50.362138130000005,0.108602785,0.09282315,-0.15304692
81.67218472630864,21.271204431106824,2024,50.076733460000014,0.17359,-0.016676418,-0.20288
81.59422112463517,21.158550044395394,2024,52.431749240000045,0.13402438,0.057075344,-0.16433488
81.52963953381203,21.31249881988193,2024,49.692206209999995,0.12458102,0.051607605,-0.14753033
81.69452549373982,21.217681140284032,2024,51.765235340000004,0.21443598,-0.06589838,-0.22268479
81.59555712840046,21.33393385928754,2024,47.21926874000002,0.15738869,0.024661586,-0.1632027
81.75065585210773,21.216062431407384,2024,46.58009900000002,0.07509869,0.023345334,-0.12085048
81.62154404436265,21.11942788107318,2024,60.27610514000003,0.09187075,0.08354864,-0.14397205
81.58036768490425,21.204991861680156,2024,44.46092659999999,0.19749194,-0.023609553,-0.20777248
81.5589237918327,21.164546875880287,2024,48.01737641,0.12920958,0.07953303,-0.16674365
81.64005545405838,21.31553548148365,2024,50.596272500000055,0.0731629,0.0128470175,-0.09323575
81.64925387705048,21.19153712675618,2024,47.952434030000006,0.13691607,0.038970355,-0.17073938
81.62098488257912,21.365053247858427,2024,44.99242871000001,0.20337753,-0.036425963,-0.20355661
81.6363001993588,21.30034739757325,2024,51.049160150000034,0.07977699,0.0073864707,-0.093812294
81.65365243000537,21.36998246281425,2024,49.65118997000002,0.08355503,-0.015842224,-0.07308743
81.54564942909968,21.263192932696725,2024,38.846828749999986,0.23249888,-0.061634794,-0.23456658
81.6216236421049,21.19862555202634,2024,46.176772640000024,0.21069123,-0.019682743,-0.21538301
81.70558451172259,21.248813998485726,2024,48.99663914000001,0.14829282,0.035489872,-0.17385957
81.69344762594484,21.26906594080236,2024,47.055203780000056,0.15475704,-0.0032235675,-0.16882603
81.53479088619046,21.22035305816002,2024,47.28933815000005,0.14075592,0.047617618,-0.16181372
81.58872700660335,21.25569593084458,2024,44.02000201999999,0.10671352,0.025597604,-0.12587018
81.64225098075349,21.33136560715525,2024,47.4004238,0.11777896,0.017716076,-0.13056925
81.64117193331325,21.315886956815167,2024,50.04255325999998,0.116721936,0.0031057594,-0.12692481
81.49298203610672,21.27627969769355,2024,50.39802734,0.13015966,0.059082974,-0.16899425
81.65969376752568,21.132058232662523,2024,57.00676901000003,0.12439379,0.05465189,-0.16476183
81.74904275786584,21.225857397276364,2024,49.54864937000002,0.13172048,0.052797336,-0.16375849
81.5672840549844,21.132365391623765,2024,53.600712079999994,0.19151372,-0.08347624,-0.20519109
81.63303806143895,21.344353620225007,2024,45.57520112000003,0.14130057,-0.0036356223,-0.14741872
81.60058766862444,21.381173933873182,2024,48.523243370000046,0.13261777,0.054282125,-0.15920553
81.73909033537804,21.277795090549294,2024,42.21528746000001,0.17107624,0.00466889,-0.17379579
81.52673420471254,21.274125407212605,2024,48.57622268,0.12419929,0.026142688,-0.14606696
81.56914243933272,21.355603137444227,2024,44.669425820000015,0.20149897,-0.040737495,-0.20497595
81.52155240400785,21.162983909245096,2024,44.033674099999985,0.1614469,-0.032572713,-0.19306035
81.49822335418992,21.215513805593798,2024,44.85399890000002,0.2186337,-0.09420022,-0.22633946
81.63362747141286,21.186178285045393,2024,51.60287939,0.15097697,0.04808036,-0.17821205
81.68289862405058,21.139296198639354,2024,58.00995788,0.102107376,0.06331196,-0.14548062
81.59160601272943,21.13141692676809,2024,49.49225204000004,0.15242293,0.034949686,-0.1808019
81.59684198230782,21.312425226755703,2024,46.34425562000001,0.10693777,0.019193163,-0.11975194
81.72981326144496,21.221448340727232,2024,45.75122915000003,0.19841395,-0.00604141,-0.20276287
81.64375294612759,21.27693291893086,2024,47.062039819999995,0.20534511,-0.066785924,-0.20421824
81.60826857654489,21.152180874606206,2024,47.550816680000025,0.21260877,-0.007469344,-0.23531525
81.63338429282507,21.37114231936754,2024,51.48324868999998,0.05397671,-0.015545519,-0.046977233
81.60357701520533,21.30997753442953,2024,42.79635086000002,0.1023766,-0.002203996,-0.1271028
81.65103903203597,21.152629604406826,2024,57.22039526000003,0.1327354,0.062307395,-0.1726326
81.6549697244796,21.26813202256833,2024,53.98011230000003,0.14267549,0.030462652,-0.16502707
81.58050304017335,21.269877423114377,2024,43.50046298000001,0.10580724,0.016661597,-0.12457001
81.69032567369347,21.315398806263403,2024,46.289567300000044,0.11364398,0.030230295,-0.13512282
81.62647458462384,21.167931980940075,2024,55.099513849999994,0.15426953,-0.014049014,-0.17718904
81.5847614364244,21.180283391889454,2024,55.8942035,0.10682461,0.06352571,-0.14709592
81.52637984255152,21.245724741436703,2024,45.75635618000001,0.210865,-0.046075277,-0.21447736
81.5673127791761,21.220536931964865,2024,43.11764474000006,0.17355977,-0.05807814,-0.17869353
81.71769427990117,21.350686806863454,2024,46.91848298000002,0.14476816,0.028727157,-0.1501139
81.5050856654001,21.2458719095729,2024,47.48758330999999,0.13695438,0.031740423,-0.1526632
81.64971115512984,21.364833329426723,2024,47.89432769000001,0.049993653,-0.0014287444,-0.044055644
81.6055027684062,21.12075966838053,2024,52.64366647999998,0.23415424,-0.061944567,-0.2419222
81.7096555275521,21.2842378768843,2024,43.568823380000026,0.22288579,-0.020676924,-0.20977388
81.74606309453813,21.26294176206714,2024,49.661444029999984,0.16281477,0.04802248,-0.19357009
81.57729161557518,21.14261143503021,2024,48.30107207000003,0.142726,0.039223254,-0.16244584
81.67935765453771,21.21347550519589,2024,57.94843351999998,0.10657643,0.073307574,-0.15460609
81.51334927213355,21.188159414135345,2024,45.028317920000006,0.15206009,0.03668589,-0.17005904
81.5567749679861,21.36200623754219,2024,50.52107606000004,0.11596818,0.0809204,-0.16636977
81.67447323703003,21.375140461031034,2024,45.629889440000056,0.085064165,0.02112424,-0.08034773
81.68935892142837,21.16818164965098,2024,57.94159748000004,0.09623182,0.06118093,-0.13337436
81.6317189609989,21.32880741057652,2024,51.04574213000001,0.063224405,0.011418679,-0.08169086
81.65302480819625,21.12179669527496,2024,54.45009005000003,0.15736943,-0.008969278,-0.1841024
81.55147569947898,21.157741450616115,2024,45.33423071000004,0.20142399,-0.0029016386,-0.21433178
81.56537452187526,21.226714523310157,2024,38.72036201000003,0.21802202,-0.10808207,-0.23138683
81.71516781100173,21.348921600077595,2024,45.54272993000001,0.16395637,0.008474576,-0.17395079
81.64468849279625,21.331669958239555,2024,47.18679755000005,0.078712404,-0.0117800785,-0.09145273
81.56601369680034,21.19362176135379,2024,47.01076952000005,0.17551167,0.02802684,-0.19038615
81.69642511104267,21.144324668310965,2024,58.370558990000006,0.099866994,0.058947846,-0.13388573
81.57976893748928,21.16953990978185,2024,47.4004238,0.14399604,0.053079262,-0.1602255
81.75264279526583,21.224389757909986,2024,46.26905918,0.09685079,0.07026946,-0.14117193
81.69158368118434,21.25061646061023,2024,47.12014615999999,0.12407783,0.009306773,-0.14233738
81.69187694933404,21.255988517833835,2024,46.80056129000002,0.12228381,0.023637654,-0.15063192
81.68746339322024,21.334546322601614,2024,44.77538444000004,0.12091869,0.034499396,-0.14797361
81.63188783980746,21.2771607735974,2024,50.175856039999985,0.10803178,0.0015608035,-0.13207401
81.50076414949957,21.269350697809557,2024,43.25778356000001,0.19648695,-0.033796884,-0.20206791
81.55030271341701,21.2384576497821,2024,46.89626585000002,0.14323553,0.033240523,-0.16827068
81.6588834694089,21.27415813065349,2024,51.79941554000004,0.17074582,-0.013528991,-0.16939214
81.67098650110461,21.355124183187336,2024,47.2978832,0.11386174,-0.018440027,-0.10263749
81.6422050466133,21.295107076836583,2024,46.950954170000045,0.092694305,0.012628538,-0.11723979
81.67782676754814,21.305956168972166,2024,47.70633658999998,0.10479954,0.054089524,-0.1396731
81.64528536691799,21.285181797107267,2024,47.54739866,0.17580743,-0.04321968,-0.18297122
81.73450685312073,21.30112020312901,2024,47.36624360000002,0.14236428,0.04725098,-0.17622066
81.68680150313435,21.365598000265564,2024,46.95608120000003,0.05605402,0.025437474,-0.058894455
81.5892693515446,21.254994256554244,2024,43.65085585999998,0.21251689,-0.07248108,-0.2108813
81.5224360673682,21.238233410018285,2024,44.59081136000003,0.18046364,-0.037010573,-0.18676008
81.67427391330445,21.203288055087203,2024,49.041073400000016,0.26501742,-0.11146152,-0.249496
81.49185327446729,21.21599269881757,2024,50.568928340000014,0.092326984,0.06365682,-0.11786645
81.59503058698938,21.284178853191758,2024,46.393816910000055,0.09077482,0.010873205,-0.116419695
81.63417553195384,21.174284846646284,2024,52.867546790000006,0.13539287,0.013790823,-0.17020732
81.5819816413657,21.136696477274377,2024,45.88453192999998,0.16891,0.033655282,-0.20886591
81.60578468225599,21.204597901429036,2024,45.969982430000016,0.21081936,-0.054474708,-0.22816803
81.7169935593567,21.247620045601117,2024,44.247300350000046,0.1697833,0.027885372,-0.17763405
81.67059826508428,21.314702111280894,2024,48.58647674000002,0.1558993,0.0067275898,-0.16834642
81.52489229124053,21.26645178314805,2024,48.232711670000015,0.14134148,0.030194504,-0.16662644
81.70754306763497,21.21596873324289,2024,48.181441370000016,0.13800377,0.04040547,-0.15896735
81.53365329462275,21.179371610380496,2024,46.90481090000003,0.12904115,0.07043133,-0.16576512
81.53125842639689,21.323900109133586,2024,48.914606660000004,0.12586103,0.05165012,-0.13212684
81.53473513307489,21.2292136851589,2024,47.18850656000001,0.12872325,0.028440751,-0.14822993
81.60876927769343,21.17833110416805,2024,44.93603138000003,0.25413978,-0.08328914,-0.24833691
81.58358675295122,21.13748864513357,2024,47.12698220000004,0.19950727,-0.0118348785,-0.21627979
81.69789882653836,21.322231464137847,2024,45.98536352000002,0.1086765,0.05455377,-0.12518467
81.51834800953728,21.275878147458837,2024,47.56961579000006,0.14346227,0.03160942,-0.17321439
81.7420564533677,21.195131180692325,2024,47.52689054000001,0.21110447,0.020850234,-0.22396769
81.53600835397576,21.331480501790683,2024,50.19636416000003,0.10101801,0.06574806,-0.114383444
81.6712935208261,21.153371292388417,2024,55.84976924,0.06495709,0.0071783196,-0.08858916
81.57482871304987,21.177815486398135,2024,47.93705294000006,0.17087382,0.04473978,-0.18694063
81.58372618702388,21.364029988627593,2024,51.81992366000003,0.12944534,0.03546321,-0.15298423
81.6772401843794,21.158856940982034,2024,54.016001510000024,0.1633436,0.01609225,-0.18135715
81.51198657582323,21.224796502995712,2024,49.36236728000006,0.13911502,0.03227393,-0.16490917
81.5149292257879,21.29657743660995,2024,51.68662088000002,0.118131615,0.05139612,-0.15305848
81.62523507104943,21.292762403787677,2024,49.84601711000005,0.14211191,-0.006382264,-0.14909767
81.60604610377372,21.33809240415628,2024,45.86060579000002,0.11862365,0.031644125,-0.13916577
81.71075430767391,21.17904568778535,2024,55.14565712000001,0.11505492,0.05441808,-0.14983603
81.62159197536108,21.190535343637762,2024,43.58249546000002,0.19546446,-0.032031685,-0.20617431
81.6341609490284,21.214264927939688,2024,48.38139554000003,0.14690155,-1.9618792E-4,-0.1664408
81.5151004244082,21.30873478259277,2024,49.68707918000001,0.14789693,0.0049335994,-0.16980833
81.68811895033062,21.226040296935736,2024,51.83701375999999,0.13948919,-0.01812843,-0.17573345
81.76490635922136,21.24013112580356,2024,50.04597128,0.133744,0.0424851,-0.1613378
81.65540269906884,21.359525515064078,2024,50.008373060000054,0.05654666,0.010319342,-0.051407408
81.5910991168952,21.316056274165618,2024,46.10157620000001,0.15237086,0.009713504,-0.15491575
81.75085041532186,21.27036101577106,2024,48.45488297000003,0.08324793,0.10554922,-0.11355578
81.59688628951903,21.268323359071818,2024,42.80660492000004,0.14690512,-0.016802061,-0.16599947
81.59590961089401,21.2543447911406,2024,41.84272328000003,0.17994234,0.005721226,-0.17967387
81.74492671310578,21.27929783560543,2024,47.935343930000045,0.19289446,0.0062385746,-0.20915125
81.61530115807449,21.294488185507202,2024,50.707358150000005,0.077936724,-0.0037263501,-0.087118424
81.73166793311465,21.203058671157173,2024,51.03377906000003,0.13215712,0.060395043,-0.1668661
81.678725930589,21.309728731928608,2024,46.64675039000002,0.17746955,-0.014471652,-0.16961123
81.58649908290928,21.20320287605165,2024,43.72092527000001,0.19863535,-0.013844973,-0.19741851
81.66333383044633,21.18055250660503,2024,56.98796990000005,0.12964332,0.048460558,-0.16550134
81.65537512815139,21.16118910154079,2024,54.14759528000002,0.15791446,0.006677674,-0.1887317
81.55494402989807,21.35973679231427,2024,51.300384620000045,0.111211605,0.069666184,-0.13929138
81.65747475951375,21.19647281771801,2024,49.38458441,0.14275998,0.01712763,-0.16176866
81.66943249539297,21.210363839307657,2024,45.56152903999998,0.19485903,0.09701882,-0.19156651
81.67094335913583,21.282645187224873,2024,41.210389580000026,0.1640811,-0.0015520238,-0.18703553
81.5813799549035,21.138986193111023,2024,48.04984760000002,0.14161183,0.02613101,-0.16485347
81.73013122936838,21.196634805068978,2024,49.270080740000026,0.14946054,0.018720921,-0.16957723
81.54831710810478,21.226824242613905,2024,43.19967722000001,0.13561758,0.030025035,-0.1514466
81.63361078686944,21.354366330407835,2024,48.98296706000002,0.09289941,0.020827021,-0.10010636
81.6694735668326,21.142292460164796,2024,58.00483085000002,0.09160414,0.059254583,-0.13238455
81.61833149325801,21.241909113500597,2024,41.94526388000003,0.12139549,0.02863429,-0.13247831
81.62176573814257,21.372219129806805,2024,45.506840720000014,0.13791686,0.007039041,-0.16694114
81.72386097082355,21.170895741729932,2024,54.90810472999999,0.10181012,0.07397116,-0.1428024
81.59758001410167,21.28032453745512,2024,43.96360469000001,0.08799212,0.021985235,-0.12786649
81.69703042553307,21.311447751240614,2024,48.26176484000001,0.13013092,0.05842598,-0.15673012
81.6897325317424,21.363294360578596,2024,48.138716120000026,0.064990096,0.044782285,-0.066660516
81.72374931897055,21.20250905720924,2024,54.46205312000001,0.13071848,0.04558925,-0.17057052
81.5468566094344,21.32331250615389,2024,45.59058220999998,0.20231785,-0.01630124,-0.2085255
81.72066681965667,21.187344594819326,2024,55.88394944000004,0.071944855,0.045925662,-0.13006668
81.57730669126279,21.24330223723894,2024,39.25015511000004,0.072785676,-0.053298127,-0.049551744
81.70623868901308,21.157854484374596,2024,56.871757220000006,0.11496577,0.091022134,-0.16000222
81.62851881125938,21.328471307332975,2024,53.079464030000054,0.066442154,0.03737215,-0.098787606
81.5412133745944,21.35049782396133,2024,49.25982668000006,0.11285085,0.0713232,-0.14511639
81.5257500350755,21.237164469689404,2024,45.25903427000003,0.16339993,0.004557619,-0.17522931
81.70492352043868,21.152867667189867,2024,56.20011628999998,0.09359274,0.076697096,-0.13270941
81.73645729404592,21.176790061786903,2024,56.003580140000054,0.10173539,0.086666204,-0.15750049
81.49920897560189,21.294365371441753,2024,51.10213945999999,0.12045411,0.049802553,-0.14858867
81.51899151008811,21.254606333106082,2024,47.11843714999998,0.14786343,0.024850149,-0.1743746
81.50897100346671,21.21954080655519,2024,42.845912150000004,0.14759721,-0.018390952,-0.1710633
81.67136997408667,21.231046825131564,2024,47.66190233000003,0.10198423,0.025216525,-0.12608464
81.6339849667547,21.29860061467957,2024,51.59946137000003,0.11362363,-0.004707934,-0.13291389
81.64625515478717,21.38262943669718,2024,46.98342536000001,0.055473223,0.036701273,-0.07814418
81.70038323312306,21.248396228604516,2024,47.455112120000024,0.19832498,-0.05944228,-0.20462511
81.60833764142245,21.17197112598533,2024,44.94970346000002,0.18775992,-0.032464974,-0.21773177
81.76214066000358,21.280180814990683,2024,46.617697220000025,0.19523084,-0.023297437,-0.20176704
81.49212637382954,21.279399901430473,2024,50.98763579000001,0.13636051,0.03229203,-0.16852981
81.67375418659226,21.17179978733203,2024,57.075129410000045,0.0990482,0.0776873,-0.14800632
81.69858564987047,21.31223313379443,2024,47.69437352,0.15152873,0.025001977,-0.16744618
81.49180985972289,21.244271824341684,2024,46.27760423000001,0.06760066,-0.008156607,-0.11554559
81.6265914369981,21.146611185408883,2024,55.62076190000005,0.1268105,0.034043707,-0.1676248
81.57210859521653,21.35868801680455,2024,52.322372599999994,0.11917542,0.06626428,-0.13176526
81.51718887128405,21.18294430781361,2024,45.21972704000001,0.14380854,0.03336735,-0.16769397
81.54563378268044,21.167838672955263,2024,48.306199100000015,0.15331745,0.012526947,-0.19129793
81.58600351995679,21.34543374022919,2024,44.394275210000046,0.16957194,-0.020834018,-0.18086441
81.6247213439893,21.383028188836413,2024,44.384021150000024,0.15129098,-0.024723124,-0.18333149
81.73173886017435,21.317071145678963,2024,44.38231214000001,0.13221319,0.061850965,-0.157602
81.61039296903198,21.331546109384696,2024,46.97317129999999,0.06883975,0.0071988143,-0.101091936
81.5368156153091,21.15741923959772,2024,49.960520780000024,0.123532236,0.09482186,-0.15952094
81.63696179188426,21.343856863504623,2024,45.11376842000004,0.14535768,-0.005866627,-0.13427961
81.52325262639306,21.305147211882936,2024,47.896036700000025,0.15049322,0.0127148535,-0.15361573
81.60104066767484,21.35008622911214,2024,40.834407380000016,0.16122219,0.029522765,-0.15120225
81.65733252309917,21.296258837188816,2024,39.97648436000003,0.2664249,-0.098447725,-0.24574235
81.69995555741366,21.288259184032583,2024,42.25288568000002,0.22077456,-0.07520627,-0.20927256
81.59136190661417,21.190425327813685,2024,56.167645100000016,0.15861708,0.021876466,-0.19585821
81.51525975476888,21.25713536320678,2024,48.17289632000001,0.16292155,0.024171071,-0.18560326
81.68770109449817,21.1715889856659,2024,56.210370350000005,0.11205132,0.052185092,-0.15559399
81.76508950333081,21.222940265995685,2024,45.24194417000001,0.23240589,-0.071107544,-0.2359782
81.53317994668483,21.271837808477706,2024,48.55058753000003,0.12069496,0.028440993,-0.15409888
81.66411703937773,21.157712660833692,2024,56.071940540000014,0.09317221,0.03022889,-0.12790175
81.75204522167587,21.23675252525668,2024,45.54956597,0.20916827,-0.033974852,-0.2237419
81.75398051153186,21.24964436350326,2024,48.35234237000003,0.15513785,0.0075375694,-0.17164443
81.74249331789888,21.17064385089896,2024,55.38491852000004,0.09947777,0.085011356,-0.14132433
81.6169574216267,21.174543055382966,2024,44.366931050000005,0.23836796,-0.096890226,-0.23532365
81.63023512917874,21.247362076404006,2024,47.4004238,0.08409622,0.030085796,-0.11327885
81.64491450173725,21.365597431353066,2024,49.77765671000003,0.03571518,0.035815116,-0.038239285
81.72120820274525,21.342553557802493,2024,43.445774659999984,0.11432316,0.026526717,-0.13275842
81.55489851206268,21.330777003360392,2024,41.723092580000014,0.21245933,-0.06409167,-0.19523373
81.63627460346832,21.321211343114353,2024,47.144072300000005,0.0924445,0.00878845,-0.108093046
81.75539292611262,21.306991335086835,2024,46.85354060000003,0.09919701,0.10419723,-0.12740956
81.61011396617337,21.32345799535344,2024,48.42582980000003,0.099825434,0.014155234,-0.12075456
81.62052723908829,21.12094514268024,2024,59.24557211000001,0.10040161,0.07639136,-0.15101564
81.60962839169675,21.31160994058894,2024,46.146010460000014,0.101579204,0.014133235,-0.113392636
81.62618069061156,21.227969470872516,2024,42.14009102,0.15202945,-0.018066315,-0.16665483
81.56533753132183,21.2675431166134,2024,46.10499421999998,0.16779086,0.0037225483,-0.18097734
81.69561346335531,21.369241730973066,2024,49.94172166999999,0.07777001,0.021732233,-0.091335416
81.64797448365702,21.290552714490744,2024,54.58168382000002,0.11787594,0.05693479,-0.16499694
81.65952852393127,21.29027580961236,2024,41.11810304000005,0.15867878,0.01363524,-0.13667542
81.58260515164619,21.33032240408423,2024,42.21528746000001,0.15632875,-0.01216822,-0.15726955
81.6187830539358,21.128377224506103,2024,56.59660660999998,0.13490082,0.039498664,-0.17657551
81.75700218158312,21.240241114670134,2024,47.19192457999998,0.14659095,0.029875569,-0.17195319
81.72623998638984,21.26881841756508,2024,45.70508588000001,0.09075079,0.025292898,-0.12588546
81.71701070947715,21.275109720342048,2024,44.03709212000001,0.2419714,-0.06548738,-0.22585449
81.72714681843986,21.208115699228983,2024,47.71146362000002,0.21122509,-0.019708084,-0.22426818
81.64728374129234,21.251122053320138,2024,47.05178576000003,0.08182776,-0.01799192,-0.09603546
81.54822985489851,21.206725636896312,2024,47.87381957000002,0.1258585,0.06929676,-0.16664636
81.58203724918408,21.21860148053756,2024,42.99117799999999,0.22451653,-0.05020104,-0.23602074
81.49786704187494,21.277949855557004,2024,50.66121487999999,0.0938757,0.0653349,-0.13088638
81.62449107230499,21.222210434799184,2024,46.68605762000004,0.13467121,0.007538481,-0.14620331
81.70601233484173,21.19641575417678,2024,52.38047893999999,0.2720147,-0.096887946,-0.27119163
81.5147672677042,21.287086586134677,2024,50.81844380000001,0.11692937,0.028441692,-0.13605401
81.65956834575606,21.310996885958406,2024,48.046429579999995,0.103440486,0.0117385145,-0.12604493
81.55344262495966,21.27745372782654,2024,45.15991169000006,0.09621043,-0.012799967,-0.09695705
81.65269254084609,21.232696673283822,2024,46.981716350000056,0.087313935,0.03041583,-0.10542774
81.60868555547547,21.210710974070846,2024,42.51607322000001,0.29696664,-0.068289824,-0.29294044
81.55099002045382,21.17041385760531,2024,43.35007010000004,0.17236991,0.040554613,-0.20343702
81.68261618974334,21.366701029945105,2024,44.47801670000001,0.07548371,0.0016369589,-0.061804816
81.60622413050693,21.33069550483577,2024,50.84578796000005,0.07785634,0.049669553,-0.09537833
81.5760107876053,21.254657752900037,2024,43.144988900000044,0.11398619,0.043184966,-0.14555615
81.75215321288181,21.240258030448956,2024,47.644812230000014,0.1604419,0.055749685,-0.1873325
81.52434375109735,21.265821730145735,2024,48.43608386000005,0.108790345,0.039305173,-0.14767583
81.69344936780175,21.181714016026554,2024,54.74062175000006,0.14963667,0.021577267,-0.17422861
81.64834798048886,21.129607660620366,2024,61.156245290000015,0.1025379,0.0747473,-0.15290697
81.73305536461062,21.25389191575519,2024,48.81548408000003,0.14553007,0.028846154,-0.17285503
81.60951355113654,21.16000512181123,2024,39.43131017000002,0.07801487,-0.076138206,-0.06239557
81.65198532188872,21.29101635081024,2024,37.86072998000003,0.1905765,-0.0340809,-0.19411626
81.58106894683561,21.26219869760677,2024,42.51265520000004,0.12602492,4.928698E-4,-0.14230458
81.68242793181875,21.221347327289315,2024,55.463532980000025,0.09429824,0.034153346,-0.13027912
81.64299179149545,21.204100450626974,2024,47.10305606000003,0.11359151,0.025049701,-0.1416701
81.71126643931457,21.159940937558968,2024,52.61461330999998,0.1220787,0.06813752,-0.17061734
81.63136800249106,21.211156162029525,2024,47.03469566000001,0.15156394,0.00309119,-0.16993278
81.55384361515527,21.220824249573464,2024,48.37797752000006,0.12803082,0.053282198,-0.1438419
81.74786143643627,21.178920894312306,2024,57.17596100000003,0.11267229,0.06272342,-0.1543741
81.72410870528196,21.265515352483284,2024,49.188048260000016,0.19224381,-0.031312957,-0.20356499
81.59671871549784,21.142213625323635,2024,49.82550899,0.20532213,2.8233675E-4,-0.24415655
81.75379115281397,21.225951849758808,2024,47.05178576000003,0.15713339,0.011211622,-0.16627368
81.59963816915958,21.255129524236793,2024,42.96725186000003,0.09944453,-3.8608685E-4,-0.10989097
81.52926203403267,21.252625893141573,2024,48.20707651999999,0.16029267,0.034006342,-0.18313976
81.65730613882823,21.142789468060283,2024,58.34663284999999,0.10820606,0.083069764,-0.14758384
81.67888826218572,21.258030212194384,2024,47.35428052999998,0.12048807,0.04226948,-0.16369861
81.58242386364951,21.242845263469004,2024,41.757272779999994,0.29462892,-0.11790975,-0.26919353
81.59571234469941,21.129044481061268,2024,54.15272231000006,0.1304657,0.04918969,-0.18305618
81.51821228173752,21.25693668990357,2024,48.39848563999999,0.10799066,0.046909995,-0.14708507
81.62694584835299,21.25287601599093,2024,48.407030690000056,0.12472426,0.011080905,-0.14585713
81.67652303957173,21.346075283560417,2024,50.192946140000004,0.10239766,0.00971865,-0.10877116
81.59385526484337,21.286059517625446,2024,46.94240911999998,0.12500243,0.021348638,-0.14394839
81.55642881987039,21.322419881389308,2024,45.13598554999999,0.13156188,0.013626005,-0.15233114
81.6484800279607,21.28862457322512,2024,44.527577990000054,0.15002772,0.03851043,-0.17101692
81.54402204311603,21.31043357650205,2024,37.19934311000003,0.21457098,-0.089787826,-0.22462587
81.73249971859775,21.244982371271675,2024,43.30050881,0.25310355,-0.06952068,-0.24321538
81.69774258909355,21.361336794356173,2024,49.91437751000001,0.08655751,0.041135967,-0.10966144
81.49852474618396,21.215241006145813,2024,46.26222314000006,0.18359485,-0.017465832,-0.19670098
81.60644803509958,21.120361761684023,2024,53.498171479999996,0.1658739,0.023200268,-0.20451386
81.75886479580429,21.228298410474103,2024,50.090405540000006,0.14456151,0.04546592,-0.17408936
81.5572143687987,21.249560745829275,2024,41.61542495000003,0.19257899,-0.007444003,-0.18853992
81.63058207457397,21.31404793799994,2024,48.47368208,0.14994542,-0.022356326,-0.15340208
81.65498096938683,21.29839555053581,2024,44.103743510000015,0.18833654,-0.040239885,-0.17423372
81.49618127806785,21.267630752942928,2024,42.72799046,0.25542423,-0.11911285,-0.25496507
81.64047102608954,21.257414999981172,2024,45.13769456,0.08592314,-0.032473397,-0.09492182
81.7572872267625,21.21403084979565,2024,50.06306138000002,0.11070263,0.052924547,-0.1474665
81.64216642050022,21.31886585826773,2024,49.24273658000004,0.08454279,0.018288197,-0.099652216
81.706076300119,21.31036164174438,2024,48.17118731000005,0.13864274,0.04351115,-0.16240416
81.62259087192402,21.146913328293575,2024,47.06033080999998,0.14950758,0.054783486,-0.17505917
81.55328305487907,21.240024704061984,2024,40.04313575000003,0.21183835,-0.051798582,-0.21608423
81.55130731894168,21.154813104362866,2024,48.49760822000002,0.12230398,0.05360483,-0.15316483
81.67134133223429,21.180898138477804,2024,56.39836145000004,0.11719273,0.060237665,-0.15943009
81.55273253187676,21.14917581009456,2024,43.84739201000002,0.14845143,0.04572982,-0.1814636
81.54132822344043,21.3088010839915,2024,37.63855868000002,0.20656875,-0.048765622,-0.20441023
81.53422479997299,21.246792906976594,2024,49.66486205000001,0.11800842,0.024361093,-0.13108507
81.62726081048496,21.224110083948663,2024,43.291963760000044,0.13017906,-0.014332966,-0.14165382
81.55959733879786,21.22963854804385,2024,41.676949310000055,0.2569685,-0.070404984,-0.24426779
81.60386019597239,21.171841182662902,2024,43.52268011000001,0.20316002,-0.03798595,-0.22693717
81.55512076105127,21.33430844468449,2024,38.33583476000001,0.104186274,-0.07391346,-0.058309592
81.57824806070268,21.186404400558263,2024,42.480184010000016,0.2227311,-0.030668026,-0.2167794
81.73687590868992,21.16355317597236,2024,50.46809675000003,0.24212725,-0.067058735,-0.24284375
81.59829405401524,21.14527722973544,2024,42.782678780000026,0.13007872,-0.05892644,-0.12449596
81.6149395198215,21.182658836933136,2024,47.96781512000001,0.1897958,0.04433597,-0.20404202
81.70878257934635,21.262735639842813,2024,53.15636948000002,0.12666619,0.048461862,-0.16306107
81.61213273737958,21.228430018718907,2024,42.97750592,0.13382049,0.001657297,-0.14459223
81.63311399877541,21.1530362840884,2024,53.537478710000016,0.13353905,-9.082144E-4,-0.17236751
81.52628979885546,21.213919655943684,2024,47.17312547000006,0.13275504,0.038649276,-0.14986314
81.60026556103735,21.268181678260223,2024,43.24069345999999,0.1137321,0.019319465,-0.13548435
81.56994191502923,21.203032376846625,2024,46.40236196000001,0.18636061,0.026349263,-0.1958042
81.73125799345499,21.159654751699918,2024,53.337524540000004,0.1488651,0.026165579,-0.17964414
81.5212369379271,21.193529537397215,2024,47.636267180000004,0.15763664,0.027775198,-0.17226702
81.7553381437505,21.288964942565386,2024,46.90139288,0.19079773,-0.020678824,-0.19799276
81.5448203783666,21.19757110711711,2024,51.46786759999998,0.07775699,0.0936552,-0.12162082
81.58276819304862,21.298809626448335,2024,49.50079708999999,0.09627091,0.043628115,-0.108154364
81.67721749539066,21.16630117944357,2024,56.50944709999999,0.122640684,0.0771984,-0.16356093
81.69447593914073,21.14731672474564,2024,57.52459904,0.094760396,0.06244109,-0.13821565
81.50150437827735,21.224773440282874,2024,40.656670340000005,0.26946813,-0.10723096,-0.2466633
81.63975879049768,21.12515543677828,2024,58.317579679999994,0.120854534,0.060743283,-0.17747141
81.59398949547264,21.360007428653194,2024,42.01020626000002,0.16199781,0.0029605746,-0.19406024
81.68652595032187,21.191663547787904,2024,56.09586668000003,0.119369134,0.07019883,-0.16499919
81.69754455549479,21.13894007779942,2024,54.31678727000002,0.1859467,0.0081579955,-0.21422864
81.56009675279175,21.28097545301278,2024,44.46605363000003,0.15890338,0.0047837514,-0.17209552
81.72819130164459,21.304551118221106,2024,47.59525094000003,0.14049645,0.024931734,-0.17458615
81.49654461035824,21.282805394843646,2024,51.01156193000003,0.11903608,0.047547724,-0.15570639
81.61994085838023,21.20902372900809,2024,42.32466410000001,0.19094767,0.017502917,-0.20738988
81.60302735308473,21.245495917601055,2024,40.82415332000005,0.19888808,-0.024569625,-0.20466807
81.50909802604309,21.264003530245592,2024,44.99584673000004,0.13186233,0.023950942,-0.14606649
81.64318880325001,21.22134921763382,2024,46.74929099000002,0.2016248,-0.034386516,-0.19970174
81.54567688963785,21.337678421792006,2024,49.51617818,0.13986179,0.047572177,-0.15193841
81.51601207205515,21.30800534479769,2024,50.505694970000036,0.109631985,0.034877133,-0.1293323
81.65728880113728,21.33648008677208,2024,43.63376576000002,0.08248494,0.019017134,-0.09247222
81.66301884717949,21.19153879665178,2024,55.429352780000045,0.0946202,0.053854473,-0.13574661
81.74538977017137,21.240457952897124,2024,34.60506593000002,0.043875493,-0.047408395,-0.02112182
81.71633632546737,21.292468784834274,2024,44.94286742000003,0.15203956,0.007454739,-0.16533296
81.63134721437022,21.19153338631781,2024,48.22587563000002,0.16903587,0.004609451,-0.18009628
81.7447522451459,21.316029935540474,2024,46.798852280000006,0.17129733,0.015230323,-0.17242658
81.52546903498484,21.295357427162532,2024,43.05782939000005,0.24811696,-0.10260602,-0.24519035
81.68210209783794,21.189644313506324,2024,56.931572570000014,0.123089015,0.07242529,-0.16724169
81.59064772027874,21.309691895848463,2024,49.02056528000003,0.049517434,0.041757073,-0.052938886
81.61987659970269,21.149495836140005,2024,43.53635219,0.20511243,-0.04398416,-0.21597219
81.71702764689344,21.189459749107243,2024,46.45875928999999,0.15673636,0.019499844,-0.17910369
81.70529940913906,21.23977812092721,2024,42.98263295000004,0.17005244,-0.0024843428,-0.19758308
81.70089681194158,21.35759683464498,2024,47.991741260000026,0.07160452,0.07371513,-0.088900395
81.60453698341597,21.17583980207253,2024,45.98365451000001,0.1918116,-0.009335152,-0.20610933
81.64167385670048,21.35824558760217,2024,46.67580356000002,0.09716838,0.03858509,-0.10757582
81.62393256852349,21.323794549188705,2024,50.66805092000004,0.08399042,0.0051314826,-0.10161096
81.73661191281155,21.331582259743225,2024,47.94730700000002,0.12854843,0.045984477,-0.15473874
81.53006489828256,21.317063790596418,2024,47.97465116000001,0.15266953,0.018178433,-0.17483296
81.67325780580494,21.27038651341397,2024,50.418535460000044,0.09629143,0.017565668,-0.1255434
81.5924408600516,21.196560322482863,2024,46.59206207,0.17404482,-0.02626758,-0.21088074
81.69086073518653,21.223686369567258,2024,49.98786494000001,0.21063079,-0.057984516,-0.21147692
81.74667790070572,21.321222418279863,2024,45.13769456,0.18496142,-0.0057767755,-0.18070716
81.67391576784378,21.366681492967732,2024,49.01202023000002,0.08370509,0.003918559,-0.092443675
81.50281957719982,21.313160054170407,2024,49.360658270000044,0.10740115,0.067050345,-0.15046619
81.66828414418359,21.165753491671136,2024,54.80898215000002,0.107465886,0.067561775,-0.14991702
81.71150990170476,21.20368124240134,2024,46.063977980000004,0.2101468,-0.020859469,-0.22484554
81.55122377975762,21.35246862166744,2024,50.48347783999998,0.1318395,0.054859664,-0.16163044
81.5436020998232,21.2674863101992,2024,45.92042114000003,0.15666308,-0.0017734427,-0.18582246
81.74734266121231,21.214480259182213,2024,45.01977287,0.06017762,-0.010633254,-0.04140883
81.6732290208021,21.218780722771243,2024,46.691184650000025,0.1475451,0.0049964976,-0.16105127
81.66281548583913,21.220205846267845,2024,47.174834480000015,0.13122204,0.027573418,-0.15310022
81.58157591165819,21.125235164824044,2024,44.70189701000004,0.18063018,0.006060606,-0.18931857
81.51580182179222,21.302399485347177,2024,50.879968159999976,0.08629242,0.06193701,-0.1176969
81.58661679908143,21.160093172925922,2024,51.32772878000003,0.13676555,0.04986577,-0.16089505
81.73730343459442,21.33631841870868,2024,49.46148986000003,0.10963271,0.067361735,-0.13980637
81.65846577265083,21.272455472746184,2024,51.79257949999999,0.15784709,0.010479674,-0.16402598
81.56316388256603,21.168746905323186,2024,49.67682511999999,0.14220442,0.062248558,-0.17628205
81.56122864736204,21.27379872757691,2024,47.80887719000003,0.13896361,0.04156736,-0.17743035
81.71262779386281,21.319744422456168,2024,47.65335728000002,0.14882949,0.04987735,-0.17613462
81.57996122877084,21.191310444051666,2024,45.32226764000001,0.17937782,0.042788994,-0.18890113
81.74018644562416,21.174359065373707,2024,56.54191829000001,0.06985088,0.107570924,-0.1343708
81.53463377508359,21.256798403808727,2024,45.93409322000002,0.14025927,0.013395289,-0.16845362
81.54551521548098,21.165965847113164,2024,44.92577732000001,0.14247094,0.069803275,-0.1811893
81.52927650533523,21.23506058949188,2024,49.21539242000006,0.13656352,0.015006635,-0.14910679
81.62254662724409,21.14548011348104,2024,47.918253830000026,0.13834625,0.032555263,-0.16225602
81.54930944759835,21.167652191904327,2024,50.432207540000036,0.10707071,0.08952156,-0.15265597
81.60122440048512,21.17383672193756,2024,44.134505690000026,0.2191118,-0.031944193,-0.23653176
81.75643800326634,21.308202593937835,2024,46.915064959999995,0.168614,0.006138325,-0.17842473
81.73214103692516,21.22027009424146,2024,47.33548142000001,0.16139685,0.019088034,-0.17931892
81.5479572651631,21.204075708029436,2024,47.32693637,0.13452029,0.04645324,-0.1738227
81.5406357343565,21.294771680401066,2024,37.054077259999985,0.29419935,-0.16487564,-0.2704924
81.62730888497606,21.252175106238838,2024,48.767631800000004,0.108602434,0.0065459493,-0.12764397
81.72564915411459,21.173421365980747,2024,52.315536560000055,0.2063831,-0.018211136,-0.21633871
81.70882241271283,21.288721064251522,2024,47.66361133999999,0.17604561,0.0040488257,-0.17817356
81.72477879109101,21.17721002385042,2024,56.348800159999996,0.094085515,0.0969544,-0.15537415
81.67667401522063,21.13817196594539,2024,54.518450450000046,0.15762788,0.001670909,-0.18312205
81.70979820782303,21.36207918944179,2024,53.44519217000004,0.0816934,0.048858512,-0.10573916
81.72724987511666,21.188375138765423,2024,47.04324071000002,0.14765728,-0.006482876,-0.1699334
81.54945359012626,21.167317459851425,2024,50.92440241999998,0.09961269,0.09991935,-0.15132327
81.72225199550401,21.26525999575194,2024,44.62840958000004,0.12291395,0.09818775,-0.14573385
81.57946550489555,21.25150872707985,2024,44.11057955000001,0.13828345,0.03540331,-0.15313108
81.63891051002297,21.323411148258728,2024,48.17973236,0.0758653,0.026270198,-0.102768935
81.58523488553783,21.325231096863167,2024,45.32055863000005,0.14367291,0.0058600483,-0.15519416
81.7036103705704,21.324589568310646,2024,44.43358244000001,0.13808447,0.030841382,-0.15446372
81.57484203352142,21.202682250656114,2024,45.715339940000035,0.17668636,-0.0016190587,-0.2040873
81.70923284576716,21.26725408404653,2024,51.49179374000005,0.13685815,0.055280432,-0.17252716
81.62421273267238,21.142726268055227,2024,53.62122020000004,0.1567639,0.03799225,-0.19352871
81.65769165577348,21.37646863116311,2024,47.75931590000005,0.09930584,-0.021319976,-0.09164989
81.64540134154828,21.169891447468093,2024,49.740058490000024,0.08612755,0.10843838,-0.12592496
81.68688151070832,21.185453520773134,2024,57.39642329000003,0.12932786,0.04338164,-0.1632191
81.65438317475478,21.359515129992797,2024,46.911646940000026,0.031470656,0.06279742,-0.050380953
81.53355814058511,21.301032599258654,2024,47.17996151,0.15845327,0.018716907,-0.18276098
81.60668990549974,21.354368512866262,2024,42.47163896000001,0.1499634,0.016466832,-0.1678748
81.68794679346186,21.14471458207739,2024,53.43493811000002,0.124785066,0.019725977,-0.15558359
81.68872746480864,21.28860995760958,2024,39.046782920000055,0.23821414,-0.08311922,-0.22905354
81.58739162122355,21.13390842409774,2024,50.38777328000003,0.22242594,-0.06678186,-0.22737648
81.62702131875992,21.2564190454072,2024,44.216538170000035,0.28373614,-0.07370481,-0.2664393
81.5767432120052,21.350814099681536,2024,43.46628278000003,0.16255268,0.011201434,-0.16667925
81.61827913657383,21.26448793400486,2024,45.88111391000001,0.10328621,0.001728728,-0.12149932
81.67556151013704,21.208816831792987,2024,51.074795300000005,0.14389436,-0.029963147,-0.16690266
81.54498704047133,21.303828411141588,2024,44.28318955999998,0.15135728,0.0360699,-0.18842426
81.62583700118874,21.144285212618517,2024,54.578265800000054,0.12978816,0.03320804,-0.16723244
81.57039725935083,21.151548794809912,2024,48.60698486000001,0.098957025,0.09498229,-0.15017724
81.63701374374648,21.275194963480345,2024,46.258805120000034,0.16484202,0.006647561,-0.16998991
81.55106715560417,21.22412660721644,2024,43.56540536,0.21031761,-0.04296188,-0.19486147
81.56818140626388,21.371754281203845,2024,40.49431439,0.24992843,-0.08554758,-0.22985916
81.69066530001531,21.32811618921622,2024,39.85343564000004,0.08802034,0.045944273,-0.10673754
81.6344089537856,21.244726279124016,2024,42.87496532,0.1056451,0.028460195,-0.12014859
81.61606933772691,21.286885851184895,2024,51.32089273999998,0.09853934,0.015616256,-0.11252576
81.6095527400989,21.256541621910745,2024,41.757272779999994,0.16251658,-0.00853226,-0.1691487
81.53076767853217,21.18716731856646,2024,48.75395972000001,0.12781179,0.094374016,-0.16161259
81.5457105969804,21.359787665180356,2024,50.00153702,0.10482813,0.0864183,-0.15403713
81.63335441149856,21.11858290235956,2024,56.91960949999998,0.113912955,0.07258336,-0.15977536
81.76018458449171,21.237108283760243,2024,46.48781245999999,0.118690066,0.024027387,-0.15102349
81.60390219788037,21.31571840350362,2024,41.81196110000002,0.021111002,-0.031902865,-0.0072936662
81.6266945563021,21.172300708574994,2024,53.600712079999994,0.19250591,-0.029175164,-0.20349994
81.66495623964208,21.296464817436778,2024,44.24900936000006,0.17975546,-0.0023842773,-0.17895201
81.66328916123244,21.24237072992808,2024,46.26393215000002,0.11070021,0.009774374,-0.12524362
81.66718297936787,21.340414535506834,2024,50.180983070000025,0.07293688,0.01205215,-0.08118189
81.54683857002148,21.237243772931976,2024,48.430956830000014,0.113351345,0.030360498,-0.12466649
81.55377224755038,21.265339314144917,2024,43.90720736000003,0.23974065,-0.058863416,-0.2311071
81.56102450847008,21.364260590363585,2024,48.483936140000026,0.12586108,0.042299945,-0.16507018
81.61043808060121,21.307515167378046,2024,48.20024048000005,0.105378374,-0.0037418148,-0.1010304
81.64217154231027,21.338285482312116,2024,45.99903560000001,0.13457792,0.043716222,-0.13771772
81.75888779339859,21.200493363664666,2024,50.025463160000015,0.15636037,0.046777315,-0.18092099
81.63692867266424,21.259209584294158,2024,45.95460134000001,0.0804149,0.022999048,-0.10369096
81.76543840700805,21.247186526683986,2024,49.70929631000001,0.14100714,-0.020211004,-0.15376575
81.69049063640355,21.1533361867444,2024,53.58704,0.14705147,0.02072057,-0.17925273
81.58149722746259,21.360091438589418,2024,46.453632260000006,0.13482146,0.011257921,-0.15917175
81.51185692781625,21.191422650182353,2024,43.75681448,0.18536104,0.008190208,-0.20373873
81.73635927562451,21.322087550472922,2024,49.83747205999998,0.10088115,0.0734869,-0.135344
81.53610556743644,21.216830359812953,2024,47.364534590000005,0.15102574,0.04957013,-0.17842002
81.708821659266,21.336909557715096,2024,48.302781080000045,0.1428226,0.032022394,-0.15063712
81.53858631238293,21.283728022188647,2024,46.52541068000005,0.18674405,-0.009202942,-0.19364984
81.75495743666696,21.24443034449558,2024,48.453173960000015,0.108852096,0.04308059,-0.12525633
81.59035122183242,21.376136850031585,2024,49.92634057999999,0.12323248,0.04659498,-0.14347689
81.66664999192788,21.165218162845008,2024,50.48005982000001,0.09169235,0.043009732,-0.1270819
81.72156316516767,21.166746721797146,2024,57.35369804000004,0.08342527,0.07891332,-0.12469148
81.70673372726532,21.26777103819997,2024,41.750436740000055,0.11636457,-0.053961337,-0.103882656
81.65836713972348,21.17514684898872,2024,57.05974832000004,0.11344808,0.05037828,-0.14129508
81.50738962491758,21.272776307962626,2024,47.41409587999999,0.1757672,0.009858076,-0.18263204
81.60650538323569,21.202002986790273,2024,47.62088609,0.28291398,-0.11581157,-0.26695198
81.58854320259458,21.333248056452,2024,46.44850523000002,0.13829412,0.014375301,-0.15834232
81.75255848874855,21.21936403658275,2024,41.21551661000001,0.015215977,-0.03863584,0.02398768
81.68744948566173,21.17927040726632,2024,56.46330383000003,0.094955005,0.05862861,-0.13419457
81.58298869301981,21.232636349823384,2024,44.37889412000004,0.13778433,-0.0066986782,-0.16895543
81.76857786346577,21.233305901912768,2024,51.88657505000003,0.09490014,0.077555075,-0.14053829
81.69760870253579,21.217703112797324,2024,40.23967190000002,0.31171492,-0.13130061,-0.28534642
81.7302519777196,21.217008790604346,2024,49.54010432000001,0.11079749,0.04254362,-0.121639825
81.68513492349928,21.1948244284147,2024,57.95185154000001,0.091010295,0.08879591,-0.1469534
81.64304334590392,21.364951062254942,2024,43.84739201000002,0.063521214,-0.047357295,-0.052897558
81.63389938089122,21.350444282082144,2024,50.285232680000036,0.07505055,0.039767697,-0.09923788
81.71834685345331,21.32029341289911,2024,49.26666272,0.12222008,0.04718331,-0.15373094
81.67960507854369,21.191905208182135,2024,58.01337590000003,0.11818089,0.066068955,-0.16470028
81.58860037395672,21.357134005999576,2024,47.092802000000006,0.1381158,0.024586244,-0.16162844
81.60782303034124,21.298282786661016,2024,53.342651570000044,0.068835884,0.012476295,-0.08353776
81.53493196562933,21.292264771474866,2024,42.43233172999999,0.19278467,-0.024548491,-0.19671977
81.66872115421522,21.218168546091484,2024,46.62966029000006,0.16013555,0.014206851,-0.17036869
81.70396329237232,21.19301928741105,2024,54.84828937999998,0.08437844,0.04346736,-0.12627307
81.5667237314061,21.353992104448885,2024,42.49556510000002,0.18946621,-0.009204011,-0.1911594
81.69288380318766,21.1328543283254,2024,55.92838370000004,0.14357173,0.03556878,-0.18296681
81.75243163472885,21.189586762923284,2024,49.734931459999984,0.13734753,0.07586226,-0.17889619
81.7512284039276,21.30195195047354,2024,49.77594770000002,0.10812458,0.07358581,-0.13852271
81.5979997564555,21.25784179756038,2024,43.43210257999999,0.10723499,0.017359212,-0.11470326
81.49649638512413,21.301165846936588,2024,50.975672720000034,0.105912626,0.060916126,-0.14924867
81.62402227829344,21.154192107576154,2024,50.963709650000055,0.1306159,0.03355334,-0.16358663
81.62936431201732,21.219590483332098,2024,47.30130122000003,0.111279935,0.00152771,-0.13411234
81.60455121542093,21.329530981697125,2024,49.15045004000001,0.11976253,0.022685755,-0.13993491
81.51661805707458,21.30034633718711,2024,52.016459810000015,0.09145775,0.07697493,-0.12705038
81.73525102971445,21.225688962240795,2024,45.87085984999999,0.1383961,0.036194637,-0.15608963
81.74345901914674,21.207276482762467,2024,48.94024181000003,0.1448383,0.04049882,-0.16670653
81.58850411601101,21.27529021515119,2024,43.76877754999998,0.15292424,0.04161343,-0.15831037
81.59613143492348,21.164715701266573,2024,46.39039889000003,0.23468088,-0.05775961,-0.24376553
81.62163164820946,21.118770800734413,2024,60.36497366000003,0.09248644,0.08046606,-0.14628892
81.68554371367537,21.368552104001914,2024,45.8281346,0.033914775,0.005252849,-0.052765477
81.57588378535696,21.188201198322826,2024,41.71796555000003,0.19853833,-0.053413577,-0.21385583
81.5159366298931,21.25102790111184,2024,45.170165750000024,0.10724556,0.012302674,-0.14553301
81.5851108136066,21.295697261308696,2024,44.90868722000005,0.1956055,-0.04738375,-0.17907846
81.59228227314178,21.180969227229408,2024,54.5269955,0.14229624,0.042772092,-0.19828713
81.58840838845445,21.285021079697135,2024,46.388689880000015,0.12382366,0.02178716,-0.14488026
81.56770328446153,21.229823172859465,2024,39.28262630000006,0.20878336,-0.033593975,-0.20400323
81.60153174285212,21.288192582945737,2024,48.33525227000001,0.0899719,0.04188063,-0.11101496
81.68302099447735,21.17611276546747,2024,50.582600420000006,0.01100943,0.014021338,-0.00684678
81.63394826198392,21.23829548619966,2024,42.95357978000004,0.08863053,0.031824894,-0.10392345
81.71258206217246,21.173446188102684,2024,54.99013721000006,0.11122136,0.05014767,-0.15096901
81.6748203134014,21.19179438625593,2024,55.18838237,0.14737591,-2.7917363E-4,-0.1739629
81.57335222867958,21.30670748104895,2024,49.615300760000025,0.08084731,0.0045723342,-0.08189769
81.56073981087349,21.28762082660421,2024,48.17118731000005,0.13565607,0.034671832,-0.15467845
81.55481159084101,21.29090216314804,2024,42.86129324000001,0.23662591,-0.068972856,-0.22216609
81.55675571641328,21.23794960347734,2024,48.14726116999998,0.11694636,0.036185857,-0.14378873
81.62518355251778,21.245504823098095,2024,42.07856665999998,0.13019226,-0.012762838,-0.14539836
81.61259074483137,21.358043393054785,2024,45.585455180000054,0.11730727,0.015498059,-0.14534067
81.68157960831896,21.257221898760946,2024,49.618718779999995,0.16326137,0.042761687,-0.18404798
81.68298069559114,21.365609532945513,2024,44.00974796000003,0.04458162,0.00809453,-0.04121496
81.7023701514649,21.173481553583713,2024,55.191800390000026,0.12905185,0.0497746,-0.16111079
81.6860481492542,21.237143972997345,2024,48.025921460000006,0.11910343,-0.023181485,-0.12770675
81.69614412718401,21.243987708158645,2024,53.839973480000026,0.09054161,0.056518774,-0.13239898
81.58939445830543,21.315942795085643,2024,47.28421112000001,0.09965257,0.017712513,-0.103204966
81.4897019852188,21.228192967387375,2024,53.057246899999996,0.086805426,0.09366977,-0.13166952
81.58402213197483,21.14939636823543,2024,44.20286609000004,0.18316384,-0.03160836,-0.22350007
81.63861088562979,21.25695857228233,2024,45.06249811999999,0.11121619,0.004793929,-0.13102572
81.64131249539369,21.284282385931473,2024,49.143614000000014,0.1571695,-0.044529963,-0.16747954
81.5894667752319,21.290992754261897,2024,45.865732820000005,0.087849446,0.04985677,-0.11864135
81.50298764925375,21.24872996785641,2024,47.91996284000004,0.14159964,0.04671683,-0.16482453
81.65098130039904,21.26880154470861,2024,49.844308100000035,0.23578654,-0.06678309,-0.23920114
81.73338039350148,21.18745961481337,2024,45.86402381000005,0.21459334,-0.02583444,-0.21909048
81.68524577003416,21.15015164520659,2024,56.15568202999998,0.12648612,0.04246659,-0.15926212
81.68258604406682,21.241321486957133,2024,51.42685136,0.20351613,-0.013327937,-0.21604274
81.63329482273049,21.36904585589705,2024,51.671239790000016,0.09304261,0.0281909,-0.10089897
81.5285444978167,21.264555939632295,2024,46.985134370000026,0.14597945,0.01856278,-0.17896895
81.55142350565977,21.293217999837253,2024,42.958706810000024,0.13379915,-0.014496947,-0.1509582
81.6624444611603,21.276350135947585,2024,48.453173960000015,0.078125,0.002671599,-0.11405288
81.70860913294162,21.264625809600947,2024,48.945368840000015,0.15343179,-0.021251744,-0.1696767
81.70359550978685,21.21063756379862,2024,47.63797619000002,0.17140996,-0.0010377968,-0.18911579
81.67166390373102,21.184316089782612,2024,55.540438429999995,0.12340188,0.045029283,-0.16115308
81.60305040694821,21.293875825755446,2024,49.29913391000002,0.066701286,5.270626E-4,-0.08649375
81.70270184784735,21.145267347889607,2024,55.42764377000003,0.10541192,0.10365376,-0.14151408
81.54865726337114,21.270918891588632,2024,41.957226950000006,0.21134967,-0.024509648,-0.2167585
81.6731270262106,21.333228767336514,2024,43.57907743999999,0.124128975,0.009848117,-0.13009064
81.57688344193497,21.338843855795314,2024,45.69141380000002,0.14878868,0.0049301563,-0.16757518
81.66152694264034,21.182867728639476,2024,56.02579727,0.115368135,0.048058756,-0.15295464
81.56392297827004,21.19766990508591,2024,46.07081402000006,0.16023834,0.022206185,-0.18752511
81.58988175178006,21.320834076884935,2024,49.15215905000002,0.09574967,0.042639278,-0.13415226
81.66832114960788,21.21235928840377,2024,49.839181069999995,0.11886149,0.06082574,-0.1314342
81.76250885645521,21.211178980778083,2024,48.73516060999998,0.14910696,0.03951243,-0.18062308
81.69885528809739,21.153711661267867,2024,56.47355789000005,0.0911352,0.05876137,-0.12528473
81.67101145189186,21.140961540111867,2024,51.94980842000001,0.2212025,-0.032939788,-0.23601815
81.64820001570352,21.19319837674359,2024,46.756127030000016,0.19200942,0.00394891,-0.20807017
81.6337568688989,21.239589757868956,2024,42.345172219999995,0.10473414,0.057444926,-0.11245895
81.6326692624839,21.269703957702525,2024,46.60060712000001,0.09146645,-0.0076077767,-0.1051051
81.56082451877474,21.188127800377682,2024,46.527119690000006,0.11639303,0.012466382,-0.14497964
81.59286441668633,21.287459313995083,2024,46.35109166000001,0.13686918,0.0021582495,-0.15945831
81.62487304623095,21.364384253640907,2024,45.20263694000005,0.14334525,0.010725335,-0.14230144
81.61111386696868,21.240153411269233,2024,41.87690348000001,0.24264127,-0.06897083,-0.230262
81.53289929771931,21.277220147034168,2024,48.96929498000003,0.14958967,-0.06886671,-0.179193
81.70304998115031,21.158595591006378,2024,57.008478019999984,0.08357838,0.07582771,-0.118499056
81.6902045106788,21.311812241172685,2024,47.43118598000001,0.13757187,0.03668811,-0.15815279
81.7029870137657,21.321494673303576,2024,43.30221782000001,0.15815535,-0.005292363,-0.1787138
81.56341031000589,21.285662682121,2024,46.92873703999999,0.0731887,0.10002794,-0.10515099
81.68982248146088,21.35829542418826,2024,49.56573947000004,0.106915794,-5.2776636E-4,-0.11225554
81.51578212960771,21.179125841094514,2024,48.583058720000054,0.13574593,0.03529862,-0.15592404
81.5814963565032,21.329472687111668,2024,37.720591160000026,0.2665835,-0.07905329,-0.23543724
81.75593754379851,21.208924082842792,2024,51.73447315999999,0.1379233,0.07818083,-0.16174085
81.58020301487207,21.256512795032638,2024,43.654273880000005,0.092205845,0.026868492,-0.12197779
81.70917723940379,21.276777036816892,2024,46.535664740000016,0.1671525,0.0034051521,-0.1811568
81.5437794212638,21.206202478061027,2024,46.47755840000002,0.12298155,0.032872885,-0.15681797
81.62689749261014,21.176546553416472,2024,44.50365184999998,0.13246305,-0.08163617,-0.12572396
81.685668195787,21.3031015832312,2024,47.88920066000003,0.15649025,0.0076272455,-0.16445033
81.66553897733178,21.35707734766761,2024,49.48883402000001,0.07985815,0.01174924,-0.062121946
81.73342250163677,21.19531022532736,2024,48.55571456000001,0.15363124,0.066956446,-0.18233052
81.66630378935169,21.201299620743704,2024,55.05337057999998,0.06705233,0.027878424,-0.120530166
81.54934923443363,21.34183035766745,2024,46.13917442000002,0.18443933,0.026982479,-0.19045486
81.52173708580193,21.189983263276513,2024,45.34619378000002,0.14393952,-0.014872866,-0.1804249
81.77227286245683,21.26735065576208,2024,50.141675840000005,0.12126644,0.055732414,-0.15566124
81.62708912080181,21.180080877124194,2024,48.30790811000003,0.15075405,0.006565247,-0.16506338
81.63707124221648,21.176368633081644,2024,54.59706491000003,0.1683505,0.010770295,-0.2020377
81.50818787126838,21.24978902022081,2024,44.971920590000025,0.17777903,-0.010548865,-0.19307926
81.76837715766861,21.282735557062335,2024,43.27145564,0.16090184,0.03164864,-0.17229228
81.5979929637858,21.193518006401515,2024,50.486895860000004,0.18040134,-0.0074185696,-0.20842603
81.64539764503998,21.263802700351313,2024,55.93180172000001,0.10236824,0.04910043,-0.13994084
81.55784147536866,21.23994399673998,2024,45.92383916000006,0.121172726,0.038865548,-0.18754056
81.58206604174116,21.13025386831039,2024,53.857063580000045,0.18075414,-0.008879097,-0.22330694
81.62006327006344,21.27805133155608,2024,47.95072502000005,0.087496474,0.0076293997,-0.117585726
81.55677242790888,21.25647665044844,2024,43.42526654000005,0.19580077,-0.06783119,-0.19656892
81.59603745255771,21.345302523402086,2024,43.23043940000002,0.14499938,0.0109428,-0.1719861
81.6401768693807,21.365706081068936,2024,48.49077218000002,0.12251489,-0.011336583,-0.12750405
81.63337536076679,21.16426258731232,2024,57.09734653999999,0.08617243,0.05124312,-0.10492231
81.61135471210864,21.124464216991232,2024,57.30584576000001,0.21438466,-0.030289676,-0.23023224
81.6868413079886,21.318823392131332,2024,42.69039224000005,0.14122054,0.016704632,-0.16930023
81.66618721812816,21.28607428584861,2024,35.064789620000056,0.28249466,-0.12342745,-0.2591277
81.74761502570674,21.3127035532063,2024,48.21733058000001,0.13477574,0.04100829,-0.15566197
81.62592648565968,21.262673815665817,2024,46.106703229999994,0.17460085,-0.047924466,-0.18152118
81.60926362670934,21.18260438970133,2024,43.17233306000003,0.24961767,-0.06175014,-0.25219226
81.58552959523325,21.129895088994026,2024,47.36966161999999,0.22778316,-0.08807586,-0.2311326
81.50456924669558,21.308773770809946,2024,49.44269075,0.14373693,0.024946755,-0.15750068
81.75161029151607,21.302080146782597,2024,49.57428451999999,0.1123719,0.07561292,-0.14238892
81.61492283036179,21.132253919142496,2024,58.08686333000003,0.11188519,0.060015313,-0.15434688
81.5742269469123,21.32715413314685,2024,39.53555978000003,0.20874797,-0.008396464,-0.19598667
81.57011448135054,21.22545837549137,2024,41.27191393999999,0.18167296,0.014491811,-0.1729899
81.60676242562278,21.268519539487254,2024,42.10249280000005,0.13277872,0.018724235,-0.15105204
81.61836286538288,21.255625812895346,2024,41.702584460000026,0.20820513,-0.043269232,-0.20546743
81.50062151137804,21.207068724296988,2024,44.71386008000002,0.14852028,0.0021398729,-0.16639537
81.6245694368102,21.21622151865421,2024,47.391878750000046,0.10669772,9.790546E-4,-0.13140053
81.54952071234611,21.17448739230016,2024,46.64504138000001,0.1277324,0.09049662,-0.17408793
81.62949117090157,21.222601190427667,2024,39.51505166000004,0.31835052,-0.15000297,-0.28569058
81.51178690301357,21.22263978591576,2024,48.96587696000006,0.11064751,0.053154364,-0.12521933
81.61516682894022,21.335806110920643,2024,44.74462226000003,0.14819856,-0.0053982055,-0.14266364
81.67374346148395,21.330419871896556,2024,43.965313700000024,0.116957724,0.021734755,-0.14592174
81.50609224941088,21.264764748097257,2024,43.90208032999999,0.19773684,-0.032802716,-0.19639689
81.64743754414224,21.351385529885274,2024,48.12846206000006,0.108063504,0.017765082,-0.120747216
81.58075065221168,21.364660306643266,2024,50.42537149999998,0.119604,0.042799193,-0.14259027
81.66554608993225,21.31123513291725,2024,48.309617119999984,0.1389622,0.021371007,-0.15514818
81.51595809922593,21.270661181596537,2024,47.615759060000016,0.16605796,0.015850663,-0.18314523
81.62103973425883,21.36535175885965,2024,40.294360220000044,0.26719096,-0.09507868,-0.23030052
81.69332239227093,21.155010829169658,2024,52.45567538,0.19250575,-0.03559235,-0.20914398
81.62035522586487,21.197491353865914,2024,44.33787788000001,0.24260889,-0.066097595,-0.24362616
81.51675295749385,21.298775754946554,2024,52.34288072000004,0.11152943,0.056271166,-0.13799946
81.62161361011532,21.152565626235596,2024,46.04517887000003,0.23259956,-0.08779028,-0.22103366
81.69848727771785,21.33897500960468,2024,43.33298000000002,0.106508344,0.048006758,-0.103307076
81.66556385098653,21.135144254214296,2024,55.83267913999998,0.08080602,0.04602977,-0.12167762
81.64586576638648,21.256611360731945,2024,46.10499421999998,0.122732244,-0.02516117,-0.14044236
81.5567542605692,21.2776432608261,2024,44.29686164000003,0.26297903,-0.10625081,-0.24490725
81.75721316682441,21.28655767104455,2024,47.74222580000003,0.12331457,0.06715586,-0.15857692
81.65156687014921,21.19981757945084,2024,39.95939426000001,0.0068364814,-0.019171622,0.016959209
81.70215541189133,21.186738528568515,2024,51.94126337,0.14192964,-0.00642559,-0.17629646
81.69837549089722,21.33458871427244,2024,46.32545650999998,0.11349325,0.012974406,-0.12338255
81.66401572749425,21.130239342247776,2024,57.06316634000001,0.10008149,0.059695113,-0.13952462
81.57461742601178,21.165234800079663,2024,49.95026672000006,0.094906084,0.06840095,-0.13087593
81.73558117824327,21.229146764556887,2024,48.14555216000002,0.1656245,0.030020013,-0.18348226
81.72084186104226,21.274056641328333,2024,45.00097376000002,0.15100242,0.020479778,-0.16617446
81.69299050988703,21.32554846301377,2024,43.37057822000003,0.12797575,0.019252403,-0.14387465
81.69688077054808,21.358195787557904,2024,51.44906849000006,0.09059418,0.04182033,-0.1122379
81.64385127886689,21.279580661125824,2024,46.976589320000016,0.20407082,-0.07632994,-0.20347892
81.5855398378545,21.300759025017946,2024,49.343568170000026,0.11772446,-0.001178643,-0.12077231
81.68561083130608,21.149284794644743,2024,55.49087714000001,0.106124476,0.057191722,-0.14470777
81.69045321966416,21.184164052507015,2024,53.92371496999999,0.112227395,0.06361346,-0.15479392
81.63849437532686,21.198469585183375,2024,47.76444293000003,0.13622974,0.01846829,-0.15925492
81.54038105508461,21.187481866443658,2024,49.010311220000006,0.14223929,0.0640982,-0.17392078
81.54776844187462,21.350356370398753,2024,46.357927700000005,0.09456588,0.052113958,-0.110484436
81.66771825037908,21.251463274594688,2024,48.09940889000001,0.1222216,0.01126821,-0.13229293
81.67425022552906,21.21055919668782,2024,52.60606826000003,0.12239011,-0.0072731758,-0.15287478
81.71021466960549,21.290009739790644,2024,45.80762648000001,0.13552631,0.0027368932,-0.15740806
81.71933007649643,21.26668413212812,2024,42.67672016000006,0.1471078,0.039580554,-0.1541263
81.54252305032308,21.327662971099706,2024,45.02148188000001,0.17785129,-0.004062175,-0.17632252
81.58832198875601,21.139346120346353,2024,54.55433965999998,0.1332268,0.04910966,-0.19142723
81.54467409953126,21.354859307168727,2024,48.47368208,0.1496138,0.056125157,-0.19082193
81.61088322276728,21.261387726254412,2024,41.900829620000025,0.1803303,-0.009939347,-0.18322854
81.6608802134093,21.332197995403156,2024,47.12698220000004,0.048627052,-0.0017867294,-0.06787291
81.59253972935818,21.326959798262994,2024,48.81206606000001,0.11829742,0.028041061,-0.14182238
81.62817441960114,21.13786347961459,2024,57.05120327000003,0.15336438,0.0371635,-0.17953315
81.58206729270113,21.212897658417987,2024,45.77686430000006,0.1446454,-0.0031571898,-0.16266865
81.72638247333327,21.175400276612617,2024,55.48916813000005,0.12777069,0.07657942,-0.16908537
81.69381763189661,21.229819511849108,2024,45.31030457000003,0.17023125,0.008261121,-0.1914495
81.66056879541458,21.264910941272607,2024,50.99618084000002,0.11066078,-0.0076165465,-0.13787863
81.58901871468171,21.12307850352115,2024,56.788015729999984,0.13841519,0.047109857,-0.19753419
81.70020586261334,21.26062765655532,2024,41.95209992000002,0.2546145,-0.051977936,-0.22938077
81.54035527301454,21.309463178345087,2024,36.86608616000001,0.21054631,-0.060630772,-0.21278094
81.54938964671717,21.28832404722073,2024,44.510487890000036,0.20259713,-0.025539618,-0.20833035
81.69111423409844,21.260678123227688,2024,44.90868722000005,0.16671035,-0.0013817037,-0.16253218
81.5485572744508,21.189910693083245,2024,49.50934214000006,0.14330073,0.051207535,-0.17433599
81.53779215522978,21.328905830420037,2024,48.730033580000054,0.12236086,0.032011207,-0.13645114
81.72092937636305,21.15994821320597,2024,55.08925979000003,0.12545656,0.06331909,-0.17065391
81.7092201839672,21.18243150668574,2024,52.95983333000004,0.10522651,0.039374344,-0.14242958
81.6428306075636,21.177267384161198,2024,54.405655790000026,0.106746875,0.056981076,-0.14623633
81.57621899549534,21.193403932045346,2024,46.13404738999998,0.19475025,0.01585216,-0.2065482
81.5447210012748,21.192700666124278,2024,48.95562289999998,0.1447334,0.052194357,-0.17414375
81.60110063316974,21.177723359102004,2024,48.113080970000055,0.14093062,0.015763065,-0.16092877
81.56303930303207,21.286801404273444,2024,44.889888110000015,0.066150844,0.112986974,-0.09580614
81.6042182161995,21.360427340598385,2024,41.904247639999994,0.082293905,0.0036823782,-0.11060527
81.62291882224828,21.320277953908917,2024,52.77867827,0.05713427,0.02806062,-0.07386735
81.53620794174363,21.216485629456667,2024,48.569386640000005,0.1163948,0.047234226,-0.15536481
81.69113398805953,21.30206682077798,2024,47.90799977000006,0.16571626,0.012170121,-0.17317206
81.75614724537344,21.19121236665947,2024,49.514469169999984,0.14460762,0.064338185,-0.17793047
81.53461743576709,21.290318821433765,2024,43.67649101000001,0.16602755,5.181515E-4,-0.18341993
81.53505736535044,21.275784249674636,2024,44.22166520000002,0.23067881,-0.012514933,-0.23898856
81.6487271711671,21.26008994279537,2024,45.07617019999998,0.12477418,-0.017394146,-0.1329842
81.60178137972109,21.16953029511525,2024,47.85331144999998,0.1834022,0.0100285215,-0.21963857
81.74551596300485,21.180938809791492,2024,57.70746311000005,0.12960257,0.08280935,-0.1699234
81.77223732795248,21.2575769201943,2024,43.99436687000002,0.18609546,-0.029632557,-0.19438556
81.7196808045983,21.31958413526533,2024,49.01543824999999,0.10664764,0.07447247,-0.14826326
81.71016644495708,21.331922238452737,2024,42.93648968000002,0.109435275,0.037970107,-0.15058026
81.49401764873792,21.284840432923733,2024,49.49567006000001,0.15237494,0.002363078,-0.18200518
81.58454582633831,21.3365142699191,2024,41.53168346000001,0.20980805,-0.019986903,-0.20110153
81.66913514212469,21.266580244458122,2024,44.48656175000002,0.100985356,0.01906194,-0.11940959
81.64260357515529,21.31974945718813,2024,48.36088742000004,0.09523335,0.07484673,-0.12109621
81.56391934150889,21.17335414105146,2024,46.10499421999998,0.2402679,-0.08413326,-0.24875912
81.61958859108721,21.282315657598748,2024,48.155806220000045,0.09472715,-0.012085207,-0.11100727
81.67705960102354,21.126975259341968,2024,57.550234190000026,0.09923896,0.07762389,-0.15036637
81.51523635138939,21.31020912825582,2024,50.025463160000015,0.11604988,0.031206705,-0.13590124
81.60634174350841,21.35450529743571,2024,40.89934976000001,0.14036347,0.028471928,-0.16452935
81.55631271319712,21.276349967353266,2024,47.05691279000001,0.12392806,0.04805083,-0.15597974
81.75220532809045,21.317682581781003,2024,48.2378387,0.11801332,0.042148683,-0.13769984
81.69207139571348,21.14341468169263,2024,56.55388135999999,0.09918604,0.08044821,-0.14542884
81.5798139600479,21.3678460744928,2024,51.92930030000002,0.12855276,0.06354554,-0.15773842
81.67948020212182,21.18918456321528,2024,57.890327179999986,0.118262835,0.07583042,-0.16070773
81.50534605693157,21.220349940246667,2024,46.595480090000024,0.13363804,-0.0023183925,-0.16490467
81.50800427414721,21.268281649420764,2024,45.011227820000045,0.17398797,0.017893473,-0.18002117
81.54510050627214,21.25757732455073,2024,42.43233172999999,0.17064233,0.012710003,-0.18531182
81.5531345194919,21.196422673229847,2024,49.030819339999994,0.11245778,0.038578935,-0.13569106
81.70676340960743,21.295925571620973,2024,48.34721534000005,0.111047655,0.06875299,-0.14640345
81.72904890654982,21.31148185555524,2024,43.33298000000002,0.1636403,0.008611675,-0.17304122
81.506747927274,21.29272738585922,2024,49.26324470000003,0.14227821,0.029478163,-0.16288483
81.70643242282604,21.185494484544524,2024,53.03502977000005,0.13957126,0.027969614,-0.16937311
81.55803410647673,21.2239730357232,2024,47.966106110000055,0.13767868,0.033482954,-0.16811797
81.5663249474367,21.24393117054718,2024,42.596396690000006,0.22357547,-0.040332906,-0.21884903
81.66948962657948,21.247578202546734,2024,46.64162336000004,0.13945244,0.0129226465,-0.15685192
81.74121996805255,21.243157811497454,2024,49.83405404000001,0.14077123,0.074904956,-0.1696327
81.68735356371545,21.309594854816197,2024,45.378664970000045,0.1070132,0.015085337,-0.11817651
81.65555076179923,21.18253762627736,2024,53.62805623999998,0.09498181,0.03444809,-0.13905992
81.64971602354635,21.305032739708814,2024,46.48952147,0.08316391,0.019851768,-0.10398453
81.54792806229334,21.31956725778137,2024,44.37205807999999,0.15110464,0.013165262,-0.18146126
81.62714634972835,21.161623181924014,2024,49.770820670000035,0.22499666,-0.08012918,-0.22052647
81.62544849335005,21.36052015003076,2024,43.10739067999998,0.15397096,0.004165354,-0.15070377
81.54577985667227,21.321863077798202,2024,49.07183558000003,0.14843869,0.025268765,-0.16586058
81.5695224387213,21.367346799600174,2024,49.49567006000001,0.14075091,0.034411035,-0.17602354
81.64339518979807,21.15164125222914,2024,58.16547779000001,0.12789075,0.052838594,-0.17087646
81.56215453118729,21.18494779788179,2024,45.36157487000003,0.15486161,-0.017891934,-0.19898504
81.61489686099104,21.176393831953543,2024,42.96554285000002,0.2785296,-0.073262274,-0.2709383
81.56146879620941,21.254843752671803,2024,42.88351037000001,0.20437089,-0.042166047,-0.19669865
81.62997851340847,21.159103685603544,2024,50.18781911000002,0.294005,-0.09510136,-0.28541157
81.51490669179717,21.241859966231747,2024,48.029339479999976,0.11746875,0.051504806,-0.1558351
81.65136780802395,21.314901323100475,2024,48.57280466000003,0.09875082,0.0052380953,-0.120364696
81.68275489686525,21.321947819285324,2024,48.44291989999999,0.14650369,0.05893151,-0.14553195
81.61037635342028,21.22192098630341,2024,47.865274520000014,0.10553422,0.011379283,-0.1285229
81.55629557362505,21.20527892309006,2024,49.061581520000004,0.1290951,0.053188916,-0.15858647
81.57765287569605,21.211977411974953,2024,45.122313469999995,0.15701598,0.0331684,-0.18424948
81.69867045317113,21.197264434422085,2024,48.92998775000001,0.088847764,0.044969928,-0.12033994
81.65945118075301,21.19593962828545,2024,48.96587696000006,0.11280106,0.001491045,-0.13171759
81.50198517545375,21.276463810638933,2024,45.54102092000005,0.14793654,0.026375491,-0.17895721
81.56822462739142,21.33081454615683,2024,38.37685099999999,0.17678614,0.012908124,-0.19108215
81.67007297904897,21.33572898934199,2024,48.04130255000001,0.11931523,0.010414273,-0.13229077
81.64036365167794,21.352818958062077,2024,49.35894926000003,0.087046996,0.022007136,-0.10997073
81.75501970254304,21.23584424301057,2024,48.854791309999996,0.15622638,0.011610766,-0.1700555
81.57578462057256,21.185500080878263,2024,41.98457111000005,0.17823204,-0.026871212,-0.21149985
81.73168886930425,21.27777574945094,2024,46.12208432,0.098616555,0.028999249,-0.12177066
81.73818680080842,21.180450721378403,2024,56.42912363000005,0.11204487,0.0698825,-0.15210283
81.73368614290699,21.34053738524178,2024,40.96087412000003,0.19924001,-0.053472847,-0.2120384
81.49763722433075,21.221699400336032,2024,49.66828007000004,0.13643035,0.03577667,-0.1587172
81.64648431990288,21.201082824104567,2024,44.78905652000003,0.1954757,-0.03562172,-0.19556293
81.62561637104201,21.120315497532822,2024,60.19749067999999,0.08787736,0.07839541,-0.1355824
81.59948360555538,21.26275038327981,2024,42.14692706000005,0.14300086,0.002977403,-0.15827417
81.61113757901401,21.147657386279796,2024,43.87131814999998,0.19872306,-0.0063169985,-0.22300509
81.6855632456351,21.147268618800837,2024,55.870277360000046,0.11408125,0.0516918,-0.15359378
81.6602453351809,21.23471523506298,2024,47.59012390999999,0.123256676,-0.008408118,-0.13417351
81.52180197508274,21.33457330405966,2024,50.712485180000044,0.11358453,0.08634942,-0.16593015
81.63325688930388,21.351546174912674,2024,49.78278374000001,0.09358038,0.025281,-0.10571924
81.63843695437566,21.353569021742988,2024,48.09086384,0.114063025,0.020809546,-0.114997484
81.66918256802448,21.16220426311722,2024,54.25355390000004,0.12163783,0.046432365,-0.16918439
81.50223554898375,21.211579226874175,2024,48.914606660000004,0.115842655,0.017789073,-0.13232422
81.6677461114397,21.23569202612555,2024,46.81936040000005,0.22079481,-0.031844284,-0.21417414
81.6626616081113,21.302052687490338,2024,44.96679356000004,0.18503375,-0.0063218577,-0.18863289
81.64812013913327,21.361131204344215,2024,54.10145201,0.041479185,-0.0062955837,-0.040839393
81.5763412415649,21.35898203294177,2024,48.851373290000026,0.15001868,0.030183924,-0.17437826
81.49254855171968,21.270630627916475,2024,47.097929030000046,0.14671391,0.03216064,-0.17564157
81.54638989468557,21.249429574997826,2024,39.48087146,0.23763974,-0.059947956,-0.23550779
81.5382137523332,21.30728628136391,2024,40.86175154,0.076128446,0.14489925,-0.12717724
81.67722202926025,21.147220426087525,2024,59.01998279000003,0.09364721,0.07080507,-0.13346228
81.68760212478605,21.288373055711585,2024,38.605858340000054,0.28304502,-0.13015527,-0.25550833
81.62956600725975,21.242179627149998,2024,41.95893596000002,0.12425054,-0.003264125,-0.13577142
81.61577848117486,21.122286466834296,2024,55.08242375000003,0.1551177,0.03594575,-0.18701589
81.63076323631304,21.248063263873405,2024,47.68411946000003,0.073905684,0.040160507,-0.10042885
81.56002422007494,21.171458416425,2024,42.314410039999984,0.22988227,-0.07914063,-0.23935184
81.52134609008586,21.23979343469085,2024,47.20046963000004,0.12010394,0.045336112,-0.1456489
81.57383426475275,21.247519553959624,2024,43.50388099999998,0.17874728,-0.0056335274,-0.19051658
81.70663900132261,21.25694352259042,2024,48.42070277000005,0.16740316,0.02347811,-0.18872268
81.62152358133564,21.37145560371373,2024,39.20742986000005,0.12893793,0.02862208,-0.181717
81.50318515049582,21.210701364603665,2024,49.91950454000005,0.10616544,0.06061694,-0.13661677
81.63695450495048,21.1225579827077,2024,58.213330069999984,0.14574787,0.0129480595,-0.17890966
81.70203852400644,21.274739421017138,2024,44.31736976000002,0.21888314,-0.07434611,-0.21148297
81.591050125936,21.37218980563546,2024,48.37797752000006,0.116624705,0.056995884,-0.11526606
81.5129432462405,21.280742749335996,2024,45.879404900000054,0.16788751,-0.016233766,-0.1765055
81.5198621532348,21.217399709640056,2024,38.70839894000005,0.21833415,-0.059125964,-0.20897712
81.65394286377214,21.3281790804922,2024,50.65437884000005,0.08513295,-0.00888762,-0.10379578
81.65237112366992,21.304561888252934,2024,45.50342269999999,0.17105491,-0.03422467,-0.17227417
81.59743164232825,21.312154667751763,2024,45.532475869999985,0.11499361,0.019241067,-0.12748538
81.7712273449366,21.252477579257036,2024,47.94730700000002,0.115710504,0.040887814,-0.14086564
81.70765418453999,21.309310242619993,2024,46.51515662000003,0.13736957,0.03734034,-0.16780962
81.62154802224175,21.2885737745844,2024,49.43927273000003,0.076781996,0.023530968,-0.09060204
81.69208307514775,21.17024778864394,2024,57.191342090000035,0.10867706,0.05168053,-0.14436533
81.70156624320882,21.195837311809687,2024,54.90297770000001,0.0906298,0.05816113,-0.13297872
81.7069494584559,21.27112171637326,2024,45.18212882,0.23279941,-0.06375321,-0.23375075
81.52145300521478,21.166839603565577,2024,47.06887586000005,0.19280118,0.020565264,-0.21703613
81.63779700795489,21.366485882816683,2024,48.94365983,0.11072276,-0.008671994,-0.12204451
81.63885244677603,21.158709444397427,2024,53.446901180000054,0.13464832,0.015415262,-0.16653655
81.62420627393192,21.206340598916633,2024,46.651877420000005,0.1777713,0.011737735,-0.18916434
81.59004347497545,21.167497712732445,2024,52.03184090000002,0.13188584,0.031290274,-0.15978901
81.74834945947174,21.31810520698141,2024,47.79691412,0.10270187,0.049773455,-0.11433447
81.72179985150095,21.252817968764283,2024,51.29696660000002,0.16319457,0.01093826,-0.18353695
81.73689213187458,21.24847555220404,2024,49.38971144000004,0.1435225,0.053299718,-0.16937168
81.63026625352083,21.353594767407202,2024,45.81104449999998,0.14859566,0.0139790485,-0.15159051
81.57501457149611,21.356706638040848,2024,47.619177079999986,0.16205952,0.010760644,-0.17220348
81.66316046070523,21.173315214031142,2024,56.26847669000006,0.13084786,0.042656403,-0.16411379
81.59878571467829,21.31620539833059,2024,49.182921230000034,0.09244892,0.029685609,-0.11409072
81.68715719187031,21.260222439168846,2024,47.00393348,0.085171565,0.007395183,-0.11500525
81.51068538066231,21.233183304308056,2024,49.994700980000005,0.12088886,0.024824176,-0.14892168
81.6271910961907,21.240794181459012,2024,34.99984724000001,0.022623517,-0.05043768,0.0019307886
81.77135754370909,21.25658974437087,2024,45.053953070000034,0.15090975,0.007578016,-0.17395742
81.70018577774925,21.312562496720776,2024,43.52780714000005,0.13878137,0.042088762,-0.1621068
81.7347474909696,21.20169537284277,2024,49.31964203000001,0.13204882,0.062070176,-0.16407882
81.62748057125432,21.138407912105144,2024,55.71475744999998,0.1541467,0.0124733895,-0.17650153
81.495690539146,21.220722098358337,2024,48.24296573000004,0.12870222,0.031606458,-0.15693584
81.77044568298977,21.276997360020655,2024,43.48337288000005,0.14692394,0.06238004,-0.1619713
81.72323020919899,21.156888772993273,2024,55.113185929999986,0.12826991,0.061251897,-0.1699809
81.64394948160421,21.250437228486252,2024,45.60767231,0.18495464,-0.07388552,-0.18188184
81.61569434610932,21.378749142343587,2024,45.29663248999998,0.13287804,0.0033638477,-0.15027428
81.72624183921766,21.233142365275857,2024,43.464573770000015,0.22328393,0.0019971076,-0.23611799
81.63321165122615,21.16490248671979,2024,57.39300527,0.08704113,0.047641188,-0.10020368
81.6373761693212,21.364773900530846,2024,50.42195348000001,0.092318445,-0.0038733284,-0.10226326
81.66309297075333,21.30971901520535,2024,47.56107073999999,0.16142139,-0.0010506542,-0.17437018
81.73925384417694,21.18044527668444,2024,56.745290479999994,0.050544824,0.022969127,-0.07654508
81.6046890187332,21.21045680408736,2024,47.542271630000016,0.16850913,0.05325057,-0.181812
81.55736682123563,21.16816604917211,2024,46.80568832000006,0.19922946,-0.03309537,-0.21087012
81.54002031998284,21.29204426606523,2024,40.986509270000056,0.18606715,-0.0620293,-0.19213825
81.50898470627745,21.184367905774156,2024,48.84966428000001,0.1290173,0.08155894,-0.16714619
81.6086962909701,21.142643222347367,2024,47.82938531000002,0.1837366,0.03059523,-0.21876626
81.51852048421303,21.19683473141663,2024,44.479725710000025,0.1649919,0.043149527,-0.19666794
81.68269866617649,21.14714712472027,2024,56.87346623000002,0.10230359,0.06319441,-0.14554289
81.73726512933486,21.184239575822488,2024,52.677846680000016,0.16392896,-0.006057498,-0.18412614
81.74932771402102,21.292062315939187,2024,46.93899110000001,0.1302446,0.04163447,-0.14265709
81.61115394879867,21.210688684115414,2024,49.98957395000002,0.14706722,0.053757746,-0.16994178
81.66628418458312,21.34871868148643,2024,47.34915350000006,0.083995186,-0.00837326,-0.06881823
81.62293161769989,21.19140919957191,2024,44.62328255,0.22330472,-0.047451563,-0.22662067
81.51391660544816,21.295295971880176,2024,50.17414703000003,0.13718563,0.034540337,-0.16748308
81.53517492267986,21.268295869894907,2024,48.54204248000002,0.16240348,0.03303259,-0.19172323
81.54072125307475,21.248146664646605,2024,43.978985780000016,0.15505558,0.015189211,-0.17151813
81.64365090470747,21.16249580595057,2024,57.69550004000001,0.12396723,0.05650029,-0.16588375
81.63641956904189,21.192182584436452,2024,46.094740160000015,0.1826206,-0.011233325,-0.20100756
81.51044977349348,21.255677492740638,2024,44.93090434999999,0.19640414,-0.033737462,-0.19680175
81.6345179400438,21.16138330300299,2024,52.40782310000003,0.1540581,0.037272457,-0.19069262
81.54326636390996,21.23683524031245,2024,39.74405899999999,0.27236128,-0.10216668,-0.24825834
81.65307821983596,21.211888081088684,2024,48.20536751000003,0.13575816,0.02182919,-0.15044414
81.64936579425003,21.263234741082265,2024,51.05086916000005,0.14179544,-0.026053032,-0.16171296
81.56537248180192,21.332774571093967,2024,44.98730168000003,0.20757987,-0.030973593,-0.1960894
81.74390719021547,21.196727131107156,2024,51.75156326000001,0.12509929,0.10860984,-0.15791625
81.67998557387737,21.21022240172534,2024,56.65642195999999,0.11568301,0.06826334,-0.15841335
81.70109895317442,21.3182820966602,2024,45.32568565999998,0.1020498,0.052014004,-0.12946747
81.61366436216876,21.218034928288837,2024,48.27030989000002,0.16849361,-0.029419037,-0.18647267
81.56118389686033,21.304415728807285,2024,48.413866729999995,0.1126239,0.03952212,-0.13842857
81.7208296896411,21.15763834532872,2024,55.649815070000045,0.09189621,0.07553,-0.13653374
81.59448462193198,21.20918428119377,2024,39.99699248000002,0.21737073,-0.028857099,-0.2161312
81.67426341631959,21.174138157575406,2024,57.864692030000015,0.11578128,0.072418064,-0.16151324
81.71999082179704,21.325331077631407,2024,48.950495870000054,0.11086451,0.06717917,-0.14728794
81.58618746798128,21.330813776425146,2024,40.64641628000004,0.20629075,-0.04596554,-0.19062583
81.52249303818438,21.296685428175543,2024,50.33821198999999,0.12675774,0.03819557,-0.14664333
81.61365933709205,21.17132676763496,2024,43.5209711,0.24250196,-0.06151666,-0.24235326
81.6799902592768,21.204128701500363,2024,51.99766069999998,0.10010668,0.015460425,-0.13205142
81.50557516117347,21.268813972897707,2024,44.34642293000002,0.18098997,-0.004118714,-0.18197961
81.59498444600567,21.330862217398018,2024,47.49954638000003,0.14849658,0.019959703,-0.17254888
81.59068177274797,21.179182435841106,2024,47.58328787000005,0.122133166,0.0074824872,-0.15746047
81.72582273432039,21.232135950237332,2024,52.39415101999998,0.1392405,0.04095904,-0.178597
81.56891793633108,21.263594530817546,2024,47.94901601000004,0.11768276,0.051938858,-0.13252734
81.55239758535724,21.300231299710315,2024,42.54512639000001,0.2240834,-0.06601036,-0.21915485
81.68068883510705,21.144015098440796,2024,58.27143640999998,0.119791664,0.038357727,-0.15642852
81.62627701343037,21.148174483389678,2024,57.69550004000001,0.11205732,0.0407417,-0.14575604
81.713521624332,21.15480022739939,2024,54.93715789999999,0.15500095,0.023378158,-0.18966013
81.50794379987512,21.257477050578093,2024,48.26860088000001,0.16850096,0.017904844,-0.19464508
81.65892058431811,21.264437900789286,2024,51.39608917999999,0.10182338,0.051286787,-0.12355536
81.73788820466936,21.28804292933958,2024,49.03765538000005,0.12789465,0.051848084,-0.15414101
81.7607560924811,21.246389939157815,2024,49.99811900000003,0.12648752,0.056069292,-0.15423466
81.56877633954693,21.29349776277469,2024,47.91483581,0.120352775,0.05988177,-0.15279622
81.618482058763,21.275520488159508,2024,46.01612570000003,0.10808829,-0.025425848,-0.12242505
81.59495549160515,21.232676742173552,2024,44.13621469999998,0.15528181,0.0072694807,-0.16622968
81.66696142876748,21.36249535981432,2024,42.53316332000003,0.11290896,-0.025015352,-0.120229095
81.67636543514853,21.2031685345543,2024,53.80579327999999,0.1312092,0.014314422,-0.16306727
81.6928629520297,21.176353432834595,2024,56.61540572000001,0.11387841,0.05775368,-0.16541208
81.57334417336612,21.306077782897418,2024,49.64093591000005,0.09823175,0.027377576,-0.11005509
81.68711546097167,21.204114304675706,2024,48.50273525,0.12715815,0.06610735,-0.15628211
81.66331482550812,21.351609798881576,2024,43.996075880000035,0.16561149,-0.045548897,-0.14851144
81.71471988610509,21.14735353148684,2024,57.95185154000001,0.08337678,0.084204234,-0.12857614
81.58249843180117,21.37531100597386,2024,50.866296079999984,0.11736645,0.05573165,-0.14151786
81.64873430515169,21.265220314372876,2024,53.44006514,0.12464378,0.03832207,-0.1610395
81.658037817711,21.33910762372535,2024,42.56050748000001,0.09638071,0.010394408,-0.10686219
81.71526054610133,21.24349711547305,2024,47.12185517,0.115513675,-0.015673548,-0.13365316
81.7289156403035,21.23736505511896,2024,49.73834948000001,0.15472774,0.06625599,-0.18750647
81.69188750898422,21.36423234492433,2024,43.51071704000003,0.08360622,0.039426785,-0.09444863
81.68420218079545,21.343565548488158,2024,51.05941421,0.07944712,0.06042739,-0.1088631
81.65612439414342,21.342741786898003,2024,45.06249811999999,0.10962588,0.026145427,-0.12941763
81.52773930303853,21.201788439596026,2024,45.94263827000003,0.14714447,0.009703453,-0.16558613
81.58903224224244,21.296374536994882,2024,44.15672282000003,0.21640353,-0.06816954,-0.19793223
81.60147637696555,21.373856790566318,2024,45.90674906000004,0.19118258,-0.036523435,-0.19867633
81.53347863065395,21.211508156236395,2024,48.33012524000003,0.16719478,-4.5776367E-4,-0.18534186
81.59689950175266,21.22936663380982,2024,45.18212882,0.113061294,0.041829567,-0.14235649
81.76555366127853,21.275763074498308,2024,50.70394012999998,0.11588271,0.059303988,-0.16389287
81.65707874523218,21.137853460198397,2024,58.62861950000001,0.115424804,0.0734578,-0.15725836
81.71767149789383,21.255679124035623,2024,45.710212909999996,0.18807201,-0.014676644,-0.20046687
81.63654764628232,21.142690978676264,2024,55.777990820000014,0.09944695,0.03111287,-0.12305351
81.6636454438807,21.376061612008797,2024,43.92087944000002,0.08674259,0.004635591,-0.07945818
81.61959719642867,21.343209713782468,2024,47.468784200000016,0.08659464,0.03197747,-0.10683569
81.61255789913112,21.217320076668145,2024,47.76786095,0.17429191,-0.0555804,-0.19635092
81.54533049289601,21.337092196652257,2024,49.27349876000005,0.14359657,0.051422995,-0.1509985
81.69722450694759,21.18077710500912,2024,51.12777461000002,0.10992851,0.010516328,-0.13960478
81.70150252055585,21.182584617217508,2024,51.68149385000004,0.09813466,0.021496866,-0.12782806
81.62871340013685,21.33518697642463,2024,47.69437352,0.13736188,0.005376065,-0.14892173
81.69646546567775,21.175315126024397,2024,52.36851587000001,0.1340841,-0.010029657,-0.16608454
81.64202677300159,21.259302055801328,2024,44.11912460000002,0.24758424,-0.091670156,-0.22921458
81.70226307231898,21.14013397911976,2024,54.61415500999999,0.20535015,-0.033849187,-0.2255197
81.70791440037327,21.192701746361035,2024,53.89807982000002,0.09238897,0.027892496,-0.12715486
81.51657286624624,21.28086205119137,2024,46.366472750000014,0.15055142,0.0115593225,-0.16975228
81.69417095403875,21.23770165362753,2024,51.35165491999999,0.1788329,-0.072090186,-0.18277693
81.57353976669002,21.31721691353636,2024,48.23100266000006,0.11766906,0.038951807,-0.14034347
81.5962056223231,21.121186653605534,2024,53.778449120000005,0.15851289,0.017529516,-0.21700299
81.68980308217759,21.14917520743308,2024,58.05097411999998,0.09470273,0.031589005,-0.12229537
81.6166343405278,21.168714496123748,2024,44.583975320000036,0.2317332,-0.096990205,-0.20936693
81.6541191212175,21.18104287438131,2024,57.022150099999976,0.12186515,0.041240282,-0.163336
81.74999819741802,21.268794429902563,2024,45.84009766999998,0.22243385,-0.050361343,-0.21555685
81.76029340287408,21.290652792289784,2024,47.33206340000004,0.1603457,0.031486038,-0.17766847
81.57202443624257,21.24984377826173,2024,42.54341738000005,0.21084593,-0.015762907,-0.21955754
81.72963989620563,21.16610168057076,2024,53.99720239999999,0.09755753,0.051863387,-0.14252599
81.67195621980322,21.191528682295065,2024,54.41590985000005,0.14062384,0.048157047,-0.16879682
81.65791088103667,21.1460662712321,2024,53.73743288000003,0.16288094,0.011328624,-0.1827981
81.58752791550644,21.313520218407184,2024,45.27783338000006,0.109681815,0.013144437,-0.12174643
81.55209040080405,21.193711311099797,2024,50.76717350000001,0.124910675,0.062068965,-0.15633091
81.55980542966418,21.357217523870055,2024,48.98638507999999,0.13825993,0.050363902,-0.15373732
81.5186501460186,21.260141082793083,2024,47.80887719000003,0.107887544,0.043353412,-0.1339815
81.58181882108401,21.345551977150453,2024,44.47288967000003,0.1637262,0.023785222,-0.17927065
81.58668784792071,21.24708197361813,2024,43.18600514000002,0.18965103,-0.017342059,-0.200859
81.60919197926545,21.221222993318424,2024,48.376268510000045,0.08368054,0.018799137,-0.11364577
81.74064421803463,21.24557036445226,2024,50.49544091000001,0.14836924,0.06100563,-0.18009993
81.57005076404177,21.22675555612184,2024,43.25778356000001,0.16523124,0.032814763,-0.16678064
81.54787062867965,21.349897187640593,2024,46.84328654000001,0.08395419,0.03708136,-0.100852005
81.75767411771675,21.24651328717619,2024,49.196593310000026,0.13823578,0.049533997,-0.1635493
81.69456745205864,21.244021150082705,2024,52.48301953999999,0.10384387,0.0385377,-0.14513788
81.59722553092755,21.29581741908384,2024,49.018856270000015,0.0935059,0.033699133,-0.115035556
81.61796296723143,21.307755441633173,2024,45.978527480000025,0.08200413,-0.0023250256,-0.07446833
81.53934495702853,21.26833648556161,2024,47.80716818000002,0.15091969,0.02557427,-0.17545001
81.71579807733328,21.320285027373334,2024,47.83451234000006,0.12722507,0.016458808,-0.1561183
81.5625750249208,21.20942257357229,2024,47.171416460000046,0.13888288,0.060020223,-0.17004183
81.66255017507693,21.23428335578614,2024,47.66019332000002,0.1088717,0.0178514,-0.12983793
81.52367789360758,21.249004127225874,2024,45.61963537999998,0.089230046,0.03750931,-0.122960925
81.64111411840395,21.252759619329012,2024,45.10351436000002,0.17931952,-0.029840635,-0.18626559
81.57098553382278,21.263374220015226,2024,47.287629140000035,0.13079868,0.01901475,-0.15642811
81.6134051067952,21.25175960373205,2024,42.48189302000003,0.17157952,-0.011450142,-0.1820889
81.55973710604782,21.243599671709717,2024,44.394275210000046,0.15970995,0.03021344,-0.18397112
