longitude,latitude,Year,LST,NDVI,NDBI,NDWI
81.55702018058663,21.178393851755413,2023,49.244445590000055,0.12238497,0.041693576,-0.14874816
81.64803642620063,21.24326947806197,2023,39.45865433000006,0.17854577,-0.045693964,-0.18118083
81.5364507191464,21.295511611385876,2023,41.59662584,0.21740802,-0.047294617,-0.22045787
81.5898481218558,21.165810307670377,2023,50.48176883000002,0.11980704,0.049342155,-0.1551116
81.49651446262969,21.264501906822254,2023,38.906644099999994,0.2919506,-0.12594604,-0.26970032
81.71259364518578,21.319762922116496,2023,41.796580010000014,0.11067386,0.062242895,-0.14471677
81.62663484544487,21.232946586020578,2023,43.63889279,0.09420018,0.004097381,-0.11646156
81.65868468649236,21.24154010067345,2023,40.96429214,0.08764971,-0.010663804,-0.10874259
81.57320025818653,21.256160808556825,2023,43.891826270000024,0.151918,-0.020051414,-0.16368343
81.64538053436634,21.24176620699931,2023,40.31657734999999,0.13099413,-0.029305967,-0.14528438
81.68495149409831,21.235884254976668,2023,43.14840692000001,0.13607536,0.027916314,-0.15897532
81.64024013469614,21.255174749317234,2023,38.11024544000003,0.12938108,-0.0062617003,-0.14835073
81.72415010371883,21.232304383129524,2023,43.29879979999998,0.13766186,0.025263092,-0.1633344
81.68455562750782,21.13425405810118,2023,51.07308628999999,0.119944,0.075411595,-0.16719456
81.74282244276601,21.315755301337926,2023,43.568823380000026,0.113847435,0.067416266,-0.1478471
81.57427633486647,21.311748940757017,2023,43.38425030000002,0.11711255,0.037260972,-0.13432324
81.63987122351382,21.326145259293124,2023,40.472097260000055,0.04243808,-0.008015359,-0.038777325
81.69537697681106,21.20182114824312,2023,49.58282957000006,0.072530836,0.055820156,-0.13278009
81.55535708428418,21.242192202994207,2023,43.19967722000001,0.17426068,-0.0013048868,-0.19250943
81.53035335729065,21.28089348483019,2023,50.695395080000026,0.123353094,0.05329632,-0.14710952
81.69794747931876,21.32556357940541,2023,43.953350630000045,0.11733895,0.016200947,-0.14291927
81.54580602126613,21.21891036125095,2023,47.174834480000015,0.108286574,0.03832014,-0.13506117
81.68977263983285,21.132725689063655,2023,51.97031654,0.12932505,0.06694936,-0.1713469
81.55041926008857,21.24676901469852,2023,49.239318560000015,0.116254084,0.05954039,-0.13721527
81.6866575917718,21.150244216507648,2023,47.56961579000006,0.10096687,0.063186996,-0.13380943
81.60084865093819,21.27852546742442,2023,49.17950321000001,0.09577277,0.0047384123,-0.11021686
81.64228739182798,21.27478402438701,2023,41.15228324000003,0.19574331,-0.04542731,-0.19036919
81.59225850159072,21.37399406610401,2023,45.122313469999995,0.11559904,0.04481009,-0.14994672
81.57282532580037,21.2603350837669,2023,44.428455410000026,0.061320934,0.031979978,-0.09791244
81.5469349830569,21.24255282267882,2023,37.44544055000006,0.17196421,-0.07531762,-0.14774065
81.53585292361228,21.276614978427588,2023,48.29594503999999,0.16642088,0.028166352,-0.19460905
81.63505095649121,21.277703446743107,2023,43.70554418000006,0.07445553,0.013308411,-0.094051816
81.56843645569496,21.170071216189402,2023,45.96485540000003,0.14318551,0.02119478,-0.18145603
81.5771061974977,21.24308022887342,2023,41.757272779999994,0.07513774,-0.045717537,-0.06805522
81.60254358567016,21.271251707556576,2023,42.41011460000004,0.08625694,-0.0076165562,-0.099848844
81.59263771293581,21.346302467277773,2023,48.68559932000005,0.06451741,0.0042972513,-0.09988951
81.71184960048532,21.193583212560938,2023,47.52347252000004,0.1455639,0.039485827,-0.16806285
81.65026563158605,21.3302395611071,2023,45.24023516,0.13735443,0.016233824,-0.14608039
81.64900309447046,21.36204080275643,2023,48.11820799999998,0.049374267,0.0029725963,-0.055151395
81.57269817955083,21.201060529699088,2023,47.299592210000014,0.11569698,0.022736682,-0.16067591
81.57860053849176,21.238636191780632,2023,44.45238155000004,0.14672557,0.0113256285,-0.1670087
81.49800342215238,21.23350281448119,2023,43.66110992000006,0.14775565,0.031614754,-0.17201133
81.56180122531883,21.365788618362195,2023,47.44485806,0.10861733,0.039488275,-0.14117219
81.56221727639878,21.300183902295448,2023,46.63136930000002,0.13911441,0.03141466,-0.1619924
81.50340535699786,21.286963565970208,2023,43.78074062000002,0.26605794,-0.11942124,-0.25058568
81.72486702330444,21.245322843546944,2023,44.824945730000024,0.15997481,0.0035160289,-0.1800814
81.63938043698964,21.292487512987215,2023,45.54785695999999,0.06744725,0.027015008,-0.08860235
81.66877256727851,21.24541403232235,2023,40.90105877000002,0.11752882,-0.014039726,-0.1361557
81.53302088022747,21.277715813146937,2023,50.401445360000025,0.1400524,-0.14706416,-0.19996196
81.61021254503339,21.347421086900862,2023,46.62453326000002,0.09329323,0.03696516,-0.11401312
81.55272753082322,21.314332800898317,2023,42.81344095999998,0.20890799,-0.036826055,-0.21441187
81.61410819827634,21.289276474221154,2023,50.66292389,0.050498955,0.014537293,-0.06860187
81.59162638178292,21.23966375221768,2023,41.66840425999999,0.19079284,-0.047006696,-0.19680122
81.52276552646931,21.21149451600381,2023,41.07708680000002,0.13191357,0.039613463,-0.15286827
81.66332420171499,21.203030088590943,2023,47.728553720000036,0.107014515,0.053782597,-0.14682451
81.57792434523898,21.28531530715112,2023,41.55902762000005,0.16180049,-0.026105296,-0.14908977
81.5676226855256,21.18868202006896,2023,50.26130654000002,0.107687496,0.08939535,-0.1414756
81.7285505532883,21.230781320286457,2023,43.42355753000004,0.1504598,0.007266006,-0.17582002
81.59837388587619,21.22978647993922,2023,40.29265121000003,0.09538973,0.022403967,-0.13181129
81.65675572891676,21.201676888971065,2023,43.75510546999999,0.20595212,-0.017127959,-0.21648961
81.63052967103897,21.24487368818629,2023,40.54729370000001,0.15668133,-0.049961276,-0.16099566
81.50305235082305,21.299613584799726,2023,46.16993660000003,0.24421018,-0.08578995,-0.23079354
81.58223081581001,21.229084688296957,2023,44.23533728000001,0.16964018,0.01787625,-0.190796
81.62075240319338,21.24936285291427,2023,43.94480557999998,0.06781578,0.023013523,-0.09646418
81.74872587507011,21.266320456261855,2023,47.56448876000002,0.09258367,0.06368314,-0.13400397
81.52852060949678,21.273321967301612,2023,48.803521010000054,0.16150278,-0.02114889,-0.17724636
81.57472511912817,21.16429162099055,2023,49.27691678000002,0.13595319,0.05316715,-0.16043097
81.73335319729989,21.273165332351237,2023,47.055203780000056,0.10427055,0.052747875,-0.14051157
81.70792514995624,21.264656094124692,2023,41.555609600000025,0.19899431,-0.04154555,-0.20395775
81.6444034809998,21.343395291774755,2023,42.83053106,0.07273513,0.015298606,-0.09215074
81.6233390714087,21.139095081498567,2023,46.91848298000002,0.22547422,-0.06040573,-0.2277042
81.67610915584282,21.314604606708595,2023,45.35302982000002,0.11779859,0.0322101,-0.13941418
81.55121749343999,21.207100830072196,2023,47.10647408,0.09723763,0.06842885,-0.14244598
81.67300236838084,21.133795627578536,2023,45.57007409000005,0.20657538,-4.910641E-4,-0.22208086
81.62609589643532,21.304511641915504,2023,45.6230534,0.052364588,0.025716774,-0.081249215
81.56424002927022,21.17302605592006,2023,43.15182493999998,0.19610867,-0.01942993,-0.21488497
81.59165284231277,21.218715115854277,2023,43.045866320000016,0.10542053,-0.0026076979,-0.12636225
81.62116733309446,21.378276047397215,2023,42.61519580000004,0.15227859,-0.014155181,-0.1740325
81.64907831254519,21.332705980164427,2023,43.244111480000015,0.10676143,0.0042352313,-0.14310971
81.57115317069793,21.313030450388826,2023,43.06979246000003,0.12059789,0.046536274,-0.15105459
81.66623625765106,21.36262225854911,2023,45.158202680000045,0.11910222,-0.018653402,-0.11356023
81.58860721138589,21.19667197893525,2023,47.67728341999998,0.121680774,0.032408282,-0.15722135
81.69829210023592,21.359821588809723,2023,44.842035829999986,0.08518421,0.04331638,-0.11655156
81.554461327335,21.342825517401106,2023,43.90037131999998,0.15298268,0.026668472,-0.16948602
81.67396903933432,21.18191448738084,2023,48.04813859000001,0.16919115,0.041264627,-0.19581519
81.5206011088137,21.246456254434555,2023,44.21482916000002,0.16938326,0.008078817,-0.18889983
81.6963859598757,21.17750605543438,2023,47.94047096000003,0.13413554,0.04133836,-0.16380993
81.70034745162992,21.169560528108253,2023,43.63376576000002,0.16851775,0.008410079,-0.19657136
81.73770658318563,21.326048301444658,2023,44.46263561000001,0.10863805,0.08230856,-0.1483989
81.52195502456762,21.19605278251403,2023,42.56734352000001,0.11653433,0.03482386,-0.14597316
81.57757818824982,21.324175217240946,2023,45.559820030000026,0.04511825,0.062560454,-0.05171239
81.68294835485038,21.314323199910987,2023,45.54443894000002,0.13510534,0.018004054,-0.14748617
81.72703360320821,21.15377380215939,2023,47.861856500000044,0.15026602,0.05151003,-0.18672381
81.62491569895845,21.31485545301903,2023,48.44291989999999,0.10113507,0.010360225,-0.12438589
81.6102556265048,21.371172577647588,2023,46.37501780000002,0.10264089,0.03839631,-0.13173653
81.49484362404513,21.224554125129025,2023,43.24069345999999,0.11928069,0.025289679,-0.15151063
81.67439462224566,21.156068316601072,2023,46.414325029999986,0.2342088,-0.06331718,-0.24481419
81.59902368101415,21.285138872108128,2023,49.95026672000006,0.07674167,0.019839354,-0.10653337
81.5187595269797,21.332686311682412,2023,43.99778489000005,0.101367764,0.07029244,-0.13904166
81.71317393699759,21.24622707890439,2023,46.34425562000001,0.13268314,0.039615385,-0.16009137
81.62269464956907,21.265515867992846,2023,42.80660492000004,0.0709137,0.005050694,-0.09134931
81.64662041330718,21.27230531741191,2023,37.89491018000001,0.34679785,-0.16080461,-0.31794992
81.6310481983948,21.183581191379318,2023,48.88726250000002,0.15370093,0.038882066,-0.18202917
81.61532616093437,21.29938430631156,2023,47.33206340000004,0.06550598,0.023845602,-0.071850784
81.69254912803783,21.224549711153085,2023,41.47528613000003,0.18716983,-0.057651706,-0.19697937
81.58859701547567,21.341735738565287,2023,47.26712101999999,0.11791993,0.028638203,-0.1456078
81.74878869667515,21.250355275214158,2023,45.594000230000006,0.12540692,-0.0011031439,-0.1446816
81.64187400306523,21.18526758877053,2023,45.594000230000006,0.15604804,0.043428347,-0.18308859
81.56804134485691,21.330089958057087,2023,45.92042114000003,0.0922491,0.037567798,-0.11930128
81.5587607850772,21.223125827257796,2023,45.82471658000003,0.1378568,0.039864045,-0.17785765
81.69021654353459,21.143255883891094,2023,48.80010299000003,0.19433177,-0.022294845,-0.21489255
81.70736620175325,21.300752867811095,2023,46.72194682999998,0.09313904,0.06654668,-0.13082215
81.6325132624881,21.17030032400489,2023,48.162642259999984,0.18820797,0.017332328,-0.20938352
81.60666824588452,21.240612336772916,2023,41.49750326000003,0.11973098,-0.026196022,-0.13333598
81.68607917871208,21.32143384310733,2023,42.647666990000005,0.12662204,0.019290283,-0.1486971
81.5574165068775,21.337489150536285,2023,40.43279002999998,0.21474731,-0.081983276,-0.21296042
81.55962584084023,21.163410781877015,2023,52.267684280000026,0.10297715,0.08582765,-0.15009746
81.77145792719335,21.226083133157,2023,46.30494839000005,0.12547585,0.03809722,-0.15706877
81.5010443674584,21.22226826739421,2023,42.907436510000025,0.08920603,0.06993168,-0.12622556
81.62984541538322,21.188290542589023,2023,45.46753349000005,0.15756218,0.025634682,-0.17915614
81.67605159436344,21.17288789058122,2023,52.652211530000045,0.102575384,0.08360157,-0.14939533
81.58965751049827,21.288172277847558,2023,44.43016441999998,0.14424211,-0.0036773155,-0.14504217
81.56093887269567,21.198991362244378,2023,47.57986985000002,0.17921886,-9.76501E-4,-0.19721203
81.62876991193939,21.25422868953479,2023,44.10203450000006,0.08407981,0.05181748,-0.10541377
81.58037546524072,21.337465034674512,2023,45.12914951000005,0.12335619,0.03984902,-0.15534566
81.72667188432189,21.197779969892252,2023,46.22291590999998,0.110763125,0.017412174,-0.14118418
81.57628343625379,21.30418281637567,2023,45.47607854,0.07060582,0.02599792,-0.084673285
81.70075062361494,21.156634632949405,2023,48.02763047000002,0.16893671,0.043904945,-0.19943453
81.64824088994881,21.337244605845644,2023,42.709191350000026,0.13195021,-0.01056231,-0.13939342
81.54313970733239,21.200406759004046,2023,42.950161760000015,0.105581395,-0.078591526,-0.10235125
81.74011020420974,21.17129795528368,2023,49.6050467,0.13752152,0.060465664,-0.17668661
81.58572862231897,21.29074754702898,2023,44.40282026,0.21568292,-0.072898604,-0.20091131
81.49909601606255,21.306783509201296,2023,46.30153037000002,0.12931052,0.054685,-0.15184577
81.63465590231588,21.13222428393116,2023,47.844766400000026,0.23972854,-0.07642815,-0.24159594
81.66122130537858,21.28226297098098,2023,38.59731328999999,0.11992715,0.0094994055,-0.13000627
81.6596457497866,21.280837412855483,2023,39.762858110000025,0.11898964,0.039211866,-0.1331369
81.69769485122187,21.29032732346214,2023,41.28900404000001,0.09659195,-6.3602586E-4,-0.12278856
81.70324993720587,21.322951198524308,2023,43.365451190000044,0.13788721,0.011318151,-0.15548566
81.64151902796647,21.21569271153129,2023,44.700188000000026,0.07625063,0.020397842,-0.10721567
81.61219883712351,21.321544882561312,2023,44.570303240000044,0.14925627,-0.05431011,-0.14623602
81.70167745488621,21.174495866997425,2023,46.23146096000005,0.14914444,0.014926337,-0.17835772
81.49245145575897,21.257630003983646,2023,44.51903293999999,0.17228757,4.6486917E-4,-0.18591183
81.70809939657317,21.307450562963798,2023,45.161620700000014,0.09826069,0.041810974,-0.12162501
81.71449745396211,21.244957177219703,2023,45.42651725000002,0.12300539,0.03526066,-0.14363636
81.64630284669705,21.36587820346935,2023,39.92008702999999,0.030179363,0.011386438,-0.03500291
81.53553266101105,21.282149857899913,2023,48.40873970000001,0.15227148,0.014776667,-0.16972385
81.60861022654043,21.37457154699303,2023,47.398714789999985,0.14685808,0.021289416,-0.16588245
81.73846224737206,21.272167235870253,2023,46.094740160000015,0.13182795,0.039890543,-0.1668545
81.54025822874142,21.31315633710662,2023,40.08927902000005,0.21907333,-0.051907267,-0.20683374
81.70226561279293,21.211819402183345,2023,45.32055863000005,0.15134396,0.02016129,-0.17476432
81.5168877488084,21.23993814462725,2023,46.62453326000002,0.1238345,0.04844728,-0.15899786
81.5500488483814,21.186348379194445,2023,50.03742623000005,0.083680294,0.097128876,-0.1382663
81.51519671321216,21.249537524431613,2023,46.443378199999984,0.120527536,-0.0062506855,-0.14124621
81.6607531273613,21.22182390637818,2023,41.99311616,0.16445096,-0.058655586,-0.18208385
81.65689156005497,21.31213014587409,2023,40.75408391000002,0.10687725,0.022413326,-0.13149284
81.59293544668523,21.138101225465164,2023,41.261659880000025,0.24443556,-0.067495175,-0.24554358
81.66637125855291,21.323260609381187,2023,46.39552592000001,0.097611256,0.023481607,-0.12013529
81.66501715948456,21.192720823790594,2023,46.807397330000015,0.16018994,0.02353082,-0.18725999
81.61519603287424,21.218879950353124,2023,43.922588450000035,0.13210888,-0.020834964,-0.15582575
81.71007599518423,21.34527245550221,2023,48.61211189000005,0.08663696,0.069765925,-0.12347429
81.70311167687686,21.253073215552988,2023,45.679450729999985,0.14719585,0.030192941,-0.17414205
81.71293533772386,21.200576577381305,2023,46.932155060000014,0.11623336,0.07351085,-0.15506688
81.61510873290517,21.274899919419116,2023,46.323747500000025,0.11148093,0.010287856,-0.13728176
81.62295916195768,21.322737948132584,2023,44.65575374000002,0.07693594,0.02524316,-0.101719566
81.60092425330087,21.27086995616433,2023,48.39677662999998,0.13107717,0.008991673,-0.1436589
81.58550476158771,21.35005295911007,2023,44.57713927999998,0.084431596,0.06653004,-0.10438585
81.69812979662278,21.17322498124052,2023,47.49954638000003,0.13711964,-0.0020615454,-0.17021053
81.61138974832471,21.146959661560945,2023,43.02535820000003,0.24409692,-0.07652272,-0.25474903
81.62915270861804,21.28521808406677,2023,43.261201580000034,0.11909465,0.014281572,-0.1253
81.57310913895941,21.262731750730566,2023,43.585913480000045,0.07709012,0.002323565,-0.1025813
81.52725615419982,21.30395008735992,2023,46.046887879999986,0.16810916,0.024356887,-0.18384764
81.62158459495689,21.16625103764205,2023,43.31418088999999,0.14498927,0.046010256,-0.18567012
81.54406826936425,21.212610169847864,2023,45.62476241000002,0.13864589,0.03243828,-0.17567198
81.61025797032502,21.30193578442876,2023,44.901851179999994,0.07697636,0.0077779107,-0.08118915
81.64357964757535,21.27176804609499,2023,30.758084420000046,0.27423474,-0.12239402,-0.25913024
81.68779292083208,21.232721831926504,2023,43.442356640000014,0.15345761,0.005274579,-0.17642651
81.54262460758919,21.215344827787828,2023,43.90720736000003,0.025579648,-0.01656199,-0.035715133
81.59732440516899,21.24814608283038,2023,45.50000468000002,0.14967994,0.027400369,-0.16278349
81.75053614276199,21.238653286066832,2023,43.96360469000001,0.12902522,0.023916395,-0.1489705
81.52999884694731,21.26159244301137,2023,42.18452528,0.21573263,-0.04934093,-0.21446428
81.49847793328131,21.30479723961638,2023,48.189986420000025,0.10350034,0.040820554,-0.14160056
81.6404472513622,21.165043826050358,2023,47.88578264,0.13338725,0.019989915,-0.15706797
81.67566065042445,21.125638304645285,2023,52.05234902000001,0.10969756,0.07566231,-0.15898381
81.61523091774517,21.224997334825613,2023,42.24263162,0.084748134,0.012413354,-0.11628242
81.69323203047928,21.173534574063414,2023,48.58647674000002,0.1445876,0.051576488,-0.18537696
81.67087842092467,21.26988147999775,2023,44.63182760000001,0.12888709,0.035572026,-0.14461893
81.59130143392932,21.344539275362294,2023,48.336961280000025,0.11833097,-0.011875962,-0.13764115
81.66394934158251,21.28291895301104,2023,35.91245858000002,0.16183826,-0.0211926,-0.16369139
81.64245204617289,21.316959982243205,2023,40.11320516000001,0.061846368,0.0318045,-0.07659362
81.5286396458595,21.291008992631106,2023,42.54341738000005,0.2122069,-0.022359138,-0.22021033
81.53323596015683,21.174501003660584,2023,44.553213140000025,0.10788547,0.071726106,-0.15766722
81.6711089169693,21.358886582081787,2023,33.50275448000002,0.011434394,-0.03384829,0.0056207916
81.71970657570489,21.287453377762862,2023,43.11080870000001,0.13271122,0.023664007,-0.15557307
81.4960232147622,21.289375066963242,2023,47.882364619999976,0.12304268,0.059250925,-0.15550466
81.6424424848023,21.172179977628282,2023,48.20024048000005,0.12368733,0.043890007,-0.1587356
81.56019820210773,21.347303571579204,2023,44.93944940000006,0.13552944,0.05338625,-0.16620007
81.54886850299512,21.356698445760102,2023,44.59422938,0.14855994,0.05762944,-0.17308736
81.58625758721377,21.35636616077844,2023,43.90720736000003,0.13953324,0.057415284,-0.17366844
81.67363298246698,21.24784267009111,2023,38.81606657000003,0.28800082,-0.1401729,-0.2725596
81.56335091626606,21.224580278546952,2023,45.55127498000002,0.12326986,0.046911497,-0.14739884
81.71103977774071,21.244703101179823,2023,44.34642293000002,0.12281806,-0.008361733,-0.14431784
81.56895138046603,21.31245342963784,2023,43.51755308000003,0.12984966,0.030934636,-0.15762518
81.59282747997278,21.192463043701387,2023,47.59183292,0.12656133,0.036364805,-0.15435621
81.55935087779699,21.302197191859545,2023,48.71977952000003,0.11504149,0.06412059,-0.14758831
81.67830003682903,21.304097764629617,2023,41.63422406000001,0.12684587,0.019135317,-0.146481
81.71290909259072,21.305014860740926,2023,46.18189967000001,0.099407665,0.046813864,-0.12458009
81.50959061445758,21.314017763171197,2023,42.76558868000001,0.09924662,0.051049802,-0.15520047
81.62248332356911,21.205836316314166,2023,46.20069878000004,0.14262219,0.04250587,-0.16507223
81.58027060918606,21.257704671542218,2023,44.82323672000001,0.063682705,0.012547951,-0.09728696
81.6219667404515,21.36917936590315,2023,41.07366878000005,0.114220746,-0.025228342,-0.10912811
81.61121195301635,21.209182087055463,2023,46.79030723000005,0.13617857,0.043269303,-0.16730471
81.66919673827648,21.202459349473433,2023,47.87211056000001,0.10458617,0.048099764,-0.1384494
81.5942374719268,21.23876929104948,2023,41.76069080000002,0.1111953,-0.01833206,-0.1309914
81.70623161509965,21.28563464899978,2023,44.26951747999999,0.09989642,0.043183714,-0.12691613
81.60930776364485,21.32281213812713,2023,53.77161308000001,0.091139354,0.014358974,-0.10513512
81.61459029105275,21.171887270076454,2023,44.07127232000005,0.18856667,-0.016030312,-0.20239145
81.77187466294454,21.259157016237324,2023,45.93409322000002,0.10533461,0.077697076,-0.13735157
81.59723169701408,21.35952073489358,2023,37.49158382000002,0.27066457,-0.16699865,-0.25599635
81.68359676331985,21.13836778481954,2023,44.80956464000002,0.2604539,-0.10890813,-0.25938958
81.5593969196688,21.322640528278384,2023,38.97842251999998,0.27723038,-0.17410305,-0.2628985
81.55017010088172,21.24233944383454,2023,42.38277044000006,0.2171433,-0.031722695,-0.21700259
81.59328590903596,21.209068823078145,2023,41.93842784000003,0.24731877,-0.057587326,-0.25097582
81.70279389930171,21.33519565039011,2023,44.510487890000036,0.1277934,0.016138103,-0.15081327
81.68047263344558,21.157429574878996,2023,44.83519979000005,0.19536662,0.0018531074,-0.21820354
81.57794566821808,21.309058347551808,2023,43.14840692000001,0.1430199,-0.005667142,-0.14547929
81.75159894458703,21.301517339739846,2023,42.13496399000002,0.10244901,0.06790133,-0.14306457
81.6011001544767,21.25725790313294,2023,42.87154730000003,0.08852037,-0.0042264834,-0.10653529
81.58195423301879,21.363150061260196,2023,47.749061840000024,0.094187446,0.07122638,-0.12862971
81.70670943926623,21.179937457714473,2023,42.50240114000002,0.22134171,-0.043752477,-0.2156304
81.69966813752926,21.32684249270414,2023,39.16812263000003,0.014340613,0.027192233,-0.009420763
81.57499706831645,21.175776756342362,2023,50.750083399999994,0.108435035,0.05796503,-0.15299493
81.57309264342102,21.285576869207308,2023,44.62499156000001,0.12398133,0.0011601336,-0.14666235
81.61245596358363,21.251676740015,2023,42.66646609999998,0.10887519,-0.012440192,-0.11368421
81.72298390847536,21.190843937874142,2023,45.41797220000001,0.17336541,-0.012687802,-0.19961561
81.57382082020884,21.2407921251684,2023,41.767526840000016,0.18198614,-0.003693414,-0.19444552
81.68087642706489,21.234400540217283,2023,41.44110593000005,0.18756485,-0.029669253,-0.19647591
81.55394219202688,21.218827842668905,2023,43.81150280000003,0.13004893,0.029477866,-0.15955791
81.75505643218021,21.241424077373548,2023,45.06591614000001,0.12522629,0.04193543,-0.1496351
81.54884055040215,21.349831480583674,2023,42.70406432000004,0.16613612,0.02846228,-0.18547626
81.63725607528197,21.19184987308978,2023,43.71750725000004,0.13028009,0.009385222,-0.16659766
81.67647321225242,21.24907972532292,2023,38.74428814999999,0.07169131,0.004167902,-0.0979427
81.6153533283688,21.125516481985755,2023,48.95220488000001,0.13566028,0.026367525,-0.16848874
81.70430522870717,21.17890562180187,2023,42.09565676,0.23031378,-0.04989087,-0.22419943
81.70876776644359,21.15001872624646,2023,49.95710276,0.12734076,0.06399821,-0.1663875
81.55433164723495,21.146531277040108,2023,36.934446560000026,0.0064537665,-0.035904482,0.009852217
81.51504677076537,21.209602305704433,2023,42.09565676,0.17317618,-0.035341457,-0.17060818
81.60219664519066,21.25703594536172,2023,43.53122516000002,0.1052298,0.021968598,-0.1386766
81.76579539413166,21.211218214929342,2023,47.26199399000001,0.11357594,0.056195535,-0.15392333
81.66164719529928,21.361950461197956,2023,47.46194816000002,0.14885584,-0.036470883,-0.14155
81.5720046040436,21.16845146810468,2023,44.85058088000005,0.1626368,0.028262323,-0.1861414
81.64573893178738,21.289275971350513,2023,39.67911662000006,0.13519454,0.0020170517,-0.15045528
81.58404756187821,21.332223886223137,2023,40.29094220000002,0.255588,-0.09052076,-0.24357933
81.53554911325105,21.183986686872313,2023,41.083922840000014,0.118943095,-0.027077919,-0.13237004
81.59195871449865,21.200062098909676,2023,45.52393082000003,0.11245294,0.036977284,-0.14563182
81.62391602317447,21.19836444662775,2023,44.53441402999999,0.17775618,-0.023209985,-0.19660527
81.697919830245,21.14406251641463,2023,50.469805759999986,0.10535707,0.06911288,-0.1409002
81.67398586929079,21.251642312730493,2023,39.092926190000014,0.095460184,-0.0025577901,-0.1271185
81.67114232045479,21.318650885551083,2023,46.12721135000004,0.119972855,0.030645384,-0.14099227
81.51616649200363,21.240529698612264,2023,45.339357740000025,0.11265138,0.060003947,-0.13849708
81.59520696825705,21.12839924208826,2023,42.94674373999999,0.20152499,-0.05259978,-0.20954272
81.7066329052125,21.242975972783057,2023,45.823007570000016,0.14777772,0.03966348,-0.18024492
81.72850950533604,21.20927282821643,2023,45.08642426000006,0.1591932,-0.014805289,-0.17951863
81.62933641851619,21.34811683423906,2023,46.737327919999984,0.07494366,0.016052809,-0.100050315
81.56341555052235,21.26011537427328,2023,47.39358776000006,0.100268826,0.036506098,-0.13817291
81.71989747090927,21.29173280489414,2023,46.17848164999998,0.11061809,0.05354771,-0.1485892
81.64294986476682,21.36258245264052,2023,40.008955549999996,0.05019135,0.013307985,-0.06463912
81.71779335358517,21.230023502284066,2023,47.96268809000003,0.12818146,0.0420934,-0.15157585
81.51963817082374,21.185517374861448,2023,45.67090568000003,0.14122096,0.051998563,-0.1727303
81.64871116887637,21.153122761003225,2023,49.649480960000005,0.2147767,-0.02976155,-0.22577317
81.59506863698779,21.302644599595585,2023,44.96679356000004,0.067156516,0.011996197,-0.0981524
81.63211589890106,21.37161200597097,2023,42.90914552000004,0.07750964,6.321612E-4,-0.09249541
81.49059584505173,21.257204474984334,2023,44.91210524000002,0.15379061,-0.0026841427,-0.17552821
81.57505195126026,21.365898644207167,2023,52.12754546000002,0.11253807,0.09197089,-0.15460777
81.61869928162473,21.284155553692095,2023,43.69529011999998,0.056661945,0.025737554,-0.07393292
81.6966085013231,21.165409059370162,2023,49.239318560000015,0.16962712,0.0031431739,-0.19428779
81.55056677854803,21.228583598556856,2023,42.96725186000003,0.17292178,0.003311697,-0.1866572
81.66404534734812,21.13223133823182,2023,47.24661290000006,0.17110266,0.026704647,-0.19848737
81.61959487453571,21.19368457525874,2023,45.35473883000003,0.20585112,-0.03681899,-0.21618228
81.60750433352106,21.2486300658492,2023,45.23681714000003,0.119289435,0.013085718,-0.14653154
81.6279215997405,21.367495343022682,2023,48.98980310000002,0.07975189,0.040815525,-0.07432552
81.64009298950758,21.24958893961978,2023,39.28091729000005,0.09899383,0.024892457,-0.107078634
81.62657841541281,21.314895208232368,2023,44.320787780000046,0.07775478,0.01827415,-0.09745398
81.63980732865627,21.141213592079744,2023,43.75510546999999,0.25174907,-0.08003317,-0.24760062
81.67697075473065,21.30286426973651,2023,36.72765635000002,0.17714985,-0.02380647,-0.17280036
81.65572470739413,21.245603773504108,2023,38.34267080000001,0.16827975,-0.031125221,-0.17696503
81.52129087304482,21.335338376422538,2023,44.68480691000002,0.0951828,0.084297724,-0.14311966
81.52255858397417,21.271863200865678,2023,47.24661290000006,0.099193744,0.07655993,-0.13253619
81.65842138062871,21.306008687138316,2023,45.79053638000005,0.14419621,0.01370232,-0.16619562
81.67536786921508,21.34282765020328,2023,51.45761354000001,0.06720156,0.019448122,-0.086392455
81.56837450704707,21.341222601435604,2023,45.749520140000016,0.11413813,0.06795557,-0.14750738
81.51980163600318,21.241704904298082,2023,46.029797780000024,0.12712063,0.055273417,-0.15174755
81.64375986833392,21.167697745759575,2023,46.50319354999999,0.19823676,-0.0057727145,-0.21263166
81.64078201921791,21.193093138781652,2023,44.66258978000002,0.09540507,0.025502285,-0.13789532
81.70936034856359,21.346432656525863,2023,48.64629209000003,0.08750538,0.07915155,-0.12953271
81.69211812523119,21.323881669421073,2023,42.69722827999999,0.087268405,0.019035093,-0.12197922
81.74129333813416,21.26954989305463,2023,47.65677530000005,0.08268384,0.066938184,-0.12149385
81.72855533861893,21.210045907664156,2023,44.53441402999999,0.17826654,-0.0076995427,-0.19341502
81.70734806688108,21.177391962396957,2023,45.300050510000005,0.21262915,-0.02829265,-0.21318462
81.68435243581048,21.267843113028675,2023,42.76900669999998,0.13779233,0.036169097,-0.16499572
81.75612454790965,21.25413574367366,2023,45.300050510000005,0.14146723,0.024482708,-0.16374347
81.56640597905246,21.34154128747886,2023,42.186234290000016,0.2797326,-0.14067493,-0.25852144
81.52387025411399,21.255290769532575,2023,45.65723360000004,0.12531638,0.0030011802,-0.1582473
81.65764362033102,21.189002690212465,2023,45.87256886,0.16365433,0.0026966855,-0.18739617
81.74247747850097,21.21413404427573,2023,44.064436279999995,0.13705894,0.049709316,-0.16776814
81.73503826806896,21.22895137519673,2023,45.226563080000005,0.15435207,0.022222897,-0.17983003
81.62817924338908,21.27849171935779,2023,41.44965098,0.096552,-0.0035182878,-0.11128247
81.68543386886704,21.17652570160903,2023,49.464907880000055,0.11911141,0.050335016,-0.15864502
81.5202426702036,21.18414626606639,2023,44.04734617999998,0.131123,0.041859843,-0.1521277
81.58118210954635,21.29762727155797,2023,46.13917442000002,0.11450317,0.02947275,-0.13319787
81.76812108483789,21.246751077651833,2023,48.63603803000001,0.04853191,0.036179516,-0.057021942
81.6019161021955,21.283226647636166,2023,48.47880911000004,0.09279368,0.015372122,-0.09847488
81.60780577316929,21.169890683995643,2023,43.02194018,0.2493495,-0.09888619,-0.24390712
81.52309355750276,21.336201573014826,2023,44.332750850000025,0.117419586,0.07668647,-0.1654134
81.73424043273812,21.210073732472203,2023,42.22212350000001,0.12817366,-0.01894766,-0.14933187
81.6676034730854,21.2117299796759,2023,48.677054269999985,0.1099992,0.06647742,-0.13499138
81.57749907542475,21.27375669250821,2023,43.33298000000002,0.10130792,0.023165744,-0.12042015
81.54135402060663,21.198902922673234,2023,47.57474281999998,0.059427876,0.12718873,-0.117143564
81.58038243483989,21.30424374103073,2023,45.455570420000015,0.08566516,0.037863784,-0.11180562
81.66777506143838,21.12930875083804,2023,47.82425827999998,0.16986014,0.009115162,-0.18880506
81.75767297491953,21.245271679944427,2023,46.89113882000004,0.11501031,0.055259902,-0.15161802
81.66416529867301,21.335541260627547,2023,47.72513570000001,0.078647,0.03013278,-0.10288136
81.73123452679297,21.25781807306374,2023,46.12208432,0.13505311,0.05031129,-0.1653496
81.52642123785766,21.31617211118712,2023,42.24263162,0.14083526,0.050389133,-0.17141674
81.64347069671894,21.232578015339744,2023,43.91233439000001,0.15881379,-0.029763896,-0.16682771
81.580444868081,21.131912278356083,2023,42.79293284000005,0.19126758,-0.025571836,-0.2114002
81.58451743406204,21.232755795584463,2023,43.162079000000006,0.19723818,-0.071843065,-0.21054319
81.69444649099712,21.30113701648544,2023,43.72947032000002,0.12488364,0.04322922,-0.1468266
81.59594074876968,21.304837866152724,2023,45.78540935000001,0.07323022,0.024009759,-0.10118452
81.57331865623044,21.182807878953504,2023,49.25811767000005,0.11229265,0.03840947,-0.14808202
81.73639628494037,21.323671335777497,2023,44.695060969999986,0.11083193,0.050861906,-0.14394978
81.7029233442286,21.23708806114626,2023,44.67113483000003,0.19183643,-0.039701104,-0.19819534
81.63637240698486,21.271395088723796,2023,42.39644252000005,0.17611773,-0.04699181,-0.17592962
81.5695032593629,21.32090750698748,2023,41.13861115999998,0.2578943,-0.1383202,-0.24441457
81.73870394395715,21.29104934283569,2023,48.02763047000002,0.0851336,0.08126149,-0.14012739
81.59239603305332,21.21240528798721,2023,35.87827837999998,0.06921355,-0.027323905,-0.06027397
81.60508026110763,21.182313161418836,2023,41.95209992000002,0.22124983,-0.07039121,-0.22504446
81.77200554706754,21.261707893824244,2023,38.27772842000002,0.12159393,-0.06459756,-0.12086093
81.76292470276225,21.2037063400691,2023,46.764672080000025,0.12294658,0.06370332,-0.16326858
81.60842447315157,21.357310238814616,2023,43.16891504,0.19104855,-0.046517283,-0.19677407
81.55196757046976,21.266356637477013,2023,44.607901459999994,0.19247667,-0.021189518,-0.2029549
81.5605209492327,21.237030379128313,2023,41.213807599999996,0.14032073,0.019582095,-0.16826725
81.61554283320925,21.29557607711248,2023,49.95368474000003,0.05053209,0.019576525,-0.06511535
81.55803802422335,21.289239590885508,2023,50.11433168000002,0.089994594,0.058523625,-0.1170181
81.76116875315043,21.226648800234408,2023,46.97146228999998,0.124622226,0.035258953,-0.15816261
81.51933597481529,21.287553572194934,2023,51.60800642000004,0.105275914,0.087939195,-0.13404626
81.69900809997083,21.253800303759704,2023,44.75829434000002,0.109403424,0.036202088,-0.13958853
81.64656186199605,21.216771023257756,2023,44.68309790000001,0.122311756,-0.008724027,-0.145699
81.61441107230053,21.33561438811477,2023,50.43904358000003,0.123731576,-0.018662225,-0.13248043
81.5740832299396,21.33351031061618,2023,41.54193752000003,0.19472507,-0.008249134,-0.20924969
81.59581758462558,21.33452685738583,2023,45.38379200000003,0.14062825,0.01712733,-0.15670763
81.58217045094015,21.166537803741054,2023,49.20513835999998,0.11199971,0.05265079,-0.15065761
81.63910655838346,21.37743026735268,2023,50.15192990000003,0.040496964,0.03151483,-0.05775164
81.70928638117672,21.160720980158928,2023,48.91631567000002,0.16001329,0.043127075,-0.19540147
81.71646740236417,21.282159879430342,2023,40.673760440000024,0.14088951,0.01605946,-0.16076252
81.64001736947041,21.360053690871073,2023,43.13473484000002,0.055135567,0.020437565,-0.071936935
81.69182040599534,21.350309323830515,2023,42.782678780000026,0.14832015,-0.017177718,-0.14288291
81.65337266880313,21.16357087209385,2023,46.96975328000002,0.12241996,0.017017074,-0.16724733
81.73002198408443,21.26211200369115,2023,43.27829168000005,0.114819095,0.017647155,-0.14541134
81.74841233547808,21.3176470337769,2023,42.46822094000004,0.10725043,0.053033955,-0.13776234
81.6790324309797,21.312600934664385,2023,42.37080737000002,0.119784385,0.024451388,-0.13753423
81.71229512277448,21.317943621866014,2023,44.307115700000054,0.12566231,0.052222576,-0.15426858
81.69816740069936,21.213110062547567,2023,41.77436288000001,0.22966804,-0.050346248,-0.22978032
81.53620342821746,21.22279617589515,2023,41.39838068000006,0.1411183,0.015198765,-0.16162007
81.50705540933399,21.265200404517227,2023,41.31463918999998,0.23891765,-0.07263193,-0.23628494
81.58989060551406,21.167967708743348,2023,50.50227695000001,0.13942705,0.033897094,-0.18020189
81.5902405625081,21.287174773910703,2023,44.437000460000036,0.104988165,0.015886866,-0.12575896
81.58387864903868,21.359266631673805,2023,44.48485274000001,0.15624622,0.020750009,-0.16908133
81.56779783376528,21.283485215579994,2023,45.83838866000002,0.10475608,0.057564985,-0.13799623
81.74442240685057,21.251264220792436,2023,47.19021557000002,0.14754574,0.00866844,-0.17195709
81.71436019609538,21.320180691423847,2023,40.70964965000002,0.12121329,0.050418664,-0.14450324
81.64235832947013,21.29809633503073,2023,48.43266584000003,0.09763089,-2.6891014E-4,-0.11135772
81.62958761037241,21.304601865405726,2023,44.52586898000004,0.058243915,0.02097416,-0.08418171
81.7058886731687,21.309925922114683,2023,45.482914580000056,0.110206686,0.063282326,-0.14466381
81.73141450119877,21.30548750673243,2023,42.03242339000002,0.091290586,0.0533979,-0.12828062
81.67830913766393,21.17583870449646,2023,51.27645848000003,0.12055267,0.058656957,-0.15494893
81.73440047712711,21.194885572385765,2023,45.409427150000056,0.1735871,-0.01831444,-0.19299349
81.56921872442904,21.154212147023404,2023,49.08208964000005,0.110262886,0.06235244,-0.15269122
81.67325757571822,21.230085374484954,2023,45.52222181000002,0.09580356,0.018433975,-0.13155611
81.64118610165801,21.351034005656633,2023,45.238526149999984,0.062233903,0.032058064,-0.09128961
81.62994235248793,21.236856121327552,2023,43.24752950000004,0.113201484,0.001971848,-0.14762619
81.53005883219095,21.310941526430412,2023,44.13279668000001,0.1802664,0.009587152,-0.19425699
81.72550752302693,21.2030712099131,2023,44.72582315,0.19968247,-0.019846017,-0.22136508
81.68506351013032,21.142828960264694,2023,50.141675840000005,0.13061576,0.07126508,-0.17380047
81.50416240062009,21.314805251688092,2023,43.18600514000002,0.07915449,0.067256846,-0.14187002
81.66245564133412,21.30384995152427,2023,44.88476108000003,0.14727467,0.02076295,-0.15835485
81.55188144154233,21.170487228705348,2023,45.76319222000001,0.15012085,0.054566678,-0.1890116
81.52220312736594,21.16410783201927,2023,43.46799179000004,0.1814986,-0.024807358,-0.1954303
81.53412218357718,21.2009557791806,2023,44.867670980000014,0.11202976,0.053967644,-0.14823438
81.52647320110923,21.23892354004687,2023,49.7075873,0.122802936,0.055517476,-0.15461038
81.68230076309062,21.1600925634598,2023,46.945827140000006,0.17591967,0.040949702,-0.20947297
81.66410413821464,21.12606257575398,2023,51.888284060000046,0.11342222,0.06603239,-0.15124445
81.63121349100781,21.36268307203331,2023,44.618155520000016,0.07956018,-0.00155147,-0.1003068
81.56458832199478,21.351596770881322,2023,43.30221782000001,0.14455895,0.016664984,-0.1669197
81.60314796920528,21.2105239899902,2023,43.042448300000046,0.17292497,-0.028508771,-0.18634064
81.65593926269014,21.199250461545475,2023,46.26051413000005,0.16471183,0.012635379,-0.18801421
81.73518326596722,21.202779750753074,2023,41.01898046000002,0.098175645,-0.015297717,-0.104596086
81.75382323114555,21.2254115447607,2023,44.85741691999999,0.1296469,0.02378037,-0.1550794
81.74310968541637,21.280561791036035,2023,45.97510946,0.10164816,0.07317861,-0.14938885
81.58363852982298,21.34608029711397,2023,43.23385742000005,0.11642012,0.060880385,-0.15454929
81.63548452254506,21.238180873544856,2023,43.94480557999998,0.06910861,0.014049531,-0.10138704
81.56077588888871,21.217086611755605,2023,43.023649190000015,0.18748622,-0.023348253,-0.19291672
81.57785802725256,21.175775730077135,2023,42.86983829000002,0.15915927,-0.008664248,-0.177178
81.61956350934882,21.13965529416003,2023,47.64310322000006,0.16990528,0.017714277,-0.18990861
81.62906408782517,21.36594096978617,2023,43.274873660000026,0.10610453,0.022186425,-0.11093549
81.64384277035168,21.33970000681362,2023,45.629889440000056,0.08485257,0.021886334,-0.10898189
81.71755736589049,21.200452004860534,2023,45.746102120000046,0.12508203,0.058277994,-0.15367563
81.58357164860304,21.195751632911076,2023,47.42434994000001,0.11538992,0.03070649,-0.15852478
81.55997284536134,21.364305510333008,2023,47.477329250000025,0.1047231,0.045307975,-0.14270523
81.65890914918141,21.187046571580492,2023,47.27224805000003,0.13002926,0.031974845,-0.1670085
81.67142778112878,21.20912361026105,2023,47.766151939999986,0.12108966,0.06633412,-0.15850112
81.71656895597408,21.178147214635825,2023,50.180983070000025,0.12605597,0.071532406,-0.16486189
81.69907332098771,21.144460699504638,2023,49.03936439000006,0.1506654,0.05475842,-0.19118577
81.58969949338793,21.380969282077128,2023,49.16924915000004,0.11420344,0.034762815,-0.12925287
81.62966110471444,21.185903625202183,2023,47.16116240000002,0.17351712,6.3862785E-4,-0.19452573
81.71063013367487,21.263918484257164,2023,41.30096710999999,0.15072231,0.025905618,-0.17695443
81.56862650026721,21.36200988057195,2023,48.88897151000003,0.1028739,0.070948616,-0.13138525
81.70980624213269,21.277391928319812,2023,41.400089690000016,0.15285915,-0.015549458,-0.16905142
81.65352936397723,21.136975777238188,2023,47.605504999999994,0.16616514,0.004713657,-0.1878072
81.65597091980504,21.306796782313608,2023,46.98000734000004,0.11132438,0.027129205,-0.13445996
81.67158193837611,21.16158391875114,2023,49.519596200000024,0.15044613,0.056866482,-0.19015628
81.62510402042979,21.282945172518584,2023,44.30027966,0.09928395,0.04256173,-0.109645784
81.7712002448872,21.25739532524796,2023,37.36682609000002,0.14173883,0.017481292,-0.17170432
81.64443212117075,21.227404774791573,2023,40.755792919999976,0.24667877,-0.12151359,-0.2379925
81.65617589743711,21.12344216443976,2023,46.453632260000006,0.18903948,-0.017442962,-0.20465429
81.61329618213466,21.330728706444738,2023,49.85114414000003,0.10603658,0.010423563,-0.121906236
81.75587303654994,21.260566737744615,2023,45.41797220000001,0.110600814,0.019745696,-0.14876877
81.70662866082955,21.328222008949517,2023,43.74314240000001,0.09108955,0.049050074,-0.13223094
81.69613547500035,21.28529826103711,2023,37.58728838000002,0.23270221,-0.087648794,-0.22124706
81.67810914279005,21.261933794114807,2023,38.58193219999998,0.12837864,0.021472393,-0.14779615
81.50620294026199,21.237337705113422,2023,45.243653180000024,0.084246255,0.029319335,-0.11979602
81.61025541902005,21.316646044574302,2023,48.094281860000024,0.06291305,0.006976185,-0.0833224
81.55565319428783,21.304307823026242,2023,44.30369768000003,0.17372732,-0.0024769045,-0.18938883
81.53984000032393,21.237260274752533,2023,43.33981604000002,0.16592176,0.024908207,-0.18224111
81.5463507018651,21.28905753466624,2023,48.59331278000002,0.13473444,0.032184295,-0.1602161
81.62557607409397,21.244696414726643,2023,40.924984910000035,0.0938403,0.0055997237,-0.10795301
81.55068452996301,21.16566311470147,2023,50.45613367999999,0.12695973,0.060562056,-0.17270304
81.48818806452229,21.244212633793317,2023,45.330812690000016,0.10123197,0.028597984,-0.13553832
81.74944486301833,21.29408664911404,2023,40.289233190000004,0.14519954,-7.549837E-4,-0.16690704
81.7111491681268,21.321640633187997,2023,42.845912150000004,0.10684237,0.052193508,-0.13689278
81.64149729691925,21.266756545034912,2023,44.406238280000025,0.093577266,0.004182617,-0.11754644
81.68810773710594,21.1431644066974,2023,51.990824660000044,0.10244254,0.07687431,-0.14867961
81.55621367428856,21.334220311933052,2023,39.06045500000005,0.30138397,-0.12410778,-0.28078246
81.62080751435914,21.32920201841312,2023,44.92577732000001,0.077311985,0.016462805,-0.100968786
81.67077574011408,21.17601790262019,2023,47.73368075000002,0.14085698,0.029656263,-0.17677428
81.66377781619678,21.263251873113973,2023,43.767068540000025,0.08327436,0.013957484,-0.1053075
81.74436965264438,21.18032836817836,2023,50.33821198999999,0.09208927,0.082293704,-0.15447955
81.58664957297914,21.333266437152705,2023,44.68993394000006,0.13503776,0.012237918,-0.1501286
81.51708766298287,21.245010400358012,2023,43.57907743999999,0.19262198,-0.021090169,-0.20230335
81.59380444897776,21.190672254157242,2023,45.64697954000002,0.11409396,0.041937202,-0.15034649
81.67578336495825,21.186214498306594,2023,49.35724025000002,0.13067877,0.049888868,-0.16466928
81.5036210425233,21.228219371836783,2023,40.099533080000015,0.10681548,0.03154574,-0.14076768
81.5851428613143,21.325150156720966,2023,44.440418480000005,0.09719018,0.032743122,-0.124477476
81.58709568339063,21.28092101317166,2023,45.13085852000006,0.13595799,0.02003469,-0.15121526
81.57231637630586,21.172426540204967,2023,45.02489990000004,0.16206339,-0.029444927,-0.18688135
81.55381218196868,21.342283454342454,2023,44.25242738000003,0.124892406,0.053557266,-0.14910187
81.52413683319642,21.246663615305156,2023,44.72753216000001,0.13373269,0.032256994,-0.16644655
81.50137408504403,21.286587894459363,2023,45.92383916000006,0.12188377,0.04295032,-0.1489858
81.63967545432988,21.22625770040075,2023,43.27829168000005,0.09606258,0.004514865,-0.12014263
81.53356489588462,21.17276668745625,2023,44.09690747000002,0.120766275,0.06880066,-0.15891033
81.65011527723831,21.250961590063906,2023,40.05851684000004,0.08978089,-0.0032885815,-0.112476975
81.64756531815836,21.193612879220016,2023,44.87792504000004,0.16071688,-0.02446195,-0.17652024
81.5637608492833,21.36920900094702,2023,46.93728209000005,0.11710612,0.050559428,-0.15017581
81.76221714339081,21.267671260896243,2023,46.47243136999998,0.07870083,0.077088684,-0.117438294
81.52772568123407,21.230395401316407,2023,46.62795128000005,0.1125066,0.022783596,-0.14566346
81.57770526755893,21.301981204718693,2023,44.04392816000001,0.10589155,0.03922752,-0.121472284
81.69197603610738,21.370986312272166,2023,51.478121660000056,0.07454513,0.039892673,-0.09529597
81.61800192047515,21.266149218808437,2023,42.051222499999994,0.08579343,0.0051125856,-0.10418931
81.7488235508361,21.219635122130832,2023,41.52313841,0.08533301,0.02237509,-0.1028652
81.57244982544671,21.160686978792373,2023,51.580662260000054,0.10551391,0.07894814,-0.15288788
81.6467553769115,21.295609358146603,2023,43.57224140000005,0.101123594,-0.01244168,-0.11910609
81.63125709250387,21.242683905405375,2023,41.870067440000014,0.08165676,0.00198317,-0.10181861
81.66718241018643,21.322184634703795,2023,46.16310056000003,0.09015556,0.03808358,-0.12945938
81.5345459723801,21.287106453308773,2023,47.57132480000001,0.13621487,0.039312977,-0.16870454
81.62951994720318,21.332322571241285,2023,44.785638500000005,0.04794439,0.008605464,-0.07983546
81.5749839247407,21.158074621382557,2023,46.20411680000001,0.12128286,0.055995442,-0.16860588
81.52393248917667,21.33710673583989,2023,43.89524429000005,0.108640336,0.075360805,-0.13948856
81.55285524096989,21.177758599764978,2023,49.19830232000004,0.12569469,0.056562725,-0.17414697
81.71458198172012,21.190137156534732,2023,43.74997844000001,0.1759943,-0.005287275,-0.18635607
81.58565236412824,21.226930545988967,2023,40.521658549999984,0.18155901,-0.05505033,-0.18687944
81.58188340762054,21.202920091781817,2023,44.79589256000003,0.13893056,8.124533E-4,-0.16178277
81.5504980014681,21.18847352509595,2023,50.163892970000006,0.08427315,0.10137333,-0.14706048
81.64940220509206,21.31025650330679,2023,47.96439710000004,0.059356593,0.0034872908,-0.09526852
81.62624248714792,21.26402433820266,2023,43.23385742000005,0.08365857,0.014997717,-0.1075392
81.69062656992057,21.33938095151158,2023,54.32704133000004,0.03219839,0.053242225,-0.037880503
81.56403394369413,21.238585935018033,2023,43.33298000000002,0.14477712,0.014114394,-0.17531621
81.61716869986063,21.124295929426186,2023,49.02569231000001,0.14379516,0.023070874,-0.17699842
81.58129627281286,21.139118531988604,2023,45.77344628000003,0.19023211,-0.04437251,-0.23277202
81.66025674736768,21.318627414653132,2023,44.86254395000003,0.11533537,0.027415143,-0.13717614
81.53943390268851,21.352134345547345,2023,42.40840559000003,0.10882813,0.096528634,-0.1586384
81.61772344972266,21.295231418689198,2023,51.41317928000001,0.05777117,0.031383153,-0.08066337
81.75393858170597,21.215389207697484,2023,43.03561225999999,0.098374315,0.029222356,-0.12815471
81.65435982311487,21.124228212235376,2023,46.586935040000014,0.2185739,-0.035847157,-0.22534093
81.61394588302757,21.137906156371933,2023,45.13598554999999,0.23582475,-0.072280824,-0.25368103
81.58136778128163,21.263093747829732,2023,44.40282026,0.09004262,0.002764781,-0.11598572
81.64503723384308,21.13902483631363,2023,47.766151939999986,0.10962657,0.04291093,-0.14818133
81.65818047899097,21.22251143827682,2023,42.681847189999985,0.12976032,-0.021884432,-0.1532097
81.54471663997923,21.20155244022993,2023,45.424808240000004,0.13068214,0.023673708,-0.16311483
81.5339438863634,21.306827540391716,2023,47.95414304000002,0.119852245,0.044813138,-0.15596479
81.58094483359767,21.287048643610916,2023,41.57099069000003,0.1288616,-0.012945915,-0.12922364
81.71113525079613,21.294322592986042,2023,42.65279401999999,0.09926199,0.053669848,-0.13776115
81.59767206754888,21.295267348699518,2023,45.424808240000004,0.112805545,0.01287056,-0.12303227
81.55438091015797,21.305132236892888,2023,44.2558454,0.15657471,-0.0181181,-0.17159334
81.55658242978963,21.343193324428704,2023,46.033215799999994,0.14502048,0.02676176,-0.16255578
81.55398742831854,21.2357713157663,2023,44.36180402000002,0.16081445,-0.013483598,-0.17709388
81.71708460859833,21.172755022869097,2023,49.13677796000002,0.15619099,0.027941577,-0.18088976
81.50094502509414,21.214486461647773,2023,45.51709477999998,0.10267894,0.057326194,-0.12702921
81.53731435153102,21.307583055576085,2023,45.96143738000001,0.121941455,0.023832753,-0.14584868
81.60422050002761,21.180213101693035,2023,41.494085240000004,0.21578035,-0.0689062,-0.2357732
81.49342668992756,21.20999296909231,2023,42.90914552000004,0.11299085,0.05763591,-0.14658102
81.70440576451742,21.291893689079775,2023,43.52780714000005,0.11959807,0.043091737,-0.14416365
81.69678082034251,21.154023368096553,2023,46.877466740000045,0.1654935,0.03805527,-0.19475223
81.58804847136994,21.19939424421765,2023,47.144072300000005,0.10836086,0.043673884,-0.14877671
81.63988234274697,21.2972694182101,2023,48.08402780000006,0.097260445,0.013701758,-0.11242756
81.70830143755902,21.2300853943487,2023,44.52586898000004,0.16006985,0.023831755,-0.18641987
81.70251530866084,21.26297087443217,2023,44.88476108000003,0.13370271,0.03774519,-0.16154091
81.7417651423585,21.177558078433677,2023,49.16924915000004,0.1208257,0.09123884,-0.16814744
81.68322306354675,21.255585017126098,2023,41.35223741000004,0.15249887,0.023343442,-0.1782685
81.52714317766736,21.199586281176128,2023,43.702126160000034,0.18025684,-0.020399973,-0.1879307
81.59525084065756,21.195320601625934,2023,47.058621800000026,0.10940627,0.0421733,-0.14654513
81.7515406713461,21.202747774679523,2023,46.590353059999984,0.08473195,0.09559039,-0.12575218
81.56220510113387,21.266623959482065,2023,46.210952840000004,0.14300527,0.001019522,-0.15091139
81.60681213633728,21.15219848158422,2023,38.93911529000002,0.056360945,-0.050842468,-0.04385324
81.6307571809852,21.30377322155213,2023,44.70702404000002,0.063262485,0.018650364,-0.0839388
81.54350342636698,21.355072957983637,2023,43.93113349999999,0.090169385,0.09316325,-0.1325923
81.62626126655348,21.22473271309781,2023,43.44406565000003,0.084656276,0.011278995,-0.115197845
81.64132247942722,21.289195964143797,2023,44.78905652000003,0.08196856,0.012697104,-0.10223709
81.724495400534,21.273904122000125,2023,45.52734884000006,0.09974747,0.0635149,-0.1339843
81.59360346120471,21.14266619057118,2023,41.35907344999998,0.32616284,-0.16389409,-0.30478984
81.6068619858833,21.1623152976814,2023,42.68526521000001,0.23100466,-0.06447145,-0.243015
81.64323233448394,21.194577889048684,2023,43.36716020000006,0.09799016,0.03345039,-0.14629585
81.56260310016181,21.363896953613054,2023,47.37991568000001,0.12035507,0.06207733,-0.16153254
81.63214413730874,21.13728925006471,2023,46.357927700000005,0.17960884,0.03519033,-0.21310727
81.6115330800058,21.31374025069526,2023,46.45875928999999,0.06074646,0.012007272,-0.07717441
81.58623422846033,21.304072907375904,2023,45.03002693000002,0.10996765,0.033609316,-0.124865234
81.5227804048099,21.284816559961712,2023,47.59525094000003,0.14027423,0.04598027,-0.16632633
81.59145246315745,21.182471641574292,2023,47.98490522000003,0.11401341,0.02883343,-0.14947553
81.54888473655713,21.292586506888597,2023,47.22268675999999,0.12959337,0.058376748,-0.16187747
81.55378795537068,21.255635993568287,2023,45.879404900000054,0.13390015,-0.024390243,-0.15294792
81.76534330441808,21.25375336602424,2023,46.03663382000002,0.10250604,0.032635152,-0.13506372
81.51663788067106,21.29275820167428,2023,50.712485180000044,0.104575165,0.092506714,-0.143956
81.71074074803488,21.274746021578984,2023,42.06147656000002,0.09169646,0.014469714,-0.12695234
81.5292729532685,21.19883797544348,2023,43.91575240999998,0.15504311,0.015939182,-0.17193954
81.62025724390784,21.190817789853163,2023,41.054869670000016,0.23680986,-0.111673206,-0.23402223
81.65401046426872,21.36735885090371,2023,50.353593079999996,0.07908629,-0.012498843,-0.076536894
81.59671528427475,21.19125042595719,2023,42.17598023000005,0.19403227,-0.05562724,-0.19393547
81.64877129297155,21.20046327803448,2023,38.86220983999999,0.21973026,-0.016849818,-0.2185663
81.71084094269948,21.225373292035524,2023,42.58443362000003,0.33582115,-0.15819055,-0.3092364
81.75038465827745,21.23058808870094,2023,46.768090099999995,0.12080845,-0.0013337437,-0.14574163
81.58622778721289,21.16396433468976,2023,44.50877888000002,0.08909199,0.06765052,-0.12551354
81.5141174425574,21.193735375544556,2023,45.75977420000004,0.10654403,0.06457495,-0.12980969
81.65923307031589,21.305965907887767,2023,43.883281220000015,0.14237936,0.005683393,-0.15857056
81.67731860510757,21.240967843427654,2023,41.157410270000014,0.13127275,-0.016761031,-0.15339968
81.54763555551627,21.168050768143345,2023,49.32818708000002,0.109552965,0.07000745,-0.15506499
81.50766162066026,21.260844320409692,2023,44.84374484,0.1699959,-0.0073303967,-0.18028657
81.5342343389544,21.17995759655478,2023,47.32010033000006,0.11115458,0.082744956,-0.1601931
81.6552879271967,21.339088401762137,2023,43.10055464000004,0.07369341,0.0029367441,-0.095622264
81.56672789048417,21.16176207889511,2023,47.896036700000025,0.12873153,0.08208638,-0.17526448
81.74483538240436,21.27590094659346,2023,44.2558454,0.15109444,0.016074594,-0.18009575
81.60291026362776,21.209895370041288,2023,42.61690481000005,0.22836827,-0.053168617,-0.22632591
81.66227361364655,21.374750892941037,2023,47.81058619999999,0.07971798,-0.013232879,-0.07468497
81.66045484350653,21.312620176149245,2023,44.72753216000001,0.07418898,0.05852733,-0.11038087
81.72188672576772,21.23212891294821,2023,44.56859423000003,0.12542187,0.028730629,-0.16223742
81.71603738406502,21.30123410312151,2023,42.87325630999999,0.17677146,-0.033104308,-0.18918814
81.67108256369355,21.31782573950585,2023,45.69141380000002,0.12668495,0.034664195,-0.1513202
81.55154185801743,21.259364579068553,2023,43.36716020000006,0.17260167,-0.010802469,-0.17939484
81.59139174819707,21.144015451536248,2023,44.66258978000002,0.23329239,-0.08202295,-0.24644624
81.5522612175831,21.24000675204626,2023,39.37149482000001,0.28817663,-0.109585576,-0.28201512
81.61979420415558,21.248765396712027,2023,37.19421608000005,0.14729775,-0.04906134,-0.15762487
81.65933814705657,21.26774723249752,2023,39.909832970000025,0.106458,0.030632257,-0.12409435
81.59556510091684,21.31559928145217,2023,47.81742224000004,0.066600844,-0.007930785,-0.081600145
81.66974934043174,21.14473916743183,2023,47.03469566000001,0.16772926,0.014684495,-0.1910397
81.65861957798595,21.282645567369666,2023,39.12539737999998,0.09666103,0.05490903,-0.11607201
81.60707328163987,21.199757903303304,2023,39.66886255999998,0.2577611,-0.07333746,-0.25369415
81.54043280008614,21.199229645988908,2023,46.88772080000001,0.13538031,0.04941397,-0.17876868
81.65276746597925,21.29406428514681,2023,39.36124075999999,0.13643348,-0.010844349,-0.14607291
81.60097115404581,21.22350025729869,2023,41.69916644,0.09738802,-0.008778826,-0.12603751
81.6286046007607,21.358315617611698,2023,42.41695063999998,0.10438207,0.010004531,-0.11211009
81.77220528964462,21.239014704432485,2023,47.41067786000002,0.1385925,-0.009688136,-0.15886769
81.58102607476982,21.31716455613628,2023,44.90526920000002,0.09579397,-0.020956423,-0.08684825
81.63448561298554,21.218406554310214,2023,39.16128659000003,0.13642603,-0.041594196,-0.13459368
81.52249593540563,21.326582338136483,2023,44.63524561999998,0.15426268,0.03240342,-0.17341691
81.58997285314237,21.1523445374054,2023,42.411823610000056,0.25210595,-0.09580782,-0.25418758
81.54087368782439,21.22822822064308,2023,43.27145564,0.19665568,-0.02069104,-0.20336308
81.59178636473197,21.22516924989981,2023,42.656212040000014,0.080580264,0.017651007,-0.11193831
81.7115859941606,21.154663173483716,2023,48.51298931000002,0.14713821,0.046372477,-0.18481718
81.58156981969941,21.158894315940085,2023,45.312013579999984,0.13547371,0.022071516,-0.17010918
81.7083203014851,21.290379749110464,2023,44.15159578999999,0.074728996,0.06084877,-0.11367368
81.71546263219662,21.246393336584873,2023,45.32910368,0.11742383,0.04388162,-0.1532264
81.66157043806442,21.371513948543,2023,47.09963804000006,0.03603049,0.025213828,-0.047888134
81.75405432353422,21.304372481640527,2023,44.204575100000056,0.09312872,0.056702223,-0.1263629
81.74423740668749,21.183989369679683,2023,48.76421377999998,0.11220826,0.08729282,-0.14906196
81.6473966796843,21.317753454575524,2023,43.13815285999999,0.056312647,0.009757023,-0.08396883
81.64067471937229,21.33226882891055,2023,45.36328388000004,0.081471875,0.040206436,-0.11192357
81.58700545847235,21.37713181370636,2023,47.14578131000002,0.109226935,0.044314336,-0.12833738
81.69241709348135,21.316774627544287,2023,41.680367330000024,0.052149996,0.14092883,-0.10723516
81.63281347516259,21.192309989081387,2023,46.56984494000005,0.14753072,0.0417032,-0.17495285
81.66706780174965,21.150115453992473,2023,44.34129589999998,0.26050535,-0.102408126,-0.27108896
81.51404155237904,21.174136193653723,2023,45.21972704000001,0.12597547,0.093980804,-0.1589214
81.65288447887254,21.172326577266578,2023,48.15751523000006,0.17194436,0.015011852,-0.19880334
81.52066584471828,21.283197946595653,2023,46.93899110000001,0.16340715,0.022542097,-0.17922674
81.73373005153306,21.305924964699436,2023,42.59468767999999,0.11145373,0.053708684,-0.14444742
81.65537495418918,21.309657953650667,2023,39.69791572999998,0.09967722,0.02314309,-0.125231
81.62925573758005,21.143636022932203,2023,46.72194682999998,0.2354032,-0.04327718,-0.2438752
81.52829223236833,21.320948855931817,2023,42.65450303,0.17918679,1.5360721E-4,-0.18789034
81.61938580172622,21.363870230763556,2023,46.25538710000001,0.12387651,0.003948189,-0.13157067
81.68350966054,21.30166724775332,2023,42.29902894999998,0.1284563,0.019156318,-0.15120876
81.52343946910882,21.220113329629882,2023,42.46822094000004,0.12854557,0.02251185,-0.14562275
81.56955578646009,21.215733674773404,2023,43.978985780000016,0.14708547,0.008419816,-0.17226745
81.54995485046634,21.294241689257976,2023,41.78461693999998,0.24974233,-0.124442704,-0.23399092
81.73764108270827,21.213808388453145,2023,47.783242040000005,0.09755368,0.07891763,-0.1319561
81.57525230726438,21.27672127929975,2023,41.974317050000025,0.18960062,-0.053908456,-0.18025117
81.59561398134711,21.214798572417013,2023,43.26803762000003,0.17584293,-0.05575651,-0.19501309
81.75061915041083,21.20853716097345,2023,46.98000734000004,0.1028971,0.063685425,-0.1424056
81.6396724855361,21.255451549564107,2023,44.01658400000002,0.09307895,-0.0034958734,-0.1128697
81.50156037644814,21.226133666466772,2023,43.179169100000024,0.10853998,0.06121537,-0.1405638
81.65179916147737,21.136327225940004,2023,47.709754610000005,0.19834441,-0.012464269,-0.22549485
81.56305775501355,21.29060627307291,2023,43.47995486000002,0.14268908,0.015707564,-0.15178722
81.72933091934043,21.213286003617114,2023,44.34813194000003,0.135224,0.041825667,-0.17124525
81.59053284530226,21.265964395114846,2023,43.16549702000003,0.109773815,-0.010352906,-0.12632155
81.58437435755341,21.233744218996197,2023,43.48679090000002,0.14091584,0.027568318,-0.16268167
81.59260743806885,21.27655937502701,2023,44.71044205999999,0.078161016,0.012797636,-0.09736174
81.69749676378729,21.140358100487674,2023,48.35917841000003,0.12047631,0.05097515,-0.16389106
81.55306382041393,21.26920106552964,2023,46.64845939999998,0.11365939,-0.009550396,-0.13711213
81.66841432524646,21.179649402348108,2023,48.60527585,0.15753521,0.043178346,-0.19011675
81.66186613688012,21.126339867183546,2023,52.56505202000005,0.10739157,0.0749226,-0.15354367
81.67517062054057,21.160741254616273,2023,49.6050467,0.15384474,0.0175153,-0.17911822
81.58812724369794,21.32570385273194,2023,46.96975328000002,0.08572803,0.047367867,-0.112114616
81.67936148779562,21.208610724144233,2023,45.238526149999984,0.10167632,0.044437505,-0.142974
81.71686727754619,21.33493619644117,2023,44.87279801,0.12774722,0.056454796,-0.16077933
81.72241262265153,21.225216084243737,2023,48.45830099,0.09100598,0.06411581,-0.11876138
81.69682385235632,21.237157037218797,2023,44.92748633000002,0.09864461,-0.010519924,-0.11913757
81.57943766652595,21.179027808995475,2023,44.06785430000002,0.09400249,0.041417167,-0.12962623
81.61558227774162,21.190316802849278,2023,43.79270369000005,0.20050207,0.019434966,-0.22262193
81.5517845404857,21.31605193237749,2023,38.445211400000005,0.20549235,-0.10374809,-0.19228329
81.5952676330887,21.122639581265748,2023,43.67820002000002,0.21900927,-0.056555923,-0.23691426
81.56559365949033,21.148602454944456,2023,44.95653950000002,0.15953617,-0.0019318926,-0.18161106
81.70885120916785,21.17549592320981,2023,49.39312946000001,0.16983306,0.04633518,-0.20289439
81.74759830630997,21.28232683911635,2023,45.52393082000003,0.106451556,0.07332312,-0.14927872
81.5446617487631,21.16213929737402,2023,48.52837040000003,0.0843482,0.08365685,-0.14134558
81.53545763563575,21.208876856992152,2023,45.87598688000003,0.09825823,0.063599296,-0.14510317
81.72000304170722,21.201007463578364,2023,43.48679090000002,0.17146316,-0.029431023,-0.18568654
81.69756474340832,21.32587516174354,2023,43.085173550000036,0.10962738,0.010393824,-0.1329088
81.7225765520833,21.206101626543305,2023,47.2978832,0.10777552,0.08179507,-0.14764394
81.65034996051753,21.344794515798203,2023,46.08448610000005,0.036317978,0.060897328,-0.06870229
81.68051313187947,21.358301633221995,2023,48.70610743999998,0.11283521,0.075813286,-0.11740548
81.70553012407369,21.23202544406699,2023,46.43825117000006,0.1346869,0.051593155,-0.16281964
81.51080410834612,21.21801995709783,2023,46.54250078000001,0.12078057,0.02506501,-0.13812295
81.73899906072279,21.179036276102035,2023,49.73322245000003,0.109913066,0.09822822,-0.1476795
81.69552564425665,21.157103117596023,2023,46.40236196000001,0.13701594,0.022392688,-0.16817163
81.57295333040229,21.356409017507424,2023,46.046887879999986,0.18778543,-0.0031378702,-0.1939776
81.66139808210642,21.36420722197943,2023,44.01316598000005,0.17840856,-0.059094142,-0.16614477
81.56584978160967,21.35682331056618,2023,45.32055863000005,0.09421846,0.06860936,-0.119616
81.65953893929283,21.294890584214222,2023,35.69370530000003,0.4203024,-0.18594444,-0.3897495
81.5746261790709,21.237603188112544,2023,41.94184586000006,0.2705131,-0.12077771,-0.25132722
81.63310869761,21.377948759223454,2023,42.39644252000005,0.113407865,-0.022000737,-0.13709545
81.60342784435079,21.360661468990184,2023,42.608359759999985,0.14496067,-0.019248016,-0.16216323
81.59767514791885,21.248708061171584,2023,47.342317460000004,0.13107581,0.03869736,-0.14433853
81.51022172676369,21.256845456083273,2023,44.08494440000004,0.1623369,0.022055188,-0.18075071
81.56708371001167,21.135486433744457,2023,45.57349211000002,0.1134935,0.06178616,-0.1440458
81.64501429443004,21.302064902923032,2023,47.144072300000005,0.13776408,-0.0050544324,-0.13891704
81.65526107518185,21.205013899212947,2023,46.34767364000004,0.08608635,0.05952076,-0.12893674
81.75111715510663,21.23716838953556,2023,46.27931324000002,0.15124986,0.0107235955,-0.1676143
81.68080252118008,21.266199308980152,2023,46.033215799999994,0.08008242,0.031501155,-0.11992594
81.68129151950654,21.244606648016568,2023,40.72673974999998,0.18789388,-0.056610107,-0.19252917
81.66883447403197,21.133014103522147,2023,45.84693371000003,0.1734183,0.033176623,-0.21289109
81.69436695789966,21.16853446439021,2023,45.95118332000004,0.19438723,-0.017260823,-0.21000858
81.75484517291267,21.247324594407644,2023,41.51117534000002,0.20541264,-0.056062456,-0.21505933
81.65741673367197,21.246906827918362,2023,38.422994270000004,0.20515934,-0.075514175,-0.19999245
81.6215240591799,21.23367882517509,2023,41.83246922000001,0.12368217,-0.0063266624,-0.14792791
81.740068584924,21.32577127818542,2023,43.87131814999998,0.114800826,0.041832548,-0.15355971
81.72951844386954,21.214665162755125,2023,48.480518120000056,0.097764604,0.060828064,-0.120316915
81.50849106992698,21.29788065983866,2023,47.53372658000001,0.13842183,0.04638061,-0.16070646
81.64129747707723,21.252816471625586,2023,42.17768924000001,0.08528907,0.026051221,-0.10333361
81.69340436343589,21.31675070064222,2023,46.13233838000002,0.08887113,0.056373004,-0.120566525
81.67273725922915,21.160372822847044,2023,49.12994192000002,0.1282306,0.042872407,-0.16426872
81.75909102489412,21.22763345509534,2023,48.62236595000002,0.124601655,0.059086666,-0.16306576
81.59434446525725,21.171596988520463,2023,50.215163270000005,0.09347789,0.06438684,-0.13074729
81.54223131062625,21.34518383947556,2023,43.39792238000001,0.10674,0.057242513,-0.1323777
81.52137287469218,21.2718592811839,2023,45.79737241999999,0.12023692,0.017999308,-0.15508327
81.64854469391642,21.13995695427589,2023,46.24855106000001,0.19785401,-0.032511212,-0.21047059
81.70689330977994,21.36435092757285,2023,49.71100532000003,0.1235192,0.042142317,-0.14901341
81.6119353508441,21.222770414850803,2023,43.543188230000055,0.10646476,0.010376878,-0.13705769
81.61075434107336,21.16523931875002,2023,42.54512639000001,0.26981685,-0.11995384,-0.25427595
81.70939340461487,21.23506752022154,2023,44.85058088000005,0.19942833,-0.026113208,-0.21477458
81.56037622375338,21.28379630128327,2023,49.22222846,0.11675863,0.03662011,-0.14130479
81.60465478540402,21.208214505940504,2023,41.56244564000002,0.24340926,-0.08692825,-0.23511578
81.6230855317723,21.219495300990122,2023,44.11399757000004,0.08777034,0.004820881,-0.1163104
81.64689647472068,21.32161146880542,2023,43.57053239000004,0.10216134,0.018302828,-0.12415489
81.74282267548635,21.279400461927132,2023,46.20069878000004,0.098710686,0.07515448,-0.13839501
81.72794585858641,21.316422518716138,2023,39.67057156999999,0.106470875,0.04005995,-0.13821013
81.66439556211482,21.16527963566497,2023,49.79987384000003,0.1277769,0.080545194,-0.16708373
81.72706119875426,21.270782878814273,2023,44.17552193000006,0.07578762,0.055158418,-0.1201968
81.69952116100903,21.18699673796911,2023,46.96633526000005,0.14670822,0.04549636,-0.178477
81.60119812373003,21.294836231331384,2023,55.234525640000015,0.06631453,0.030284835,-0.09149278
81.53161998579326,21.302338544035155,2023,48.79155794000002,0.12194746,0.06829159,-0.1534928
81.68159158774914,21.295201080199444,2023,41.403507709999985,0.1122907,0.03501543,-0.14200482
81.53260901399486,21.300484933976797,2023,49.34185916000001,0.12860975,0.041704353,-0.15499213
81.71244840678794,21.306500365889224,2023,45.92554817000001,0.11942218,0.02532736,-0.1402713
81.67477789790568,21.211798350277448,2023,44.77538444000004,0.13202055,0.012194935,-0.1623276
81.68662800459816,21.246163880088993,2023,41.977735069999994,0.17415833,0.0044572833,-0.18850468
81.57065878065194,21.294162706909763,2023,46.97317129999999,0.109987654,0.040531073,-0.14280038
81.61685073305237,21.380692477090157,2023,40.815608269999984,0.16653897,-0.09295955,-0.17717192
81.69512827215962,21.21330493228647,2023,43.085173550000036,0.18682626,0.010432626,-0.21415016
81.5632720955744,21.269812226613155,2023,47.87552858000004,0.13935474,0.029158587,-0.15817672
81.61399068034922,21.204375736199854,2023,46.48610345000003,0.13358738,0.025368586,-0.16544312
81.52163293694304,21.16349643750923,2023,44.103743510000015,0.17179105,0.00580926,-0.19110201
81.55433474460408,21.304085474129057,2023,40.72844875999999,0.18610848,-0.037292026,-0.18571955
81.72777388386068,21.26199243153842,2023,45.27612437000005,0.11465039,0.044316117,-0.14682798
81.63112274139624,21.381492767148874,2023,39.77140315999998,0.11160221,0.012214759,-0.11317665
81.58732170396979,21.345938283125268,2023,44.82665473999998,0.1392592,0.03843157,-0.16582268
81.64879815185371,21.324653699132774,2023,44.35667698999998,0.10724302,0.014562104,-0.13135585
81.70905221257016,21.30707101568934,2023,43.421848520000026,0.2600623,-0.09054493,-0.25212714
81.61152606575152,21.234389447215396,2023,40.57805588000002,0.1496888,-0.034183823,-0.16422379
81.57489940420403,21.3239212576942,2023,39.51676067000005,0.2810787,-0.1547589,-0.26216617
81.51579996879556,21.18517992177431,2023,40.410572900000034,0.14052351,0.033200357,-0.16596422
81.52026181647962,21.326915737017245,2023,41.87348545999998,0.18476072,-0.0028841111,-0.19061515
81.74754027355208,21.323147941872584,2023,44.033674099999985,0.09368129,0.047172345,-0.11747045
81.59765505961475,21.167548771792905,2023,47.91141779000003,0.13522796,0.0011788341,-0.15786435
81.5462215298976,21.16008556884276,2023,48.84282824000002,0.06328701,0.13153303,-0.1400689
81.69620158878463,21.232657368286507,2023,43.679909029999976,0.23334238,-0.06521536,-0.2313608
81.67093210114392,21.179396350202158,2023,48.730033580000054,0.1556194,0.05147228,-0.1893919
81.66136900710393,21.324694099358755,2023,48.90606161000005,0.07801419,0.041405458,-0.09964689
81.71165013751732,21.26051906698677,2023,45.732430040000054,0.13767605,0.0447231,-0.1674366
81.58761011897494,21.188684018631495,2023,48.03617552000003,0.13409041,0.015047101,-0.16204827
81.57324892552812,21.35152565746015,2023,42.73824452000002,0.12573099,0.03763366,-0.1466391
81.58261364521496,21.2946829710319,2023,45.52734884000006,0.1081484,0.0328265,-0.12215321
81.69927917906791,21.18518902370407,2023,48.16606028000001,0.14122042,0.05580483,-0.17574143
81.60124218828003,21.26517941380741,2023,44.62499156000001,0.1353435,0.02567966,-0.15147293
81.7471647270611,21.288374936844168,2023,44.807855630000006,0.13152122,0.016777055,-0.16255702
81.64185079365855,21.3048288153994,2023,49.72467740000002,0.05835143,0.019077623,-0.062162418
81.69127965246754,21.249133889460538,2023,39.31851551,0.0873445,-0.0041728504,-0.11530407
81.74086735748736,21.26933657099641,2023,46.89455684000001,0.07981573,0.045127265,-0.12009631
81.64836546862088,21.311162726472997,2023,47.50638242000002,0.09998376,0.045124445,-0.12544148
81.52648493960203,21.167722229435082,2023,43.81150280000003,0.13333955,0.05183868,-0.1611979
81.71969630518109,21.155807165176874,2023,48.77617685000001,0.0883972,0.06448937,-0.13344997
81.69889328599011,21.251973212971606,2023,44.87621603000002,0.09579342,0.03679297,-0.13472424
81.64042381217621,21.319718084949884,2023,40.48064231000001,0.058442865,0.010967136,-0.08201504
81.70809444438049,21.189637899388735,2023,47.12014615999999,0.15985052,0.04522928,-0.19601826
81.68715504116777,21.23565671412683,2023,41.56586365999999,0.18718125,-0.035780106,-0.19258268
81.76299714697991,21.257084045788492,2023,46.63820534000001,0.11425836,0.045303285,-0.15243913
81.66191667628463,21.19176715486395,2023,45.27783338000006,0.13210565,0.011144749,-0.15491316
81.68633821435758,21.180042177855164,2023,44.05247321000002,0.061719045,0.004654098,-0.077356555
81.52310157049759,21.321428063481537,2023,43.34152505000003,0.18420288,-0.0034170062,-0.19868122
81.70302892209837,21.151270384601233,2023,50.68855904000003,0.13367136,0.057250835,-0.16163793
81.71628396609458,21.25124487235037,2023,42.75020759000006,0.12684345,0.0026670014,-0.16045417
81.58469615695866,21.371171841202568,2023,45.93751124000005,0.16193081,0.030167425,-0.1935735
81.55605592265482,21.188528946204766,2023,48.20365850000002,0.10234969,0.07132859,-0.15338536
81.72427957797815,21.20804045478626,2023,45.86915084000003,0.15966135,0.015472688,-0.18353692
81.64265779482605,21.307595475869217,2023,48.747123680000016,0.087872766,0.009521051,-0.10908428
81.65319316867763,21.208188480187726,2023,49.31451500000003,0.120026045,0.056669306,-0.1537917
81.57610063590099,21.139327123201646,2023,42.83736710000005,0.11043098,0.04811007,-0.15383478
81.56989903988463,21.20243010055105,2023,48.945368840000015,0.14246665,0.038866397,-0.16406786
81.57365055036428,21.320420770296945,2023,40.67034242,0.19183435,-0.048625793,-0.19108772
81.64985185922768,21.302327618730963,2023,45.486332600000026,0.10379283,-0.008137501,-0.11968917
81.62934360202588,21.289545500518155,2023,46.74074594000001,0.0833207,0.07178121,-0.11047212
81.62323906757187,21.221638530905743,2023,44.07127232000005,0.08741934,0.0063000857,-0.11562111
81.498831187221,21.232064574364113,2023,42.941616710000005,0.18942335,0.0011024317,-0.20161413
81.72816611601874,21.176774218817602,2023,50.91927539000005,0.09829937,0.08273899,-0.14895901
81.54331912855956,21.151978783818254,2023,46.6655495,0.121484876,0.06606453,-0.15482038
81.61345709367218,21.365040373345437,2023,46.86379466000005,0.11457098,0.026788697,-0.14604886
81.58671413926268,21.346947476742056,2023,44.867670980000014,0.16932954,0.015960751,-0.18987723
81.62208274794342,21.14542048115448,2023,48.461719010000024,0.17277963,0.041997388,-0.20640256
81.61695691432922,21.24031014016817,2023,37.94105345000003,0.18405877,-0.057719443,-0.18511887
81.63980574495183,21.279503513036993,2023,43.23727544000002,0.15498096,-0.04304224,-0.16109844
81.55628641917666,21.29245457736354,2023,47.291047160000005,0.11688106,0.04775082,-0.14007515
81.62632756912674,21.289287892004282,2023,43.914043400000025,0.075785585,3.7702653E-4,-0.08163728
81.67693225724913,21.208198760875522,2023,42.46480292000001,0.16147171,-0.014087513,-0.18459812
81.74554737431106,21.187115050733183,2023,48.877008440000054,0.11439506,0.09085289,-0.15071602
81.55751653231425,21.161487111991615,2023,46.86379466000005,0.15276048,0.036478654,-0.18064258
81.67224380796166,21.323840725382325,2023,47.381624690000024,0.107141405,0.038002785,-0.13073371
81.74707109756143,21.32367184757642,2023,39.51846968000001,0.06601341,0.030961264,-0.08594195
81.71519665998952,21.343495348330823,2023,44.08494440000004,0.1117696,0.038240045,-0.13123928
81.71414958516428,21.262589708996746,2023,48.162642259999984,0.12343207,0.053802803,-0.16272892
81.57400257296516,21.34338520088306,2023,43.33981604000002,0.11191038,0.04859909,-0.14968622
81.55051219675269,21.330837890079884,2023,41.323184240000046,0.15667099,0.011943904,-0.17611821
81.5904093279505,21.29462699337401,2023,45.752938159999985,0.12528275,0.007558028,-0.13158356
81.64967564587279,21.253795423551033,2023,39.270663230000025,0.07217326,0.015793458,-0.09798476
81.56203848384702,21.29485847544807,2023,46.798852280000006,0.1440272,0.032224327,-0.16417676
81.52932940166735,21.238514846204737,2023,49.48199798000002,0.12859291,0.019419942,-0.14132409
81.65395748014363,21.13314577996905,2023,51.575535230000014,0.13969713,0.057782345,-0.17746964
81.73804661414084,21.312700235357298,2023,40.15934843000002,0.08835604,0.0193145,-0.12244745
81.64407897515562,21.308100023583602,2023,47.01760555999999,0.1037037,0.023398407,-0.12846614
81.68732830174794,21.28910206091753,2023,40.34904854000001,0.13042319,0.012302929,-0.15161985
81.5800645092544,21.36200683670545,2023,48.24296573000004,0.09533396,0.0652855,-0.128615
81.6230712071688,21.37069014143624,2023,48.19682246000002,0.11007311,0.037235353,-0.12919886
81.49622258057973,21.263898626434315,2023,41.80170704,0.18713427,-0.014290273,-0.1943215
81.64950232804024,21.146552991052175,2023,48.65825516000001,0.1750694,0.024227012,-0.19918847
81.6281082461551,21.32848527611756,2023,47.49954638000003,0.04896299,0.004822717,-0.075825825
81.66216056838329,21.166957439909506,2023,49.64777194999999,0.15672107,0.057927847,-0.18885222
81.564309641139,21.296131675672964,2023,48.41557574000001,0.100327246,0.03164197,-0.11516474
81.58655461436894,21.276367243159033,2023,44.27806253000006,0.13326317,0.017353507,-0.15769516
81.66151234268432,21.24736080842037,2023,39.14761451000004,0.1931424,-0.06728515,-0.19081298
81.53356862979192,21.280791859255963,2023,52.93419818000001,0.11720474,0.06696246,-0.14327535
81.74877925369216,21.258842954884326,2023,47.325227359999985,0.108317696,0.058136735,-0.15591994
81.65095286295299,21.357279908994855,2023,48.401903660000016,0.067015275,0.013318629,-0.080395706
81.54764375494413,21.23735553030632,2023,43.585913480000045,0.15120058,-0.006948897,-0.15780665
81.50638241090218,21.221614625748156,2023,38.798976470000014,0.12832475,0.02963634,-0.15850668
81.64680561181758,21.196189652256457,2023,46.21437086000003,0.17458966,-0.008491858,-0.19416863
81.63626859871783,21.32488926073729,2023,41.63935108999999,0.07464542,0.005662718,-0.10119652
81.6529171308133,21.167392474298023,2023,47.56619777000003,0.16304898,0.033635926,-0.18690123
81.68343651179497,21.208973662896124,2023,44.06272726999998,0.1936698,-0.011400054,-0.20215286
81.61140919530797,21.250088602837735,2023,40.81731728,0.13418505,-0.03295512,-0.14476793
81.6746019846324,21.339799803074374,2023,50.350175060000026,0.07726406,0.044464044,-0.10441929
81.62582255925979,21.177197974077316,2023,46.142592440000044,0.10421558,0.018257158,-0.13512248
81.71074721789356,21.298514397031013,2023,43.47824585000001,0.11624308,0.05302776,-0.15764882
81.63725136256748,21.13936200777177,2023,46.74929099000002,0.21027966,-0.048295595,-0.2177879
81.62299298454694,21.308618117169818,2023,47.18508854000004,0.1015923,-0.018146977,-0.11507062
81.7226873422513,21.18893850798718,2023,44.93944940000006,0.12766165,0.005617495,-0.14963257
81.71250846069654,21.28766714054586,2023,40.05851684000004,0.108422324,-0.0010135242,-0.14111891
81.62715753546865,21.152219589785105,2023,46.586935040000014,0.19878498,-0.033004392,-0.21511865
81.50010268257151,21.238408890393146,2023,44.895015140000055,0.20589504,-0.06170198,-0.20802575
81.69538377003025,21.21573131632416,2023,44.59422938,0.13408087,0.039160773,-0.16442594
81.69281522836154,21.227322920477167,2023,43.07321048000006,0.16066974,0.020757945,-0.18447705
81.6311714435367,21.17117819387933,2023,48.159224240000015,0.14021611,0.029087478,-0.17129318
81.72781669746554,21.244193966100603,2023,46.17848164999998,0.1249585,0.054141015,-0.16580348
81.73468884909495,21.288572922299426,2023,44.59935641000004,0.19113067,-0.038406055,-0.19681558
81.740474807156,21.22705322041984,2023,47.07742091,0.12445818,0.059332926,-0.15833302
81.5273157084228,21.34452082957026,2023,44.43529145000002,0.07774084,0.10881375,-0.12350316
81.65577564957015,21.21817222679411,2023,45.633307460000026,0.1025793,0.005614973,-0.12857278
81.60620761996928,21.222086059309852,2023,42.85274819000006,0.07554967,0.0081172045,-0.10893865
81.54136257033923,21.27774269344163,2023,48.743705660000046,0.15494747,-0.017654808,-0.17946173
81.50966657968264,21.291490776973355,2023,47.66019332000002,0.13379177,0.040204257,-0.15900682
81.73400036373344,21.290701530575483,2023,45.27783338000006,0.0844572,0.032164443,-0.11471606
81.63722494211127,21.226447957089388,2023,43.464573770000015,0.10685363,0.0031571304,-0.12963955
81.65240367861362,21.351041944052817,2023,46.12721135000004,0.101986974,0.010676691,-0.120163456
81.50655725076167,21.258852058884838,2023,45.300050510000005,0.17683509,-0.0025397984,-0.1915557
81.67597486619503,21.304284431025444,2023,37.46765768,0.16727981,-0.029251818,-0.16149871
81.59153437750486,21.1982431979774,2023,42.881801360000054,0.11351313,0.025827054,-0.15137967
81.5663650326586,21.289789470487328,2023,40.72161272000005,0.028198866,-0.08354172,0.0038835818
81.72255071699588,21.215697545166734,2023,44.086653410000054,0.184051,-0.030087361,-0.19466081
81.7336717296826,21.172532239983067,2023,47.598668960000055,0.119990036,0.09656034,-0.16420725
81.59491352585825,21.322006587685536,2023,48.08060978000003,0.09934909,0.020489145,-0.119874366
81.72855716657395,21.34033213638871,2023,45.382082990000015,0.16346839,0.0034562033,-0.18908732
81.63257544684525,21.36905812581691,2023,47.76956996000001,0.051746443,2.0496003E-4,-0.07058204
81.64324101202298,21.12964189734301,2023,48.48906317000001,0.20533702,-0.03463058,-0.21553004
81.67292076209037,21.314336782527707,2023,43.249238510000055,0.1302849,-0.010923762,-0.1394007
81.67557866870445,21.366690902416867,2023,47.85843848000002,0.10583958,0.0056614303,-0.1214533
81.66174671250388,21.323872350415485,2023,49.083798650000006,0.08482262,0.037946712,-0.109037
81.6186584065865,21.26094211655902,2023,43.33298000000002,0.07280475,0.036913518,-0.109328516
81.72074856307185,21.291696624622375,2023,44.48997976999999,0.12798461,0.042507317,-0.16320841
81.72507732971518,21.317876690030626,2023,41.89912061000001,0.12629128,0.045188714,-0.15865526
81.54233667790648,21.225023665661066,2023,40.11662318000003,0.19440453,-0.03718722,-0.19698425
81.61387608253101,21.376038139880585,2023,48.36088742000004,0.15597633,0.007467233,-0.16587949
81.67666124097836,21.189970476330185,2023,49.79474680999999,0.13848962,0.061215628,-0.1755645
81.5563520368199,21.30353952578043,2023,45.746102120000046,0.12451502,0.0038620983,-0.14159256
81.54299236465077,21.243759218834217,2023,41.04461561000005,0.21813741,-0.055905484,-0.21469656
81.53807997906769,21.253260849520615,2023,43.38425030000002,0.13977623,-0.03956223,-0.15513557
81.57029619131845,21.301134014041022,2023,47.09963804000006,0.08356863,0.03545035,-0.10276205
81.64856236139745,21.226498888194822,2023,42.030714380000006,0.11938668,-0.02153754,-0.14057223
81.58732786643203,21.289465385005578,2023,46.467304340000055,0.07844292,0.042334005,-0.09557131
81.60559082551651,21.165923762873373,2023,41.61713396000005,0.21331756,-0.1295459,-0.20840138
81.55491875913243,21.339400005435174,2023,41.95209992000002,0.17479846,-0.009057496,-0.19474666
81.60760721509978,21.2152860097478,2023,40.35759359000002,0.098095566,-0.019349894,-0.12736769
81.66694951921404,21.193566829949045,2023,43.09200959000003,0.0022535087,-0.021466255,-0.006700881
81.57425869840392,21.266054716467952,2023,48.00541334000002,0.11540466,0.021503298,-0.13450482
81.57722764521837,21.36453160963656,2023,51.713965040000005,0.1015298,0.07570968,-0.13983068
81.53599896398747,21.295576386610005,2023,40.48576934000005,0.1978516,-0.03355793,-0.20501226
81.66496810874649,21.28210687101782,2023,34.24104680000005,0.2541178,-0.11004342,-0.24395433
81.76208209483325,21.2364270402784,2023,48.453173960000015,0.11917157,0.04507625,-0.15032452
81.55328630289242,21.241917007727693,2023,44.669425820000015,0.1447889,0.021667762,-0.16839835
81.64217039821409,21.361844039981968,2023,41.73163763000002,0.047893245,0.0368539,-0.07795408
81.66305152524775,21.128514839305026,2023,49.93830365000002,0.13956335,0.06154169,-0.1803244
81.62921915931658,21.32150642767644,2023,43.74997844000001,0.09744077,-0.027398923,-0.108268574
81.59380533466472,21.369767622645924,2023,44.146468760000005,0.11099413,0.037670992,-0.12807861
81.56381579048154,21.299593313425866,2023,46.20753481999998,0.11426566,0.012477103,-0.13255113
81.52333830312818,21.212707817794207,2023,40.195237640000016,0.1608458,-0.0038350911,-0.17664059
81.72997095431278,21.257394112397595,2023,45.62647142000003,0.11975157,0.011653098,-0.14561297
81.63515412333882,21.123114403909543,2023,54.74916680000001,0.1501467,0.046873417,-0.18087281
81.772720804603,21.2584077024613,2023,44.454090560000054,0.12675022,0.045929797,-0.16502641
81.71653982749243,21.212054495014904,2023,44.847162860000026,0.13531607,0.03877257,-0.1758513
81.53595888735215,21.350229933089935,2023,43.256074549999994,0.10825598,0.070552684,-0.1421294
81.50216024894736,21.238987902764688,2023,45.69824984000002,0.14208423,0.05035923,-0.1626454
81.57132953647373,21.1505911511599,2023,51.20809808000001,0.11659841,0.05707809,-0.16545135
81.66082887579648,21.160130209356524,2023,48.56255060000001,0.1614188,0.039945915,-0.18820597
81.55326988049117,21.29659548148817,2023,48.36430544000001,0.13009147,0.0417951,-0.15894969
81.57586928113939,21.240777468450357,2023,45.05908010000002,0.109632194,0.021834971,-0.13314834
81.59224096512914,21.35809902952466,2023,39.94230416000005,0.14412723,0.017183637,-0.17124847
81.60060004820558,21.262826225026224,2023,42.64253996000002,0.13063133,0.03391162,-0.14532965
81.64544007225953,21.320259334357697,2023,41.788034960000005,0.09830831,-0.0038246117,-0.11788454
81.67070317962126,21.351853100201566,2023,43.03732127000001,0.07440872,0.035409667,-0.08973294
81.65022982458707,21.37060159683717,2023,38.48964566000001,0.058702923,-0.0094254,-0.06394878
81.62761202782299,21.373302566505537,2023,48.67192724000006,0.052754544,0.006219399,-0.062184714
81.54405782044341,21.358372782263928,2023,46.033215799999994,0.116773136,0.07488547,-0.16431032
81.58201751206649,21.124388937891474,2023,39.680825630000015,0.037151076,-0.042941984,-0.02655442
81.72857477616363,21.176177631507432,2023,50.27839663999998,0.11218757,0.0956553,-0.15118009
81.64542227421806,21.294009352442636,2023,44.26609946000002,0.10984069,0.005973716,-0.13448653
81.68290893175667,21.14440615209771,2023,44.49510680000003,0.041524075,-0.003928984,-0.040095776
81.59447431010392,21.370829027277075,2023,44.38914818000001,0.12820984,0.029591596,-0.16285498
81.52138464075414,21.21059570987137,2023,43.06295641999998,0.13264434,0.019408658,-0.15618308
81.57964713766825,21.264160137745954,2023,44.35667698999998,0.14598744,-0.01377546,-0.16803023
81.75209434462289,21.28578937650995,2023,44.920650290000026,0.10250626,0.058546945,-0.14149624
81.52617163280159,21.16440422580064,2023,43.326143960000024,0.13926342,0.04446026,-0.1658208
81.61125351873788,21.317655831214832,2023,46.82619643999999,0.057782106,0.035144027,-0.061588008
81.61637974358862,21.17044447046305,2023,41.67011327,0.2182469,-0.051866055,-0.2193206
81.55514794718131,21.273935458819455,2023,48.972713,0.10944643,0.0101792505,-0.1516529
81.57234403009629,21.245498818346203,2023,45.85889678000001,0.15297383,0.03443467,-0.16647945
81.59950145212271,21.32767041816414,2023,42.885219380000024,0.22843277,-0.07813762,-0.21743096
81.63818589501443,21.17744604545826,2023,46.64162336000004,0.1514322,-0.0029807342,-0.18306863
81.60943857108484,21.19809820067088,2023,41.923046750000026,0.2852501,-0.11565871,-0.27868626
81.716243330871,21.28114392589964,2023,42.21357845,0.12620711,0.02568872,-0.15263498
81.60477904336007,21.297193102939627,2023,54.28089806000003,0.08411896,-0.012290028,-0.090226255
81.62478685432102,21.174331042821688,2023,46.320329480000055,0.23703703,-0.06411978,-0.25453934
81.58204038673583,21.3116251020925,2023,42.051222499999994,0.13819458,-0.0026136544,-0.13804108
81.52243445507077,21.288946508353465,2023,50.51424001999999,0.11813376,0.055920307,-0.15166101
81.71397207764207,21.347831161828346,2023,47.70291857000001,0.13532335,0.04570865,-0.15493295
81.68033678796738,21.300276331008,2023,41.54022851000002,0.11157257,0.041838836,-0.13620314
81.69898553256384,21.150756591333398,2023,46.595480090000024,0.1587613,0.030615374,-0.17945655
81.59259711568117,21.20878576121073,2023,42.74166253999999,0.1922645,0.0032861922,-0.21390794
81.67710368161102,21.372389939365135,2023,43.41501248000003,0.14303862,-0.012186434,-0.14936557
81.72088011605071,21.209068707887585,2023,47.87723759000005,0.1173111,0.07950873,-0.15743908
81.66764864255344,21.164100174592328,2023,40.37810171000001,0.018838909,-0.027052166,-0.012351967
81.75518012734467,21.30397264280519,2023,44.24900936000006,0.12616162,0.030140055,-0.15450718
81.65146623289472,21.360705924259932,2023,49.14703201999998,0.022719966,0.0034981465,-0.02706775
81.68804565659636,21.355308748557796,2023,47.77982401999998,0.07132124,0.023502322,-0.08771309
81.72149042236288,21.28886194074232,2023,40.93865699000003,0.20678619,-0.06295617,-0.20432678
81.67156319295401,21.257006882552684,2023,40.02946367000004,0.08306236,0.01121483,-0.11318653
81.61409024766061,21.193070035725455,2023,44.62840958000004,0.1398764,0.031595383,-0.17327844
81.66163359701535,21.326838724401735,2023,47.82084026000001,0.0970802,0.027289774,-0.11846099
81.54704840213027,21.249068751617855,2023,38.212786040000026,0.092285946,-0.08315394,-0.078510545
81.6405444730602,21.35463148110031,2023,43.085173550000036,0.07571407,0.021157889,-0.09238797
81.59039700040515,21.35256540956585,2023,41.94526388000003,0.1284558,-0.011965075,-0.1466493
81.49898141959517,21.25056459190684,2023,48.95733190999999,0.11968319,0.055732258,-0.13908724
81.66877578240471,21.122545243705204,2023,51.594334340000046,0.11425157,0.081817016,-0.15874216
81.66590408566337,21.270590250875692,2023,43.92087944000002,0.0869236,0.009726821,-0.11725104
81.61449541870347,21.163081285469715,2023,42.57588857000002,0.24982037,-0.0909421,-0.24642655
81.76080893308517,21.246039258004373,2023,47.02956863000003,0.1203697,0.050213415,-0.15816867
81.52384021001826,21.308372644093335,2023,42.87154730000003,0.1916493,-0.027091445,-0.20481215
81.66264423794713,21.314359060490453,2023,42.22041449000005,0.12803742,0.020165486,-0.15262666
81.57370751823066,21.14218598118467,2023,47.21585072000005,0.104984015,0.04327464,-0.15111598
81.56519900796164,21.18833636918866,2023,48.31303514000001,0.09015219,0.033153962,-0.14113829
81.61163620681613,21.23608344252725,2023,41.67011327,0.096215464,0.0033127465,-0.1213875
81.75532744613753,21.25734951532342,2023,47.28079309999998,0.10345352,0.040840603,-0.13768372
81.61220350695667,21.310804407916894,2023,46.24855106000001,0.094281174,0.06253402,-0.1101531
81.63649659927825,21.373712722368722,2023,46.52541068000005,0.09721368,-0.021522095,-0.1057177
81.60102459756312,21.198254753707353,2023,44.04905518999999,0.15928036,-0.0050161458,-0.18221714
81.53591511616094,21.255263432688217,2023,44.720696120000014,0.11426509,0.06332783,-0.14662926
81.5026168070299,21.19581185680173,2023,37.24206836000002,0.20384242,-0.0779602,-0.20639469
81.59623786554661,21.233477743136607,2023,43.10397266000001,0.083937824,0.005061657,-0.111794405
81.6467681029016,21.262309159845074,2023,44.26609946000002,0.083298035,0.009751118,-0.1090522
81.60630322918095,21.344926527700746,2023,46.405779980000034,0.086379305,0.04841595,-0.109729856
81.58319724281262,21.34121765358173,2023,44.78734751000002,0.15668549,-4.8348642E-4,-0.1751459
81.70820155390355,21.239355660710295,2023,45.83497064000005,0.11766633,0.019085493,-0.15012828
81.74148532142324,21.31554818286908,2023,42.681847189999985,0.11576314,0.03023423,-0.1520228
81.71436649774571,21.308037685985102,2023,46.26905918,0.10896293,0.04930484,-0.13996835
81.65578597562745,21.18616227402421,2023,49.104306769999994,0.08522578,0.04763658,-0.1324844
81.58595408678312,21.215479010422904,2023,42.02900537000005,0.17242464,-0.0439091,-0.17726268
81.75846649461398,21.198825305510006,2023,47.364534590000005,0.12565857,0.06602831,-0.17199826
81.56942921701024,21.240299604985903,2023,45.24023516,0.13896355,0.03659825,-0.16792175
81.59126785067288,21.17643910523288,2023,44.457508580000024,0.20803094,-0.055185508,-0.21492349
81.66364501592454,21.283072468128736,2023,38.212786040000026,0.1363007,0.011163088,-0.14577259
81.71366947599967,21.25681593214983,2023,46.40407097000002,0.13561931,0.051285423,-0.17366698
81.74976478964345,21.216321021439956,2023,42.98434196000005,0.10447331,0.033180885,-0.13556968
81.74525347705905,21.21317348621242,2023,46.414325029999986,0.12969658,0.021431422,-0.16457778
81.67036027383881,21.153820303422282,2023,47.69437352,0.17402141,-0.012996255,-0.18905275
81.68815572548276,21.206396363306848,2023,48.40532168000004,0.11797173,0.060739208,-0.15780202
81.72279430917413,21.24433719549463,2023,46.327165519999994,0.12280835,0.053025797,-0.15059076
81.58436903361958,21.364283147128642,2023,46.63136930000002,0.09114636,0.06267246,-0.12158983
81.71249089274983,21.189714633351844,2023,44.48143472000004,0.15291025,0.044359054,-0.18750115
81.62650230662554,21.19438501341561,2023,44.71556909000003,0.21092582,-0.043843728,-0.21746881
81.62721817752225,21.299436503085467,2023,44.994137720000026,0.055722892,0.026125884,-0.0805395
81.55996601790164,21.353676613374518,2023,42.75362561000003,0.12481901,0.05458122,-0.15121496
81.5924886834714,21.14274499082656,2023,43.910625380000056,0.23143193,-0.07483724,-0.23336384
81.70293499592101,21.303540997971908,2023,44.34642293000002,0.1337527,0.019899737,-0.15465775
81.70091038988274,21.33678369210688,2023,45.51538577000002,0.13178357,3.2620513E-4,-0.1462472
81.66789646810092,21.271424914445916,2023,45.947765300000015,0.12803708,0.046029065,-0.14916137
81.71797453409151,21.162121907176406,2023,46.614279200000055,0.105734,0.021011725,-0.14502522
81.49639492712897,21.213790952079993,2023,40.28752417999999,0.1430831,0.024943236,-0.1661157
81.52148038414848,21.1794340928525,2023,42.10591082000002,0.14020091,0.049412984,-0.16852292
81.7046917732011,21.271919596527283,2023,43.28341870999998,0.12900902,0.042933837,-0.15780504
81.5873154517015,21.16353898933816,2023,46.173354620000055,0.12631726,0.04372815,-0.16754684
81.76580755938564,21.222602802442328,2023,42.54341738000005,0.10787524,0.022105247,-0.13838346
81.62124692117207,21.37267890524969,2023,50.88680420000003,0.09961941,0.041108545,-0.12907904
81.54361832854299,21.2693864585487,2023,47.19876062000003,0.15529256,-0.01661471,-0.17014313
81.74650367346922,21.23267511320531,2023,49.21539242000006,0.10672731,0.06155898,-0.14044131
81.69374551517535,21.241129379099892,2023,40.65837935000002,0.18035766,-0.041024417,-0.18585996
81.55969813576115,21.223595884228036,2023,46.91848298000002,0.12254193,0.05439405,-0.16196463
81.6791907928619,21.257013824599532,2023,39.67057156999999,0.17978063,-0.034613654,-0.19262075
81.6327418724425,21.177278170964783,2023,46.419452060000026,0.18355025,-0.023015266,-0.20155622
81.74653068621231,21.259662667746554,2023,48.17289632000001,0.10856034,0.080774195,-0.14872709
81.63660144562903,21.34854238727601,2023,44.595938390000015,0.06390685,0.026320947,-0.097545296
81.66865626841002,21.266283264238915,2023,37.23865034000005,0.14576283,-0.03526923,-0.15907703
81.73100692547501,21.29213217027579,2023,42.91598155999998,0.14620568,0.0082728285,-0.1579548
81.72854193523057,21.301042630302742,2023,41.70600248000005,0.12257149,0.010439217,-0.1521873
81.74612547861156,21.233775932011472,2023,46.61598821000001,0.06811513,0.056787685,-0.10805914
81.76668651334782,21.258129567423634,2023,40.85320649000005,0.13857432,-0.043266583,-0.14994712
81.61258252822596,21.229465238775223,2023,42.59981471000003,0.09969669,-0.0028153246,-0.123179056
81.7682140350482,21.261185219129732,2023,43.62692972000002,0.098768674,0.047295097,-0.13246019
81.64363631091372,21.227413411588355,2023,38.42641229000003,0.30203193,-0.17811212,-0.27640435
81.60959554364176,21.26125737279955,2023,43.79441270000001,0.122749776,-0.0068726186,-0.14247109
81.58454525415988,21.19803308566702,2023,45.110350400000016,0.12666245,0.021751085,-0.16426702
81.70116232767805,21.207110142171135,2023,43.61325764000003,0.18573296,-0.023138897,-0.19533132
81.69763069571164,21.27175771539476,2023,42.307574000000045,0.13235152,0.025643582,-0.15563872
81.57631209284796,21.217915094143383,2023,44.13963272000001,0.18407136,-0.02688058,-0.19741175
81.50155318452204,21.245825757926596,2023,48.15751523000006,0.15823263,0.006593715,-0.1661966
81.6536754950567,21.202449991065837,2023,42.21528746000001,0.20827378,-0.0364445,-0.21209337
81.54125405105596,21.17118254918223,2023,47.477329250000025,0.1106592,0.057696808,-0.16559957
81.5702991860897,21.367366648604584,2023,47.00222446999999,0.1483958,0.029981446,-0.17509267
81.65055905103367,21.202317770293664,2023,39.935468119999996,0.07417922,-0.0049876324,-0.07719054
81.6155481563421,21.31301518944634,2023,46.95266318000006,0.08748978,0.043491427,-0.096169695
81.61631760389163,21.16129696701496,2023,43.18771415000003,0.23961775,-0.09915441,-0.23298238
81.67972601919134,21.228848641935855,2023,45.54272993000001,0.17114441,-0.013405349,-0.18464142
81.54764450686163,21.1480853298448,2023,45.41455417999998,0.11526731,0.051936403,-0.15128712
81.67712204448272,21.17034175324219,2023,52.101910309999994,0.102286614,0.0774153,-0.14935207
81.54739164352571,21.24917897340298,2023,40.09782407,0.275069,-0.14774343,-0.2579614
81.61890180145133,21.286039909484636,2023,44.23533728000001,0.05679349,0.017780066,-0.07237354
81.7071057093754,21.289706816371183,2023,45.98878153999999,0.085695766,0.05208316,-0.11544639
81.65413891635613,21.31795318532636,2023,43.89866231000002,0.12343657,0.013504366,-0.14607581
81.60915954244204,21.298279807994145,2023,44.08836242000001,0.06330008,-0.0038339724,-0.07848668
81.5613204350718,21.145420331799855,2023,43.00826810000001,0.1481663,0.017635258,-0.18679014
81.71805102785262,21.17342296575838,2023,50.169020000000046,0.12706262,0.054867916,-0.16247708
81.6875819097844,21.323688443559714,2023,45.29492348000002,0.08411215,0.05035194,-0.11786679
81.68274191466507,21.163182544864817,2023,48.70610743999998,0.14942822,0.029325694,-0.17477538
81.63324926185109,21.323106427012007,2023,44.847162860000026,0.05195864,0.016762912,-0.0752094
81.73012357038445,21.21240419182447,2023,43.61325764000003,0.20439887,-0.02542033,-0.21917582
81.589273968823,21.323820930554845,2023,47.57132480000001,0.09068507,0.036674283,-0.11857125
81.65925010213591,21.22628262040076,2023,44.04221915000005,0.10831784,-0.0032207423,-0.13725346
81.62675605170112,21.24179095292559,2023,36.74645545999999,0.066193625,-0.07962599,-0.051879555
81.7283360253882,21.30936296133462,2023,43.92087944000002,0.1047789,0.068050675,-0.14067478
81.62426368985787,21.29794732128182,2023,48.743705660000046,0.109276935,-0.010613715,-0.119479395
81.70800800213468,21.34635037411418,2023,47.429476969999996,0.08072018,0.078060254,-0.12039197
81.53982662266903,21.286265168861725,2023,40.86004252999999,0.27498513,-0.16260917,-0.23616874
81.59406175467069,21.151969796438596,2023,42.45113084000002,0.23464854,-0.105042234,-0.23284607
81.74678533003255,21.198410279102468,2023,49.948557710000046,0.09986608,0.094745465,-0.13511166
81.74792661765912,21.228602403643237,2023,49.27862578999998,0.10156652,0.07407465,-0.13911968
81.71267662330774,21.191654332027877,2023,46.49977553000002,0.111317754,0.056125052,-0.14159486
81.68531112606878,21.225015702467253,2023,43.917461419999995,0.20509449,-0.014713466,-0.21252108
81.60473659075836,21.306855685062516,2023,47.79007808000006,0.08560087,0.011792132,-0.09695506
81.6341680212685,21.22892649635164,2023,43.17233306000003,0.124112725,-0.010004813,-0.14003532
81.65203934265217,21.151203400534527,2023,47.73026273000005,0.13102885,0.00600394,-0.15620624
81.7505626872812,21.20671704308715,2023,47.395296770000016,0.14220649,0.055493437,-0.17869535
81.64732143175213,21.16987197548282,2023,46.657004450000045,0.1275662,0.031466126,-0.15665245
81.6136518549353,21.301307310268538,2023,47.4004238,0.059646275,0.024748774,-0.074038506
81.64048947544781,21.190471167373268,2023,44.97021158000001,0.16213796,0.008110337,-0.1834019
81.59242663475409,21.26249234699375,2023,47.718299660000014,0.08275616,0.011632948,-0.1036792
81.59272648412419,21.151031228209707,2023,42.681847189999985,0.22967301,-0.084883,-0.2332847
81.6069375167994,21.200536897445392,2023,39.25186412000005,0.3465877,-0.15942338,-0.3187092
81.48957088108443,21.280263791942144,2023,47.40725984000005,0.13437168,0.07515152,-0.17161451
81.56601555598198,21.175621413586136,2023,47.62601312000004,0.14007308,0.044869293,-0.17696661
81.72442113847563,21.28535142362273,2023,45.54956597,0.06384396,0.0041066254,-0.095223695
81.62303471109374,21.36785085067632,2023,43.507299020000005,0.08422602,0.03864559,-0.101932265
81.6473956518843,21.203003144180258,2023,46.20411680000001,0.11500064,0.007560385,-0.14424255
81.51408954794431,21.216989526092398,2023,47.672156390000055,0.10589875,0.058837898,-0.12824482
81.59995182260933,21.31485348368817,2023,45.50171369000003,0.09117821,0.027495619,-0.11179575
81.71291586916708,21.194737360886787,2023,44.358385999999996,0.19313149,-0.047672175,-0.21169443
81.73404561891594,21.209897444869824,2023,41.19500849000002,0.084992975,-0.031441472,-0.08306062
81.60787452864844,21.18849317441862,2023,36.30211286000002,0.12521927,-0.08023438,-0.10933169
81.76840590364779,21.236913980819406,2023,48.61040288000004,0.10898083,0.058582783,-0.14510092
81.63888277414547,21.16901986240631,2023,49.991282960000035,0.17567345,-0.0042473744,-0.19374168
81.66914687979288,21.255514345658757,2023,36.281604740000034,0.14363939,-0.040887237,-0.15138692
81.64586132769173,21.216359921214252,2023,44.842035829999986,0.1031678,-0.007931483,-0.12976728
81.74561242366286,21.228138115207294,2023,48.639456050000035,0.10576051,0.025180025,-0.14237387
81.53320108040501,21.29167935082046,2023,46.39894393999998,0.16579461,0.01286163,-0.18763673
81.52497568423797,21.17830200755198,2023,43.31076287000002,0.13489914,0.058629382,-0.16496482
81.62892495287316,21.35407205404375,2023,41.35394642000006,0.18129815,-0.07915273,-0.20117885
81.59783381373458,21.234043328732444,2023,42.20161538000002,0.13657106,-0.033814795,-0.15477985
81.68477013217844,21.242474106251755,2023,41.403507709999985,0.12826878,-0.022705307,-0.15273064
81.69528352040395,21.14832846675185,2023,49.35211321999998,0.13249335,0.063658886,-0.16548555
81.68797914889255,21.32614229303848,2023,48.085736810000014,0.10797407,0.025986955,-0.13306178
81.67863096426771,21.286851246760598,2023,39.983320400000025,0.14053033,0.014331129,-0.15493406
81.52493001816323,21.21776166657743,2023,41.586371780000036,0.17760374,-0.0021543745,-0.18765707
81.64274737250344,21.29458834497224,2023,45.38721002,0.059418354,0.012405264,-0.085183956
81.57665358211271,21.267591841232978,2023,43.86619112000005,0.09933385,0.0028079904,-0.12670682
81.65404183069201,21.15690854497848,2023,49.00347518000001,0.16086075,0.051432457,-0.19241251
81.59054855372112,21.206346672992236,2023,43.10397266000001,0.23847023,-0.13566293,-0.25938305
81.5165542891634,21.176050920058376,2023,46.62453326000002,0.114347875,0.10926401,-0.15115039
81.56073342519822,21.19315506741505,2023,46.95266318000006,0.12362661,0.026108352,-0.16691537
81.59022874301431,21.242178694595392,2023,43.94480557999998,0.21192776,-0.06385489,-0.19759285
81.54188687787573,21.18926737569968,2023,46.13575639999999,0.14384913,-0.003096618,-0.16219033
81.62859319730192,21.119945275066186,2023,51.32431076,0.11451405,0.060930833,-0.15796612
81.60553396573592,21.27487250718193,2023,44.98730168000003,0.15071976,-0.054613795,-0.15024802
81.59771688031626,21.198685906759493,2023,42.36738935000005,0.2199582,-0.077201515,-0.21184902
81.6321503413692,21.376257821530523,2023,44.88476108000003,0.08048315,0.013542796,-0.10401871
81.61701190212507,21.24632999536983,2023,37.75477136000001,0.10613861,-0.02173316,-0.1239991
81.61185322096671,21.2221257713375,2023,43.85422805000002,0.094961405,0.041596446,-0.124232404
81.70639608047826,21.319431836634546,2023,45.54785695999999,0.10230759,0.055928193,-0.13382988
81.50083093002628,21.24146763199838,2023,47.12356418000002,0.14394632,0.040149268,-0.16844453
81.61149654625407,21.156147336830752,2023,44.94799445000001,0.18410654,0.008015326,-0.21215251
81.66160627511722,21.281860837185835,2023,38.64516557000002,0.12255114,0.026963323,-0.13558121
81.70318727449839,21.28831031011518,2023,40.89593174000004,0.1874301,-0.022255741,-0.19518235
81.5973082831332,21.273272075539893,2023,50.42195348000001,0.06300658,0.0065288357,-0.077922076
81.73038957611786,21.333214677231275,2023,47.33377241000005,0.087953985,0.07723727,-0.13593352
81.72616731125792,21.258351849592124,2023,45.66236063000002,0.12461609,0.015848795,-0.13947278
81.59996292511617,21.255751343577316,2023,42.85787521999998,0.07522365,0.0052894824,-0.09325318
81.64625046869116,21.233716337698166,2023,42.216996470000026,0.18359546,-0.06397526,-0.1814956
81.67547548899529,21.301306255797716,2023,37.624886600000025,0.15480046,-0.011058001,-0.16221093
81.76851983523251,21.266984524804485,2023,40.478933299999994,0.10238057,0.028673496,-0.13838458
81.68774225175046,21.20525625312568,2023,46.96120823000001,0.12702146,0.04730244,-0.1620874
81.61165389421733,21.28644502369057,2023,43.343234059999986,0.091685176,-0.0015984655,-0.10244117
81.51270837013011,21.182871213752556,2023,41.42572484000004,0.0704823,-0.006471631,-0.078516126
81.51321744009199,21.264438423405352,2023,43.89695330000001,0.13673142,0.060292214,-0.1720426
81.71254105452338,21.262398393433838,2023,47.40555083000004,0.12538645,0.04727489,-0.16080521
81.61257671491289,21.209970932455306,2023,46.99538843000005,0.143227,0.029117065,-0.16769294
81.61818814118611,21.234618326225778,2023,41.86835843000006,0.07555801,0.00423491,-0.10205925
81.6608798910236,21.20904667751544,2023,48.45488297000003,0.10357702,0.06362895,-0.13323651
81.62459657796973,21.381032907089516,2023,44.56859423000003,0.1458284,-0.036023337,-0.15847017
81.54466186166509,21.216182731303,2023,44.65917176000005,0.12128486,0.057668347,-0.16209987
81.71443549427693,21.207021174066014,2023,45.01293683000006,0.12540215,0.02166764,-0.1534796
81.68947377250522,21.330150880479042,2023,50.06647940000005,0.073873386,0.062229786,-0.111393526
81.6518131580246,21.25607288845551,2023,39.72696890000003,0.08946592,0.004816407,-0.11058026
81.62207668437037,21.319215885471408,2023,49.75202156,0.04685248,-0.008932769,-0.066865526
81.60391464537818,21.307332086235068,2023,42.80660492000004,0.02018305,-0.02329685,-0.010406856
81.64432380411277,21.237142524272613,2023,42.449421830000006,0.1425197,-0.023164684,-0.15344019
81.6974200356015,21.223072386879966,2023,44.89330613000004,0.12651159,0.06668505,-0.15950745
81.57804022133374,21.299054042025215,2023,45.33423071000004,0.090389654,0.06654898,-0.1155748
81.69194022822975,21.153938762400678,2023,41.598334850000015,0.124641515,-0.06811372,-0.12219067
81.69959704388071,21.362987489225524,2023,49.84089008000001,0.08232907,0.060278315,-0.115880184
81.68861486837977,21.271513587076093,2023,40.26188903000002,0.18108125,-0.035864126,-0.17990042
81.64020096768085,21.271547301636158,2023,44.457508580000024,0.17842522,-0.035629455,-0.1786126
81.63268985503696,21.275389059263105,2023,42.31782806000001,0.06339517,0.006300563,-0.08618933
81.69014593332192,21.164391224028662,2023,48.60185783000003,0.12135354,0.078747846,-0.16425006
81.71847706739744,21.207092937184406,2023,43.18429613000001,0.17588103,-0.010101324,-0.19435512
81.61302906214945,21.264448237155335,2023,43.162079000000006,0.06710272,0.015915697,-0.09400121
81.57303527389604,21.29685547129568,2023,45.58716419000001,0.1322943,0.0048995065,-0.14416711
81.72919122254274,21.263652990746237,2023,44.29857064999999,0.14062223,0.03992135,-0.17309162
81.70614062882608,21.25857247319579,2023,45.03344494999999,0.16277193,0.0030646543,-0.18305178
81.70619477466418,21.2688460656775,2023,42.19307033000001,0.16114955,0.005409512,-0.18013811
81.7392262701274,21.21406137660208,2023,46.78176217999999,0.11211891,0.06673406,-0.14975916
81.70348745775807,21.295111394531403,2023,44.26097243000004,0.07361915,0.01188076,-0.10380052
81.67590827545028,21.329311194844237,2023,48.32670722,0.108671434,0.0037314112,-0.13288073
81.55852296993658,21.26566023175857,2023,47.04153170000001,0.11832755,0.0355934,-0.13970527
81.66883436005777,21.123453227154034,2023,51.878030000000024,0.106248595,0.08673106,-0.15311004
81.68273028532904,21.36720783781169,2023,49.208556380000005,0.027759384,0.0024718211,-0.040049482
81.65215915295747,21.34442465983127,2023,44.871088999999984,0.12547989,-0.0038749212,-0.14001514
81.67378398293954,21.22255176133304,2023,43.63889279,0.08004618,0.022063553,-0.115898415
81.59501571194922,21.353621601751176,2023,43.05099335,0.19154891,-0.045895685,-0.19770989
81.5554317315174,21.288449526423037,2023,44.915523259999986,0.12370071,0.04604089,-0.15105458
81.6553579501772,21.375190736237514,2023,43.61838467000001,0.10160091,-0.025037749,-0.100215286
81.7005744552255,21.186921729546878,2023,47.07571189999999,0.144704,0.03959024,-0.17680068
81.52570250319663,21.24192007231159,2023,48.23954771000001,0.16227764,0.042610317,-0.19335198
81.51822650976618,21.21811525190374,2023,38.212786040000026,0.24204852,-0.069371924,-0.23349905
81.50422497298221,21.274642420415475,2023,41.880321500000036,0.10231248,0.06749441,-0.12301139
81.6872673005837,21.231097498309047,2023,42.83224007000001,0.13847291,-0.015109912,-0.1624681
81.655170295138,21.20852230883923,2023,48.02421245000005,0.092074096,0.056170862,-0.12766361
81.52324360219829,21.199350791787424,2023,43.456028720000006,0.10864406,0.050552025,-0.13758591
81.73151696868841,21.22781209352256,2023,45.727303010000014,0.110324234,0.021489779,-0.13438147
81.60734448633532,21.202845919455633,2023,41.08734086000004,0.19584176,-0.01480102,-0.2033941
81.66319041437478,21.24911342690526,2023,39.93375910999998,0.11964571,-0.0018932101,-0.144664
81.52139635678884,21.173431594250825,2023,43.914043400000025,0.108240694,0.05381463,-0.15109971
81.5521310678528,21.17515450991265,2023,48.933405770000036,0.18677063,0.053199265,-0.21758874
81.60110253619838,21.24149764445996,2023,43.39450436000004,0.12640166,0.0067017083,-0.15523632
81.71993142182087,21.327680889577046,2023,41.97260804000001,0.09237782,0.075706586,-0.13833514
81.61130145161299,21.378600841636082,2023,49.40167451000002,0.11839382,0.02100606,-0.14339769
81.54278078527854,21.355425966004375,2023,43.097136620000015,0.12121094,0.059175465,-0.15306327
81.61433724118547,21.28905942290215,2023,51.848976830000026,0.05674186,0.010633186,-0.06892972
81.50239101712327,21.257811093118,2023,47.32351835000003,0.12424062,0.046168875,-0.15428361
81.51315994659385,21.22489613555717,2023,47.83793036000003,0.11600716,0.045152947,-0.13744883
81.64817057816022,21.368734836354978,2023,40.331958439999994,0.046863664,0.0018214936,-0.055310436
81.65400848151793,21.237870315782985,2023,41.473577120000016,0.17337485,-0.057952143,-0.17575644
81.58672787652846,21.33316888012082,2023,44.8881791,0.14366993,0.0018932628,-0.16140161
81.73613843441417,21.313238312045275,2023,41.335147310000025,0.11412659,0.03726231,-0.1506567
81.63511147270222,21.295252833510474,2023,47.19876062000003,0.06278597,0.007948749,-0.08494075
81.74490830006364,21.221647529669823,2023,44.59081136000003,0.11169411,0.064185694,-0.1453437
81.70841524316083,21.26931030928513,2023,44.27293550000002,0.17805395,-2.9183627E-4,-0.19774884
81.60858418627095,21.368269434649363,2023,48.09599087000004,0.09835945,0.04066847,-0.13601007
81.67547614955163,21.257571710958327,2023,39.95939426000001,0.12616867,-0.010776675,-0.14492866
81.57619963060417,21.134690911807702,2023,44.467762640000046,0.13256624,0.0074560684,-0.16402157
81.62899662264606,21.158247133768796,2023,48.31987118000001,0.19046523,-0.011130832,-0.2081813
81.5793508054966,21.21231794524461,2023,45.02489990000004,0.13824844,0.05217441,-0.17533347
81.51680596005161,21.320258142963624,2023,44.85570790999998,0.12337984,0.0404076,-0.144401
81.52554304372475,21.27676567446773,2023,46.516865629999984,0.11117854,0.03758213,-0.14892282
81.62339599775872,21.14693874000604,2023,48.46855505000002,0.21723868,-0.056625545,-0.22962248
81.70389743288612,21.283348608817484,2023,42.62032283000002,0.06717251,0.06954169,-0.11699542
81.62248906568973,21.31800163505857,2023,50.46809675000003,0.0646017,-8.245018E-4,-0.08519221
81.65751448405742,21.346714789576055,2023,46.74929099000002,0.081553355,0.0065016495,-0.10045945
81.55804173732105,21.258962643269918,2023,46.79543425999998,0.11921481,-0.0053038993,-0.13732009
81.67382084298671,21.140038490622366,2023,49.023983300000054,0.13153009,0.036665116,-0.1635751
81.62913105917868,21.145840940727165,2023,48.81035704999999,0.1669395,0.04368551,-0.19578137
81.49040869378204,21.226128252007015,2023,43.25778356000001,0.1183275,0.014351116,-0.14487752
81.61339119387388,21.325089549102007,2023,45.34619378000002,0.10234564,0.0034612606,-0.11012245
81.63570538945582,21.204192933246986,2023,44.669425820000015,0.096824616,0.012799144,-0.13182208
81.64854101464145,21.132456400937674,2023,49.60846472000003,0.20974378,-0.05251959,-0.21270965
81.65571062305068,21.153586721013635,2023,48.333543260000056,0.17058332,0.0020928117,-0.19182771
81.68581309263054,21.210621450917166,2023,42.23066855000002,0.067762636,0.009019994,-0.105854444
81.7017864003789,21.16235379872715,2023,48.44291989999999,0.110902116,0.061914105,-0.14598234
81.64739675534075,21.208268811845695,2023,46.323747500000025,0.1376789,0.038476113,-0.17464614
81.69262324303308,21.258483478310616,2023,41.917919719999986,0.14775443,-0.03482618,-0.16970745
81.62235057343986,21.239001047776828,2023,41.99311616,0.07187132,0.007936647,-0.097517766
81.69572631858084,21.22997161089044,2023,43.31418088999999,0.15598942,0.0057090153,-0.17543991
81.57008186542609,21.36588170804081,2023,45.312013579999984,0.13548338,0.03984269,-0.16408403
81.53627799516738,21.25500886846739,2023,44.327623819999985,0.15514618,0.019511864,-0.170902
81.67471794326732,21.242108322097135,2023,41.13519314000001,0.110398374,-0.005379501,-0.14208458
81.49606959333089,21.22395948344534,2023,42.53658134,0.10517141,0.061698347,-0.13534164
81.56215859545846,21.266466211480548,2023,46.210952840000004,0.14300527,0.001019522,-0.15091139
81.69952008718862,21.240754596022956,2023,42.54512639000001,0.14359193,0.024524966,-0.17040011
81.73906617230978,21.176831651426127,2023,50.090405540000006,0.11711682,0.08339678,-0.16886854
81.54421156989285,21.225453984275372,2023,39.77653019000002,0.16612943,-0.009047023,-0.17024012
81.7636372387833,21.266575354372495,2023,45.105223369999976,0.10622907,0.023563791,-0.13329543
81.53854009453093,21.1870369867008,2023,49.191466279999986,0.09680355,0.06756355,-0.15384331
81.67491259920583,21.19340199419214,2023,47.80887719000003,0.15355407,0.04557665,-0.18217878
81.6310910841374,21.235473294539936,2023,45.24023516,0.12056973,0.03160245,-0.15818484
81.56793264040527,21.21225525851079,2023,44.70360602000005,0.1652785,-0.0028195807,-0.18205297
81.65741926881512,21.331540144865663,2023,45.81104449999998,0.10232511,0.008402448,-0.12110231
81.61347091129097,21.274246888458357,2023,45.602545280000015,0.07253816,0.01983952,-0.10620174
81.69287922312994,21.25498208613245,2023,42.051222499999994,0.11803953,-0.003519949,-0.1453762
81.71351666638813,21.215379231032045,2023,45.81104449999998,0.12344477,0.055030182,-0.16297309
81.67684899489015,21.208351652887327,2023,42.46480292000001,0.16147171,-0.014087513,-0.18459812
81.5100983346723,21.237801291939704,2023,47.22952280000004,0.11923627,0.052266404,-0.14444928
81.5864096919603,21.300731234067005,2023,47.67386540000001,0.061106335,0.020541083,-0.08300249
81.72256479048777,21.24761372702348,2023,45.37695596000003,0.13396168,0.023322355,-0.1560894
81.69601874354426,21.192119273481524,2023,47.92338086000001,0.07365605,0.038273428,-0.1125076
81.73269127873769,21.251108205856326,2023,46.04176085000006,0.1346595,0.030133551,-0.16132012
81.49583615132622,21.2507296529685,2023,46.89797485999998,0.0751866,0.0625992,-0.12225896
81.64174754968045,21.147642366269874,2023,48.07035572000001,0.1995443,0.012168079,-0.22265425
81.52335831047982,21.195691965460405,2023,42.13667300000003,0.15968199,0.009350898,-0.17446189
81.62663553206905,21.181544131395448,2023,47.709754610000005,0.15251733,0.001576081,-0.17443419
81.68404137988749,21.225367027656578,2023,45.47266051999998,0.14715065,0.03285447,-0.1689825
81.62289065944854,21.350937931810343,2023,47.83622135000002,0.076823756,0.03868821,-0.09523003
81.66896120108896,21.181630866203736,2023,48.28739999000004,0.1582363,0.03112371,-0.18690656
81.7007069924483,21.351243050168932,2023,46.159682540000006,0.09648673,0.041516587,-0.12316982
81.66953261547671,21.18920112322863,2023,45.34619378000002,0.18692993,0.012284713,-0.20435622
81.5087078986936,21.203084112864072,2023,42.24946766000005,0.13728036,0.017975403,-0.15044539
81.54155016713833,21.25108299180761,2023,40.60198202000004,0.30830815,-0.16405423,-0.27089638
81.71563244751705,21.17807257995319,2023,49.49737907000002,0.11474699,0.047089186,-0.15595883
81.6516518079824,21.253585765546813,2023,40.08927902000005,0.07524613,0.030793354,-0.099167615
81.55860859895529,21.26600234670043,2023,47.031277639999985,0.12676515,0.032158837,-0.14802222
81.62414569251906,21.223669222992758,2023,43.60983962,0.10684295,-0.0015520419,-0.13158952
81.61286652509695,21.187130629552655,2023,43.79953972999999,0.24866244,-0.06518158,-0.25522253
81.6924235650241,21.28506621899104,2023,39.73380494000003,0.077525534,0.0035359834,-0.10694903
81.60578047795055,21.19544386110991,2023,37.55823521000002,0.31167504,-0.12187363,-0.28692293
81.62286029246017,21.12039563350837,2023,53.209348790000035,0.10546594,0.073555164,-0.15974994
81.58302036518256,21.217946681828373,2023,41.91108368000005,0.16073418,0.012614964,-0.18707508
81.56880316182509,21.261517570618683,2023,46.88772080000001,0.062359635,0.024136983,-0.103842564
81.70342439539864,21.254927744337262,2023,45.43677131000004,0.14569548,0.03543492,-0.1823326
81.65059074357045,21.204103886067728,2023,48.642874070000005,0.09553504,0.04046805,-0.13038166
81.73227891881824,21.26814854366185,2023,46.37501780000002,0.10277469,0.06749108,-0.14748314
81.67707766632485,21.349426547773966,2023,46.45534127000002,0.06384334,0.015429305,-0.07920906
81.61347077822259,21.365520994483603,2023,47.08254794000004,0.115272544,0.02552787,-0.14202738
81.62894700326042,21.29250557420434,2023,46.72365583999999,0.09594558,0.016149767,-0.10389903
81.57170557222558,21.129098836431492,2023,49.34527718000004,0.08958785,0.029934337,-0.11387072
81.57420819681695,21.288926235807207,2023,45.77686430000006,0.075701684,0.031585027,-0.108732484
81.68916448006739,21.169485529638887,2023,49.300842920000036,0.11247716,0.04687831,-0.14337689
81.56401794022321,21.20525057080227,2023,46.42970611999999,0.14310282,0.040975984,-0.16817027
81.67553449497552,21.314869670619576,2023,44.45579957000001,0.11928072,0.033821423,-0.14214647
81.59722321636626,21.291792391930382,2023,45.85889678000001,0.116917394,0.020974707,-0.12733085
81.62825979590589,21.313963481587155,2023,43.438938620000044,0.078698054,-0.010372708,-0.09628552
81.66936101514705,21.161281709770783,2023,48.16093325000003,0.1879552,0.0018403531,-0.20662712
81.54524068288413,21.319857738050363,2023,42.39473351000004,0.14050384,0.03624357,-0.15813954
81.63512195658033,21.322126980483553,2023,42.485311040000056,0.068594255,0.005293999,-0.08599161
81.62322432417182,21.217472448401107,2023,46.62282425000001,0.08124782,0.023351466,-0.11422679
81.68847986324037,21.181210231524588,2023,44.247300350000046,0.082290694,0.017480316,-0.09204682
81.62070495433129,21.205701712431775,2023,45.61792637000002,0.12943804,0.0020656697,-0.15829591
81.65754495816364,21.370963218671225,2023,47.930216900000005,0.0569614,-0.0029190208,-0.06064529
81.7094177758747,21.267033331044484,2023,44.08494440000004,0.1373005,0.041511483,-0.16902989
81.59093579911142,21.152834229605222,2023,42.104201810000006,0.24206021,-0.09117624,-0.24541979
81.763344104587,21.29602306368911,2023,46.20924382999999,0.08875992,0.079442486,-0.13137741
81.73235414728373,21.23987369181523,2023,43.79953972999999,0.14634016,0.0293834,-0.17597444
81.5579508940157,21.139411365704607,2023,43.21505831000002,0.1587434,0.0033306575,-0.17609593
81.6082177931683,21.22996581663829,2023,41.93671883000002,0.09218389,-0.0042184046,-0.117276356
81.7409883697325,21.219998697984302,2023,46.93386407000003,0.121825285,0.06238984,-0.15973462
81.56546619066104,21.245204689645377,2023,44.63524561999998,0.1890472,-0.018546298,-0.19099063
81.56412646169747,21.284700856045276,2023,45.99219956000002,0.10967156,0.041826993,-0.116674975
81.68435110998632,21.32761603345094,2023,48.682181300000025,0.09898305,0.04390667,-0.12564847
81.52002087368152,21.238694457077354,2023,44.618155520000016,0.17143966,0.018244496,-0.18920623
81.61651193543747,21.347914667648475,2023,52.664174600000024,0.08519128,0.03873342,-0.11148094
81.59334671246486,21.222857999518272,2023,40.89934976000001,0.066122815,0.027844127,-0.09236609
81.73087982342317,21.30910272575342,2023,39.132233420000034,0.14653975,0.0053817853,-0.16898909
81.70533718762196,21.32782738856464,2023,45.08129723000002,0.094341695,0.040214565,-0.12882023
81.53215457319959,21.311944968855133,2023,44.915523259999986,0.17503986,0.012618002,-0.2019114
81.70114651492827,21.279645276708035,2023,41.51972039000003,0.17546362,-0.042220403,-0.17454326
81.66639891625657,21.291740427195542,2023,39.38858492000003,0.1216711,0.0010931797,-0.13320021
81.57950137605923,21.31707363815939,2023,46.41090701000002,0.032362215,-0.0074584614,-0.03701827
81.7005190464279,21.135253645679526,2023,46.44166919000003,0.18653835,-0.035830397,-0.19390975
81.62962621408052,21.12073345470417,2023,52.175397739999994,0.105140306,0.08277949,-0.15332231
81.72175821688846,21.236036781381145,2023,43.317598910000015,0.1005645,0.011387888,-0.12882096
81.52051054258158,21.256988240054945,2023,46.55104583000002,0.12409618,0.021217529,-0.16243744
81.65366001556936,21.363983617881793,2023,53.03673878000001,0.013088277,-0.008538479,-0.008370752
81.52982546231486,21.178652583690273,2023,46.70656574000003,0.10085311,0.08227639,-0.15160602
81.571730470005,21.275819644553955,2023,45.041990000000055,0.097275056,0.033043716,-0.12850812
81.59745686088885,21.360368557055306,2023,40.184983579999994,0.18744093,-0.056777082,-0.19307908
81.60097750352247,21.270642665092193,2023,48.14726116999998,0.1250348,4.0622405E-4,-0.13763091
81.50915261361253,21.2103203491756,2023,45.74439311000003,0.11029412,0.05602073,-0.1381317
81.60379660908266,21.18007873947421,2023,42.00678823999999,0.22281037,-0.071660414,-0.24245653
81.53063084906705,21.2820181296827,2023,48.254928800000016,0.1446319,0.022911757,-0.17057486
81.66320146215665,21.237785793298023,2023,42.07856665999998,0.06873153,0.019036617,-0.10071578
81.63133766325677,21.167513718739603,2023,46.02808877000001,0.22495288,-0.07020933,-0.2282028
81.64466561728486,21.266936316080635,2023,44.980465640000034,0.1572991,-0.02213725,-0.16731785
81.59352399468759,21.167645396725106,2023,50.04426226999999,0.13498059,0.05793768,-0.1721561
81.70199084766465,21.26785453754748,2023,42.86129324000001,0.1075054,0.058028936,-0.15581907
81.5018527542571,21.264982336133937,2023,44.660880770000006,0.19122146,-0.019853674,-0.19874482
81.57336038099137,21.24725743046955,2023,44.67626186000001,0.154123,-0.007561371,-0.16555499
81.51873784958941,21.201576455827777,2023,45.161620700000014,0.13317959,0.0632112,-0.16297475
81.66417549260497,21.229723505697837,2023,43.28341870999998,0.16904828,-0.02845217,-0.18226121
81.74614362382052,21.19823002027501,2023,49.083798650000006,0.10703999,0.09324306,-0.15040529
81.55414915739736,21.26301861471061,2023,40.87542361999999,0.24576032,-0.0819718,-0.22683275
81.58194249320725,21.320658724973953,2023,45.00951881000003,0.13437079,-0.036717948,-0.12319431
81.57351266977754,21.32743295727963,2023,42.62032283000002,0.17732821,-0.005335617,-0.19127347
81.69178055323013,21.30741447224752,2023,44.52928700000001,0.13710235,0.013398211,-0.15380299
81.56474705792391,21.361076202134484,2023,47.104765069999985,0.10753582,0.05831875,-0.13128904
81.5849931130069,21.269210652618323,2023,48.18315038000003,0.06736621,0.029389312,-0.097113766
81.62254889910969,21.350487799659554,2023,47.95927007,0.08163722,0.035797793,-0.10317082
81.61777479670481,21.29146771131536,2023,48.72148852999999,0.045534298,-0.0096413735,-0.067337625
81.68734992706102,21.27288220302236,2023,42.69381026000002,0.09130032,0.06644963,-0.11542097
81.50179828102982,21.204097171705108,2023,39.52872374000003,0.24467398,-0.089881286,-0.23263806
81.74901952277524,21.236107600801443,2023,42.91256354000001,0.21989898,-0.056952395,-0.22805803
81.56464027574113,21.161401957275643,2023,51.35165491999999,0.100076504,0.07308838,-0.14682871
81.70750559502699,21.33514225278793,2023,43.44406565000003,0.15959486,-0.021291437,-0.16515549
81.7393539960901,21.213411380558018,2023,45.94092926000002,0.11165563,0.07552678,-0.1536991
81.66291844095986,21.192754484875135,2023,46.48439444000002,0.1529018,0.05017654,-0.19185215
81.62341595931882,21.32085145689057,2023,50.29206872000003,0.076936275,0.027891222,-0.09422863
81.66458267009332,21.363238781424666,2023,47.41751390000002,0.071404725,0.013569891,-0.078762844
81.622206971962,21.270093832289447,2023,43.72263428000002,0.07169505,0.0060551357,-0.09062397
81.56039624330927,21.25445315009342,2023,43.57224140000005,0.2100107,-0.050344802,-0.20337318
81.7359131241936,21.21716056823159,2023,45.37524695000002,0.18941525,-0.034640398,-0.2041214
81.54395807818274,21.16752073157651,2023,49.39312946000001,0.13913253,0.055267148,-0.17278482
81.52771381895269,21.182875178629512,2023,46.60744316,0.13386402,0.046402358,-0.16535315
81.62170635899086,21.155842896442778,2023,45.60083627000006,0.23582384,-0.03946979,-0.2442713
81.64239155019796,21.13296958603587,2023,49.85798018000003,0.15912704,0.046359193,-0.18891874
81.50221702283672,21.212373120044862,2023,44.08836242000001,0.11649794,0.037302237,-0.1398466
81.6100452893495,21.295664083267663,2023,44.91894128000001,0.08124426,0.0055928864,-0.09645075
81.59341719403768,21.24524038479116,2023,41.44623296000003,0.17200445,-0.027945483,-0.16911311
81.64683521903763,21.383841362907535,2023,48.80523002000001,0.057373926,0.032880213,-0.08881622
81.56458058824626,21.277882292404616,2023,48.52153436000003,0.08258406,0.06426332,-0.12385285
81.55802503172126,21.30224209723479,2023,49.44439976000001,0.08918738,0.031492267,-0.10898743
81.51476450559625,21.313158357867753,2023,50.01179108000002,0.10619787,0.07775745,-0.1406115
81.62354787185694,21.145224773633494,2023,45.66919667000002,0.22597498,-0.03935342,-0.2428275
81.67965972697561,21.243070654029093,2023,42.821986010000046,0.14419614,0.025864093,-0.16828673
81.55688574086147,21.174590694648003,2023,44.41991036000002,0.23210102,-0.046184927,-0.24173675
81.59118594939758,21.311705571896947,2023,44.05418222000003,0.116804615,-0.03633069,-0.11914636
81.65959371690845,21.15508964640525,2023,48.73345160000002,0.18128885,0.02832545,-0.20573169
81.66888149452835,21.287598391584474,2023,38.31703564999998,0.16235486,-0.033517152,-0.1701093
81.64998142158498,21.21727707264417,2023,44.12083360999998,0.09468205,0.016338965,-0.12722144
81.60116471112923,21.321372561699743,2023,48.09769988000005,0.09936676,0.019012759,-0.12729204
81.61059287818159,21.322397326299544,2023,49.343568170000026,0.08189822,0.022258446,-0.08905412
81.63052404399117,21.14612438348896,2023,47.34915350000006,0.18411785,-0.04302193,-0.19485259
81.68078074723944,21.179181755050337,2023,45.94434727999999,0.15399131,0.01973418,-0.18114991
81.59299781125513,21.379610345941142,2023,49.16070410000003,0.12492904,0.048192386,-0.15626094
81.68299787135737,21.215544749590013,2023,42.79805987000003,0.10050132,0.004895739,-0.13165244
81.61209117300862,21.250824806070934,2023,42.84078512000002,0.123535804,-0.016719485,-0.13500325
81.6099905208045,21.21102072276985,2023,44.293443620000005,0.18698809,0.018818278,-0.2043475
81.51781213170315,21.191849112219387,2023,44.39598422000006,0.14819583,0.029445708,-0.16289361
81.65664459765455,21.23731824565092,2023,38.93057024000001,0.15571433,-0.035527103,-0.16472651
81.55864643903695,21.199064254162984,2023,48.456591979999985,0.13571483,0.05337932,-0.1635197
81.76079237745975,21.275124964739668,2023,46.233169970000006,0.084794186,0.051267076,-0.1225477
81.51486704472046,21.174044147002782,2023,45.64014350000002,0.14391406,0.053560916,-0.17979383
81.51055416385468,21.186104807847283,2023,42.56050748000001,0.12677847,0.07323305,-0.16350114
81.64913682830213,21.300957017130226,2023,46.83303248000004,0.115542226,-0.0018971012,-0.12692045
81.7698676895753,21.222795856612088,2023,44.207993120000026,0.09329839,0.022991918,-0.1289714
81.56133597174825,21.21186263175619,2023,47.36966161999999,0.1360006,0.059860356,-0.16228037
81.55208878101624,21.348454247315875,2023,42.34004519000001,0.19955227,-0.004147338,-0.21014439
81.74380265094736,21.22588178277099,2023,47.171416460000046,0.111691825,0.058544964,-0.15119976
81.63176307411668,21.14672489002189,2023,47.602086980000024,0.19135045,-0.043095186,-0.19716707
81.54912025541702,21.203077407078208,2023,46.60744316,0.124351025,0.060735207,-0.16496694
81.55063958585728,21.201905972599643,2023,46.911646940000026,0.12800132,0.043458097,-0.16300751
81.66571109009563,21.20785974452877,2023,47.20388765000001,0.08393145,0.023346484,-0.12337836
81.58297244037824,21.238202263741623,2023,44.59081136000003,0.10175515,0.0022941458,-0.13839664
81.51544860120873,21.18422277539815,2023,42.41011460000004,0.113411695,0.049694393,-0.14454891
81.7528913596753,21.203708606369336,2023,49.26153569000002,0.101644665,0.08118451,-0.14460681
81.58337964219571,21.167821318921053,2023,45.24707120000005,0.109394155,0.028337182,-0.14306492
81.5960871823512,21.233986487563204,2023,43.01852216000003,0.13891648,-0.024482233,-0.16121049
81.53653821023651,21.324515298894394,2023,44.324205800000016,0.16955185,-0.009214017,-0.16676754
81.60226537085273,21.145548870706172,2023,39.016020740000044,0.16800989,-0.108521014,-0.14367433
81.57741086437069,21.15212005545491,2023,48.025921460000006,0.120904505,0.045088567,-0.16021739
81.514321684675,21.21577194462204,2023,40.93865699000003,0.29184422,-0.15128717,-0.2633865
81.71345661995991,21.216124399595596,2023,45.342775759999995,0.14697954,0.034393772,-0.18014066
81.5776125598018,21.193385904356646,2023,48.40532168000004,0.10083007,0.04100798,-0.13971613
81.67731691605354,21.335132500572765,2023,50.58089141000005,0.07816952,0.052674603,-0.11269803
81.6058849939683,21.196673737452667,2023,38.79214043000002,0.29184082,-0.101043895,-0.2760496
81.56455883004466,21.29783848613034,2023,46.31007542000003,0.12155302,0.029723842,-0.147511
81.72160408095125,21.15145199108383,2023,50.73470230999999,0.116524465,0.06900907,-0.16725525
81.6707397788618,21.329916682564562,2023,47.63284915999998,0.085849985,-0.0024835079,-0.10408787
81.71071163545942,21.255926102095852,2023,47.43631301000005,0.13032874,0.051254284,-0.16787495
81.61439093188004,21.228560377709137,2023,42.833949080000025,0.07108666,0.011994201,-0.10411872
81.74549319561503,21.26367576430166,2023,49.454653819999976,0.10810048,0.071222626,-0.15770656
81.65583980583247,21.33470701116541,2023,43.96873172000005,0.13241448,-0.004658272,-0.14405304
81.5372379739757,21.33249169043421,2023,43.28512771999999,0.13494954,0.042175826,-0.15414388
81.49467876091096,21.239843483910104,2023,45.46582448000004,0.10822764,0.06340869,-0.14563654
81.56596651293025,21.146413703737533,2023,44.78051147000002,0.20856553,-0.08044175,-0.21045236
81.72690278974642,21.232000524973223,2023,42.64083095000001,0.13652702,0.05676506,-0.17101482
81.57873556142037,21.372321532208687,2023,45.703376870000056,0.14594065,0.038119823,-0.16892165
81.58813603674125,21.291376958761383,2023,42.68013818000003,0.16186643,-0.011312217,-0.1611849
81.73972105578046,21.272769579904253,2023,45.819589550000046,0.12940523,0.040411185,-0.15901583
81.71153572100431,21.150070700334023,2023,51.81650564000006,0.11311692,0.07422593,-0.15298977
81.71755658661628,21.264952656050703,2023,45.41797220000001,0.08439907,0.05341228,-0.12803645
81.70199051030006,21.305600321862368,2023,45.45044339000003,0.13619404,0.041624047,-0.16497055
81.61713474507549,21.297289667823232,2023,51.640477610000005,0.0422965,0.023507422,-0.05575236
81.6428143465582,21.32993742328616,2023,42.85274819000006,0.0763649,-0.011728423,-0.112045504
81.6433527584984,21.26448021991784,2023,45.06591614000001,0.12671651,-0.009018241,-0.14359829
81.69844444887856,21.173655642092143,2023,47.06887586000005,0.13777153,0.03407285,-0.16916646
81.69779523629575,21.153414731477255,2023,48.52837040000003,0.18031117,0.01392251,-0.20593512
81.67345869743981,21.174160573368653,2023,51.20638907,0.11077971,0.080388986,-0.14804384
81.5852503058808,21.320970062555364,2023,45.17529278000001,0.09186174,0.01007547,-0.110251784
81.69739064893824,21.311701092477247,2023,46.82277842000002,0.110917985,0.06047582,-0.14460903
81.5185576537481,21.181285273220347,2023,44.49510680000003,0.122800656,0.07151857,-0.15861191
81.677979908204,21.254391077117788,2023,39.940595150000036,0.16288628,-0.017075526,-0.17633924
81.6372512858572,21.142353670111696,2023,49.99811900000003,0.15813091,0.03331005,-0.18815427
81.56672463038608,21.20354736930742,2023,48.44804693000003,0.13622774,0.036709998,-0.1607653
81.5067421295762,21.24437768092608,2023,46.51857464,0.10187474,0.050029505,-0.1503434
81.73095435243026,21.269588421061552,2023,45.83497064000005,0.107431784,0.05697402,-0.14095315
81.76735147933088,21.28789965868183,2023,42.42549569000005,0.091219604,0.047913115,-0.1262584
81.55453698121107,21.211872534478776,2023,46.57497196999998,0.10009722,0.06484962,-0.1376136
81.672288040696,21.345491362596615,2023,47.802041150000036,0.047450088,-0.006458428,-0.04996869
81.6062000292727,21.256567259778766,2023,41.71283851999999,0.11234539,-0.019238405,-0.12900066
81.51182567088702,21.280897033901674,2023,42.39986054000002,0.18171793,-0.004897364,-0.19086231
81.57297288136768,21.19019953948644,2023,45.658942610000054,0.1736369,-0.005121191,-0.19261761
81.63789187754229,21.25978120140029,2023,42.91598155999998,0.083402015,0.012379249,-0.10646144
81.69012139759609,21.295389470153275,2023,44.29857064999999,0.11896313,0.05208501,-0.14581633
81.69312748032146,21.35702830631089,2023,39.952558220000014,0.15195727,-0.046159174,-0.14415608
81.60800940373672,21.32047751444106,2023,49.188048260000016,0.08435882,-0.005350539,-0.101228185
81.49354336430488,21.262592843183924,2023,43.46628278000003,0.15944967,0.023663396,-0.18089794
81.56599973626562,21.259992484386945,2023,49.05816349999998,0.09035394,0.017769895,-0.12093177
81.67191435395672,21.35203853602399,2023,44.19944807000002,0.06322603,0.054372057,-0.08358321
81.70562626036453,21.361823673377664,2023,43.818338840000024,0.083841585,0.043159705,-0.11449382
81.69575979159114,21.134698081484533,2023,48.155806220000045,0.13921529,0.044112183,-0.17192303
81.75162127270175,21.2218614648628,2023,43.654273880000005,0.0549174,0.022922209,-0.09231232
81.74755719264722,21.178143835126242,2023,45.308595560000015,0.2043003,-0.037865642,-0.21913844
81.62905811271011,21.29463397523692,2023,47.49271034000003,0.08917509,0.022244988,-0.10311236
81.57533081414029,21.24394950133054,2023,43.620093680000025,0.13869105,-0.0090347435,-0.15840451
81.667234810422,21.31265952284988,2023,41.892284570000015,0.10580393,0.03782003,-0.13155611
81.59178439354532,21.159424209875294,2023,49.44781778000004,0.1784194,0.025938958,-0.20683305
81.53084172939279,21.31094604845171,2023,46.22120690000003,0.13861725,0.047340102,-0.16911176
81.6499753338295,21.3299050837918,2023,44.40452927000001,0.122475855,0.019538127,-0.14015283
81.62532925168904,21.34559097686765,2023,45.66406963999998,0.08194479,0.039871998,-0.09874984
81.70473736110428,21.299606498263433,2023,45.58203716000003,0.09512726,0.05916015,-0.13026835
81.58545042388828,21.136164923489904,2023,45.63843449000001,0.2046616,-0.046884235,-0.2202279
81.67064527364136,21.130662504911445,2023,45.65723360000004,0.16100256,0.040058527,-0.18612674
81.59069932220082,21.24299005162463,2023,44.08836242000001,0.18362263,-0.04223189,-0.18097448
81.73419628853364,21.252750832987388,2023,46.414325029999986,0.14328869,0.032001603,-0.17425191
81.51619857404448,21.293275094725278,2023,51.013270939999984,0.124223374,0.06915865,-0.16172169
81.61593342483424,21.332561817842656,2023,51.662694740000006,0.060383674,0.017105578,-0.07599181
81.51117081484266,21.20117872115742,2023,40.40715488000001,0.14201184,0.028556088,-0.162744
81.6305327044603,21.210395850602325,2023,44.160140840000054,0.07489329,0.02442929,-0.10840306
81.66666450210013,21.368616786680057,2023,47.079129920000014,0.09669098,0.0025484406,-0.10663316
81.528947181254,21.312129321257775,2023,45.10864139,0.13222268,0.060284268,-0.17010023
81.597522803295,21.231244093269876,2023,41.572699700000044,0.109619364,0.016800076,-0.13798155
81.54730734329686,21.187685660570967,2023,48.37797752000006,0.1090987,0.06716743,-0.15086927
81.59328574953666,21.344281861879733,2023,46.470722360000025,0.10190231,0.028362107,-0.12331754
81.59650864757319,21.19892147043349,2023,47.04153170000001,0.1080944,0.03942919,-0.13180333
81.74484492311328,21.214860013771,2023,40.48235132000002,0.11598898,0.008490785,-0.12721509
81.64164170425381,21.23879737366064,2023,44.05247321000002,0.1209863,-0.021571957,-0.14037794
81.75861793032566,21.215579974215107,2023,41.54193752000003,0.120278254,0.036198076,-0.14882927
81.52764523680298,21.180901302958002,2023,46.55959088000003,0.10297915,0.08893696,-0.14825614
81.69219534653624,21.223592367577016,2023,42.60323273000006,0.17322047,-0.019488744,-0.18666288
81.6106569929491,21.25490212736154,2023,40.97796421999999,0.12693842,-0.0207344,-0.14740047
81.67597532987516,21.286954111599044,2023,42.345172219999995,0.10450249,0.043863244,-0.1346124
81.64713534580864,21.315704736983655,2023,39.72525989000002,0.16181484,-0.021660842,-0.16576588
81.73371236308915,21.16183804539882,2023,49.26153569000002,0.12999858,0.078009486,-0.17836882
81.65550352250551,21.37013035699848,2023,44.09690747000002,0.05236773,-0.01630396,-0.05821884
81.72773854706159,21.183044726484468,2023,47.99515928000005,0.120817654,0.07843465,-0.17365375
81.66958617556824,21.29652709028626,2023,37.86243898999999,0.12151344,0.015497281,-0.13092431
81.50371920034031,21.25325258455776,2023,48.107953940000016,0.11531928,0.06991195,-0.1528393
81.66890227244524,21.334693451905537,2023,48.76934081000002,0.09677687,0.0321646,-0.119458705
81.71763577374429,21.227795272479046,2023,46.74929099000002,0.16522594,0.006455217,-0.18940407
81.68543202702513,21.165401862991285,2023,50.155347920000054,0.13670504,0.05047607,-0.1614284
81.74383141336632,21.171127033454372,2023,47.75077084999998,0.13330404,0.06140683,-0.17137928
81.73249740502577,21.207394049031425,2023,46.590353059999984,0.14564016,0.048238724,-0.17539485
81.66826622404893,21.15012924898467,2023,45.29321447000001,0.20457897,-0.033751205,-0.22444318
81.7455967049861,21.255120642949326,2023,45.29321447000001,0.13386697,0.02424348,-0.16970387
81.65455671012728,21.12432255281258,2023,46.586935040000014,0.2185739,-0.035847157,-0.22534093
81.60127833127264,21.133068066048562,2023,45.92896618999998,0.24009947,-0.08623899,-0.26622844
81.62632917628179,21.154463896787863,2023,48.634329019999996,0.11026671,0.045589585,-0.15150036
81.72931807762366,21.338199104041205,2023,47.027859620000015,0.10347366,0.037074607,-0.13367303
81.60776379134735,21.25933331692904,2023,43.611548630000016,0.110644534,-0.002664378,-0.12601161
81.69313964317287,21.312120242114567,2023,47.01418754000002,0.09967617,0.046533126,-0.12629685
81.76585648541673,21.265233038526762,2023,43.86960914000002,0.09460519,0.055447374,-0.12560225
81.65657314164915,21.36210023261197,2023,51.06112322000001,0.03301548,0.015256715,-0.050635997
81.66005666131045,21.219141797322507,2023,44.54637710000003,0.11068414,-0.0071480907,-0.13706386
81.73226468256205,21.30567764573359,2023,41.295840080000005,0.100497775,0.034746226,-0.130423
81.52467736199203,21.26281406647687,2023,46.40919800000006,0.09804959,0.014753264,-0.13206811
81.57701672713951,21.1309100199607,2023,43.832010920000016,0.22340919,-0.02884442,-0.23608404
81.63492377067595,21.328833967776646,2023,42.333209150000016,0.12207492,0.0052923164,-0.13768043
81.63972943925728,21.2358343996075,2023,44.05418222000003,0.1447865,0.0052508838,-0.17212403
81.67400980170126,21.336602310343604,2023,49.856271170000014,0.07137705,0.06397059,-0.105331704
81.65430275529589,21.377492834808162,2023,42.992887010000004,0.06872913,0.012875132,-0.070584334
81.64928802593501,21.189110552390144,2023,45.98194550000005,0.13816929,0.03452062,-0.16029882
81.72515611531037,21.196730606378235,2023,42.62886788000003,0.1977541,-0.06715595,-0.20930146
81.73637346101653,21.319501321978645,2023,46.663840489999984,0.06959273,0.021034447,-0.11547665
81.61467667971668,21.166411014985147,2023,42.45283985000003,0.23777506,-0.08212818,-0.23161136
81.58444352622172,21.171731883824496,2023,44.93603138000003,0.11088671,0.0510915,-0.13875064
81.5414621849642,21.325080667989944,2023,41.109557989999985,0.15326497,0.011580951,-0.16533485
81.72490264509386,21.2484206527921,2023,42.29219291000004,0.20421313,-0.04933447,-0.22276503
81.50185226161155,21.22864620067486,2023,35.948347790000014,0.20888168,-0.05158906,-0.20664895
81.76560021627347,21.22138144421654,2023,39.85343564000004,0.06855379,-0.007929975,-0.08053547
81.62435904958406,21.155333203165718,2023,46.303239380000036,0.18959428,-0.01393643,-0.20512913
81.51038491177094,21.299484499022046,2023,48.80181200000004,0.11702837,0.07447298,-0.15240897
81.53502894878422,21.262067000910143,2023,48.008831360000045,0.06705794,0.07063171,-0.10942525
81.6973087249257,21.20087859797909,2023,45.672614690000046,0.17679371,0.014325621,-0.19879365
81.569732603699,21.341324826996786,2023,48.24638375000001,0.080130115,0.023360385,-0.12344782
81.56506878966792,21.32458730971558,2023,42.639121939999995,0.11270069,0.041941423,-0.15054066
81.60990780404948,21.12322739797519,2023,47.68241045000002,0.22206375,-0.05488363,-0.22435266
81.56356123817129,21.215466535800196,2023,45.47949656000003,0.14925173,0.013210799,-0.17075545
81.6705294649733,21.212151354808405,2023,45.35815685,0.11801573,-0.0015637333,-0.15384747
81.50634598273525,21.221763370713248,2023,38.518698830000005,0.15615202,-0.0048121354,-0.17792098
81.6073985742289,21.230816972105806,2023,41.19842650999999,0.08732238,0.0019947828,-0.111837104
81.67588460564576,21.359491483893517,2023,48.107953940000016,0.058002807,-0.01336359,-0.08401888
81.66129197563882,21.291974781723667,2023,36.99426190999998,0.13748772,-0.00915102,-0.1399221
81.49733305480119,21.21770451984638,2023,40.11320516000001,0.11079203,0.03186092,-0.14399904
81.71423054810332,21.18066721983527,2023,47.53372658000001,0.16100442,0.035685074,-0.18915184
81.65362886460254,21.15721862514925,2023,49.680243140000016,0.15612783,0.055384398,-0.18823445
81.74271791524507,21.208894178749635,2023,45.21118199,0.14844151,0.037570536,-0.1828585
81.653035838227,21.33607595010571,2023,44.980465640000034,0.08507261,0.02565727,-0.115166165
81.67748089097914,21.25927022161686,2023,38.238421190000054,0.1583412,-0.024020435,-0.17476895
81.74366961815194,21.218311830279468,2023,45.973400449999986,0.11295189,0.07198292,-0.14766277
81.60996192322374,21.371876785697783,2023,45.50342269999999,0.16157006,-0.03725843,-0.17015977
81.62742768958363,21.306826761805134,2023,44.46434462000002,0.05895233,0.023757763,-0.08265886
81.52452712314658,21.331420430918172,2023,44.44383650000003,0.09758398,0.0843585,-0.14395902
81.55231612506137,21.361138918159607,2023,47.070584870000005,0.16119839,0.0077552996,-0.17893945
81.60301259672296,21.127065334639642,2023,45.16845674000001,0.23764917,-0.09245754,-0.23709294
81.53089094495591,21.184118145471874,2023,48.046429579999995,0.10312089,0.07430218,-0.14875714
81.61080326563734,21.180527888629765,2023,42.51607322000001,0.21896264,-0.06066194,-0.2242886
81.61260228731983,21.264965245529357,2023,44.42674640000001,0.075595096,-0.0015795015,-0.10088734
81.63528337562049,21.280751850242165,2023,44.67284384000004,0.09658594,-0.017600866,-0.110145174
81.52570683801676,21.324440236558164,2023,41.39496266000003,0.21361639,-0.04676627,-0.2135928
81.51001061622078,21.256537565884763,2023,44.26951747999999,0.189614,-0.019411067,-0.19903705
81.70980159500184,21.16910067499933,2023,49.38800243000003,0.14334889,0.06335326,-0.18711983
81.63436977699585,21.15639128314487,2023,50.77059152000004,0.14311418,0.037547726,-0.17009641
81.73689377705763,21.33543310722182,2023,47.24319488000003,0.08495859,0.06771673,-0.12768391
81.70675077453141,21.16497345604835,2023,48.76421377999998,0.15580513,0.0139266355,-0.18371335
81.71460944953895,21.163839326865144,2023,51.65756771000002,0.10123485,0.072902024,-0.13495018
81.49772536612186,21.285745191984017,2023,46.36476374000006,0.12309841,0.051184744,-0.15816107
81.72960568922532,21.207122497715456,2023,46.05030590000001,0.07365646,0.086269744,-0.12505755
81.58470882788393,21.124602432378005,2023,46.13062937000001,0.17448214,0.033842534,-0.2129021
81.63510453267287,21.307052622423118,2023,47.23294082000001,0.07090338,0.014794304,-0.08959664
81.70071121608191,21.158869217854143,2023,48.93853280000002,0.1410441,0.0596105,-0.17120461
81.67428512433516,21.30122736974768,2023,39.072418070000026,0.13116911,0.01932474,-0.14917898
81.50104209533944,21.29615981469962,2023,47.06887586000005,0.18519345,0.010129257,-0.20710821
81.57176758644671,21.14009189561682,2023,50.028881179999985,0.13772951,0.04473076,-0.16725978
81.7293856007591,21.219403501110953,2023,44.021711030000006,0.09270517,0.02164891,-0.1336224
81.70814382471104,21.27673376611667,2023,45.02148188000001,0.13066831,0.022679448,-0.15126596
81.57041130174045,21.368479748616394,2023,50.17072901000006,0.110583276,0.08644043,-0.1523822
81.60322088378999,21.325492011770116,2023,43.879863200000045,0.12076349,0.013001939,-0.1385954
81.6853331324348,21.16338411450466,2023,48.914606660000004,0.14849012,0.04273427,-0.17822517
81.73897693012997,21.272827075391184,2023,46.021252730000015,0.116390966,0.04990001,-0.14913712
81.61319236323774,21.19592742399579,2023,45.758065190000025,0.14738946,-0.0012161946,-0.17066143
81.54988605065823,21.198150763587623,2023,47.502964399999996,0.1348049,0.044402253,-0.16636142
81.70713148586773,21.360240792850895,2023,44.69676998,0.08729147,0.042722445,-0.118766144
81.65370851068175,21.29408762893213,2023,40.766046980000056,0.08727221,0.014988273,-0.106450416
81.54277183663817,21.31583370369669,2023,43.27145564,0.13333946,0.05724215,-0.16885582
81.50778332683171,21.28041339274293,2023,43.33981604000002,0.1731466,-0.008151699,-0.1884847
81.69372368108412,21.31290685234631,2023,47.024441600000046,0.10569771,0.04898923,-0.1329436
81.69039205096611,21.263637914523933,2023,41.19329948000001,0.103786476,0.042584624,-0.13940144
81.71074263244022,21.276237555282506,2023,38.99038559000002,0.21126457,-0.068804786,-0.2178295
81.63441017380384,21.23522127833715,2023,41.01727145000001,0.11863493,-0.0071802833,-0.1462225
81.4964297291136,21.300211504970047,2023,49.33331411000006,0.11031909,0.067649715,-0.15049048
81.72623403326274,21.33356197418299,2023,47.62601312000004,0.09269406,0.069625996,-0.12865779
81.72457172703776,21.189304495115625,2023,45.90674906000004,0.14160778,0.061423555,-0.18317875
81.61495868624476,21.247844251451607,2023,37.43518648999998,0.124390334,-0.021029143,-0.13734795
81.60979893240987,21.35439374770462,2023,44.08494440000004,0.10553328,0.042871524,-0.12177062
81.5742709203259,21.18863868129471,2023,48.682181300000025,0.14305632,0.022097843,-0.17050758
81.75072820035697,21.286239355667647,2023,45.19750991000001,0.084106416,0.049660657,-0.12742299
81.59505359647035,21.371929766430387,2023,43.43039356999998,0.1717156,-0.015818467,-0.18651739
81.60123471173247,21.235435009518103,2023,42.24263162,0.08054605,0.001258375,-0.1090298
81.65667817567207,21.138296298937604,2023,50.99959885999999,0.13195302,0.064342104,-0.16370666
81.5253237038807,21.284341071403748,2023,48.12162602000001,0.10345993,0.057686064,-0.12663907
81.63138513097583,21.336934544376348,2023,43.244111480000015,0.11965726,-0.016761808,-0.13349952
81.59911819751332,21.31562769235681,2023,46.810815349999984,0.07337794,0.028640853,-0.09290964
81.63080347379494,21.19924540325761,2023,46.44850523000002,0.13680524,0.021693861,-0.16301496
81.72776197812738,21.283344640265927,2023,42.09565676,0.03882177,0.098506935,-0.08318885
81.62767253049925,21.165004923487306,2023,47.709754610000005,0.16867265,0.0085437205,-0.18629049
81.5569581002662,21.193809224569232,2023,48.890680520000046,0.11822614,0.054519232,-0.15267453
81.57787098264289,21.354114679003846,2023,44.27635352000004,0.15209217,0.01369863,-0.1653314
81.51474877723821,21.243540271566406,2023,43.86277310000003,0.1685323,-0.012926209,-0.18612689
81.65996652388554,21.32267313036952,2023,42.5810156,0.17600527,-0.04030906,-0.17955287
81.69526295857602,21.140059789220697,2023,46.95949922,0.20863837,-0.02400199,-0.2216164
81.62276290068863,21.38099818551286,2023,48.03788453000004,0.11124701,0.043400172,-0.1531656
81.54612777696866,21.333639968054186,2023,43.221894350000014,0.20722085,-0.040226627,-0.20881051
81.61511409958996,21.20237619490176,2023,44.12083360999998,0.21595462,-0.051253583,-0.21265411
81.73139276142419,21.262205706208853,2023,42.65450303,0.10885532,0.005685172,-0.1491661
81.74570140468525,21.200341635186422,2023,48.162642259999984,0.06900111,0.08029797,-0.107419364
81.53516509677503,21.16894295494612,2023,45.27099734000001,0.12702498,0.055240028,-0.1590051
81.53747121828083,21.27596083168617,2023,45.800790440000014,0.21112506,-0.031630803,-0.21821661
81.57842529070396,21.301081994926182,2023,43.79783071999998,0.119845144,0.024987176,-0.1365364
81.51817016325809,21.315708454114933,2023,44.34129589999998,0.17544372,-0.014745646,-0.17143214
81.59208489109712,21.380936639088365,2023,49.758857600000056,0.100641206,0.049002066,-0.12905994
81.5778823207792,21.21090846498763,2023,43.81150280000003,0.16887406,0.020639706,-0.18916777
81.75487927906748,21.245744193467196,2023,43.85081003000005,0.15219702,0.023754075,-0.17931694
81.56647207283768,21.316691251065333,2023,42.786096799999996,0.14182454,0.023967952,-0.16486366
81.54474121664737,21.354209225794126,2023,41.586371780000036,0.12501156,0.060449585,-0.15992594
81.53151237958481,21.170997203149042,2023,44.69335196000003,0.13355276,0.060827717,-0.16323611
81.68521923976012,21.355121263573192,2023,46.74416396000004,0.08745469,0.01312058,-0.108986616
81.6768262587249,21.334379222093833,2023,50.669759930000055,0.090140894,0.062170107,-0.13023274
81.55474737972811,21.22452948874034,2023,45.61279934000004,0.14519161,0.05393586,-0.16222213
81.6573339663277,21.19990683876205,2023,47.749061840000024,0.12023883,0.06389539,-0.16746779
81.61939716401021,21.1823721505599,2023,44.97875663000002,0.25372428,-0.069747955,-0.24961022
81.6537411767934,21.289091339195572,2023,39.788493259999996,0.11095468,-3.5421987E-4,-0.117944874
81.603911794905,21.14867202209892,2023,51.28671254000005,0.10087414,0.046864666,-0.14476843
81.49692315813326,21.294679312835935,2023,45.24023516,0.18240601,-0.02000482,-0.19201674
81.60173091356636,21.255918970594685,2023,43.408176440000034,0.109998085,-0.017025152,-0.1213596
81.69905582431048,21.265053360707054,2023,43.42355753000004,0.14303875,0.009910647,-0.16993828
81.70076518551183,21.217453723314062,2023,42.49385609000001,0.16052836,0.020978797,-0.18062977
81.64921460197566,21.20981828532508,2023,48.743705660000046,0.10539846,0.06289134,-0.13788064
81.64095925507678,21.140922392869516,2023,45.727303010000014,0.20713274,-0.024355095,-0.21860713
81.51447022513211,21.200937127468897,2023,41.05316066,0.07344174,-0.054766554,-0.05791231
81.76768328614375,21.283814049580826,2023,40.92840293000006,0.02305352,0.0209864,-0.028788501
81.55722017943593,21.22072738720228,2023,47.07742091,0.11738109,0.04981615,-0.13908458
81.70290189396177,21.230867028135993,2023,46.24855106000001,0.14406465,0.04539479,-0.17206936
81.54504963717294,21.18469655749293,2023,48.95904092000001,0.13097459,0.05592332,-0.17093287
81.65316074008653,21.19244130407737,2023,46.55446385000005,0.1277142,0.008081557,-0.15525663
81.5224198553076,21.228859811165513,2023,48.376268510000045,0.14311795,0.041416265,-0.16396068
81.54269207581382,21.14576562362022,2023,45.53418488,0.1108981,0.060898833,-0.14661898
81.75799449174204,21.19741419024868,2023,47.14749032000003,0.13342921,0.061207723,-0.17713717
81.60506087244839,21.365467931047178,2023,43.42526654000005,0.18770297,-0.062186472,-0.19421357
81.66917589860363,21.13380409313164,2023,46.22462492,0.17178531,0.0064539313,-0.19148095
81.56664951958736,21.163242809293795,2023,51.326019770000016,0.10843986,0.0848288,-0.15586436
81.67218472630864,21.271204431106824,2023,44.22508321999999,0.16890061,0.0031801271,-0.20283821
81.59422112463517,21.158550044395394,2023,45.08642426000006,0.2265459,-0.076697245,-0.24085431
81.52963953379756,21.31249881987284,2023,45.30688655000006,0.13408808,0.037860777,-0.16163582
81.69452549373982,21.217681140284032,2023,42.81514996999999,0.24428098,-0.08016759,-0.24387926
81.59555712840046,21.33393385928754,2023,45.87598688000003,0.12519078,0.032695036,-0.14603814
81.75065585210773,21.216062431407384,2023,43.66965497000001,0.055736236,0.036804136,-0.10285821
81.62154404436265,21.11942788107318,2023,53.173459579999985,0.10225406,0.08015573,-0.15071142
81.58036768490425,21.204991861680156,2023,44.254136389999985,0.20811567,-0.0598183,-0.2107883
81.5589237918327,21.164546875880287,2023,52.361679830000014,0.10630399,0.07223995,-0.14648686
81.64005545405838,21.31553548148365,2023,45.84864272000004,0.0607356,0.007052298,-0.082358025
81.64925387705048,21.19153712675618,2023,44.33787788000001,0.12575434,0.017872857,-0.16349126
81.62098488257912,21.365053247858427,2023,43.042448300000046,0.16514985,-0.03874939,-0.16437335
81.6363001993588,21.30034739757325,2023,47.140654280000035,0.07219286,0.014610259,-0.08604291
81.65365243000537,21.36998246281425,2023,42.57930658999999,0.069418475,-0.012948184,-0.07163017
81.54564942909968,21.263192932696725,2023,40.90960382000003,0.22400172,-0.041094642,-0.23962274
81.6216236421049,21.19862555202634,2023,48.21220355000003,0.1339351,0.043879006,-0.16417474
81.70558451172259,21.248813998485726,2023,46.50319354999999,0.14298554,0.03715567,-0.17792067
81.69344762594484,21.26906594080236,2023,42.57759758000003,0.07971092,0.025666688,-0.120396495
81.53479088619046,21.22035305816002,2023,41.94184586000006,0.11892182,0.030101888,-0.14415473
81.58872700660743,21.255695930844944,2023,45.178710799999976,0.0794073,0.041077394,-0.10195295
81.64225098075349,21.33136560715525,2023,44.626700570000025,0.09094871,0.028422223,-0.116993226
81.64117193331325,21.315886956815167,2023,45.96143738000001,0.06813791,0.0065886676,-0.08580656
81.49298203610672,21.27627969769355,2023,45.58887320000002,0.1553936,0.044085525,-0.18627115
81.65969376752568,21.132058232662523,2023,51.08846738,0.14086424,0.04934719,-0.181445
81.74904275786584,21.225857397276364,2023,47.79349610000003,0.096755035,0.05615174,-0.14795993
81.5672840549844,21.132365391623765,2023,46.01441669000002,0.22433141,-0.05826221,-0.22649877
81.63303806143895,21.344353620225007,2023,41.171082350000006,0.10940356,0.0060655675,-0.12458423
81.60058766862444,21.381173933873182,2023,49.59821066000001,0.11077866,0.0630217,-0.15190938
81.73909033537804,21.277795090549294,2023,40.989927290000026,0.11931926,0.02258924,-0.14917794
81.52673420470691,21.27412540720976,2023,48.70268942000001,0.12513508,0.035820372,-0.15241636
81.56914243929856,21.355603137434525,2023,41.974317050000025,0.16410771,-0.015835715,-0.17427883
81.52155240400785,21.162983909245096,2023,43.39279535000003,0.17842214,0.012745686,-0.19823097
81.49822335418992,21.215513805593798,2023,39.016020740000044,0.18989608,-0.06593215,-0.19594727
81.63362747141286,21.186178285045393,2023,47.95414304000002,0.14281608,0.04443176,-0.17524478
81.68289862407865,21.139296198631072,2023,48.236129689999984,0.14152564,0.03342515,-0.17068692
81.59160601272943,21.13141692676809,2023,45.200927930000034,0.22907525,-0.06363816,-0.24960196
81.59684198230782,21.312425226755703,2023,44.50365184999998,0.11451267,0.013079351,-0.12628816
81.72981326144496,21.221448340727232,2023,42.56905253000002,0.19454218,-0.010247626,-0.20718065
81.64375294612759,21.27693291893086,2023,42.23237756000003,0.19235194,-0.04673353,-0.18853302
81.60826857654489,21.152180874606206,2023,44.315660750000006,0.23562962,-0.06500031,-0.23784277
81.63338429282507,21.37114231936754,2023,48.12162602000001,0.050418586,-0.0012552676,-0.057681378
81.60357701520533,21.30997753442953,2023,45.053953070000034,0.09841333,0.012080633,-0.123963565
81.65103903203597,21.152629604406826,2023,50.31770387000006,0.15277341,0.06043557,-0.18625353
81.6549697244796,21.26813202256833,2023,38.58535022000001,0.12140987,0.028103616,-0.1355673
81.58050304017335,21.269877423114377,2023,43.46286476,0.082007006,0.0063105663,-0.10943835
81.69032567369408,21.315398806263513,2023,47.47049321000003,0.0631516,0.05285262,-0.10145581
81.62647458462384,21.167931980940075,2023,46.32545650999998,0.16267608,-0.017248036,-0.17966229
81.5847614364244,21.180283391889454,2023,49.00005715999998,0.10182786,0.06609308,-0.14249963
81.52637984255114,21.24572474143691,2023,46.94411812999999,0.21487233,-0.056902844,-0.21853293
81.5673127791761,21.220536931964865,2023,46.81252436,0.14179105,0.040120456,-0.16999312
81.71769427990117,21.350686806863454,2023,46.83303248000004,0.11785441,0.049440436,-0.14153804
81.50508566538812,21.24587190956714,2023,45.26757931999998,0.14369711,0.03080497,-0.16706531
81.64971115512984,21.364833329426723,2023,38.09828236999999,0.04495875,-0.008103727,-0.04742755
81.60550276878051,21.120759668206404,2023,45.34961180000005,0.24007562,-0.07338206,-0.24410729
81.70965552755345,21.284237876892416,2023,41.52313841,0.10123161,0.03256114,-0.1278148
81.74606309453813,21.26294176206714,2023,48.309617119999984,0.11665526,0.06558538,-0.15670249
81.57729161557518,21.14261143503021,2023,46.82619643999999,0.13400114,0.051923018,-0.16554645
81.67935765453771,21.21347550519589,2023,48.50615327000003,0.11188811,0.07260797,-0.15927733
81.51334927213355,21.188159414135345,2023,43.767068540000025,0.12677507,0.054837216,-0.16279423
81.5567749680815,21.362006237574622,2023,47.22097775000003,0.1062707,0.08671093,-0.14859529
81.67447323703003,21.375140461031034,2023,48.20365850000002,0.084510684,0.024335425,-0.10555897
81.68935892142837,21.16818164965098,2023,49.33673213000003,0.13549079,0.041394267,-0.16516528
81.6317189609989,21.32880741057652,2023,45.409427150000056,0.068911836,0.04323591,-0.09490736
81.65302480819625,21.12179669527496,2023,47.644812230000014,0.18966942,-0.033798646,-0.2105752
81.55147569947898,21.157741450616115,2023,44.587393340000006,0.14981104,0.041242164,-0.16869004
81.56537452187526,21.226714523310157,2023,39.14932352000005,0.23740174,-0.12148674,-0.2535232
81.71516781100173,21.348921600077595,2023,44.95312148000005,0.15037212,0.041090522,-0.16638535
81.64468849279625,21.331669958239555,2023,44.11741559000001,0.05831904,-0.008726218,-0.07622536
81.56601369680034,21.19362176135379,2023,47.584996880000006,0.15332471,0.04132152,-0.17506543
81.69642511104267,21.144324668310965,2023,52.211286950000044,0.11642248,0.062179103,-0.15263624
81.57976893748928,21.16953990978185,2023,48.85650032000001,0.10890944,0.050968368,-0.14646408
81.75264279526583,21.224389757909986,2023,43.934551520000014,0.07295096,0.06141741,-0.11693806
81.69158368118434,21.25061646061023,2023,41.024107490000006,0.107088,-0.0028159681,-0.13235074
81.69187694933404,21.255988517833835,2023,41.369327510000005,0.09440671,0.007196434,-0.13313769
81.68746339322024,21.334546322601614,2023,48.93853280000002,0.10220226,0.053915933,-0.12771115
81.63188783980746,21.2771607735974,2023,42.36909836000001,0.088292144,0.01726763,-0.10575356
81.50076414945889,21.269350697786127,2023,43.67820002000002,0.18436898,-0.015773756,-0.1911265
81.55030271341701,21.2384576497821,2023,45.49316864000002,0.13808455,0.032195438,-0.16608188
81.6588834694089,21.27415813065349,2023,37.37878916,0.13458575,-3.3052996E-4,-0.13937923
81.67098650110151,21.355124183183616,2023,40.32170438000003,0.114087515,-0.033427764,-0.11510917
81.6422050466162,21.29510707684213,2023,45.33252170000003,0.09019923,-0.0030737326,-0.11071926
81.67782676754814,21.305956168972166,2023,41.37445453999999,0.11836813,0.04387509,-0.14403838
81.64528536691799,21.285181797107267,2023,42.65279401999999,0.17395051,-0.019057458,-0.17694491
81.73450685312073,21.30112020312901,2023,45.28125140000003,0.10327165,0.07493157,-0.1449213
81.68680150313435,21.365598000265564,2023,51.44052343999999,0.067301564,0.013052367,-0.09152572
81.5892693515446,21.254994256554244,2023,45.51709477999998,0.17248887,-0.048640657,-0.16689068
81.52243606737268,21.238233410024783,2023,43.43552060000002,0.18682589,-0.030503713,-0.19645838
81.67427391330445,21.203288055087203,2023,41.550482569999986,0.05447581,1.1210008E-4,-0.053479474
81.49185327449445,21.21599269896153,2023,42.15205408999998,0.13016754,0.037144523,-0.16384503
81.59503058698938,21.284178853191758,2023,44.61473750000005,0.07841,0.0045478297,-0.09596454
81.63417553195384,21.174284846646284,2023,49.114560830000016,0.13554488,0.043343555,-0.16328688
81.5819816413657,21.136696477274377,2023,44.26268144000005,0.16010973,-0.046493348,-0.20798467
81.60578468225599,21.204597901429036,2023,38.89126300999999,0.27672553,-0.10245087,-0.26608828
81.7169935593567,21.247620045601117,2023,41.897411600000055,0.122643605,0.03015982,-0.15572976
81.67059826508428,21.314702111280894,2023,45.27783338000006,0.10438975,0.045935094,-0.13441801
81.52489229123186,21.266451783140546,2023,47.991741260000026,0.112933286,0.029164093,-0.1515175
81.70754306763497,21.21596873324289,2023,44.527577990000054,0.117011935,0.048362955,-0.14983799
81.53365329462275,21.179371610380496,2023,46.27076819000001,0.11534622,0.06728595,-0.15969653
81.53125842639689,21.323900109133586,2023,41.442814940000005,0.1589321,0.022550756,-0.17300302
81.53473513307489,21.2292136851589,2023,47.87040155,0.11006698,0.05394813,-0.13410275
81.60876927769343,21.17833110416805,2023,43.732888340000045,0.24509567,-0.07216627,-0.24144836
81.58358675294427,21.137488645134876,2023,47.11501913000001,0.21067385,-0.056759227,-0.22440337
81.69789882653836,21.322231464137847,2023,46.74758198000001,0.08350759,0.068816565,-0.12010154
81.51834800952558,21.275878147447678,2023,45.29834149999999,0.13026527,0.03893656,-0.16019931
81.74205645332353,21.195131180646996,2023,44.26780846999998,0.19163738,0.015822927,-0.20999946
81.53600835397576,21.331480501790683,2023,43.54489724000001,0.10650211,0.07315784,-0.1376794
81.6712935208261,21.153371292388417,2023,47.942179969999984,0.13445278,-0.021785956,-0.14673482
81.57482871304987,21.177815486398135,2023,49.67682511999999,0.14709459,0.034898818,-0.17819253
81.58372618702388,21.364029988627593,2023,46.82619643999999,0.0952758,0.07008755,-0.13079019
81.6772401843794,21.158856940982034,2023,46.241715020000015,0.20276035,-0.023472663,-0.2097786
81.51198657581621,21.22479650298575,2023,47.82425827999998,0.1262556,0.04444736,-0.15120642
81.51492922576485,21.29657743659522,2023,50.353593079999996,0.126926,0.05934038,-0.15751949
81.62523507104859,21.29276240378499,2023,44.24900936000006,0.10478937,-0.0010690952,-0.10988191
81.60604610377372,21.33809240415628,2023,45.38721002,0.10865136,0.022970846,-0.12798376
81.71075430767391,21.17904568778535,2023,49.27520777000001,0.13539913,0.04595057,-0.1641723
81.62159197536108,21.190535343637762,2023,39.96793931000002,0.23357996,-0.08614382,-0.23241092
81.6341609490284,21.214264927939688,2023,45.22485406999999,0.13214466,-0.0038711675,-0.1588167
81.51510042437798,21.30873478257087,2023,48.20707651999999,0.13064742,0.034770705,-0.15320767
81.68811895033062,21.226040296935736,2023,43.35177911000005,0.15633409,-0.0143658845,-0.1784897
81.76490635922136,21.24013112580356,2023,48.88897151000003,0.10110197,0.053613782,-0.14058974
81.65540269906884,21.359525515064078,2023,39.00747568999998,0.05146855,0.008449233,-0.053058755
81.5910991168952,21.316056274165618,2023,44.751458300000024,0.1292575,0.020097531,-0.1380272
81.75085041532186,21.27036101577106,2023,46.97146228999998,0.06391057,0.093807235,-0.10235051
81.59688628951903,21.268323359071818,2023,45.97169144000003,0.110857815,0.00864624,-0.12875913
81.59590961089401,21.2543447911406,2023,42.44087678000005,0.14314139,0.0069485256,-0.1529138
81.74492671310578,21.27929783560543,2023,46.815942380000024,0.11885936,0.05734931,-0.1563318
81.61530115807449,21.294488185507202,2023,49.58282957000006,0.061564647,-0.012887305,-0.07934011
81.73166793311465,21.203058671157173,2023,48.13700711000001,0.10845964,0.054335367,-0.15065742
81.678725930589,21.309728731928608,2023,43.40988545000005,0.11463339,0.033912055,-0.13005336
81.58649908290928,21.20320287605165,2023,45.06933416000004,0.14650321,-0.011096007,-0.17217621
81.6633338304472,21.180552506605707,2023,47.08938397999998,0.20022027,-0.007816229,-0.21601094
81.65537512815139,21.16118910154079,2023,47.94730700000002,0.22805957,-0.03421387,-0.24046086
81.55494402989807,21.35973679231427,2023,46.82448742999998,0.115066454,0.06566802,-0.14392583
81.65747475951375,21.19647281771801,2023,47.37649766000004,0.16636877,0.020424254,-0.1923077
81.66943249539297,21.210363839307657,2023,46.74929099000002,0.13389528,0.068667725,-0.16428363
81.67094335913583,21.282645187224873,2023,36.637078820000056,0.14656149,-0.0024089229,-0.16233331
81.58137995490347,21.138986193109513,2023,45.77344628000003,0.19023211,-0.04437251,-0.23277202
81.73013122936838,21.196634805068978,2023,47.06374883000001,0.1255243,0.035063893,-0.15821648
81.54831710810478,21.226824242613905,2023,40.90276777999998,0.19882683,-0.04184367,-0.19624421
81.63361078686944,21.354366330407835,2023,50.06647940000005,0.07956646,0.013171537,-0.10216161
81.66947356680464,21.14229246017335,2023,44.98559267000002,0.15230237,0.014381281,-0.17745428
81.61833149325793,21.241909113497115,2023,39.944013170000005,0.097755,-3.3108544E-4,-0.11582794
81.62176573814257,21.372219129806805,2023,48.77446784000006,0.105039984,0.054848965,-0.1353545
81.72386097082355,21.170895741729932,2023,45.99390857000003,0.11195531,0.030345976,-0.13715877
81.59758001410167,21.28032453745512,2023,47.57816084000001,0.07032154,0.034801655,-0.11395554
81.69703042553307,21.311447751240614,2023,46.58009900000002,0.12315913,0.047253545,-0.14762394
81.6897325317424,21.363294360578596,2023,52.79747738000003,0.084815815,0.068256356,-0.09074484
81.72374931897055,21.20250905720924,2023,46.26222314000006,0.16085179,0.03251658,-0.18570784
81.5468566094344,21.32331250615389,2023,41.60004386000003,0.11013668,0.043466423,-0.13856252
81.72066681965667,21.187344594819326,2023,47.91483581,0.085286625,0.053796083,-0.13239701
81.57730669126279,21.24330223723894,2023,41.439396920000036,0.051589318,-0.049723756,-0.043956045
81.70623868901308,21.157854484374596,2023,49.56915749000001,0.13713974,0.07735768,-0.1760598
81.62851881125938,21.328471307332975,2023,47.64652124000003,0.04712125,0.025788387,-0.082439624
81.5412133745944,21.35049782396133,2023,42.21186943999999,0.1167176,0.07924236,-0.16169935
81.52575003506405,21.237164469676788,2023,44.71386008000002,0.17317168,0.0040173978,-0.18634817
81.70492352043868,21.152867667189867,2023,52.10874635000005,0.11194407,0.07302669,-0.14853747
81.73645729404592,21.176790061786903,2023,50.11433168000002,0.11590069,0.08448149,-0.16816849
81.49920897515312,21.29436537118042,2023,48.51469831999998,0.12660132,0.05685687,-0.14898382
81.5189915100866,21.25460633310659,2023,46.64333237000005,0.12433096,0.030054282,-0.15718602
81.5089710034593,21.219540806542224,2023,42.387897469999984,0.13932496,0.029908104,-0.15770373
81.67136997408667,21.231046825131564,2023,43.65085585999998,0.084549144,0.012074359,-0.111848824
81.6339849667547,21.29860061467957,2023,48.92144270000006,0.08647597,0.00954753,-0.10658572
81.64625515478717,21.38262943669718,2023,48.54887852000002,0.073074,0.033817295,-0.09261865
81.70038323312306,21.248396228604516,2023,45.525639830000046,0.17245163,-0.030028084,-0.18211119
81.60833764142245,21.17197112598533,2023,44.93432237000002,0.20369709,-0.051573243,-0.20431946
81.76214066000358,21.280180814990683,2023,40.64128925,0.13163179,0.034687076,-0.1589263
81.49212637382954,21.279399901430473,2023,47.34573548000003,0.14469162,0.03643416,-0.17313722
81.67375418659226,21.17179978733203,2023,51.88315703000001,0.111712635,0.076520585,-0.1593786
81.6985856498724,21.312233133800433,2023,46.14430145000006,0.11314717,0.05045253,-0.14330992
81.49180985977387,21.24427182465783,2023,48.357469400000014,0.06783969,-5.495512E-4,-0.11442096
81.6265914369981,21.146611185408883,2023,49.14703201999998,0.18082848,0.021893846,-0.20485872
81.57210859521653,21.35868801680455,2023,48.91289764999999,0.09235867,0.06714229,-0.122104175
81.51718887128405,21.18294430781361,2023,43.66794596,0.11880118,0.039522547,-0.14797495
81.54563378268044,21.167838672955263,2023,50.26472455999999,0.12513307,0.069501996,-0.16505446
81.5860035199497,21.345433740225513,2023,45.56494706000001,0.15670656,-0.013644814,-0.17135851
81.62472134397575,21.38302818882684,2023,41.733346640000036,0.1735381,-0.050932225,-0.17537221
81.73173886017435,21.317071145678963,2023,41.287295029999996,0.11254987,0.06509624,-0.15283494
81.6103929690133,21.33154610936378,2023,48.51469831999998,0.05628485,0.013988824,-0.08859228
81.5368156153091,21.15741923959772,2023,44.49852482000006,0.13316138,0.07748148,-0.16465954
81.63696179188426,21.343856863504623,2023,42.415241630000025,0.10764087,0.004488228,-0.11991613
81.52325262636057,21.305147211866156,2023,46.13917442000002,0.24322289,-0.07162561,-0.24294211
81.6010406676637,21.350086229104416,2023,44.228501240000014,0.1771167,-0.035199415,-0.17682293
81.65733252309917,21.296258837188816,2023,37.84363988000001,0.26200873,-0.13410309,-0.23610939
81.69995555741346,21.28825918402851,2023,40.02946367000004,0.14592974,-0.026723964,-0.16036502
81.59136190661417,21.190425327813685,2023,49.57086650000002,0.12052044,0.039053783,-0.1503263
81.51525975476217,21.25713536320247,2023,44.35154996000006,0.18087226,0.025248988,-0.2041085
81.68770109449817,21.1715889856659,2023,48.60527585,0.14813098,0.011488384,-0.17529215
81.76508950278941,21.222940265448486,2023,42.51094619000003,0.21283244,-0.063324206,-0.21435457
81.53317994668795,21.27183780848128,2023,49.00347518000001,0.110051244,0.021949017,-0.1486255
81.66411703937773,21.157712660833692,2023,49.10259775999998,0.11444021,0.022896491,-0.15098692
81.75204522167587,21.23675252525668,2023,45.05908010000002,0.12430633,0.017080719,-0.15068547
81.75398051153186,21.24964436350326,2023,42.72286343000002,0.14144173,-0.014566032,-0.16199425
81.74249331789888,21.17064385089896,2023,47.53714460000003,0.119552836,0.0740828,-0.16186957
81.6169574216267,21.174543055382966,2023,42.14521805000004,0.22016135,-0.097001165,-0.22987108
81.63023512917874,21.247362076404006,2023,40.255052990000024,0.070582554,0.01299057,-0.098145254
81.64491450173725,21.365597431353066,2023,39.494543539999995,0.034328572,0.024088187,-0.050029285
81.72120820274525,21.342553557802493,2023,44.691642950000016,0.14446396,0.0370492,-0.17585944
81.55489851205999,21.330777003361415,2023,40.11662318000003,0.16234586,-0.010401188,-0.17656752
81.63627460346832,21.321211343114353,2023,44.20115708000003,0.07317926,0.0068329764,-0.08786537
81.75539292611262,21.306991335086835,2023,37.80091463000002,0.21030737,-0.06324231,-0.20077957
81.61011396617337,21.32345799535344,2023,49.251281629999994,0.08372459,0.012046326,-0.10396468
81.62052723908829,21.12094514268024,2023,51.25082333,0.14544621,0.053163137,-0.1825508
81.60962839169675,21.31160994058894,2023,47.75589788000002,0.08858084,0.016621742,-0.102123015
81.62618069061156,21.227969470872516,2023,39.50137958000005,0.14762548,-0.03007099,-0.16851859
81.56533753132183,21.2675431166134,2023,47.29446518000003,0.133053,0.020373166,-0.15504691
81.69561346335531,21.369241730973066,2023,49.30767896000003,0.07985489,0.04403343,-0.10206085
81.64797448365763,21.29055271449329,2023,42.91427255000002,0.10783336,0.061025344,-0.14702898
81.65952852393127,21.29027580961236,2023,37.28821162999998,0.14063366,-0.011273288,-0.1540277
81.58260515164314,21.330322404083212,2023,42.427204700000004,0.16355498,-0.02807751,-0.1687611
81.6187830539358,21.128377224506103,2023,48.46855505000002,0.21840526,-0.055763397,-0.23605387
81.75700218158312,21.240241114670134,2023,45.13598554999999,0.12676333,0.039690126,-0.15191987
81.72623998638984,21.26881841756508,2023,41.516302370000005,0.072225384,0.017815402,-0.112088695
81.71701070947715,21.275109720342048,2023,41.70771149000001,0.16973951,-0.025657978,-0.18684882
81.72714681843986,21.208115699228983,2023,45.17529278000001,0.18035421,-0.017451523,-0.20209458
81.64728374129234,21.251122053320138,2023,44.638663640000004,0.08210321,-4.5116173E-4,-0.10168088
81.54822985489851,21.206725636896312,2023,44.78222047999998,0.10347279,0.0717895,-0.14756764
81.58203724918408,21.21860148053756,2023,42.36226232000001,0.19604136,-0.0411039,-0.21297607
81.49786704189499,21.277949855669977,2023,43.87644518000002,0.11159906,0.061379828,-0.14480679
81.62449107230499,21.222210434799184,2023,43.611548630000016,0.09801665,0.0058609014,-0.124981575
81.70601233484173,21.19641575417678,2023,43.89695330000001,0.25163493,-0.09396174,-0.26276076
81.5147672677042,21.287086586134677,2023,46.85695862,0.14084862,0.025423424,-0.15445562
81.65956834575606,21.310996885958406,2023,43.28341870999998,0.096565135,0.03513107,-0.12156516
81.55344262495966,21.27745372782654,2023,44.70702404000002,0.06964449,0.009329225,-0.08532581
81.65269254084609,21.232696673283822,2023,43.62692972000002,0.06351076,0.014913528,-0.09528099
81.60868555547547,21.210710974070846,2023,42.93136264999998,0.14140302,0.017458968,-0.16214858
81.55099002045382,21.17041385760531,2023,44.48314373000005,0.16664012,0.045550004,-0.19384058
81.68261618974334,21.366701029945105,2023,47.66019332000002,0.066243365,-0.0033441833,-0.07964687
81.60622413050693,21.33069550483577,2023,48.87871745000001,0.07568717,0.0085841,-0.09622022
81.5760107876053,21.254657752900037,2023,43.910625380000056,0.13687295,0.0079977885,-0.15456372
81.75215321288181,21.240258030448956,2023,45.25561625,0.12990859,0.050979424,-0.16273612
81.52434375108693,21.265821730138715,2023,48.91802468000003,0.082441695,0.03315765,-0.13307272
81.69344936780175,21.181714016026554,2023,48.51469831999998,0.15384616,0.02384939,-0.1825658
81.64834798048886,21.129607660620366,2023,53.53576970000006,0.12332579,0.08243595,-0.17363529
81.73305536461062,21.25389191575519,2023,47.378206670000054,0.09493145,0.051893275,-0.13412583
81.60951355113654,21.16000512181123,2023,37.594124420000014,0.06921906,-0.059894636,-0.05353602
81.65198532188872,21.29101635081024,2023,39.03140183000005,0.13673528,-0.012901721,-0.14505954
81.58106894683561,21.26219869760677,2023,43.70725319000002,0.09552342,0.0017734813,-0.116248325
81.68242793181875,21.221347327289315,2023,43.85764606999999,0.17112628,0.02446653,-0.19631495
81.64299179149675,21.20410045062798,2023,44.332750850000025,0.09640333,0.021631712,-0.13163386
81.71126643931457,21.159940937558968,2023,47.641394210000044,0.13275538,0.05858013,-0.17365895
81.63136800249106,21.211156162029525,2023,44.24388233000002,0.12950724,0.0112913735,-0.15834424
81.5538436151481,21.220824249562487,2023,47.15603537000004,0.118002735,0.047173023,-0.14900436
81.74786143643627,21.178920894312306,2023,46.90481090000003,0.12805714,0.0450426,-0.16480282
81.72410870528196,21.265515352483284,2023,45.82984361000001,0.17401655,-0.020406215,-0.19169424
81.59671871549784,21.142213625323635,2023,45.77686430000006,0.22627226,-0.064241394,-0.23925902
81.75379115281397,21.225951849758808,2023,44.16355886000002,0.13290197,0.0040508164,-0.15196587
81.59963816915958,21.255129524236793,2023,42.85103918000004,0.074413866,0.0017805054,-0.084942564
81.52926203402819,21.252625893137264,2023,47.60721401000001,0.17323789,0.015500871,-0.19181375
81.65730613882823,21.142789468060283,2023,48.57964070000003,0.15837535,0.038463295,-0.18043202
81.67888826218572,21.258030212194384,2023,39.51505166000004,0.094292715,0.02262599,-0.12520027
81.58242386364951,21.242845263469004,2023,43.64401982000004,0.21896856,-0.03687104,-0.22051847
81.59571234469941,21.129044481061268,2023,43.16891504,0.2367798,-0.08196156,-0.24394248
81.51821228173752,21.25693668990357,2023,46.55617286000006,0.10176817,0.0577957,-0.13412069
81.62694584835299,21.25287601599093,2023,39.16128659000003,0.09434658,-0.001350211,-0.11459703
81.67652303957173,21.346075283560417,2023,49.18975727000003,0.084359646,0.017075071,-0.10095067
81.59385526484337,21.286059517625446,2023,44.544668090000016,0.11164169,0.03090561,-0.12284404
81.55642881986837,21.322419881390154,2023,42.751916600000015,0.12702271,0.019011406,-0.15191987
81.6484800279607,21.28862457322512,2023,40.40373685999998,0.12048606,0.030599635,-0.1435736
81.54402204310747,21.310433576495477,2023,39.921796040000004,0.15835324,-0.03476287,-0.18178806
81.73249971859775,21.244982371271675,2023,43.50559000999999,0.13820419,0.013633897,-0.16391312
81.69774258909091,21.361336794353537,2023,42.58443362000003,0.06511298,0.01922929,-0.09106467
81.49852474617482,21.215241006146556,2023,39.69962473999999,0.14666346,0.0022346368,-0.15708704
81.60644803509958,21.120361761684023,2023,46.49123048000001,0.17931634,0.021894567,-0.21039791
81.75886479580429,21.228298410474103,2023,48.42412079000002,0.1249106,0.05155727,-0.16199693
81.5572143687987,21.249560745829275,2023,42.61177778000001,0.16610874,-0.0047114887,-0.17529705
81.63058207457598,21.314047938004748,2023,45.06933416000004,0.11822207,-0.009998868,-0.12541518
81.65498096938683,21.29839555053581,2023,42.49898312000005,0.16410506,-0.024120329,-0.15963642
81.49618127809764,21.26763075312494,2023,41.23431572000004,0.24239862,-0.058246434,-0.22581159
81.64047102608954,21.257414999981172,2023,43.818338840000024,0.08213372,0.0018442018,-0.10367047
81.7572872267625,21.21403084979565,2023,46.660422470000015,0.08463642,0.04788871,-0.12798075
81.64216642050022,21.31886585826773,2023,46.23146096000005,0.059984814,0.023434767,-0.081425376
81.706076300119,21.31036164174438,2023,46.419452060000026,0.10800499,0.054922342,-0.14340094
81.62259087192402,21.146913328293575,2023,49.55548541000002,0.17034392,0.045127247,-0.20515445
81.55328305487907,21.240024704061984,2023,39.41251106000004,0.2475308,-0.073768966,-0.25167415
81.55130731894168,21.154813104362866,2023,48.88897151000003,0.11177314,0.053169053,-0.1495957
81.67134133223429,21.180898138477804,2023,48.36772345999998,0.15939881,0.047492065,-0.19149399
81.55273253187116,21.149175810096633,2023,44.65404473000001,0.15044057,0.049990408,-0.1879591
81.54132822344043,21.3088010839915,2023,40.65837935000002,0.23835741,-0.087730065,-0.2275393
81.53422479997299,21.246792906976594,2023,47.844766400000026,0.12085921,0.03383403,-0.13659625
81.62726081048496,21.224110083948663,2023,40.215745760000004,0.11024199,-0.010946984,-0.12832864
81.55959733879786,21.22963854804385,2023,42.07514864000001,0.15698212,-6.816865E-4,-0.17379658
81.60386019597239,21.171841182662902,2023,43.360324160000005,0.22705714,-0.07785144,-0.22964919
81.55512076104151,21.33430844467745,2023,38.510153779999996,0.21626465,-0.1200349,-0.18728384
81.57824806070268,21.186404400558263,2023,42.40156954999998,0.19295129,-0.06268457,-0.19684821
81.73687590868992,21.16355317597236,2023,43.144988900000044,0.28119355,-0.08546455,-0.27686903
81.59829405401524,21.14527722973544,2023,40.93011194000002,0.13155173,-0.08086298,-0.114025034
81.6149395198215,21.182658836933136,2023,43.97556775999999,0.21903463,-0.032803275,-0.2227092
81.70878257934635,21.262735639842813,2023,44.677970870000024,0.12989683,0.056672703,-0.15626328
81.61213273737762,21.228430018717223,2023,42.68868323000004,0.101197235,-0.0027170742,-0.12456301
81.63311399877541,21.1530362840884,2023,46.431415130000005,0.1666402,-0.014227891,-0.19395012
81.52628979885546,21.213919655943684,2023,39.897869900000046,0.15278633,-0.004055911,-0.16670562
81.60026556103735,21.268181678260223,2023,46.76296307000001,0.083791755,0.020675743,-0.107273765
81.56994191502923,21.203032376846625,2023,46.87063069999999,0.17649321,0.015639078,-0.1937794
81.73125799345499,21.159654751699918,2023,46.397234930000025,0.15006645,0.029786073,-0.18498917
81.5212369379271,21.193529537397215,2023,42.00678823999999,0.1897432,-0.024456965,-0.2106681
81.75533814374944,21.288964942568644,2023,43.879863200000045,0.10179619,0.061028052,-0.14005128
81.5448203783666,21.19757110711711,2023,50.435625560000005,0.06540464,0.08562031,-0.12353542
81.58276819307358,21.298809626474213,2023,47.82425827999998,0.09253656,0.05821409,-0.10766478
81.67721749539066,21.16630117944357,2023,49.48028897000006,0.14924157,0.0605907,-0.1827549
81.69447593914073,21.14731672474564,2023,50.803062710000006,0.10254443,0.0733813,-0.1338946
81.50150437826908,21.22477344027076,2023,43.14157088000002,0.119165875,0.056360092,-0.14419723
81.63975879049768,21.12515543677828,2023,47.819131250000055,0.20432763,-0.11594203,-0.20647947
81.59398949547506,21.360007428654185,2023,40.44988013,0.16244675,0.011758066,-0.1891117
81.6865259503232,21.191663547788263,2023,46.945827140000006,0.14204818,0.055154104,-0.18169066
81.69754455549479,21.13894007779942,2023,47.892618680000055,0.20338954,0.012070232,-0.23096316
81.56009675279175,21.28097545301278,2023,44.79589256000003,0.13797036,0.02208224,-0.15878084
81.72819130164459,21.304551118221106,2023,44.621573539999986,0.12080608,0.061918996,-0.1573539
81.49654461040029,21.282805395099977,2023,45.274415360000035,0.119778216,0.06280593,-0.15649514
81.61994085838023,21.20902372900809,2023,44.92235930000004,0.14958534,0.027878787,-0.18430491
81.60302735308473,21.245495917601055,2023,41.47870415,0.1597432,-0.021949138,-0.17128836
81.50909802601198,21.264003530223178,2023,41.98628012000006,0.16033058,-0.001635636,-0.17525521
81.64318880325001,21.22134921763382,2023,43.77390458000002,0.19021054,-0.042220585,-0.19768085
81.54567688963785,21.337678421792006,2023,44.87963405000005,0.14357136,0.0338763,-0.1589833
81.51601207202799,21.308005344781996,2023,46.22804294000002,0.13137761,0.042155948,-0.15295933
81.65728880113728,21.33648008677208,2023,43.86960914000002,0.056969106,0.017116487,-0.08470048
81.66301884718126,21.191538796652903,2023,47.48074727000005,0.10450038,0.04272953,-0.13965409
81.74538977017137,21.240457952897124,2023,32.89434692000003,0.0024135157,-0.022029528,0.01906315
81.71633632546737,21.292468784834274,2023,43.54147922000004,0.09648834,0.02744773,-0.13757811
81.63134721436707,21.191533386314266,2023,44.39256620000003,0.20295905,-0.029633174,-0.2094949
81.7447522451459,21.316029935540474,2023,42.381061430000045,0.13451108,0.017729823,-0.15308852
81.52546903496625,21.29535742714863,2023,46.14942847999998,0.17237748,0.0024812187,-0.17978399
81.68210209783794,21.189644313506324,2023,48.78301289000001,0.14776656,0.05461107,-0.18728866
81.59064772027874,21.309691895848463,2023,45.843515690000004,0.038215257,0.0417041,-0.045418203
81.61987659970269,21.149495836140005,2023,43.080046519999996,0.2560959,-0.07751731,-0.26669112
81.71702764689344,21.189459749107243,2023,44.76683939000003,0.13166904,0.022877177,-0.17176756
81.70529940913906,21.23977812092721,2023,41.71112950999998,0.11729383,-1.540215E-4,-0.15528038
81.70089681194158,21.35759683464498,2023,45.788827370000035,0.08924047,0.027675869,-0.11399947
81.60453698341597,21.17583980207253,2023,41.42401583000003,0.22184362,-0.06671097,-0.23236385
81.64167385670048,21.35824558760217,2023,41.723092580000014,0.053053983,0.04491907,-0.082454085
81.62393256852349,21.323794549188705,2023,45.78711836000002,0.07501302,0.01149002,-0.103882216
81.73661191281155,21.331582259743225,2023,47.70120956000005,0.109155126,0.056501087,-0.14142722
81.53006489828256,21.317063790596418,2023,44.65062670999998,0.11761607,0.064205155,-0.1525016
81.67325780580494,21.27038651341397,2023,42.492147079999995,0.13410021,-0.027086202,-0.14902022
81.5924408600516,21.196560322482863,2023,45.927257180000026,0.09985255,0.033907875,-0.12852544
81.69086073518737,21.223686369571503,2023,42.53829035000001,0.22391486,-0.060839623,-0.22317933
81.74667790070572,21.321222418279863,2023,43.244111480000015,0.13607498,0.013142809,-0.15771008
81.67391576784378,21.366681492967732,2023,47.75931590000005,0.07723813,0.011156063,-0.095675796
81.50281957719982,21.313160054170407,2023,45.34106674999998,0.10761269,0.058611833,-0.15551612
81.66828414418359,21.165753491671136,2023,48.98638507999999,0.12470855,0.06535212,-0.16744079
81.71150990170476,21.20368124240134,2023,42.608359759999985,0.1842119,0.010571009,-0.20846061
81.55122377975762,21.35246862166744,2023,43.403049409999994,0.11278255,0.05566843,-0.13594428
81.54360209981863,21.26748631019665,2023,45.452152400000045,0.12265791,0.020724516,-0.15312885
81.74734266121231,21.214480259182213,2023,42.22212350000001,0.0516402,0.00913105,-0.041710798
81.6732290208021,21.218780722771243,2023,44.76171236000005,0.14219935,-0.022036333,-0.16798945
81.66281548583913,21.220205846267845,2023,44.00974796000003,0.11626417,0.013634005,-0.14568569
81.58157591165819,21.125235164824044,2023,43.433811590000005,0.19340694,-0.010647817,-0.21521303
81.51580182179222,21.302399485347177,2023,50.339921000000004,0.08648499,0.06403941,-0.12462751
81.58661679908143,21.160093172925922,2023,45.47607854,0.11184328,0.046528056,-0.15485623
81.73730343459442,21.33631841870868,2023,47.91996284000004,0.08448276,0.0779019,-0.13166133
81.65846577265425,21.27245547274718,2023,37.22156024000003,0.13180642,0.011280959,-0.13617937
81.56316388256603,21.168746905323186,2023,48.47026405999998,0.12683079,0.06766745,-0.16812634
81.56122864736204,21.27379872757691,2023,48.56255060000001,0.11509759,0.051484726,-0.16260801
81.71262779386281,21.319744422456168,2023,41.796580010000014,0.11067386,0.062242895,-0.14471677
81.57996122877084,21.191310444051666,2023,50.07502445,0.12738912,0.0559472,-0.15743485
81.74018644562416,21.174359065373707,2023,49.35382222999999,0.08538133,0.10310603,-0.14757073
81.5346337750832,21.256798403808954,2023,44.324205800000016,0.108776964,0.020134227,-0.1442274
81.54551521548098,21.165965847113164,2023,46.97317129999999,0.122353025,0.069908984,-0.17060424
81.52927650533523,21.23506058949188,2023,49.15045004000001,0.10845978,0.054870266,-0.13006993
81.62254662724409,21.14548011348104,2023,48.56255060000001,0.15314029,0.036344726,-0.1877895
81.54930944759835,21.167652191904327,2023,51.900247130000025,0.100151554,0.0867757,-0.1522746
81.60122440048512,21.17383672193756,2023,43.58420447000003,0.22236188,-0.050749447,-0.23823187
81.756438003337,21.30820259366584,2023,42.65450303,0.14460376,0.015200013,-0.16598743
81.73214103692516,21.22027009424146,2023,44.91723227,0.12863466,0.033383988,-0.14586239
81.5479572651631,21.204075708029436,2023,44.008038950000014,0.12662312,0.04174359,-0.15702675
81.54063573434672,21.29477168039365,2023,36.96520873999998,0.32062456,-0.1842311,-0.30323884
81.62730888497606,21.252175106238838,2023,45.95460134000001,0.07290861,0.043408826,-0.09329241
81.72564915411459,21.173421365980747,2023,44.23191926000004,0.24796411,-0.058451176,-0.24840015
81.70882241271283,21.288721064251522,2023,44.55834017000001,0.076136306,0.03840172,-0.11226098
81.72477879109101,21.17721002385042,2023,48.89580755000003,0.115002155,0.07644212,-0.16424035
81.67667401522063,21.13817196594539,2023,46.57497196999998,0.24183859,-0.06486128,-0.24822304
81.70979820782303,21.36207918944179,2023,50.83895192,0.0869975,0.06838057,-0.11848541
81.72724987511666,21.188375138765423,2023,44.29857064999999,0.13254178,-0.006133752,-0.15647447
81.54945359012626,21.167317459851425,2023,52.38560597000003,0.0907682,0.10370178,-0.1465171
81.72225199550401,21.26525999575194,2023,48.034466510000016,0.0978109,0.072693154,-0.14308631
81.57946550489555,21.25150872707985,2023,45.20947297999999,0.097237006,0.052742615,-0.12173107
81.63891051002783,21.323411148260185,2023,39.879070790000014,0.05975938,0.02202257,-0.08973263
81.58523488553098,21.325231096858722,2023,44.71044205999999,0.101625934,0.04411638,-0.13166374
81.7036103705704,21.324589568310646,2023,44.30369768000003,0.10572721,0.054945774,-0.14109387
81.57484203352142,21.202682250656114,2023,47.82425827999998,0.1281423,0.032557834,-0.15766518
81.70923284576716,21.26725408404653,2023,43.69529011999998,0.1306097,0.046366367,-0.16443907
81.62421273267238,21.142726268055227,2023,43.70383517000005,0.22111662,-0.026492685,-0.22697692
81.65769165577348,21.37646863116311,2023,44.32249679000006,0.09781483,-0.018147672,-0.104917645
81.6454013415538,21.169891447476214,2023,42.99117799999999,0.11064156,0.10064511,-0.14586529
81.68688151070832,21.185453520773134,2023,48.19511345000001,0.16131143,0.021619305,-0.1870263
81.65438317475478,21.359515129992797,2023,50.45613367999999,0.036280233,0.06372157,-0.044227336
81.53355814057629,21.301032599254338,2023,46.80910634000003,0.15443641,0.03691734,-0.17938961
81.60668990548932,21.354368512860976,2023,42.06318557000003,0.15635972,-0.00271584,-0.16859867
81.68794679346186,21.14471458207739,2023,47.80716818000002,0.12135838,0.019328587,-0.16017316
81.68872746480864,21.28860995760958,2023,38.92202519,0.19865228,-0.050954543,-0.19916609
81.58739162122355,21.13390842409774,2023,43.13302583000001,0.18462282,-0.045626253,-0.19140655
81.62702131875992,21.2564190454072,2023,41.22747967999999,0.20601025,-0.06562832,-0.1977327
81.57674321199427,21.350814099674597,2023,43.144988900000044,0.12987278,0.019731706,-0.15115649
81.61827913657487,21.264487934011107,2023,41.95893596000002,0.07039829,0.0072587696,-0.0885981
81.67556151013704,21.208816831792987,2023,42.81344095999998,0.16034788,-0.04091506,-0.17988016
81.54498704046476,21.303828411137317,2023,43.70554418000006,0.15244521,0.04326881,-0.18722317
81.62583700118874,21.144285212618517,2023,46.89626585000002,0.15172318,0.014932974,-0.18407029
81.57039725933528,21.151548794804103,2023,49.69391522000001,0.17694859,0.022314586,-0.20976801
81.63701374374648,21.275194963480345,2023,42.87154730000003,0.14721797,0.027428897,-0.1514289
81.55106715560417,21.22412660721644,2023,43.55344229000002,0.13489823,0.03613286,-0.15047932
81.56818140626388,21.371754281203845,2023,44.290025600000035,0.19848618,-0.066562854,-0.2009542
81.69066530001798,21.32811618921681,2023,39.169831639999984,-0.019439396,-0.026459906,0.037721574
81.6344089537856,21.244726279124016,2023,42.75704363,0.09261235,0.017047338,-0.11099278
81.61606933772691,21.286885851184895,2023,51.06795926000001,0.07667369,0.00983543,-0.09359564
81.6095527400989,21.256541621910745,2023,43.38425030000002,0.10893574,-0.002128699,-0.12848021
81.53076767853217,21.18716731856646,2023,47.205596660000026,0.11783085,0.086303055,-0.15791823
81.5457105969589,21.359787665161964,2023,48.422411780000004,0.0943124,0.08198858,-0.14150105
81.63335441149856,21.11858290235956,2023,48.78301289000001,0.09090909,0.02594685,-0.12215995
81.76018458449171,21.237108283760243,2023,45.27612437000005,0.110293835,0.039727174,-0.14276795
81.60390219790611,21.315718403536764,2023,43.162079000000006,0.029226031,-0.053789787,-0.011850303
81.6266945563021,21.172300708574994,2023,46.28102224999998,0.1666406,0.0117276795,-0.18058413
81.66495623964208,21.296464817436778,2023,37.60096046000001,0.12234163,0.018543238,-0.13144378
81.66328916123244,21.24237072992808,2023,40.484060330000034,0.086347334,0.002761057,-0.11106865
81.66718297936787,21.340414535506834,2023,48.45488297000003,0.050795257,0.027214503,-0.0664334
81.54683857002148,21.237243772931976,2023,42.82711304000003,0.144304,-0.0026333826,-0.15361308
81.55377224755038,21.265339314144917,2023,44.98730168000003,0.1989494,-0.030944515,-0.20357326
81.56102450847008,21.364260590363585,2023,47.33206340000004,0.10425647,0.053623118,-0.14179868
81.61043808060121,21.307515167378046,2023,46.327165519999994,0.063547395,0.0034239837,-0.08911828
81.64217154231027,21.338285482312116,2023,47.57986985000002,0.066096105,0.07167075,-0.11180799
81.75888779339859,21.200493363664666,2023,46.37672681000004,0.14868043,0.030570937,-0.17624255
81.63692867266448,21.259209584297217,2023,43.85593706000003,0.07115889,0.029015698,-0.09222529
81.76543840700805,21.247186526683986,2023,47.74735283000001,0.13256466,-0.031915087,-0.14494504
81.69049063640327,21.153336186744216,2023,43.37228722999998,0.19045146,-0.023090525,-0.19333588
81.58149722746259,21.360091438589418,2023,46.83986851999998,0.15948796,-9.382493E-4,-0.1746187
81.51185692806014,21.191422650107864,2023,38.12733553999999,0.20457755,-0.07333223,-0.2134596
81.73635927562451,21.322087550472922,2023,46.357927700000005,0.083991215,0.0712017,-0.13185434
81.53610556743644,21.216830359812953,2023,43.77732260000005,0.10166129,0.047305025,-0.13368298
81.708821659266,21.336909557715096,2023,45.36157487000003,0.12665343,0.046993006,-0.14336053
81.53858631237989,21.283728022185702,2023,47.06545784000002,0.18667856,-0.013946401,-0.19581185
81.75495743666696,21.24443034449558,2023,45.27783338000006,0.104207665,0.039513458,-0.12656443
81.59035122183242,21.376136850031585,2023,51.11239352000001,0.086716175,0.06628385,-0.11363828
81.66664999192788,21.165218162845008,2023,45.28466942,0.100431144,0.036511865,-0.13605505
81.72156316516767,21.166746721797146,2023,50.08356950000001,0.08590254,0.06803733,-0.12883046
81.70673372726532,21.26777103819997,2023,38.26576535000004,0.09305211,-0.020939061,-0.09436306
81.65836713972348,21.17514684898872,2023,47.972942149999994,0.18183513,-0.0037062848,-0.19816975
81.5073896248928,21.27277630794628,2023,42.83736710000005,0.17170182,0.010509242,-0.1867072
81.60650538323134,21.202002986784755,2023,38.795558450000044,0.2694854,-0.10509286,-0.25002858
81.58854320259043,21.333248056449058,2023,47.97123313999998,0.12892732,0.024376357,-0.1439062
81.75255848874855,21.21936403658275,2023,38.73745211000005,0.017639812,-0.010445461,0.018813245
81.68744948566173,21.17927040726632,2023,49.135068950000004,0.11919258,0.053670194,-0.15725179
81.58298869301981,21.232636349823384,2023,43.40475842000001,0.105034895,0.008693009,-0.14491329
81.76857786338144,21.233305901681764,2023,49.39996550000001,0.09236125,0.07568554,-0.13939215
81.69760870253579,21.217703112797324,2023,39.256991149999976,0.25358635,-0.094801225,-0.24025406
81.7302519777196,21.217008790604346,2023,50.71761221000003,0.09657882,0.05463141,-0.112975575
81.68513492349928,21.1948244284147,2023,50.09211455000002,0.10299556,0.07823567,-0.14936298
81.64304334590392,21.364951062254942,2023,41.36761850000005,0.0064976565,-0.028686516,-0.0026528013
81.63389938089122,21.350444282082144,2023,49.80670988000003,0.06158643,0.03354468,-0.09159797
81.71834685345331,21.32029341289911,2023,45.966564410000046,0.10171509,0.072202325,-0.14668755
81.67960507854369,21.191905208182135,2023,50.203200200000026,0.13124098,0.059481837,-0.17121729
81.5886003739593,21.357134006000578,2023,44.242173320000006,0.10742094,0.046876602,-0.13663608
81.60782303034236,21.298282786663826,2023,44.730950180000036,0.054789677,-1.675884E-4,-0.06991753
81.53493196562198,21.292264771469736,2023,41.757272779999994,0.15760706,-0.0045154793,-0.18221441
81.66872115421522,21.218168546091484,2023,44.583975320000036,0.19798945,-0.030005824,-0.20989344
81.70396329237232,21.19301928741105,2023,47.97977819000005,0.088550776,0.042496968,-0.12725542
81.5667237314061,21.353992104448885,2023,40.62419914999998,0.15262897,0.005519009,-0.17215128
81.69288380318766,21.1328543283254,2023,48.413866729999995,0.19857752,-0.005430454,-0.22322057
81.75243163472885,21.189586762923284,2023,48.25834682000004,0.09773508,0.07249624,-0.14578752
81.7512284039276,21.30195195047354,2023,42.411823610000056,0.10159189,0.07496468,-0.1419356
81.5979997564555,21.25784179756038,2023,42.92281760000003,0.06434727,0.008328957,-0.078284994
81.49649638480797,21.30116584506643,2023,48.383104549999985,0.093444645,0.07828868,-0.13673124
81.62402227829344,21.154192107576154,2023,44.54637710000003,0.1898654,-0.009780353,-0.20968089
81.62936431201732,21.219590483332098,2023,44.681388889999994,0.093842946,0.004215578,-0.12613454
81.60455121542093,21.329530981697125,2023,46.64675039000002,0.06968831,0.054728325,-0.10007706
81.51661805705228,21.300346337173117,2023,48.93511478000005,0.1017964,0.067618705,-0.13475631
81.73525102971445,21.225688962240795,2023,47.256866960000025,0.10127979,0.042157114,-0.13193853
81.74345901914607,21.20727648276277,2023,47.005642490000014,0.11050843,0.023090122,-0.14039907
81.58850411601101,21.27529021515119,2023,43.88157221000006,0.14103521,0.032095723,-0.15022682
81.59613143492348,21.164715701266573,2023,45.158202680000045,0.2283091,-0.07428691,-0.24331047
81.62163164820946,21.118770800734413,2023,52.884636890000024,0.11138996,0.073702954,-0.1611246
81.68554371367537,21.368552104001914,2023,51.08846738,0.035548095,0.022815755,-0.052000586
81.57588378535696,21.188201198322826,2023,44.50877888000002,0.1133313,0.0463031,-0.14357337
81.51593662988755,21.251027901106752,2023,45.22314505999998,0.11588691,0.0016050334,-0.15141419
81.5851108136066,21.295697261308696,2023,44.43016441999998,0.17511521,-0.031679388,-0.1680567
81.59228227314178,21.180969227229408,2023,45.752938159999985,0.12427501,0.005992164,-0.17556472
81.58840838845445,21.285021079697135,2023,46.815942380000024,0.100030884,0.030790763,-0.11002271
81.56770328446153,21.229823172859465,2023,40.735284800000045,0.20876187,-0.04178367,-0.21037737
81.60153174285212,21.288192582945737,2023,50.64412478000003,0.087810196,0.0373524,-0.11085451
81.68302099447735,21.17611276546747,2023,46.250260070000024,0.021701556,-0.0023551579,-0.019230308
81.63394826198392,21.23829548619966,2023,44.17039490000002,0.063697174,0.027991943,-0.08989661
81.71258206217246,21.173446188102684,2023,48.51469831999998,0.13795055,0.04580979,-0.17807968
81.6748203134014,21.19179438625593,2023,47.58670589000002,0.15188807,0.0042741806,-0.17638257
81.57335222867684,21.30670748104727,2023,44.72411413999998,0.044672266,0.011196488,-0.06156312
81.56073981087349,21.28762082660421,2023,48.336961280000025,0.1233163,0.042620573,-0.15267296
81.55481159083526,21.290902163143343,2023,49.27349876000005,0.10481283,0.05886181,-0.14157161
81.55675571641328,21.23794960347734,2023,44.989010689999986,0.13102633,0.030654406,-0.15814942
81.62518355251778,21.245504823098095,2023,39.921796040000004,0.091327704,-0.014385923,-0.11571082
81.61259074483137,21.358043393054785,2023,43.213349300000004,0.11226996,0.008087888,-0.14413434
81.68157960831896,21.257221898760946,2023,40.95403808000003,0.15724078,0.02938916,-0.18217729
81.68298069559114,21.365609532945513,2023,46.81936040000005,0.043774467,0.010459344,-0.05228088
81.7023701514649,21.173481553583713,2023,48.59502179000003,0.13962063,0.033168323,-0.1613853
81.6860481492542,21.237143972997345,2023,43.97385874999998,0.12849246,-0.007562322,-0.15052633
81.69614412718401,21.243987708158645,2023,43.334689010000034,0.112050384,0.038581762,-0.14227925
81.58939445828503,21.315942795064704,2023,45.814462520000006,0.10030235,0.022843134,-0.11155379
81.4897019852884,21.228192967840094,2023,46.45021424000004,0.09090557,0.086659856,-0.14044602
81.58402213197483,21.14939636823543,2023,46.69631168000001,0.120304294,0.018284554,-0.16110381
81.63861088562831,21.256958572281647,2023,43.74997844000001,0.08470736,0.00505322,-0.11212595
81.64131249539369,21.284282385931473,2023,43.99265786000001,0.16233978,-0.051947575,-0.1658868
81.5894667752319,21.290992754261897,2023,43.309053860000006,0.15299465,-0.018629383,-0.15581621
81.50298764925375,21.24872996785641,2023,45.312013579999984,0.15111758,0.044258177,-0.1727229
81.65098130039904,21.26880154470861,2023,35.70054134000003,0.22261588,-0.06128464,-0.22124122
81.73338039350148,21.18745961481337,2023,43.59616754000001,0.20371974,-0.023566071,-0.2107203
81.68524577003416,21.15015164520659,2023,49.57086650000002,0.11412446,0.080407105,-0.150579
81.68258604406682,21.241321486957133,2023,42.63741292999998,0.20627125,-0.015042266,-0.21735062
81.63329482273049,21.36904585589705,2023,47.140654280000035,0.07261549,0.027861446,-0.08460052
81.52854449781009,21.264555939629577,2023,47.56961579000006,0.18946141,-0.026190622,-0.21577835
81.55142350565258,21.293217999833196,2023,43.158660980000036,0.13562752,0.0116546955,-0.15642591
81.6624444611603,21.276350135947585,2023,42.26655776000001,0.07445663,0.0013714371,-0.10314048
81.70860913294162,21.264625809600947,2023,41.60858890999998,0.18487753,-0.037975505,-0.19482462
81.70359550978685,21.21063756379862,2023,45.53589389000001,0.16759372,0.008829129,-0.18783459
81.67166390373102,21.184316089782612,2023,47.96268809000003,0.15390457,0.034281503,-0.1889796
81.60305040694821,21.293875825755446,2023,55.173001279999994,0.05731463,0.005237357,-0.071680054
81.70270184784735,21.145267347889607,2023,49.881906319999985,0.11117622,0.064169474,-0.16330788
81.54865726337114,21.270918891588632,2023,42.70064630000002,0.20552087,-0.033239014,-0.2102384
81.6731270262106,21.333228767336514,2023,46.38356285000003,0.108667426,5.3042633E-4,-0.12772676
81.57688344192725,21.338843855791378,2023,45.65039755999999,0.13685091,0.016993722,-0.16063182
81.66152694264034,21.182867728639476,2023,47.90116373000001,0.14034617,0.028753994,-0.17055997
81.56392297827004,21.19766990508591,2023,45.79908143,0.12218295,0.038489092,-0.15510699
81.58988175178006,21.320834076884935,2023,47.54739866,0.08196029,0.031721424,-0.107890636
81.66832114960788,21.21235928840377,2023,49.70929631000001,0.11604795,0.0809164,-0.15295264
81.76250885645521,21.211178980778083,2023,45.00439177999999,0.12774563,0.029471869,-0.15726551
81.69885528809739,21.153711661267867,2023,48.569386640000005,0.10565479,0.030296056,-0.13394333
81.67101145189186,21.140961540111867,2023,44.565176210000004,0.2556605,-0.058427494,-0.26324984
81.64820001570352,21.19319837674359,2023,45.13940357000001,0.16294128,0.0018838895,-0.18467587
81.6337568688989,21.239589757868956,2023,43.79099468000004,0.08548158,0.025771793,-0.10586237
81.6326692624839,21.269703957702525,2023,44.52928700000001,0.08207309,0.03185342,-0.10425207
81.56082451877474,21.188127800377682,2023,47.692664509999986,0.074798964,0.023660215,-0.110584155
81.59286441668633,21.287459313995083,2023,44.27293550000002,0.16239731,-0.002582897,-0.17145188
81.62487304623095,21.364384253640907,2023,46.90139288,0.094620265,0.03653634,-0.10629085
81.61111386696868,21.240153411269233,2023,40.83611639000003,0.17095862,-0.041403275,-0.18368882
81.53289929770814,21.277220147024842,2023,49.762275620000025,0.15628207,-0.05419355,-0.18581952
81.70304998115031,21.158595591006378,2023,51.628514540000026,0.09891691,0.076975845,-0.13240893
81.6902045106788,21.311812241172685,2023,45.50342269999999,0.10501997,0.055227663,-0.14384802
81.70298701376703,21.321494673310447,2023,44.02000201999999,0.1611052,0.0063584475,-0.17739324
81.56341031000589,21.285662682121,2023,43.179169100000024,0.050893217,0.17467406,-0.0960997
81.68982248146088,21.35829542418826,2023,43.35177911000005,0.09327022,-0.014913765,-0.10756042
81.51578212960771,21.179125841094514,2023,44.81810969000003,0.13020267,0.04735811,-0.16378391
81.58149635649126,21.329472687104506,2023,42.341754200000025,0.20187603,-0.047464676,-0.20141457
81.75593754379851,21.208924082842792,2023,48.17460533000002,0.111306205,0.06888832,-0.14390114
81.58020301487207,21.256512795032638,2023,45.43506230000003,0.07145943,0.027793398,-0.10578749
81.70917723940451,21.276777036820665,2023,43.55344229000002,0.124112606,0.022306658,-0.14879532
81.5437794212638,21.206202478061027,2023,45.47266051999998,0.11284536,0.03337938,-0.15006498
81.6268974926063,21.176546553410212,2023,43.86619112000005,0.1564794,-0.06560824,-0.15786667
81.685668195787,21.3031015832312,2023,40.65837935000002,0.12254902,0.024048707,-0.13823278
81.66553897733178,21.35707734766761,2023,50.60994458000005,0.04521827,0.011829173,-0.061428506
81.73342250163677,21.19531022532736,2023,46.05714194000001,0.12899268,0.070446685,-0.16438803
81.66630378935169,21.201299620743704,2023,47.72513570000001,0.0755601,0.032831337,-0.120936096
81.54934923443363,21.34183035766745,2023,43.64743784000001,0.14849235,0.033436935,-0.16441739
81.52173708580193,21.189983263276513,2023,41.56244564000002,0.17701657,-0.037532467,-0.1931449
81.77227286245683,21.26735065576208,2023,42.415241630000025,0.08912222,0.06384773,-0.12778164
81.62708912080181,21.180080877124194,2023,45.76661023999998,0.1500648,0.022910666,-0.17804731
81.63707124221648,21.176368633081644,2023,49.09576172000004,0.15862286,0.02826001,-0.1923637
81.50818787125891,21.249789020215626,2023,45.80762648000001,0.20890139,-0.03619533,-0.21067671
81.76837715766861,21.282735557062335,2023,41.00359937000002,0.118706435,0.03333996,-0.14842997
81.5979929637858,21.193518006401515,2023,44.41136531000001,0.1435822,0.037288237,-0.17889614
81.64539764503998,21.263802700351313,2023,48.712943480000035,0.09619223,0.060252067,-0.12481783
81.55784147536866,21.23994399673998,2023,46.13917442000002,0.084234364,0.033213872,-0.17481445
81.58206604173417,21.130253868312877,2023,43.40988545000005,0.2611499,-0.100018695,-0.25964248
81.62006327006344,21.27805133155608,2023,43.295381780000014,0.07321573,0.023363179,-0.105463184
81.55677242790888,21.25647665044844,2023,46.12892036000005,0.14028543,-0.01817392,-0.1593223
81.5960374525483,21.34530252339524,2023,44.604483440000024,0.13344173,0.016989958,-0.15022737
81.6401768693807,21.365706081068936,2023,44.143050740000035,0.07780068,0.0078545585,-0.08304431
81.63337536076679,21.16426258731232,2023,46.65358643000002,0.20539826,-0.036055416,-0.207744
81.61135471210864,21.124464216991232,2023,47.861856500000044,0.244797,-0.041226566,-0.24587272
81.6868413079886,21.318823392131332,2023,44.773675430000026,0.094158284,0.03959401,-0.12625112
81.66618721812816,21.28607428584861,2023,35.45957093000004,0.23083812,-0.089983806,-0.22902656
81.74761502570674,21.3127035532063,2023,43.01681315000002,0.115147546,0.055701446,-0.14367555
81.62592648565968,21.262673815665817,2023,43.032194240000024,0.12208813,-0.017450739,-0.13093024
81.60926362670934,21.18260438970133,2023,43.61496665000004,0.20576027,-0.030808868,-0.21572052
81.58552959523325,21.129895088994026,2023,41.89912061000001,0.268469,-0.11628517,-0.259691
81.50456924669558,21.308773770809946,2023,44.36864006000002,0.16245757,0.0126172975,-0.18302546
81.75161029151607,21.302080146782597,2023,42.20674241000006,0.10198316,0.06864098,-0.14084935
81.61492283036179,21.132253919142496,2023,49.623845810000034,0.15150057,0.020396592,-0.17737478
81.5742269469051,21.327154133142145,2023,44.700188000000026,0.13602948,0.020875515,-0.15965518
81.57011448135054,21.22545837549137,2023,42.24946766000005,0.15831472,0.015797682,-0.1749565
81.60676242562067,21.268519539485915,2023,43.14157088000002,0.09453431,0.03170899,-0.11367224
81.61836286538288,21.255625812895346,2023,42.345172219999995,0.14771561,-0.03948544,-0.15468583
81.50062151137804,21.207068724296988,2023,39.62955533000002,0.11467909,0.03623384,-0.13651979
81.6245694368102,21.21622151865421,2023,44.730950180000036,0.09221933,-0.0072452906,-0.12103068
81.54952071234611,21.17448739230016,2023,48.38994059000004,0.11283152,0.085228875,-0.16695768
81.62949117090315,21.222601190428854,2023,37.08825746000002,0.33174905,-0.15643534,-0.29677752
81.51178690301246,21.22263978591633,2023,45.86915084000003,0.10325094,0.05298913,-0.12405409
81.61516682894022,21.335806110920643,2023,46.86721268000002,0.10789151,0.006273573,-0.12401267
81.67374346148395,21.330419871896556,2023,49.196593310000026,0.10036672,0.020087209,-0.12234876
81.50609224941088,21.264764748097257,2023,42.21870548000004,0.20022818,-0.033941675,-0.20694703
81.64743754414224,21.351385529885274,2023,43.76877754999998,0.074629925,0.016582038,-0.09741359
81.58075065221168,21.364660306643266,2023,51.252532340000016,0.11009533,0.07061786,-0.13915728
81.66554608993225,21.31123513291725,2023,45.031735939999976,0.08619027,0.049344584,-0.110104635
81.51595809922058,21.27066118159277,2023,44.85741691999999,0.12357841,0.06295294,-0.14433704
81.62103973425883,21.36535175885965,2023,41.206971560000056,0.124606356,-0.026654836,-0.1462651
81.69332239227093,21.155010829169658,2023,44.00974796000003,0.18787241,-0.069088794,-0.21474203
81.62035522586487,21.197491353865914,2023,43.295381780000014,0.20119135,-0.051964078,-0.2156523
81.51675295747236,21.29877575493223,2023,50.82186181999998,0.119251214,0.058118053,-0.1528665
81.62161361011532,21.152565626235596,2023,45.93751124000005,0.2443642,-0.069646195,-0.24722832
81.6984872777198,21.338975009605562,2023,45.048826039999994,0.11570109,0.021718219,-0.13218293
81.66556385098653,21.135144254214296,2023,47.12356418000002,0.11738983,0.013134457,-0.14404261
81.64586576638648,21.256611360731945,2023,44.10203450000006,0.09384308,0.019003179,-0.122885786
81.5567542605692,21.2776432608261,2023,44.64208166000003,0.20299272,-0.049215235,-0.20081758
81.75721316682441,21.28655767104455,2023,43.27658267000004,0.09875478,0.06719699,-0.1373979
81.65156687014921,21.19981757945084,2023,34.41365681000002,-0.0022631928,-0.036618587,0.026996475
81.70215541189212,21.1867385285724,2023,43.85764606999999,0.16230404,-0.01846173,-0.18764481
81.69837549089722,21.33458871427244,2023,45.79053638000005,0.10016118,0.018286418,-0.12109383
81.66401572748343,21.13023934224966,2023,49.69391522000001,0.12738487,0.06908806,-0.17374355
81.57461742601178,21.165234800079663,2023,49.81696394000005,0.10157764,0.0681612,-0.14614831
81.73558117824327,21.229146764556887,2023,46.15797353000005,0.13510524,0.03831099,-0.16826084
81.72084186104226,21.274056641328333,2023,44.83861781000002,0.09367573,0.022601198,-0.13258278
81.69299050988457,21.325548463013163,2023,42.77926076000006,0.11363637,0.015623211,-0.14678864
81.69688077054808,21.358195787557904,2023,44.881343060000006,0.087025605,0.035752516,-0.112625316
81.64385127886689,21.279580661125824,2023,42.574179560000005,0.20122863,-0.06829128,-0.19668236
81.5855398378545,21.300759025017946,2023,47.64652124000003,0.1113449,-0.014161133,-0.12755737
81.68561083130608,21.149284794644743,2023,51.156827780000015,0.10197375,0.069999196,-0.13759911
81.69045321966416,21.184164052507015,2023,46.858667630000014,0.13430159,0.049758427,-0.17254667
81.63849437532686,21.198469585183375,2023,43.98069479000003,0.13293599,0.006322477,-0.16129613
81.54038105508461,21.187481866443658,2023,49.514469169999984,0.11819679,0.06352773,-0.15524626
81.54776844187462,21.350356370398753,2023,41.439396920000036,0.042283904,0.0022545776,-0.05217314
81.66771825037908,21.251463274594688,2023,40.402027850000025,0.09179699,0.021351956,-0.120364174
81.67425022552906,21.21055919668782,2023,44.55492215000004,0.13682842,-0.014343716,-0.16471964
81.71021466960549,21.290009739790644,2023,42.859584229999996,0.08509086,0.032607142,-0.120817706
81.71933007649643,21.26668413212812,2023,42.734826500000054,0.102605894,0.05334654,-0.13861573
81.54252305030595,21.327662971090927,2023,40.24992596000004,0.24088217,-0.07013004,-0.23501125
81.58832198875601,21.139346120346353,2023,44.327623819999985,0.23095286,-0.06813474,-0.23344435
81.54467409953126,21.354859307168727,2023,42.14863607000001,0.12715486,0.069555305,-0.1671816
81.61088322276728,21.261387726254412,2023,42.712609369999996,0.12598948,-0.0067722388,-0.1490895
81.6608802134093,21.332197995403156,2023,49.11968786,0.036539696,-0.0024644793,-0.058732998
81.59253972935818,21.326959798262994,2023,47.63968520000003,0.10230945,0.04412016,-0.1310607
81.62817441960114,21.13786347961459,2023,45.636725479999996,0.21173145,-0.050662894,-0.21447313
81.58206729270113,21.212897658417987,2023,45.045408020000025,0.11560087,-0.0050485437,-0.14328519
81.72638247333327,21.175400276612617,2023,48.34208831000001,0.14082639,0.0671139,-0.18273303
81.69381763189723,21.22981951185161,2023,42.29902894999998,0.13878967,0.0019358157,-0.16743618
81.66056879541458,21.264910941272607,2023,43.27145564,0.09731427,-4.5934774E-4,-0.12023739
81.58901871468171,21.12307850352115,2023,43.34152505000003,0.23521921,-0.06576676,-0.25588512
81.70020586261334,21.26062765655532,2023,42.45113084000002,0.170309,-0.022563914,-0.18062963
81.54035527300935,21.309463178340323,2023,40.71135866000003,0.25196043,-0.118389204,-0.22638246
81.54938964671013,21.288324047216243,2023,44.43358244000001,0.17809542,-0.006406597,-0.19163318
81.69111423409844,21.260678123227688,2023,40.345630519999986,0.17123173,-0.027846213,-0.18588473
81.5485572744508,21.189910693083245,2023,49.38971144000004,0.1152253,0.055114746,-0.15828064
81.53779215521503,21.328905830410168,2023,42.30415598000002,0.19023398,-0.043375902,-0.19397502
81.72092937636305,21.15994821320597,2023,48.64629209000003,0.13183598,0.06566181,-0.17415132
81.7092201839672,21.18243150668574,2023,46.44850523000002,0.10614362,0.04001643,-0.14398132
81.6428306075636,21.177267384161198,2023,47.29275617000002,0.12532322,0.05338121,-0.16148728
81.57621899549534,21.193403932045346,2023,48.93511478000005,0.119647235,0.083412215,-0.14615308
81.5447210012748,21.192700666124278,2023,48.67876328,0.11429084,0.062118925,-0.1546637
81.60110063316974,21.177723359102004,2023,46.21266185000002,0.12336878,0.010171166,-0.15818179
81.56303930303207,21.286801404273444,2023,42.786096799999996,0.06860899,0.13000654,-0.11585936
81.60421821618587,21.360427340588288,2023,43.054411370000025,0.07413796,-0.014888747,-0.102407
81.62291882224828,21.320277953908917,2023,51.13802867000004,0.061537504,0.02259542,-0.085866936
81.53620794174363,21.216485629456667,2023,45.13427654000003,0.08827629,0.05725306,-0.12292757
81.69113398805953,21.30206682077798,2023,43.76194151000004,0.123654224,0.04370653,-0.14585087
81.75614724537344,21.19121236665947,2023,46.033215799999994,0.09664071,0.07104504,-0.13591023
81.5346174357563,21.290318821425803,2023,44.79589256000003,0.14769793,0.035007026,-0.17041801
81.53505736534495,21.2757842496723,2023,43.042448300000046,0.24298431,-0.052003194,-0.23924488
81.64872717116839,21.260089942795865,2023,43.343234059999986,0.1160488,0.0077819643,-0.13001284
81.60178137972109,21.16953029511525,2023,45.27270635000002,0.24266705,-0.07617459,-0.24639252
81.74551596300485,21.180938809791492,2023,48.68901734000002,0.12249258,0.085529454,-0.15556939
81.77223732795248,21.2575769201943,2023,42.24263162,0.18900317,-0.047271986,-0.19742991
81.7196808045983,21.31958413526533,2023,45.14794862000002,0.08598891,0.07793784,-0.13772693
81.71016644495708,21.331922238452737,2023,42.29731994000002,0.10508003,0.05483793,-0.13949925
81.49401764873792,21.284840432923733,2023,44.259263420000025,0.12167421,0.04150124,-0.1524746
81.58454582633854,21.336514269921597,2023,42.01020626000002,0.16581203,0.0020941182,-0.18301523
81.66913514212469,21.266580244458122,2023,44.24900936000006,0.07852751,0.020636043,-0.103080474
81.64260357515563,21.31974945719218,2023,39.641518399999995,0.08518023,0.026758425,-0.1041804
81.56391934150889,21.17335414105146,2023,42.34859024000002,0.19305873,-0.029503401,-0.20841885
81.61958859108721,21.282315657598748,2023,43.22360336000003,0.08708783,0.037332844,-0.10640448
81.67705960102354,21.126975259341968,2023,51.28329452000003,0.117724426,0.06641277,-0.16010194
81.51523635135922,21.310209128237467,2023,48.712943480000035,0.10375611,0.054912567,-0.12846564
81.6063417434976,21.35450529742833,2023,41.793161990000044,0.21085547,-0.08862473,-0.21568932
81.55631271319712,21.276349967353266,2023,46.57326296000002,0.106832445,0.053999133,-0.14176585
81.75220532809045,21.317682581781003,2023,42.97921493000001,0.09681182,0.04093213,-0.13220683
81.69207139571374,21.14341468169297,2023,51.04574213000001,0.0837298,0.07955398,-0.11668218
81.5798139600479,21.3678460744928,2023,50.75691944000005,0.09565897,0.07601992,-0.13054356
81.67948020212182,21.18918456321528,2023,49.59650165000005,0.1342936,0.06540704,-0.17161362
81.50534605693024,21.22034994024709,2023,39.06387302000002,0.11452287,0.020521427,-0.15034541
81.50800427416716,21.268281649433476,2023,41.83246922000001,0.13001388,0.049903262,-0.14325854
81.54510050623512,21.25757732451239,2023,43.555151300000034,0.109758295,0.044268653,-0.14689897
81.5531345194919,21.196422673229847,2023,46.90139288,0.11007333,0.047773547,-0.14325464
81.70676340960743,21.295925571620973,2023,45.792245390000005,0.08777907,0.069448754,-0.13044952
81.72904890654982,21.31148185555524,2023,40.03800871999999,0.13592568,0.0050382237,-0.16304389
81.50674792722813,21.292727385828925,2023,45.84522470000002,0.1542934,0.02276989,-0.17677419
81.70643242282226,21.185494484540264,2023,45.91871213000002,0.170571,0.015793823,-0.19225065
81.55803410647673,21.2239730357232,2023,45.85889678000001,0.13981973,0.049217965,-0.18203226
81.5663249474379,21.243931170551864,2023,45.684577760000025,0.18526374,-0.022948375,-0.18600903
81.66948962657948,21.247578202546734,2023,40.27043408000003,0.116871655,0.010614185,-0.14690587
81.74121996805255,21.243157811497454,2023,46.62453326000002,0.11528524,0.06057092,-0.14730817
81.68735356371545,21.309594854816197,2023,42.58956065000001,0.13348399,0.0018719328,-0.15944129
81.65555076179923,21.18253762627736,2023,47.19192457999998,0.092144445,0.057010286,-0.1392509
81.64971602354635,21.305032739708814,2023,45.70850389999998,0.0648729,0.017289968,-0.08891421
81.54792806227815,21.319567257774953,2023,40.85833352000003,0.27623007,-0.13359605,-0.2619057
81.62714634972835,21.161623181924014,2023,44.23191926000004,0.2903393,-0.11246075,-0.27231956
81.62544849335005,21.36052015003076,2023,44.91210524000002,0.13720348,2.1610719E-4,-0.13627246
81.54577985666184,21.32186307779004,2023,42.54854440999998,0.13858207,0.026921617,-0.15202779
81.5695224387213,21.367346799600174,2023,46.94924516000003,0.1563845,0.025226763,-0.18719667
81.64339518979807,21.15164125222914,2023,49.208556380000005,0.18388394,0.029751508,-0.21286187
81.56215453118729,21.18494779788179,2023,46.98342536000001,0.1374328,0.017017076,-0.1752248
81.61489686099104,21.176393831953543,2023,40.56438380000003,0.21833807,-0.041860323,-0.23326725
81.56146879620941,21.254843752671803,2023,43.89353528000004,0.18176858,-0.02710195,-0.1800352
81.62997851338847,21.159103685580007,2023,47.91996284000004,0.2062595,-0.03701166,-0.21795106
81.51490669179213,21.24185996622531,2023,45.917003120000004,0.13879226,0.032894082,-0.16436878
81.65136780802533,21.314901323100823,2023,41.78290793000002,0.114753455,0.016867386,-0.13680646
81.68275489686525,21.321947819285324,2023,44.31736976000002,0.13525963,0.064776875,-0.14293508
81.61037635342028,21.22192098630341,2023,43.507299020000005,0.103720896,0.0075168354,-0.12885757
81.55629557362505,21.20527892309006,2023,46.00245361999998,0.123279065,0.04338931,-0.15572119
81.57765287569605,21.211977411974953,2023,43.51413506000006,0.20712295,-0.018490724,-0.21462974
81.69867045317113,21.197264434422085,2023,47.11501913000001,0.120699376,0.05929696,-0.16088513
81.65945118075301,21.19593962828545,2023,47.92850788999999,0.14358668,0.034772642,-0.174272
81.50198517545375,21.276463810638933,2023,41.23773374000001,0.15068494,0.027253669,-0.17435321
81.56822462738197,21.330814546150297,2023,45.12402248000001,0.112874225,0.051451605,-0.12804057
81.67007297904897,21.33572898934199,2023,48.24809276000002,0.1017913,0.020333719,-0.12351406
81.64036365167794,21.352818958062077,2023,45.54272993000001,0.073949404,0.026034867,-0.09506951
81.75501970254304,21.23584424301057,2023,47.403841820000025,0.13255998,0.025478663,-0.15492624
81.57578462057256,21.185500080878263,2023,42.19990637000001,0.18569018,-0.05650979,-0.21245077
81.73168886930425,21.27777574945094,2023,43.4184305,0.07998065,0.031102356,-0.11624865
81.73818680080842,21.180450721378403,2023,49.35211321999998,0.12588891,0.06466712,-0.16324109
81.73368614290699,21.34053738524178,2023,47.50980044000005,0.13224044,0.03267974,-0.16114321
81.49763722426714,21.221699400292714,2023,41.15570126,0.119512975,0.039053906,-0.14164352
81.64648431990288,21.201082824104567,2023,42.36226232000001,0.17812608,-0.019614639,-0.19183809
81.62561637104201,21.120315497532822,2023,54.13734122000005,0.10502315,0.08486935,-0.14899515
81.59948360555538,21.26275038327981,2023,42.66646609999998,0.11800618,0.014997153,-0.1417883
81.61113757901401,21.147657386279796,2023,42.57930658999999,0.23795213,-0.08734437,-0.24204446
81.68556324563677,21.14726861880307,2023,45.935802230000036,0.15208831,0.010789214,-0.17710239
81.6602453351809,21.23471523506298,2023,42.52461827000002,0.101805165,-2.382411E-4,-0.12399128
81.52180197508274,21.33457330405966,2023,45.14623961000001,0.09561746,0.08550197,-0.15792029
81.6332568893073,21.351546174912986,2023,49.454653819999976,0.07453467,0.0145770395,-0.10078043
81.63843695437566,21.353569021742988,2023,45.305177540000045,0.079763226,0.015836665,-0.09980915
81.66918256802298,21.16220426311552,2023,48.11478998000001,0.16941771,-0.01611279,-0.1850126
81.50223554898336,21.211579226874303,2023,44.428455410000026,0.12310474,0.042181436,-0.14307095
81.6677461114397,21.23569202612555,2023,41.92988279000002,0.2026243,-0.036384027,-0.19915658
81.6626616081113,21.302052687490338,2023,38.96304143000003,0.1344193,0.017217584,-0.15092129
81.64812013913327,21.361131204344215,2023,47.584996880000006,0.042441774,-0.011713456,-0.04756177
81.5763412415649,21.35898203294177,2023,49.60846472000003,0.09745644,0.043833323,-0.12522075
81.49254855176956,21.270630628202905,2023,44.27977154000001,0.1484752,0.031563714,-0.18823747
81.54638989468557,21.249429574997826,2023,41.42743385000006,0.2560551,-0.08888441,-0.24519111
81.5382137523332,21.30728628136391,2023,44.04392816000001,0.06465119,0.100702345,-0.1151328
81.67722202926025,21.147220426087525,2023,50.63045269999998,0.12122796,0.077150315,-0.16416723
81.68760212478605,21.288373055711585,2023,38.14442564000001,0.2354002,-0.08648849,-0.22331351
81.62956600725975,21.242179627149998,2023,42.21016043000003,0.09439109,0.008239778,-0.11774493
81.61577848117486,21.122286466834296,2023,47.73709876999999,0.21650569,-0.018327488,-0.23098482
81.63076323631304,21.248063263873405,2023,40.34050349000006,0.06579202,0.021774651,-0.09086948
81.56002422007494,21.171458416425,2023,38.87588191999998,0.30278763,-0.13738292,-0.28353986
81.52134609008544,21.23979343469105,2023,44.901851179999994,0.12735674,0.041327532,-0.14349082
81.57383426475275,21.247519553959624,2023,44.92235930000004,0.1495152,0.0081900945,-0.1603405
81.70663900132261,21.25694352259042,2023,46.798852280000006,0.13922612,0.044013165,-0.17235333
81.62152358133564,21.37145560371373,2023,40.000410500000044,0.12805402,-0.021267137,-0.1319453
81.50318515049563,21.210701364603754,2023,44.96679356000004,0.12790163,0.051614463,-0.15515889
81.63695450495048,21.1225579827077,2023,52.211286950000044,0.16949092,-0.0051448024,-0.19530882
81.70203852400644,21.274739421017138,2023,40.70794064000006,0.1619998,-0.03268948,-0.1693278
81.591050125936,21.37218980563546,2023,45.067625150000026,0.13818973,0.008050058,-0.15069833
81.5129432462228,21.280742749325835,2023,42.97066988000006,0.23655233,-0.05601786,-0.23215978
81.5198621532348,21.217399709640056,2023,37.53943609999999,0.2775955,-0.133676,-0.25447458
81.65394286377214,21.3281790804922,2023,46.993679420000035,0.06541537,0.001202453,-0.088451125
81.65237112366992,21.304561888252934,2023,45.96143738000001,0.13189875,-0.0034359342,-0.14615102
81.59743164232825,21.312154667751763,2023,43.72434328999998,0.11886757,0.013227317,-0.13215108
81.77122734440019,21.252477578730588,2023,41.82905119999998,0.06762107,0.02978105,-0.10026787
81.70765418453999,21.309310242619993,2023,46.55446385000005,0.106996745,0.06419805,-0.14144446
81.62154802224175,21.2885737745844,2023,44.43016441999998,0.04978355,0.012340651,-0.06795261
81.69208307514775,21.17024778864394,2023,49.753730570000016,0.12769467,0.04458032,-0.15860024
81.70156624320586,21.195837311803377,2023,49.05474548000001,0.094194025,0.09588621,-0.1382371
81.70694945845301,21.27112171636581,2023,41.95551794000005,0.178984,-0.016423358,-0.19503991
81.52145300508033,21.16683960376943,2023,43.67307299000004,0.16915871,0.048917025,-0.1960488
81.63779700795489,21.366485882816683,2023,46.21778888000006,0.08126234,0.01736662,-0.09255477
81.63885244677603,21.158709444397427,2023,47.70291857000001,0.14531751,0.0139333205,-0.17390755
81.62420627393192,21.206340598916633,2023,45.19067387000001,0.1644497,0.01814211,-0.18216479
81.59004347497545,21.167497712732445,2023,51.09530342000005,0.12152672,0.03888703,-0.16426584
81.74834945947174,21.31810520698141,2023,43.09371859999999,0.08487962,0.03571185,-0.11288959
81.72179985150095,21.252817968764283,2023,46.97146228999998,0.17278738,-0.0075176265,-0.19047356
81.73689213187458,21.24847555220404,2023,46.06739600000003,0.11197555,0.05396035,-0.14331968
81.63026625352083,21.353594767407202,2023,45.72217598000003,0.096673675,0.009114904,-0.12412664
81.57501457149611,21.356706638040848,2023,47.325227359999985,0.13792549,0.035829954,-0.1595736
81.66316046070523,21.173315214031142,2023,48.02763047000002,0.15933445,0.023918971,-0.18499461
81.59878571467829,21.31620539833059,2023,48.17289632000001,0.09470499,0.023029743,-0.10729276
81.68715719187031,21.260222439168846,2023,39.93375910999998,0.06486822,0.0037525322,-0.0966716
81.51068538066231,21.233183304308056,2023,49.00347518000001,0.11714582,0.06087153,-0.14507721
81.6271910961907,21.240794181459012,2023,34.48714424000002,0.01752562,-0.024474131,-0.00861244
81.77135754370491,21.256589744371922,2023,38.67080071999999,0.12239056,-0.0022466788,-0.14929526
81.70018577774925,21.312562496720776,2023,47.00393348,0.109240524,0.06363317,-0.14326842
81.73474749096756,21.20169537283808,2023,45.749520140000016,0.11379862,0.057042338,-0.16137992
81.62748057125432,21.138407912105144,2023,44.061018260000026,0.22723812,-0.06360098,-0.2242093
81.49569053915359,21.220722098405652,2023,41.476995139999985,0.12690973,0.013530443,-0.16307238
81.77044568298977,21.276997360020655,2023,42.30073795999999,0.099643804,0.055893607,-0.13507806
81.72323020919899,21.156888772993273,2023,47.90629076000005,0.1563325,0.048380833,-0.19344711
81.64394948160421,21.250437228486252,2023,37.74793532000001,0.13951187,-0.03913247,-0.15228549
81.61569434610932,21.378749142343587,2023,47.66019332000002,0.115467995,0.0062682116,-0.14432307
81.72624183921766,21.233142365275857,2023,42.53316332000003,0.18802877,0.017554317,-0.21010312
81.63321165122615,21.16490248671979,2023,46.70143871000005,0.20096546,-0.03654122,-0.2042294
81.6373761693212,21.364773900530846,2023,49.23419153000003,0.067391776,0.008747298,-0.08351367
81.66309297075333,21.30971901520535,2023,44.23021025000003,0.0964671,0.03763441,-0.12423243
81.73925384417694,21.18044527668444,2023,49.78278374000001,0.054456025,0.015131075,-0.08045839
81.6046890187332,21.21045680408736,2023,44.64549968000006,0.14867748,0.045066264,-0.16169749
81.55736682124365,21.168166049182695,2023,48.28227296,0.1457406,0.04765246,-0.1669207
81.54002031998112,21.29204426606591,2023,42.259721720000016,0.16689883,-0.016530009,-0.18275139
81.50898470666657,21.184367905658753,2023,43.86277310000003,0.12776448,0.083745815,-0.16391656
81.6086962909701,21.142643222347367,2023,46.28785829000003,0.23585968,-0.07125159,-0.24859983
81.51852048417858,21.196834731379525,2023,42.333209150000016,0.14731178,0.0476982,-0.18316923
81.68269866617649,21.14714712472027,2023,48.777885860000026,0.16471218,-0.002103395,-0.18280737
81.73726512933486,21.184239575822488,2023,44.12937866000004,0.19017348,-0.02603957,-0.20497437
81.74932771402102,21.292062315939187,2023,40.04655377000006,0.12504281,0.017186357,-0.13840704
81.61115394879867,21.210688684115414,2023,46.84499555000002,0.14260417,0.055137172,-0.17238949
81.66628418458312,21.34871868148643,2023,45.373537940000006,0.06607909,-0.004150859,-0.07268696
81.62293161769989,21.19140919957191,2023,41.256532849999985,0.24218474,-0.08154145,-0.24029338
81.51391660542411,21.295295971865198,2023,49.010311220000006,0.12767516,0.05515169,-0.15306364
81.53517492267518,21.268295869891958,2023,48.38481356,0.15496305,0.03361919,-0.1842516
81.54072125307475,21.248146664646605,2023,43.37570525000001,0.13621542,0.023385378,-0.16007271
81.64365090470747,21.16249580595057,2023,49.67853413,0.15527183,0.042103615,-0.19118819
81.63641956904189,21.192182584436452,2023,43.999493900000004,0.14944968,0.014889026,-0.1753002
81.5104497734842,21.255677492736265,2023,44.63524561999998,0.18170206,-0.014148196,-0.18477608
81.6345179400438,21.16138330300299,2023,47.58328787000005,0.17774743,0.013547593,-0.20502213
81.54326636390996,21.23683524031245,2023,42.34859024000002,0.14906314,0.01698261,-0.17281143
81.65307821983596,21.211888081088684,2023,46.37330879000001,0.12945259,0.017966079,-0.1485133
81.64936579425003,21.263234741082265,2023,43.89011726000001,0.14610507,-0.019623151,-0.1541613
81.56537248179481,21.33277457108901,2023,43.620093680000025,0.20199755,-0.032525092,-0.20656367
81.74390719021547,21.196727131107156,2023,48.94878686000004,0.10949065,0.09149263,-0.149039
81.67998557387737,21.21022240172534,2023,48.05668364000002,0.13342816,0.055468034,-0.16531847
81.70109895317442,21.3182820966602,2023,47.78666006000003,0.07887531,0.060419682,-0.12049422
81.61366436216876,21.218034928288837,2023,43.62522071000001,0.1452622,-0.021809686,-0.17288172
81.56118389685629,21.304415728802567,2023,47.88920066000003,0.09830933,0.047612585,-0.13637836
81.7208296896411,21.15763834532872,2023,49.26837173000001,0.11316925,0.07985116,-0.15118675
81.59448462193198,21.20918428119377,2023,41.256532849999985,0.18235005,-0.008142641,-0.1937045
81.67426341631959,21.174138157575406,2023,52.32408161000001,0.11314269,0.07033998,-0.15238006
81.71999082179704,21.325331077631407,2023,42.85787521999998,0.09746814,0.0770396,-0.14362107
81.58618746797208,21.33081377641955,2023,43.98923983999998,0.21313712,-0.06364394,-0.20819268
81.52249303817034,21.296685428167677,2023,51.46103156000004,0.10546078,0.07141143,-0.13525294
81.61365933709205,21.17132676763496,2023,44.33445986000004,0.23090819,-0.058626413,-0.23578884
81.6799902592768,21.204128701500363,2023,44.71898711000006,0.09465704,0.012167122,-0.12655635
81.50557516117347,21.268813972897707,2023,42.53658134,0.1679937,0.0037494253,-0.17692533
81.59498444600567,21.330862217398018,2023,46.33058354000002,0.14061241,0.01895554,-0.15939061
81.59068177274797,21.179182435841106,2023,45.00439177999999,0.110472724,0.049489543,-0.14804511
81.72582273432039,21.232135950237332,2023,42.93648968000002,0.12952137,0.05349149,-0.16337836
81.56891793633108,21.263594530817546,2023,47.991741260000026,0.09552775,0.05935683,-0.12060734
81.55239758535724,21.300231299710315,2023,42.77584274000003,0.21141478,-0.049150653,-0.21229185
81.68068883510705,21.144015098440796,2023,49.02227429000004,0.20631528,-0.023779428,-0.22581908
81.62627701343037,21.148174483389678,2023,47.429476969999996,0.21425575,-0.04561018,-0.22158611
81.713521624332,21.15480022739939,2023,48.57622268,0.17138493,0.025184747,-0.1960251
81.50794379986118,21.257477050568188,2023,45.38037398000006,0.17959245,0.018183528,-0.20043698
81.65892058431811,21.264437900789286,2023,43.95505964000006,0.09388451,0.05205498,-0.1119959
81.73788820466936,21.28804292933958,2023,48.29081801000001,0.08448584,0.074000135,-0.12364764
81.7607560924811,21.246389939157815,2023,46.99197041000002,0.122762054,0.04407019,-0.1598337
81.56877633954693,21.29349776277469,2023,47.15432636000003,0.10325753,0.059255134,-0.13643558
81.618482058763,21.275520488159508,2023,42.84762116000002,0.10171198,0.003969555,-0.11828924
81.59495549160515,21.232676742173552,2023,44.26268144000005,0.10309806,0.008732764,-0.13183641
81.66696142876748,21.36249535981432,2023,45.879404900000054,0.10446189,0.009743744,-0.107112005
81.67636543514853,21.2031685345543,2023,47.05178576000003,0.11671389,0.018355465,-0.15098867
81.6928629520297,21.176353432834595,2023,50.48860487000002,0.11121381,0.06380749,-0.15487494
81.57334417336612,21.306077782897418,2023,45.21972704000001,0.08739596,0.0410097,-0.10067056
81.68711546097167,21.204114304675706,2023,47.05178576000003,0.11023608,0.050230313,-0.14697646
81.66331482550453,21.3516097988793,2023,41.59320782000003,0.11885704,-0.034117915,-0.12071128
81.71471988610509,21.14735353148684,2023,54.22962776000003,0.08758447,0.085111916,-0.12843834
81.58249843180117,21.37531100597386,2023,48.712943480000035,0.104639016,0.050390873,-0.1284444
81.64873430515169,21.265220314372876,2023,47.98490522000003,0.114800476,0.052458394,-0.14152849
81.658037817711,21.33910762372535,2023,43.28854574000002,0.06302402,0.049976427,-0.099869385
81.7152605461039,21.243497115479066,2023,44.52586898000004,0.111351274,0.0074724453,-0.14210989
81.7289156403035,21.23736505511896,2023,46.988552389999995,0.123347946,0.06680328,-0.17066139
81.69188750898422,21.36423234492433,2023,49.12652390000005,0.06971776,0.05833424,-0.10616424
81.68420218079545,21.343565548488158,2023,50.61848963,0.07053017,0.06693726,-0.10601201
81.65612439414242,21.34274178689605,2023,39.54068681000001,0.13888063,-0.045692213,-0.1427414
81.52773930303853,21.201788439596026,2023,43.30221782000001,0.11016816,0.051557466,-0.1378866
81.58903224224244,21.296374536994882,2023,42.43404074,0.19103773,-0.041889254,-0.18928467
81.60147637696555,21.373856790566318,2023,46.08106808000002,0.17281508,0.0050332323,-0.18594009
81.53347863065395,21.211508156236395,2023,46.24513304000004,0.1405387,0.011976048,-0.16157171
81.59689950175037,21.229366633807544,2023,41.347110380000004,0.0862631,0.023275604,-0.12030945
81.76555366127853,21.275763074498308,2023,43.59104051000003,0.08391019,0.05549717,-0.13306737
81.65707874523218,21.137853460198397,2023,50.12458574000004,0.14688686,0.053576995,-0.17910779
81.71767149789383,21.255679124035623,2023,47.50125538999998,0.14019994,0.019125769,-0.16662914
81.63654764628232,21.142690978676264,2023,47.287629140000035,0.18592635,-0.033582404,-0.1942934
81.6636454438807,21.376061612008797,2023,51.02010698000004,0.08431039,0.0050888313,-0.08615985
81.61959719642867,21.343209713782468,2023,46.077650059999996,0.07908092,0.033465765,-0.10808371
81.61255789913112,21.217320076668145,2023,43.19796821,0.18006474,-0.055895615,-0.19758877
81.54533049289601,21.337092196652257,2023,45.01635485000003,0.12540998,0.061576966,-0.15014729
81.69722450694759,21.18077710500912,2023,44.63524561999998,0.10743682,0.014774044,-0.13953315
81.70150252055585,21.182584617217508,2023,44.77709345000005,0.111629054,0.005905574,-0.15061684
81.62871340013685,21.33518697642463,2023,45.38379200000003,0.09419667,0.022605177,-0.12247106
81.69646546567775,21.175315126024397,2023,46.699729700000034,0.114509225,-2.269598E-4,-0.15414564
81.6420267730046,21.25930205580558,2023,42.61177778000001,0.18763536,-0.019125499,-0.18993135
81.70226307231898,21.14013397911976,2023,47.18679755000005,0.18816882,-0.010538352,-0.20818785
81.70791440037327,21.192701746361035,2023,45.85206074000001,0.097402245,0.026108539,-0.13238123
81.5165728662322,21.280862051181142,2023,44.9907197,0.17152707,-0.0022554565,-0.18396458
81.69417095403875,21.23770165362753,2023,42.25630369999999,0.17311867,-0.055949777,-0.17704864
81.57353976668469,21.31721691353324,2023,44.989010689999986,0.102483295,0.03775557,-0.12841906
81.5962056223231,21.121186653605534,2023,41.60004386000003,0.2659879,-0.112037025,-0.27660665
81.68980308217759,21.14917520743308,2023,48.24809276000002,0.1274184,0.023536183,-0.164458
81.6166343405278,21.168714496123748,2023,42.345172219999995,0.2508414,-0.09816635,-0.24250181
81.6541191212175,21.18104287438131,2023,47.896036700000025,0.13264598,0.033578463,-0.16916347
81.74999819741802,21.268794429902563,2023,43.97727677,0.16231024,-0.025874373,-0.17693064
81.76029340287408,21.290652792289784,2023,43.64572883000005,0.09702732,0.08883399,-0.13881943
81.57202443624257,21.24984377826173,2023,42.05464052000002,0.22475433,-0.037962377,-0.21744584
81.72963989623105,21.166101680594124,2023,48.05839265000003,0.10495869,0.049249724,-0.15363088
81.67195621980322,21.191528682295065,2023,46.810815349999984,0.16868876,0.0246112,-0.19218487
81.65791088103667,21.1460662712321,2023,45.41797220000001,0.22272938,-0.02239251,-0.22846805
81.58752791550644,21.313520218407184,2023,43.92771548000002,0.18381523,-0.04531166,-0.17251462
81.55209040080405,21.193711311099797,2023,48.31645316000004,0.13355002,0.04867552,-0.16770834
81.55980542966418,21.357217523870055,2023,44.847162860000026,0.124234416,0.048045237,-0.14324994
81.51865014601469,21.260141082788447,2023,47.27053904000002,0.087584816,0.032915443,-0.124413714
81.58181882107384,21.345551977145675,2023,41.54877356000003,0.22651054,-0.089475974,-0.21956958
81.58668784792071,21.24708197361813,2023,44.344713920000004,0.13915941,0.004696799,-0.16211547
81.60919197926545,21.221222993318424,2023,44.00462092999999,0.07033868,0.0203449,-0.10279344
81.74064421803463,21.24557036445226,2023,46.96804427000001,0.11359288,0.065909855,-0.15732002
81.57005076404177,21.22675555612184,2023,43.74656042000004,0.15096794,0.016155405,-0.17012836
81.54787062867965,21.349897187640593,2023,41.89912061000001,0.047831677,-0.030084023,-0.056912787
81.75767411771675,21.24651328717619,2023,45.69654083,0.13078341,0.038869366,-0.16543074
81.69456745205864,21.244021150082705,2023,42.760461650000025,0.12404973,0.029617961,-0.1542983
81.59722553092755,21.29581741908384,2023,45.08300624000003,0.1064509,0.022751302,-0.1147043
81.61796296723143,21.307755441633173,2023,46.614279200000055,0.06210162,-8.7954523E-4,-0.07021447
81.53934495702256,21.268336485559562,2023,47.13040022000001,0.14954983,0.030886509,-0.16983975
81.71579807733328,21.320285027373334,2023,43.74143339,0.09265532,0.028921913,-0.1274147
81.5625750249208,21.20942257357229,2023,45.725594,0.12787198,0.05019472,-0.16419154
81.66255017507595,21.234283355785784,2023,42.73995352999998,0.092146195,0.010744183,-0.122786015
81.52367789360758,21.249004127225874,2023,46.323747500000025,0.0891322,0.03306752,-0.11968983
81.64111411840395,21.252759619329012,2023,37.35999005000002,0.13190322,-0.028749958,-0.1449146
81.57098553382845,21.26337422002036,2023,47.489292320000004,0.102773435,0.02692968,-0.13625911
81.6134051067952,21.25175960373205,2023,43.51755308000003,0.101822756,0.0018505338,-0.124393664
81.55973710604782,21.243599671709717,2023,44.730950180000036,0.15226774,0.009760542,-0.18005583
